case_id,track,poi_policy,method,scope,target,require_terminals,source_missing_positive_events,status,reason,best_joint_retention,selected_budget,selected_retained_events,selected_compression,selected_fixed_scope_compression,selected_event_retention,selected_retained_reference_events,selected_reference_events,selected_dependency_retention,selected_retained_dependencies,selected_reference_dependencies,selected_terminal_reachability,selected_reachable_terminal_pairs,selected_terminal_pairs,event_ceilings_source,event_ceilings_candidate,event_ceilings_temporal_eligible,closest_budget,closest_retained_events,closest_compression,closest_fixed_scope_compression,closest_event_retention,closest_retained_reference_events,closest_reference_events,closest_dependency_retention,closest_retained_dependencies,closest_reference_dependencies,closest_terminal_reachability,closest_reachable_terminal_pairs,closest_terminal_pairs
cadets06,base,single,rarity_only,native,0.9,False,0,met,,,2044,2044,0.9800062602707567,0.9861480075901329,0.9759036144578314,162,166,0.9476754160233316,5524,5829,0.6666666666666666,6,9,1.0,1.0,1.0,,,,,,,,,,,,,
cadets06,base,single,rarity_only,native,0.9,True,0,met,,,51116,51116,0.5,0.653591759284359,1.0,166,166,1.0,5829,5829,1.0,9,9,1.0,1.0,1.0,,,,,,,,,,,,,
cadets06,base,single,rarity_only,native,0.95,False,0,met,,,10223,10223,0.9000019563346114,0.9307197072377338,0.9879518072289156,164,166,0.9715217018356493,5663,5829,0.7777777777777778,7,9,1.0,1.0,1.0,,,,,,,,,,,,,
cadets06,base,single,rarity_only,native,0.95,True,0,met,,,51116,51116,0.5,0.653591759284359,1.0,166,166,1.0,5829,5829,1.0,9,9,1.0,1.0,1.0,,,,,,,,,,,,,
cadets06,base,single,rarity_only,native,0.99,False,0,met,,,51116,51116,0.5,0.653591759284359,1.0,166,166,1.0,5829,5829,1.0,9,9,1.0,1.0,1.0,,,,,,,,,,,,,
cadets06,base,single,rarity_only,native,0.99,True,0,met,,,51116,51116,0.5,0.653591759284359,1.0,166,166,1.0,5829,5829,1.0,9,9,1.0,1.0,1.0,,,,,,,,,,,,,
cadets06,base,single,rarity_only,native,1.0,False,0,met,,,51116,51116,0.5,0.653591759284359,1.0,166,166,1.0,5829,5829,1.0,9,9,1.0,1.0,1.0,,,,,,,,,,,,,
cadets06,base,single,rarity_only,native,1.0,True,0,met,,,51116,51116,0.5,0.653591759284359,1.0,166,166,1.0,5829,5829,1.0,9,9,1.0,1.0,1.0,,,,,,,,,,,,,
cadets06,base,single,rarity_only,augmented,0.9,False,0,met,,,2044,2044,0.9800062602707567,0.9861480075901329,0.9759036144578314,162,166,0.9476754160233316,5524,5829,0.6666666666666666,6,9,1.0,1.0,1.0,,,,,,,,,,,,,
cadets06,base,single,rarity_only,augmented,0.9,True,0,met,,,51116,51116,0.5,0.653591759284359,1.0,166,166,1.0,5829,5829,1.0,9,9,1.0,1.0,1.0,,,,,,,,,,,,,
cadets06,base,single,rarity_only,augmented,0.95,False,0,met,,,10223,10223,0.9000019563346114,0.9307197072377338,0.9879518072289156,164,166,0.9715217018356493,5663,5829,0.7777777777777778,7,9,1.0,1.0,1.0,,,,,,,,,,,,,
cadets06,base,single,rarity_only,augmented,0.95,True,0,met,,,51116,51116,0.5,0.653591759284359,1.0,166,166,1.0,5829,5829,1.0,9,9,1.0,1.0,1.0,,,,,,,,,,,,,
cadets06,base,single,rarity_only,augmented,0.99,False,0,met,,,51116,51116,0.5,0.653591759284359,1.0,166,166,1.0,5829,5829,1.0,9,9,1.0,1.0,1.0,,,,,,,,,,,,,
cadets06,base,single,rarity_only,augmented,0.99,True,0,met,,,51116,51116,0.5,0.653591759284359,1.0,166,166,1.0,5829,5829,1.0,9,9,1.0,1.0,1.0,,,,,,,,,,,,,
cadets06,base,single,rarity_only,augmented,1.0,False,0,met,,,51116,51116,0.5,0.653591759284359,1.0,166,166,1.0,5829,5829,1.0,9,9,1.0,1.0,1.0,,,,,,,,,,,,,
cadets06,base,single,rarity_only,augmented,1.0,True,0,met,,,51116,51116,0.5,0.653591759284359,1.0,166,166,1.0,5829,5829,1.0,9,9,1.0,1.0,1.0,,,,,,,,,,,,,
cadets06,base,single,diffusion_only,native,0.9,False,0,met,,,2044,2044,0.9800062602707567,0.9861480075901329,1.0,166,166,1.0,5829,5829,1.0,9,9,1.0,1.0,1.0,,,,,,,,,,,,,
cadets06,base,single,diffusion_only,native,0.9,True,0,met,,,2044,2044,0.9800062602707567,0.9861480075901329,1.0,166,166,1.0,5829,5829,1.0,9,9,1.0,1.0,1.0,,,,,,,,,,,,,
cadets06,base,single,diffusion_only,native,0.95,False,0,met,,,2044,2044,0.9800062602707567,0.9861480075901329,1.0,166,166,1.0,5829,5829,1.0,9,9,1.0,1.0,1.0,,,,,,,,,,,,,
cadets06,base,single,diffusion_only,native,0.95,True,0,met,,,2044,2044,0.9800062602707567,0.9861480075901329,1.0,166,166,1.0,5829,5829,1.0,9,9,1.0,1.0,1.0,,,,,,,,,,,,,
cadets06,base,single,diffusion_only,native,0.99,False,0,met,,,2044,2044,0.9800062602707567,0.9861480075901329,1.0,166,166,1.0,5829,5829,1.0,9,9,1.0,1.0,1.0,,,,,,,,,,,,,
cadets06,base,single,diffusion_only,native,0.99,True,0,met,,,2044,2044,0.9800062602707567,0.9861480075901329,1.0,166,166,1.0,5829,5829,1.0,9,9,1.0,1.0,1.0,,,,,,,,,,,,,
cadets06,base,single,diffusion_only,native,1.0,False,0,met,,,2044,2044,0.9800062602707567,0.9861480075901329,1.0,166,166,1.0,5829,5829,1.0,9,9,1.0,1.0,1.0,,,,,,,,,,,,,
cadets06,base,single,diffusion_only,native,1.0,True,0,met,,,2044,2044,0.9800062602707567,0.9861480075901329,1.0,166,166,1.0,5829,5829,1.0,9,9,1.0,1.0,1.0,,,,,,,,,,,,,
cadets06,base,single,diffusion_only,augmented,0.9,False,0,met,,,2044,2044,0.9800062602707567,0.9861480075901329,1.0,166,166,1.0,5829,5829,1.0,9,9,1.0,1.0,1.0,,,,,,,,,,,,,
cadets06,base,single,diffusion_only,augmented,0.9,True,0,met,,,2044,2044,0.9800062602707567,0.9861480075901329,1.0,166,166,1.0,5829,5829,1.0,9,9,1.0,1.0,1.0,,,,,,,,,,,,,
cadets06,base,single,diffusion_only,augmented,0.95,False,0,met,,,2044,2044,0.9800062602707567,0.9861480075901329,1.0,166,166,1.0,5829,5829,1.0,9,9,1.0,1.0,1.0,,,,,,,,,,,,,
cadets06,base,single,diffusion_only,augmented,0.95,True,0,met,,,2044,2044,0.9800062602707567,0.9861480075901329,1.0,166,166,1.0,5829,5829,1.0,9,9,1.0,1.0,1.0,,,,,,,,,,,,,
cadets06,base,single,diffusion_only,augmented,0.99,False,0,met,,,2044,2044,0.9800062602707567,0.9861480075901329,1.0,166,166,1.0,5829,5829,1.0,9,9,1.0,1.0,1.0,,,,,,,,,,,,,
cadets06,base,single,diffusion_only,augmented,0.99,True,0,met,,,2044,2044,0.9800062602707567,0.9861480075901329,1.0,166,166,1.0,5829,5829,1.0,9,9,1.0,1.0,1.0,,,,,,,,,,,,,
cadets06,base,single,diffusion_only,augmented,1.0,False,0,met,,,2044,2044,0.9800062602707567,0.9861480075901329,1.0,166,166,1.0,5829,5829,1.0,9,9,1.0,1.0,1.0,,,,,,,,,,,,,
cadets06,base,single,diffusion_only,augmented,1.0,True,0,met,,,2044,2044,0.9800062602707567,0.9861480075901329,1.0,166,166,1.0,5829,5829,1.0,9,9,1.0,1.0,1.0,,,,,,,,,,,,,
cadets06,base,single,rasp,native,0.9,False,0,met,,,1022,1022,0.9900031301353783,0.9930740037950664,0.9759036144578314,162,166,0.9476754160233316,5524,5829,0.6666666666666666,6,9,1.0,1.0,1.0,,,,,,,,,,,,,
cadets06,base,single,rasp,native,0.9,True,0,met,,,2044,2044,0.9800062602707567,0.9861480075901329,1.0,166,166,1.0,5829,5829,1.0,9,9,1.0,1.0,1.0,,,,,,,,,,,,,
cadets06,base,single,rasp,native,0.95,False,0,met,,,2044,2044,0.9800062602707567,0.9861480075901329,1.0,166,166,1.0,5829,5829,1.0,9,9,1.0,1.0,1.0,,,,,,,,,,,,,
cadets06,base,single,rasp,native,0.95,True,0,met,,,2044,2044,0.9800062602707567,0.9861480075901329,1.0,166,166,1.0,5829,5829,1.0,9,9,1.0,1.0,1.0,,,,,,,,,,,,,
cadets06,base,single,rasp,native,0.99,False,0,met,,,2044,2044,0.9800062602707567,0.9861480075901329,1.0,166,166,1.0,5829,5829,1.0,9,9,1.0,1.0,1.0,,,,,,,,,,,,,
cadets06,base,single,rasp,native,0.99,True,0,met,,,2044,2044,0.9800062602707567,0.9861480075901329,1.0,166,166,1.0,5829,5829,1.0,9,9,1.0,1.0,1.0,,,,,,,,,,,,,
cadets06,base,single,rasp,native,1.0,False,0,met,,,2044,2044,0.9800062602707567,0.9861480075901329,1.0,166,166,1.0,5829,5829,1.0,9,9,1.0,1.0,1.0,,,,,,,,,,,,,
cadets06,base,single,rasp,native,1.0,True,0,met,,,2044,2044,0.9800062602707567,0.9861480075901329,1.0,166,166,1.0,5829,5829,1.0,9,9,1.0,1.0,1.0,,,,,,,,,,,,,
cadets06,base,single,rasp,augmented,0.9,False,0,met,,,1022,1022,0.9900031301353783,0.9930740037950664,0.9759036144578314,162,166,0.9476754160233316,5524,5829,0.6666666666666666,6,9,1.0,1.0,1.0,,,,,,,,,,,,,
cadets06,base,single,rasp,augmented,0.9,True,0,met,,,2044,2044,0.9800062602707567,0.9861480075901329,1.0,166,166,1.0,5829,5829,1.0,9,9,1.0,1.0,1.0,,,,,,,,,,,,,
cadets06,base,single,rasp,augmented,0.95,False,0,met,,,2044,2044,0.9800062602707567,0.9861480075901329,1.0,166,166,1.0,5829,5829,1.0,9,9,1.0,1.0,1.0,,,,,,,,,,,,,
cadets06,base,single,rasp,augmented,0.95,True,0,met,,,2044,2044,0.9800062602707567,0.9861480075901329,1.0,166,166,1.0,5829,5829,1.0,9,9,1.0,1.0,1.0,,,,,,,,,,,,,
cadets06,base,single,rasp,augmented,0.99,False,0,met,,,2044,2044,0.9800062602707567,0.9861480075901329,1.0,166,166,1.0,5829,5829,1.0,9,9,1.0,1.0,1.0,,,,,,,,,,,,,
cadets06,base,single,rasp,augmented,0.99,True,0,met,,,2044,2044,0.9800062602707567,0.9861480075901329,1.0,166,166,1.0,5829,5829,1.0,9,9,1.0,1.0,1.0,,,,,,,,,,,,,
cadets06,base,single,rasp,augmented,1.0,False,0,met,,,2044,2044,0.9800062602707567,0.9861480075901329,1.0,166,166,1.0,5829,5829,1.0,9,9,1.0,1.0,1.0,,,,,,,,,,,,,
cadets06,base,single,rasp,augmented,1.0,True,0,met,,,2044,2044,0.9800062602707567,0.9861480075901329,1.0,166,166,1.0,5829,5829,1.0,9,9,1.0,1.0,1.0,,,,,,,,,,,,,
cadets06,base,single,context_v1,native,0.9,False,0,met,,,2044,2044,0.9800062602707567,0.9861480075901329,1.0,166,166,1.0,5829,5829,1.0,9,9,1.0,1.0,1.0,,,,,,,,,,,,,
cadets06,base,single,context_v1,native,0.9,True,0,met,,,2044,2044,0.9800062602707567,0.9861480075901329,1.0,166,166,1.0,5829,5829,1.0,9,9,1.0,1.0,1.0,,,,,,,,,,,,,
cadets06,base,single,context_v1,native,0.95,False,0,met,,,2044,2044,0.9800062602707567,0.9861480075901329,1.0,166,166,1.0,5829,5829,1.0,9,9,1.0,1.0,1.0,,,,,,,,,,,,,
cadets06,base,single,context_v1,native,0.95,True,0,met,,,2044,2044,0.9800062602707567,0.9861480075901329,1.0,166,166,1.0,5829,5829,1.0,9,9,1.0,1.0,1.0,,,,,,,,,,,,,
cadets06,base,single,context_v1,native,0.99,False,0,met,,,2044,2044,0.9800062602707567,0.9861480075901329,1.0,166,166,1.0,5829,5829,1.0,9,9,1.0,1.0,1.0,,,,,,,,,,,,,
cadets06,base,single,context_v1,native,0.99,True,0,met,,,2044,2044,0.9800062602707567,0.9861480075901329,1.0,166,166,1.0,5829,5829,1.0,9,9,1.0,1.0,1.0,,,,,,,,,,,,,
cadets06,base,single,context_v1,native,1.0,False,0,met,,,2044,2044,0.9800062602707567,0.9861480075901329,1.0,166,166,1.0,5829,5829,1.0,9,9,1.0,1.0,1.0,,,,,,,,,,,,,
cadets06,base,single,context_v1,native,1.0,True,0,met,,,2044,2044,0.9800062602707567,0.9861480075901329,1.0,166,166,1.0,5829,5829,1.0,9,9,1.0,1.0,1.0,,,,,,,,,,,,,
cadets06,base,single,context_v1,augmented,0.9,False,0,met,,,2044,2044,0.9800062602707567,0.9861480075901329,1.0,166,166,1.0,5829,5829,1.0,9,9,1.0,1.0,1.0,,,,,,,,,,,,,
cadets06,base,single,context_v1,augmented,0.9,True,0,met,,,2044,2044,0.9800062602707567,0.9861480075901329,1.0,166,166,1.0,5829,5829,1.0,9,9,1.0,1.0,1.0,,,,,,,,,,,,,
cadets06,base,single,context_v1,augmented,0.95,False,0,met,,,2044,2044,0.9800062602707567,0.9861480075901329,1.0,166,166,1.0,5829,5829,1.0,9,9,1.0,1.0,1.0,,,,,,,,,,,,,
cadets06,base,single,context_v1,augmented,0.95,True,0,met,,,2044,2044,0.9800062602707567,0.9861480075901329,1.0,166,166,1.0,5829,5829,1.0,9,9,1.0,1.0,1.0,,,,,,,,,,,,,
cadets06,base,single,context_v1,augmented,0.99,False,0,met,,,2044,2044,0.9800062602707567,0.9861480075901329,1.0,166,166,1.0,5829,5829,1.0,9,9,1.0,1.0,1.0,,,,,,,,,,,,,
cadets06,base,single,context_v1,augmented,0.99,True,0,met,,,2044,2044,0.9800062602707567,0.9861480075901329,1.0,166,166,1.0,5829,5829,1.0,9,9,1.0,1.0,1.0,,,,,,,,,,,,,
cadets06,base,single,context_v1,augmented,1.0,False,0,met,,,2044,2044,0.9800062602707567,0.9861480075901329,1.0,166,166,1.0,5829,5829,1.0,9,9,1.0,1.0,1.0,,,,,,,,,,,,,
cadets06,base,single,context_v1,augmented,1.0,True,0,met,,,2044,2044,0.9800062602707567,0.9861480075901329,1.0,166,166,1.0,5829,5829,1.0,9,9,1.0,1.0,1.0,,,,,,,,,,,,,
cadets06,base,single,reliability,native,0.9,False,0,met,,,1022,1022,0.9900031301353783,0.9930740037950664,0.9759036144578314,162,166,0.9476754160233316,5524,5829,0.6666666666666666,6,9,1.0,1.0,1.0,,,,,,,,,,,,,
cadets06,base,single,reliability,native,0.9,True,0,met,,,2044,2044,0.9800062602707567,0.9861480075901329,1.0,166,166,1.0,5829,5829,1.0,9,9,1.0,1.0,1.0,,,,,,,,,,,,,
cadets06,base,single,reliability,native,0.95,False,0,met,,,2044,2044,0.9800062602707567,0.9861480075901329,1.0,166,166,1.0,5829,5829,1.0,9,9,1.0,1.0,1.0,,,,,,,,,,,,,
cadets06,base,single,reliability,native,0.95,True,0,met,,,2044,2044,0.9800062602707567,0.9861480075901329,1.0,166,166,1.0,5829,5829,1.0,9,9,1.0,1.0,1.0,,,,,,,,,,,,,
cadets06,base,single,reliability,native,0.99,False,0,met,,,2044,2044,0.9800062602707567,0.9861480075901329,1.0,166,166,1.0,5829,5829,1.0,9,9,1.0,1.0,1.0,,,,,,,,,,,,,
cadets06,base,single,reliability,native,0.99,True,0,met,,,2044,2044,0.9800062602707567,0.9861480075901329,1.0,166,166,1.0,5829,5829,1.0,9,9,1.0,1.0,1.0,,,,,,,,,,,,,
cadets06,base,single,reliability,native,1.0,False,0,met,,,2044,2044,0.9800062602707567,0.9861480075901329,1.0,166,166,1.0,5829,5829,1.0,9,9,1.0,1.0,1.0,,,,,,,,,,,,,
cadets06,base,single,reliability,native,1.0,True,0,met,,,2044,2044,0.9800062602707567,0.9861480075901329,1.0,166,166,1.0,5829,5829,1.0,9,9,1.0,1.0,1.0,,,,,,,,,,,,,
cadets06,base,single,reliability,augmented,0.9,False,0,met,,,1022,1022,0.9900031301353783,0.9930740037950664,0.9759036144578314,162,166,0.9476754160233316,5524,5829,0.6666666666666666,6,9,1.0,1.0,1.0,,,,,,,,,,,,,
cadets06,base,single,reliability,augmented,0.9,True,0,met,,,2044,2044,0.9800062602707567,0.9861480075901329,1.0,166,166,1.0,5829,5829,1.0,9,9,1.0,1.0,1.0,,,,,,,,,,,,,
cadets06,base,single,reliability,augmented,0.95,False,0,met,,,2044,2044,0.9800062602707567,0.9861480075901329,1.0,166,166,1.0,5829,5829,1.0,9,9,1.0,1.0,1.0,,,,,,,,,,,,,
cadets06,base,single,reliability,augmented,0.95,True,0,met,,,2044,2044,0.9800062602707567,0.9861480075901329,1.0,166,166,1.0,5829,5829,1.0,9,9,1.0,1.0,1.0,,,,,,,,,,,,,
cadets06,base,single,reliability,augmented,0.99,False,0,met,,,2044,2044,0.9800062602707567,0.9861480075901329,1.0,166,166,1.0,5829,5829,1.0,9,9,1.0,1.0,1.0,,,,,,,,,,,,,
cadets06,base,single,reliability,augmented,0.99,True,0,met,,,2044,2044,0.9800062602707567,0.9861480075901329,1.0,166,166,1.0,5829,5829,1.0,9,9,1.0,1.0,1.0,,,,,,,,,,,,,
cadets06,base,single,reliability,augmented,1.0,False,0,met,,,2044,2044,0.9800062602707567,0.9861480075901329,1.0,166,166,1.0,5829,5829,1.0,9,9,1.0,1.0,1.0,,,,,,,,,,,,,
cadets06,base,single,reliability,augmented,1.0,True,0,met,,,2044,2044,0.9800062602707567,0.9861480075901329,1.0,166,166,1.0,5829,5829,1.0,9,9,1.0,1.0,1.0,,,,,,,,,,,,,
cadets06,base,single,adaptive_v1,native,0.9,False,0,met,,,2044,2044,0.9800062602707567,0.9861480075901329,1.0,166,166,1.0,5829,5829,1.0,9,9,1.0,1.0,1.0,,,,,,,,,,,,,
cadets06,base,single,adaptive_v1,native,0.9,True,0,met,,,2044,2044,0.9800062602707567,0.9861480075901329,1.0,166,166,1.0,5829,5829,1.0,9,9,1.0,1.0,1.0,,,,,,,,,,,,,
cadets06,base,single,adaptive_v1,native,0.95,False,0,met,,,2044,2044,0.9800062602707567,0.9861480075901329,1.0,166,166,1.0,5829,5829,1.0,9,9,1.0,1.0,1.0,,,,,,,,,,,,,
cadets06,base,single,adaptive_v1,native,0.95,True,0,met,,,2044,2044,0.9800062602707567,0.9861480075901329,1.0,166,166,1.0,5829,5829,1.0,9,9,1.0,1.0,1.0,,,,,,,,,,,,,
cadets06,base,single,adaptive_v1,native,0.99,False,0,met,,,2044,2044,0.9800062602707567,0.9861480075901329,1.0,166,166,1.0,5829,5829,1.0,9,9,1.0,1.0,1.0,,,,,,,,,,,,,
cadets06,base,single,adaptive_v1,native,0.99,True,0,met,,,2044,2044,0.9800062602707567,0.9861480075901329,1.0,166,166,1.0,5829,5829,1.0,9,9,1.0,1.0,1.0,,,,,,,,,,,,,
cadets06,base,single,adaptive_v1,native,1.0,False,0,met,,,2044,2044,0.9800062602707567,0.9861480075901329,1.0,166,166,1.0,5829,5829,1.0,9,9,1.0,1.0,1.0,,,,,,,,,,,,,
cadets06,base,single,adaptive_v1,native,1.0,True,0,met,,,2044,2044,0.9800062602707567,0.9861480075901329,1.0,166,166,1.0,5829,5829,1.0,9,9,1.0,1.0,1.0,,,,,,,,,,,,,
cadets06,base,single,adaptive_v1,augmented,0.9,False,0,met,,,2044,2044,0.9800062602707567,0.9861480075901329,1.0,166,166,1.0,5829,5829,1.0,9,9,1.0,1.0,1.0,,,,,,,,,,,,,
cadets06,base,single,adaptive_v1,augmented,0.9,True,0,met,,,2044,2044,0.9800062602707567,0.9861480075901329,1.0,166,166,1.0,5829,5829,1.0,9,9,1.0,1.0,1.0,,,,,,,,,,,,,
cadets06,base,single,adaptive_v1,augmented,0.95,False,0,met,,,2044,2044,0.9800062602707567,0.9861480075901329,1.0,166,166,1.0,5829,5829,1.0,9,9,1.0,1.0,1.0,,,,,,,,,,,,,
cadets06,base,single,adaptive_v1,augmented,0.95,True,0,met,,,2044,2044,0.9800062602707567,0.9861480075901329,1.0,166,166,1.0,5829,5829,1.0,9,9,1.0,1.0,1.0,,,,,,,,,,,,,
cadets06,base,single,adaptive_v1,augmented,0.99,False,0,met,,,2044,2044,0.9800062602707567,0.9861480075901329,1.0,166,166,1.0,5829,5829,1.0,9,9,1.0,1.0,1.0,,,,,,,,,,,,,
cadets06,base,single,adaptive_v1,augmented,0.99,True,0,met,,,2044,2044,0.9800062602707567,0.9861480075901329,1.0,166,166,1.0,5829,5829,1.0,9,9,1.0,1.0,1.0,,,,,,,,,,,,,
cadets06,base,single,adaptive_v1,augmented,1.0,False,0,met,,,2044,2044,0.9800062602707567,0.9861480075901329,1.0,166,166,1.0,5829,5829,1.0,9,9,1.0,1.0,1.0,,,,,,,,,,,,,
cadets06,base,single,adaptive_v1,augmented,1.0,True,0,met,,,2044,2044,0.9800062602707567,0.9861480075901329,1.0,166,166,1.0,5829,5829,1.0,9,9,1.0,1.0,1.0,,,,,,,,,,,,,
cadets06,base,single,reliability_chain,native,0.9,False,0,met,,,1022,1022,0.9900031301353783,0.9930740037950664,0.9819277108433735,163,166,0.957282552753474,5580,5829,0.6666666666666666,6,9,1.0,1.0,1.0,,,,,,,,,,,,,
cadets06,base,single,reliability_chain,native,0.9,True,0,met,,,2044,2044,0.9800062602707567,0.9861480075901329,1.0,166,166,1.0,5829,5829,1.0,9,9,1.0,1.0,1.0,,,,,,,,,,,,,
cadets06,base,single,reliability_chain,native,0.95,False,0,met,,,1022,1022,0.9900031301353783,0.9930740037950664,0.9819277108433735,163,166,0.957282552753474,5580,5829,0.6666666666666666,6,9,1.0,1.0,1.0,,,,,,,,,,,,,
cadets06,base,single,reliability_chain,native,0.95,True,0,met,,,2044,2044,0.9800062602707567,0.9861480075901329,1.0,166,166,1.0,5829,5829,1.0,9,9,1.0,1.0,1.0,,,,,,,,,,,,,
cadets06,base,single,reliability_chain,native,0.99,False,0,met,,,2044,2044,0.9800062602707567,0.9861480075901329,1.0,166,166,1.0,5829,5829,1.0,9,9,1.0,1.0,1.0,,,,,,,,,,,,,
cadets06,base,single,reliability_chain,native,0.99,True,0,met,,,2044,2044,0.9800062602707567,0.9861480075901329,1.0,166,166,1.0,5829,5829,1.0,9,9,1.0,1.0,1.0,,,,,,,,,,,,,
cadets06,base,single,reliability_chain,native,1.0,False,0,met,,,2044,2044,0.9800062602707567,0.9861480075901329,1.0,166,166,1.0,5829,5829,1.0,9,9,1.0,1.0,1.0,,,,,,,,,,,,,
cadets06,base,single,reliability_chain,native,1.0,True,0,met,,,2044,2044,0.9800062602707567,0.9861480075901329,1.0,166,166,1.0,5829,5829,1.0,9,9,1.0,1.0,1.0,,,,,,,,,,,,,
cadets06,base,single,reliability_chain,augmented,0.9,False,0,met,,,1022,1022,0.9900031301353783,0.9930740037950664,0.9819277108433735,163,166,0.957282552753474,5580,5829,0.6666666666666666,6,9,1.0,1.0,1.0,,,,,,,,,,,,,
cadets06,base,single,reliability_chain,augmented,0.9,True,0,met,,,2044,2044,0.9800062602707567,0.9861480075901329,1.0,166,166,1.0,5829,5829,1.0,9,9,1.0,1.0,1.0,,,,,,,,,,,,,
cadets06,base,single,reliability_chain,augmented,0.95,False,0,met,,,1022,1022,0.9900031301353783,0.9930740037950664,0.9819277108433735,163,166,0.957282552753474,5580,5829,0.6666666666666666,6,9,1.0,1.0,1.0,,,,,,,,,,,,,
cadets06,base,single,reliability_chain,augmented,0.95,True,0,met,,,2044,2044,0.9800062602707567,0.9861480075901329,1.0,166,166,1.0,5829,5829,1.0,9,9,1.0,1.0,1.0,,,,,,,,,,,,,
cadets06,base,single,reliability_chain,augmented,0.99,False,0,met,,,2044,2044,0.9800062602707567,0.9861480075901329,1.0,166,166,1.0,5829,5829,1.0,9,9,1.0,1.0,1.0,,,,,,,,,,,,,
cadets06,base,single,reliability_chain,augmented,0.99,True,0,met,,,2044,2044,0.9800062602707567,0.9861480075901329,1.0,166,166,1.0,5829,5829,1.0,9,9,1.0,1.0,1.0,,,,,,,,,,,,,
cadets06,base,single,reliability_chain,augmented,1.0,False,0,met,,,2044,2044,0.9800062602707567,0.9861480075901329,1.0,166,166,1.0,5829,5829,1.0,9,9,1.0,1.0,1.0,,,,,,,,,,,,,
cadets06,base,single,reliability_chain,augmented,1.0,True,0,met,,,2044,2044,0.9800062602707567,0.9861480075901329,1.0,166,166,1.0,5829,5829,1.0,9,9,1.0,1.0,1.0,,,,,,,,,,,,,
cadets06,base,declared,rarity_only,native,0.9,False,0,met,,,2044,2044,0.9800062602707567,0.9861480075901329,0.963855421686747,160,166,0.9327500428890032,5437,5829,0.0,0,9,1.0,1.0,1.0,,,,,,,,,,,,,
cadets06,base,declared,rarity_only,native,0.9,True,0,met,,,51116,51116,0.5,0.653591759284359,1.0,166,166,1.0,5829,5829,1.0,9,9,1.0,1.0,1.0,,,,,,,,,,,,,
cadets06,base,declared,rarity_only,native,0.95,False,0,met,,,10223,10223,0.9000019563346114,0.9307197072377338,0.9879518072289156,164,166,0.9715217018356493,5663,5829,0.7777777777777778,7,9,1.0,1.0,1.0,,,,,,,,,,,,,
cadets06,base,declared,rarity_only,native,0.95,True,0,met,,,51116,51116,0.5,0.653591759284359,1.0,166,166,1.0,5829,5829,1.0,9,9,1.0,1.0,1.0,,,,,,,,,,,,,
cadets06,base,declared,rarity_only,native,0.99,False,0,met,,,51116,51116,0.5,0.653591759284359,1.0,166,166,1.0,5829,5829,1.0,9,9,1.0,1.0,1.0,,,,,,,,,,,,,
cadets06,base,declared,rarity_only,native,0.99,True,0,met,,,51116,51116,0.5,0.653591759284359,1.0,166,166,1.0,5829,5829,1.0,9,9,1.0,1.0,1.0,,,,,,,,,,,,,
cadets06,base,declared,rarity_only,native,1.0,False,0,met,,,51116,51116,0.5,0.653591759284359,1.0,166,166,1.0,5829,5829,1.0,9,9,1.0,1.0,1.0,,,,,,,,,,,,,
cadets06,base,declared,rarity_only,native,1.0,True,0,met,,,51116,51116,0.5,0.653591759284359,1.0,166,166,1.0,5829,5829,1.0,9,9,1.0,1.0,1.0,,,,,,,,,,,,,
cadets06,base,declared,rarity_only,augmented,0.9,False,0,met,,,2044,2044,0.9800062602707567,0.9861480075901329,0.963855421686747,160,166,0.9327500428890032,5437,5829,0.0,0,9,1.0,1.0,1.0,,,,,,,,,,,,,
cadets06,base,declared,rarity_only,augmented,0.9,True,0,met,,,51116,51116,0.5,0.653591759284359,1.0,166,166,1.0,5829,5829,1.0,9,9,1.0,1.0,1.0,,,,,,,,,,,,,
cadets06,base,declared,rarity_only,augmented,0.95,False,0,met,,,10223,10223,0.9000019563346114,0.9307197072377338,0.9879518072289156,164,166,0.9715217018356493,5663,5829,0.7777777777777778,7,9,1.0,1.0,1.0,,,,,,,,,,,,,
cadets06,base,declared,rarity_only,augmented,0.95,True,0,met,,,51116,51116,0.5,0.653591759284359,1.0,166,166,1.0,5829,5829,1.0,9,9,1.0,1.0,1.0,,,,,,,,,,,,,
cadets06,base,declared,rarity_only,augmented,0.99,False,0,met,,,51116,51116,0.5,0.653591759284359,1.0,166,166,1.0,5829,5829,1.0,9,9,1.0,1.0,1.0,,,,,,,,,,,,,
cadets06,base,declared,rarity_only,augmented,0.99,True,0,met,,,51116,51116,0.5,0.653591759284359,1.0,166,166,1.0,5829,5829,1.0,9,9,1.0,1.0,1.0,,,,,,,,,,,,,
cadets06,base,declared,rarity_only,augmented,1.0,False,0,met,,,51116,51116,0.5,0.653591759284359,1.0,166,166,1.0,5829,5829,1.0,9,9,1.0,1.0,1.0,,,,,,,,,,,,,
cadets06,base,declared,rarity_only,augmented,1.0,True,0,met,,,51116,51116,0.5,0.653591759284359,1.0,166,166,1.0,5829,5829,1.0,9,9,1.0,1.0,1.0,,,,,,,,,,,,,
cadets06,base,declared,diffusion_only,native,0.9,False,0,met,,,256,256,0.9974958916973159,0.9982651124966115,0.9457831325301205,157,166,0.9071881969463029,5288,5829,0.0,0,9,1.0,1.0,1.0,,,,,,,,,,,,,
cadets06,base,declared,diffusion_only,native,0.9,True,0,met,,,2044,2044,0.9800062602707567,0.9861480075901329,1.0,166,166,1.0,5829,5829,1.0,9,9,1.0,1.0,1.0,,,,,,,,,,,,,
cadets06,base,declared,diffusion_only,native,0.95,False,0,met,,,1022,1022,0.9900031301353783,0.9930740037950664,0.9939759036144579,165,166,0.9902213072568193,5772,5829,0.0,0,9,1.0,1.0,1.0,,,,,,,,,,,,,
cadets06,base,declared,diffusion_only,native,0.95,True,0,met,,,2044,2044,0.9800062602707567,0.9861480075901329,1.0,166,166,1.0,5829,5829,1.0,9,9,1.0,1.0,1.0,,,,,,,,,,,,,
cadets06,base,declared,diffusion_only,native,0.99,False,0,met,,,1022,1022,0.9900031301353783,0.9930740037950664,0.9939759036144579,165,166,0.9902213072568193,5772,5829,0.0,0,9,1.0,1.0,1.0,,,,,,,,,,,,,
cadets06,base,declared,diffusion_only,native,0.99,True,0,met,,,2044,2044,0.9800062602707567,0.9861480075901329,1.0,166,166,1.0,5829,5829,1.0,9,9,1.0,1.0,1.0,,,,,,,,,,,,,
cadets06,base,declared,diffusion_only,native,1.0,False,0,met,,,2044,2044,0.9800062602707567,0.9861480075901329,1.0,166,166,1.0,5829,5829,1.0,9,9,1.0,1.0,1.0,,,,,,,,,,,,,
cadets06,base,declared,diffusion_only,native,1.0,True,0,met,,,2044,2044,0.9800062602707567,0.9861480075901329,1.0,166,166,1.0,5829,5829,1.0,9,9,1.0,1.0,1.0,,,,,,,,,,,,,
cadets06,base,declared,diffusion_only,augmented,0.9,False,0,met,,,256,256,0.9974958916973159,0.9982651124966115,0.9457831325301205,157,166,0.9071881969463029,5288,5829,0.0,0,9,1.0,1.0,1.0,,,,,,,,,,,,,
cadets06,base,declared,diffusion_only,augmented,0.9,True,0,met,,,2044,2044,0.9800062602707567,0.9861480075901329,1.0,166,166,1.0,5829,5829,1.0,9,9,1.0,1.0,1.0,,,,,,,,,,,,,
cadets06,base,declared,diffusion_only,augmented,0.95,False,0,met,,,1022,1022,0.9900031301353783,0.9930740037950664,0.9939759036144579,165,166,0.9902213072568193,5772,5829,0.0,0,9,1.0,1.0,1.0,,,,,,,,,,,,,
cadets06,base,declared,diffusion_only,augmented,0.95,True,0,met,,,2044,2044,0.9800062602707567,0.9861480075901329,1.0,166,166,1.0,5829,5829,1.0,9,9,1.0,1.0,1.0,,,,,,,,,,,,,
cadets06,base,declared,diffusion_only,augmented,0.99,False,0,met,,,1022,1022,0.9900031301353783,0.9930740037950664,0.9939759036144579,165,166,0.9902213072568193,5772,5829,0.0,0,9,1.0,1.0,1.0,,,,,,,,,,,,,
cadets06,base,declared,diffusion_only,augmented,0.99,True,0,met,,,2044,2044,0.9800062602707567,0.9861480075901329,1.0,166,166,1.0,5829,5829,1.0,9,9,1.0,1.0,1.0,,,,,,,,,,,,,
cadets06,base,declared,diffusion_only,augmented,1.0,False,0,met,,,2044,2044,0.9800062602707567,0.9861480075901329,1.0,166,166,1.0,5829,5829,1.0,9,9,1.0,1.0,1.0,,,,,,,,,,,,,
cadets06,base,declared,diffusion_only,augmented,1.0,True,0,met,,,2044,2044,0.9800062602707567,0.9861480075901329,1.0,166,166,1.0,5829,5829,1.0,9,9,1.0,1.0,1.0,,,,,,,,,,,,,
cadets06,base,declared,rasp,native,0.9,False,0,met,,,256,256,0.9974958916973159,0.9982651124966115,0.9518072289156626,158,166,0.9130211013896037,5322,5829,0.0,0,9,1.0,1.0,1.0,,,,,,,,,,,,,
cadets06,base,declared,rasp,native,0.9,True,0,met,,,2044,2044,0.9800062602707567,0.9861480075901329,1.0,166,166,1.0,5829,5829,1.0,9,9,1.0,1.0,1.0,,,,,,,,,,,,,
cadets06,base,declared,rasp,native,0.95,False,0,met,,,1022,1022,0.9900031301353783,0.9930740037950664,0.9939759036144579,165,166,0.9857608509178246,5746,5829,0.8888888888888888,8,9,1.0,1.0,1.0,,,,,,,,,,,,,
cadets06,base,declared,rasp,native,0.95,True,0,met,,,2044,2044,0.9800062602707567,0.9861480075901329,1.0,166,166,1.0,5829,5829,1.0,9,9,1.0,1.0,1.0,,,,,,,,,,,,,
cadets06,base,declared,rasp,native,0.99,False,0,met,,,2044,2044,0.9800062602707567,0.9861480075901329,1.0,166,166,1.0,5829,5829,1.0,9,9,1.0,1.0,1.0,,,,,,,,,,,,,
cadets06,base,declared,rasp,native,0.99,True,0,met,,,2044,2044,0.9800062602707567,0.9861480075901329,1.0,166,166,1.0,5829,5829,1.0,9,9,1.0,1.0,1.0,,,,,,,,,,,,,
cadets06,base,declared,rasp,native,1.0,False,0,met,,,2044,2044,0.9800062602707567,0.9861480075901329,1.0,166,166,1.0,5829,5829,1.0,9,9,1.0,1.0,1.0,,,,,,,,,,,,,
cadets06,base,declared,rasp,native,1.0,True,0,met,,,2044,2044,0.9800062602707567,0.9861480075901329,1.0,166,166,1.0,5829,5829,1.0,9,9,1.0,1.0,1.0,,,,,,,,,,,,,
cadets06,base,declared,rasp,augmented,0.9,False,0,met,,,256,256,0.9974958916973159,0.9982651124966115,0.9518072289156626,158,166,0.9130211013896037,5322,5829,0.0,0,9,1.0,1.0,1.0,,,,,,,,,,,,,
cadets06,base,declared,rasp,augmented,0.9,True,0,met,,,2044,2044,0.9800062602707567,0.9861480075901329,1.0,166,166,1.0,5829,5829,1.0,9,9,1.0,1.0,1.0,,,,,,,,,,,,,
cadets06,base,declared,rasp,augmented,0.95,False,0,met,,,1022,1022,0.9900031301353783,0.9930740037950664,0.9939759036144579,165,166,0.9857608509178246,5746,5829,0.8888888888888888,8,9,1.0,1.0,1.0,,,,,,,,,,,,,
cadets06,base,declared,rasp,augmented,0.95,True,0,met,,,2044,2044,0.9800062602707567,0.9861480075901329,1.0,166,166,1.0,5829,5829,1.0,9,9,1.0,1.0,1.0,,,,,,,,,,,,,
cadets06,base,declared,rasp,augmented,0.99,False,0,met,,,2044,2044,0.9800062602707567,0.9861480075901329,1.0,166,166,1.0,5829,5829,1.0,9,9,1.0,1.0,1.0,,,,,,,,,,,,,
cadets06,base,declared,rasp,augmented,0.99,True,0,met,,,2044,2044,0.9800062602707567,0.9861480075901329,1.0,166,166,1.0,5829,5829,1.0,9,9,1.0,1.0,1.0,,,,,,,,,,,,,
cadets06,base,declared,rasp,augmented,1.0,False,0,met,,,2044,2044,0.9800062602707567,0.9861480075901329,1.0,166,166,1.0,5829,5829,1.0,9,9,1.0,1.0,1.0,,,,,,,,,,,,,
cadets06,base,declared,rasp,augmented,1.0,True,0,met,,,2044,2044,0.9800062602707567,0.9861480075901329,1.0,166,166,1.0,5829,5829,1.0,9,9,1.0,1.0,1.0,,,,,,,,,,,,,
cadets06,base,declared,context_v1,native,0.9,False,0,met,,,1022,1022,0.9900031301353783,0.9930740037950664,1.0,166,166,1.0,5829,5829,1.0,9,9,1.0,1.0,1.0,,,,,,,,,,,,,
cadets06,base,declared,context_v1,native,0.9,True,0,met,,,1022,1022,0.9900031301353783,0.9930740037950664,1.0,166,166,1.0,5829,5829,1.0,9,9,1.0,1.0,1.0,,,,,,,,,,,,,
cadets06,base,declared,context_v1,native,0.95,False,0,met,,,1022,1022,0.9900031301353783,0.9930740037950664,1.0,166,166,1.0,5829,5829,1.0,9,9,1.0,1.0,1.0,,,,,,,,,,,,,
cadets06,base,declared,context_v1,native,0.95,True,0,met,,,1022,1022,0.9900031301353783,0.9930740037950664,1.0,166,166,1.0,5829,5829,1.0,9,9,1.0,1.0,1.0,,,,,,,,,,,,,
cadets06,base,declared,context_v1,native,0.99,False,0,met,,,1022,1022,0.9900031301353783,0.9930740037950664,1.0,166,166,1.0,5829,5829,1.0,9,9,1.0,1.0,1.0,,,,,,,,,,,,,
cadets06,base,declared,context_v1,native,0.99,True,0,met,,,1022,1022,0.9900031301353783,0.9930740037950664,1.0,166,166,1.0,5829,5829,1.0,9,9,1.0,1.0,1.0,,,,,,,,,,,,,
cadets06,base,declared,context_v1,native,1.0,False,0,met,,,1022,1022,0.9900031301353783,0.9930740037950664,1.0,166,166,1.0,5829,5829,1.0,9,9,1.0,1.0,1.0,,,,,,,,,,,,,
cadets06,base,declared,context_v1,native,1.0,True,0,met,,,1022,1022,0.9900031301353783,0.9930740037950664,1.0,166,166,1.0,5829,5829,1.0,9,9,1.0,1.0,1.0,,,,,,,,,,,,,
cadets06,base,declared,context_v1,augmented,0.9,False,0,met,,,1022,1022,0.9900031301353783,0.9930740037950664,1.0,166,166,1.0,5829,5829,1.0,9,9,1.0,1.0,1.0,,,,,,,,,,,,,
cadets06,base,declared,context_v1,augmented,0.9,True,0,met,,,1022,1022,0.9900031301353783,0.9930740037950664,1.0,166,166,1.0,5829,5829,1.0,9,9,1.0,1.0,1.0,,,,,,,,,,,,,
cadets06,base,declared,context_v1,augmented,0.95,False,0,met,,,1022,1022,0.9900031301353783,0.9930740037950664,1.0,166,166,1.0,5829,5829,1.0,9,9,1.0,1.0,1.0,,,,,,,,,,,,,
cadets06,base,declared,context_v1,augmented,0.95,True,0,met,,,1022,1022,0.9900031301353783,0.9930740037950664,1.0,166,166,1.0,5829,5829,1.0,9,9,1.0,1.0,1.0,,,,,,,,,,,,,
cadets06,base,declared,context_v1,augmented,0.99,False,0,met,,,1022,1022,0.9900031301353783,0.9930740037950664,1.0,166,166,1.0,5829,5829,1.0,9,9,1.0,1.0,1.0,,,,,,,,,,,,,
cadets06,base,declared,context_v1,augmented,0.99,True,0,met,,,1022,1022,0.9900031301353783,0.9930740037950664,1.0,166,166,1.0,5829,5829,1.0,9,9,1.0,1.0,1.0,,,,,,,,,,,,,
cadets06,base,declared,context_v1,augmented,1.0,False,0,met,,,1022,1022,0.9900031301353783,0.9930740037950664,1.0,166,166,1.0,5829,5829,1.0,9,9,1.0,1.0,1.0,,,,,,,,,,,,,
cadets06,base,declared,context_v1,augmented,1.0,True,0,met,,,1022,1022,0.9900031301353783,0.9930740037950664,1.0,166,166,1.0,5829,5829,1.0,9,9,1.0,1.0,1.0,,,,,,,,,,,,,
cadets06,base,declared,reliability,native,0.9,False,0,met,,,1022,1022,0.9900031301353783,0.9930740037950664,0.9939759036144579,165,166,0.9857608509178246,5746,5829,0.8888888888888888,8,9,1.0,1.0,1.0,,,,,,,,,,,,,
cadets06,base,declared,reliability,native,0.9,True,0,met,,,2044,2044,0.9800062602707567,0.9861480075901329,1.0,166,166,1.0,5829,5829,1.0,9,9,1.0,1.0,1.0,,,,,,,,,,,,,
cadets06,base,declared,reliability,native,0.95,False,0,met,,,1022,1022,0.9900031301353783,0.9930740037950664,0.9939759036144579,165,166,0.9857608509178246,5746,5829,0.8888888888888888,8,9,1.0,1.0,1.0,,,,,,,,,,,,,
cadets06,base,declared,reliability,native,0.95,True,0,met,,,2044,2044,0.9800062602707567,0.9861480075901329,1.0,166,166,1.0,5829,5829,1.0,9,9,1.0,1.0,1.0,,,,,,,,,,,,,
cadets06,base,declared,reliability,native,0.99,False,0,met,,,2044,2044,0.9800062602707567,0.9861480075901329,1.0,166,166,1.0,5829,5829,1.0,9,9,1.0,1.0,1.0,,,,,,,,,,,,,
cadets06,base,declared,reliability,native,0.99,True,0,met,,,2044,2044,0.9800062602707567,0.9861480075901329,1.0,166,166,1.0,5829,5829,1.0,9,9,1.0,1.0,1.0,,,,,,,,,,,,,
cadets06,base,declared,reliability,native,1.0,False,0,met,,,2044,2044,0.9800062602707567,0.9861480075901329,1.0,166,166,1.0,5829,5829,1.0,9,9,1.0,1.0,1.0,,,,,,,,,,,,,
cadets06,base,declared,reliability,native,1.0,True,0,met,,,2044,2044,0.9800062602707567,0.9861480075901329,1.0,166,166,1.0,5829,5829,1.0,9,9,1.0,1.0,1.0,,,,,,,,,,,,,
cadets06,base,declared,reliability,augmented,0.9,False,0,met,,,1022,1022,0.9900031301353783,0.9930740037950664,0.9939759036144579,165,166,0.9857608509178246,5746,5829,0.8888888888888888,8,9,1.0,1.0,1.0,,,,,,,,,,,,,
cadets06,base,declared,reliability,augmented,0.9,True,0,met,,,2044,2044,0.9800062602707567,0.9861480075901329,1.0,166,166,1.0,5829,5829,1.0,9,9,1.0,1.0,1.0,,,,,,,,,,,,,
cadets06,base,declared,reliability,augmented,0.95,False,0,met,,,1022,1022,0.9900031301353783,0.9930740037950664,0.9939759036144579,165,166,0.9857608509178246,5746,5829,0.8888888888888888,8,9,1.0,1.0,1.0,,,,,,,,,,,,,
cadets06,base,declared,reliability,augmented,0.95,True,0,met,,,2044,2044,0.9800062602707567,0.9861480075901329,1.0,166,166,1.0,5829,5829,1.0,9,9,1.0,1.0,1.0,,,,,,,,,,,,,
cadets06,base,declared,reliability,augmented,0.99,False,0,met,,,2044,2044,0.9800062602707567,0.9861480075901329,1.0,166,166,1.0,5829,5829,1.0,9,9,1.0,1.0,1.0,,,,,,,,,,,,,
cadets06,base,declared,reliability,augmented,0.99,True,0,met,,,2044,2044,0.9800062602707567,0.9861480075901329,1.0,166,166,1.0,5829,5829,1.0,9,9,1.0,1.0,1.0,,,,,,,,,,,,,
cadets06,base,declared,reliability,augmented,1.0,False,0,met,,,2044,2044,0.9800062602707567,0.9861480075901329,1.0,166,166,1.0,5829,5829,1.0,9,9,1.0,1.0,1.0,,,,,,,,,,,,,
cadets06,base,declared,reliability,augmented,1.0,True,0,met,,,2044,2044,0.9800062602707567,0.9861480075901329,1.0,166,166,1.0,5829,5829,1.0,9,9,1.0,1.0,1.0,,,,,,,,,,,,,
cadets06,base,declared,adaptive_v1,native,0.9,False,0,met,,,1022,1022,0.9900031301353783,0.9930740037950664,1.0,166,166,1.0,5829,5829,1.0,9,9,1.0,1.0,1.0,,,,,,,,,,,,,
cadets06,base,declared,adaptive_v1,native,0.9,True,0,met,,,1022,1022,0.9900031301353783,0.9930740037950664,1.0,166,166,1.0,5829,5829,1.0,9,9,1.0,1.0,1.0,,,,,,,,,,,,,
cadets06,base,declared,adaptive_v1,native,0.95,False,0,met,,,1022,1022,0.9900031301353783,0.9930740037950664,1.0,166,166,1.0,5829,5829,1.0,9,9,1.0,1.0,1.0,,,,,,,,,,,,,
cadets06,base,declared,adaptive_v1,native,0.95,True,0,met,,,1022,1022,0.9900031301353783,0.9930740037950664,1.0,166,166,1.0,5829,5829,1.0,9,9,1.0,1.0,1.0,,,,,,,,,,,,,
cadets06,base,declared,adaptive_v1,native,0.99,False,0,met,,,1022,1022,0.9900031301353783,0.9930740037950664,1.0,166,166,1.0,5829,5829,1.0,9,9,1.0,1.0,1.0,,,,,,,,,,,,,
cadets06,base,declared,adaptive_v1,native,0.99,True,0,met,,,1022,1022,0.9900031301353783,0.9930740037950664,1.0,166,166,1.0,5829,5829,1.0,9,9,1.0,1.0,1.0,,,,,,,,,,,,,
cadets06,base,declared,adaptive_v1,native,1.0,False,0,met,,,1022,1022,0.9900031301353783,0.9930740037950664,1.0,166,166,1.0,5829,5829,1.0,9,9,1.0,1.0,1.0,,,,,,,,,,,,,
cadets06,base,declared,adaptive_v1,native,1.0,True,0,met,,,1022,1022,0.9900031301353783,0.9930740037950664,1.0,166,166,1.0,5829,5829,1.0,9,9,1.0,1.0,1.0,,,,,,,,,,,,,
cadets06,base,declared,adaptive_v1,augmented,0.9,False,0,met,,,1022,1022,0.9900031301353783,0.9930740037950664,1.0,166,166,1.0,5829,5829,1.0,9,9,1.0,1.0,1.0,,,,,,,,,,,,,
cadets06,base,declared,adaptive_v1,augmented,0.9,True,0,met,,,1022,1022,0.9900031301353783,0.9930740037950664,1.0,166,166,1.0,5829,5829,1.0,9,9,1.0,1.0,1.0,,,,,,,,,,,,,
cadets06,base,declared,adaptive_v1,augmented,0.95,False,0,met,,,1022,1022,0.9900031301353783,0.9930740037950664,1.0,166,166,1.0,5829,5829,1.0,9,9,1.0,1.0,1.0,,,,,,,,,,,,,
cadets06,base,declared,adaptive_v1,augmented,0.95,True,0,met,,,1022,1022,0.9900031301353783,0.9930740037950664,1.0,166,166,1.0,5829,5829,1.0,9,9,1.0,1.0,1.0,,,,,,,,,,,,,
cadets06,base,declared,adaptive_v1,augmented,0.99,False,0,met,,,1022,1022,0.9900031301353783,0.9930740037950664,1.0,166,166,1.0,5829,5829,1.0,9,9,1.0,1.0,1.0,,,,,,,,,,,,,
cadets06,base,declared,adaptive_v1,augmented,0.99,True,0,met,,,1022,1022,0.9900031301353783,0.9930740037950664,1.0,166,166,1.0,5829,5829,1.0,9,9,1.0,1.0,1.0,,,,,,,,,,,,,
cadets06,base,declared,adaptive_v1,augmented,1.0,False,0,met,,,1022,1022,0.9900031301353783,0.9930740037950664,1.0,166,166,1.0,5829,5829,1.0,9,9,1.0,1.0,1.0,,,,,,,,,,,,,
cadets06,base,declared,adaptive_v1,augmented,1.0,True,0,met,,,1022,1022,0.9900031301353783,0.9930740037950664,1.0,166,166,1.0,5829,5829,1.0,9,9,1.0,1.0,1.0,,,,,,,,,,,,,
cadets06,base,declared,reliability_chain,native,0.9,False,0,met,,,1022,1022,0.9900031301353783,0.9930740037950664,0.9939759036144579,165,166,0.9857608509178246,5746,5829,0.8888888888888888,8,9,1.0,1.0,1.0,,,,,,,,,,,,,
cadets06,base,declared,reliability_chain,native,0.9,True,0,met,,,2044,2044,0.9800062602707567,0.9861480075901329,1.0,166,166,1.0,5829,5829,1.0,9,9,1.0,1.0,1.0,,,,,,,,,,,,,
cadets06,base,declared,reliability_chain,native,0.95,False,0,met,,,1022,1022,0.9900031301353783,0.9930740037950664,0.9939759036144579,165,166,0.9857608509178246,5746,5829,0.8888888888888888,8,9,1.0,1.0,1.0,,,,,,,,,,,,,
cadets06,base,declared,reliability_chain,native,0.95,True,0,met,,,2044,2044,0.9800062602707567,0.9861480075901329,1.0,166,166,1.0,5829,5829,1.0,9,9,1.0,1.0,1.0,,,,,,,,,,,,,
cadets06,base,declared,reliability_chain,native,0.99,False,0,met,,,2044,2044,0.9800062602707567,0.9861480075901329,1.0,166,166,1.0,5829,5829,1.0,9,9,1.0,1.0,1.0,,,,,,,,,,,,,
cadets06,base,declared,reliability_chain,native,0.99,True,0,met,,,2044,2044,0.9800062602707567,0.9861480075901329,1.0,166,166,1.0,5829,5829,1.0,9,9,1.0,1.0,1.0,,,,,,,,,,,,,
cadets06,base,declared,reliability_chain,native,1.0,False,0,met,,,2044,2044,0.9800062602707567,0.9861480075901329,1.0,166,166,1.0,5829,5829,1.0,9,9,1.0,1.0,1.0,,,,,,,,,,,,,
cadets06,base,declared,reliability_chain,native,1.0,True,0,met,,,2044,2044,0.9800062602707567,0.9861480075901329,1.0,166,166,1.0,5829,5829,1.0,9,9,1.0,1.0,1.0,,,,,,,,,,,,,
cadets06,base,declared,reliability_chain,augmented,0.9,False,0,met,,,1022,1022,0.9900031301353783,0.9930740037950664,0.9939759036144579,165,166,0.9857608509178246,5746,5829,0.8888888888888888,8,9,1.0,1.0,1.0,,,,,,,,,,,,,
cadets06,base,declared,reliability_chain,augmented,0.9,True,0,met,,,2044,2044,0.9800062602707567,0.9861480075901329,1.0,166,166,1.0,5829,5829,1.0,9,9,1.0,1.0,1.0,,,,,,,,,,,,,
cadets06,base,declared,reliability_chain,augmented,0.95,False,0,met,,,1022,1022,0.9900031301353783,0.9930740037950664,0.9939759036144579,165,166,0.9857608509178246,5746,5829,0.8888888888888888,8,9,1.0,1.0,1.0,,,,,,,,,,,,,
cadets06,base,declared,reliability_chain,augmented,0.95,True,0,met,,,2044,2044,0.9800062602707567,0.9861480075901329,1.0,166,166,1.0,5829,5829,1.0,9,9,1.0,1.0,1.0,,,,,,,,,,,,,
cadets06,base,declared,reliability_chain,augmented,0.99,False,0,met,,,2044,2044,0.9800062602707567,0.9861480075901329,1.0,166,166,1.0,5829,5829,1.0,9,9,1.0,1.0,1.0,,,,,,,,,,,,,
cadets06,base,declared,reliability_chain,augmented,0.99,True,0,met,,,2044,2044,0.9800062602707567,0.9861480075901329,1.0,166,166,1.0,5829,5829,1.0,9,9,1.0,1.0,1.0,,,,,,,,,,,,,
cadets06,base,declared,reliability_chain,augmented,1.0,False,0,met,,,2044,2044,0.9800062602707567,0.9861480075901329,1.0,166,166,1.0,5829,5829,1.0,9,9,1.0,1.0,1.0,,,,,,,,,,,,,
cadets06,base,declared,reliability_chain,augmented,1.0,True,0,met,,,2044,2044,0.9800062602707567,0.9861480075901329,1.0,166,166,1.0,5829,5829,1.0,9,9,1.0,1.0,1.0,,,,,,,,,,,,,
cadets06,base,adaptive,rarity_only,native,0.9,False,0,met,,,2044,2044,0.9800062602707567,0.9861480075901329,0.9698795180722891,161,166,0.9416709555669927,5489,5829,0.5555555555555556,5,9,1.0,1.0,1.0,,,,,,,,,,,,,
cadets06,base,adaptive,rarity_only,native,0.9,True,0,met,,,51116,51116,0.5,0.653591759284359,1.0,166,166,1.0,5829,5829,1.0,9,9,1.0,1.0,1.0,,,,,,,,,,,,,
cadets06,base,adaptive,rarity_only,native,0.95,False,0,met,,,10223,10223,0.9000019563346114,0.9307197072377338,0.9879518072289156,164,166,0.9715217018356493,5663,5829,0.7777777777777778,7,9,1.0,1.0,1.0,,,,,,,,,,,,,
cadets06,base,adaptive,rarity_only,native,0.95,True,0,met,,,51116,51116,0.5,0.653591759284359,1.0,166,166,1.0,5829,5829,1.0,9,9,1.0,1.0,1.0,,,,,,,,,,,,,
cadets06,base,adaptive,rarity_only,native,0.99,False,0,met,,,51116,51116,0.5,0.653591759284359,1.0,166,166,1.0,5829,5829,1.0,9,9,1.0,1.0,1.0,,,,,,,,,,,,,
cadets06,base,adaptive,rarity_only,native,0.99,True,0,met,,,51116,51116,0.5,0.653591759284359,1.0,166,166,1.0,5829,5829,1.0,9,9,1.0,1.0,1.0,,,,,,,,,,,,,
cadets06,base,adaptive,rarity_only,native,1.0,False,0,met,,,51116,51116,0.5,0.653591759284359,1.0,166,166,1.0,5829,5829,1.0,9,9,1.0,1.0,1.0,,,,,,,,,,,,,
cadets06,base,adaptive,rarity_only,native,1.0,True,0,met,,,51116,51116,0.5,0.653591759284359,1.0,166,166,1.0,5829,5829,1.0,9,9,1.0,1.0,1.0,,,,,,,,,,,,,
cadets06,base,adaptive,rarity_only,augmented,0.9,False,0,met,,,2044,2044,0.9800062602707567,0.9861480075901329,0.9698795180722891,161,166,0.9416709555669927,5489,5829,0.5555555555555556,5,9,1.0,1.0,1.0,,,,,,,,,,,,,
cadets06,base,adaptive,rarity_only,augmented,0.9,True,0,met,,,51116,51116,0.5,0.653591759284359,1.0,166,166,1.0,5829,5829,1.0,9,9,1.0,1.0,1.0,,,,,,,,,,,,,
cadets06,base,adaptive,rarity_only,augmented,0.95,False,0,met,,,10223,10223,0.9000019563346114,0.9307197072377338,0.9879518072289156,164,166,0.9715217018356493,5663,5829,0.7777777777777778,7,9,1.0,1.0,1.0,,,,,,,,,,,,,
cadets06,base,adaptive,rarity_only,augmented,0.95,True,0,met,,,51116,51116,0.5,0.653591759284359,1.0,166,166,1.0,5829,5829,1.0,9,9,1.0,1.0,1.0,,,,,,,,,,,,,
cadets06,base,adaptive,rarity_only,augmented,0.99,False,0,met,,,51116,51116,0.5,0.653591759284359,1.0,166,166,1.0,5829,5829,1.0,9,9,1.0,1.0,1.0,,,,,,,,,,,,,
cadets06,base,adaptive,rarity_only,augmented,0.99,True,0,met,,,51116,51116,0.5,0.653591759284359,1.0,166,166,1.0,5829,5829,1.0,9,9,1.0,1.0,1.0,,,,,,,,,,,,,
cadets06,base,adaptive,rarity_only,augmented,1.0,False,0,met,,,51116,51116,0.5,0.653591759284359,1.0,166,166,1.0,5829,5829,1.0,9,9,1.0,1.0,1.0,,,,,,,,,,,,,
cadets06,base,adaptive,rarity_only,augmented,1.0,True,0,met,,,51116,51116,0.5,0.653591759284359,1.0,166,166,1.0,5829,5829,1.0,9,9,1.0,1.0,1.0,,,,,,,,,,,,,
cadets06,base,adaptive,diffusion_only,native,0.9,False,0,met,,,1022,1022,0.9900031301353783,0.9930740037950664,1.0,166,166,1.0,5829,5829,1.0,9,9,1.0,1.0,1.0,,,,,,,,,,,,,
cadets06,base,adaptive,diffusion_only,native,0.9,True,0,met,,,1022,1022,0.9900031301353783,0.9930740037950664,1.0,166,166,1.0,5829,5829,1.0,9,9,1.0,1.0,1.0,,,,,,,,,,,,,
cadets06,base,adaptive,diffusion_only,native,0.95,False,0,met,,,1022,1022,0.9900031301353783,0.9930740037950664,1.0,166,166,1.0,5829,5829,1.0,9,9,1.0,1.0,1.0,,,,,,,,,,,,,
cadets06,base,adaptive,diffusion_only,native,0.95,True,0,met,,,1022,1022,0.9900031301353783,0.9930740037950664,1.0,166,166,1.0,5829,5829,1.0,9,9,1.0,1.0,1.0,,,,,,,,,,,,,
cadets06,base,adaptive,diffusion_only,native,0.99,False,0,met,,,1022,1022,0.9900031301353783,0.9930740037950664,1.0,166,166,1.0,5829,5829,1.0,9,9,1.0,1.0,1.0,,,,,,,,,,,,,
cadets06,base,adaptive,diffusion_only,native,0.99,True,0,met,,,1022,1022,0.9900031301353783,0.9930740037950664,1.0,166,166,1.0,5829,5829,1.0,9,9,1.0,1.0,1.0,,,,,,,,,,,,,
cadets06,base,adaptive,diffusion_only,native,1.0,False,0,met,,,1022,1022,0.9900031301353783,0.9930740037950664,1.0,166,166,1.0,5829,5829,1.0,9,9,1.0,1.0,1.0,,,,,,,,,,,,,
cadets06,base,adaptive,diffusion_only,native,1.0,True,0,met,,,1022,1022,0.9900031301353783,0.9930740037950664,1.0,166,166,1.0,5829,5829,1.0,9,9,1.0,1.0,1.0,,,,,,,,,,,,,
cadets06,base,adaptive,diffusion_only,augmented,0.9,False,0,met,,,1022,1022,0.9900031301353783,0.9930740037950664,1.0,166,166,1.0,5829,5829,1.0,9,9,1.0,1.0,1.0,,,,,,,,,,,,,
cadets06,base,adaptive,diffusion_only,augmented,0.9,True,0,met,,,1022,1022,0.9900031301353783,0.9930740037950664,1.0,166,166,1.0,5829,5829,1.0,9,9,1.0,1.0,1.0,,,,,,,,,,,,,
cadets06,base,adaptive,diffusion_only,augmented,0.95,False,0,met,,,1022,1022,0.9900031301353783,0.9930740037950664,1.0,166,166,1.0,5829,5829,1.0,9,9,1.0,1.0,1.0,,,,,,,,,,,,,
cadets06,base,adaptive,diffusion_only,augmented,0.95,True,0,met,,,1022,1022,0.9900031301353783,0.9930740037950664,1.0,166,166,1.0,5829,5829,1.0,9,9,1.0,1.0,1.0,,,,,,,,,,,,,
cadets06,base,adaptive,diffusion_only,augmented,0.99,False,0,met,,,1022,1022,0.9900031301353783,0.9930740037950664,1.0,166,166,1.0,5829,5829,1.0,9,9,1.0,1.0,1.0,,,,,,,,,,,,,
cadets06,base,adaptive,diffusion_only,augmented,0.99,True,0,met,,,1022,1022,0.9900031301353783,0.9930740037950664,1.0,166,166,1.0,5829,5829,1.0,9,9,1.0,1.0,1.0,,,,,,,,,,,,,
cadets06,base,adaptive,diffusion_only,augmented,1.0,False,0,met,,,1022,1022,0.9900031301353783,0.9930740037950664,1.0,166,166,1.0,5829,5829,1.0,9,9,1.0,1.0,1.0,,,,,,,,,,,,,
cadets06,base,adaptive,diffusion_only,augmented,1.0,True,0,met,,,1022,1022,0.9900031301353783,0.9930740037950664,1.0,166,166,1.0,5829,5829,1.0,9,9,1.0,1.0,1.0,,,,,,,,,,,,,
cadets06,base,adaptive,rasp,native,0.9,False,0,met,,,256,256,0.9974958916973159,0.9982651124966115,0.963855421686747,160,166,0.9276033624978556,5407,5829,0.4444444444444444,4,9,1.0,1.0,1.0,,,,,,,,,,,,,
cadets06,base,adaptive,rasp,native,0.9,True,0,met,,,2044,2044,0.9800062602707567,0.9861480075901329,1.0,166,166,1.0,5829,5829,1.0,9,9,1.0,1.0,1.0,,,,,,,,,,,,,
cadets06,base,adaptive,rasp,native,0.95,False,0,met,,,1022,1022,0.9900031301353783,0.9930740037950664,0.9939759036144579,165,166,0.9857608509178246,5746,5829,0.8888888888888888,8,9,1.0,1.0,1.0,,,,,,,,,,,,,
cadets06,base,adaptive,rasp,native,0.95,True,0,met,,,2044,2044,0.9800062602707567,0.9861480075901329,1.0,166,166,1.0,5829,5829,1.0,9,9,1.0,1.0,1.0,,,,,,,,,,,,,
cadets06,base,adaptive,rasp,native,0.99,False,0,met,,,2044,2044,0.9800062602707567,0.9861480075901329,1.0,166,166,1.0,5829,5829,1.0,9,9,1.0,1.0,1.0,,,,,,,,,,,,,
cadets06,base,adaptive,rasp,native,0.99,True,0,met,,,2044,2044,0.9800062602707567,0.9861480075901329,1.0,166,166,1.0,5829,5829,1.0,9,9,1.0,1.0,1.0,,,,,,,,,,,,,
cadets06,base,adaptive,rasp,native,1.0,False,0,met,,,2044,2044,0.9800062602707567,0.9861480075901329,1.0,166,166,1.0,5829,5829,1.0,9,9,1.0,1.0,1.0,,,,,,,,,,,,,
cadets06,base,adaptive,rasp,native,1.0,True,0,met,,,2044,2044,0.9800062602707567,0.9861480075901329,1.0,166,166,1.0,5829,5829,1.0,9,9,1.0,1.0,1.0,,,,,,,,,,,,,
cadets06,base,adaptive,rasp,augmented,0.9,False,0,met,,,256,256,0.9974958916973159,0.9982651124966115,0.963855421686747,160,166,0.9276033624978556,5407,5829,0.4444444444444444,4,9,1.0,1.0,1.0,,,,,,,,,,,,,
cadets06,base,adaptive,rasp,augmented,0.9,True,0,met,,,2044,2044,0.9800062602707567,0.9861480075901329,1.0,166,166,1.0,5829,5829,1.0,9,9,1.0,1.0,1.0,,,,,,,,,,,,,
cadets06,base,adaptive,rasp,augmented,0.95,False,0,met,,,1022,1022,0.9900031301353783,0.9930740037950664,0.9939759036144579,165,166,0.9857608509178246,5746,5829,0.8888888888888888,8,9,1.0,1.0,1.0,,,,,,,,,,,,,
cadets06,base,adaptive,rasp,augmented,0.95,True,0,met,,,2044,2044,0.9800062602707567,0.9861480075901329,1.0,166,166,1.0,5829,5829,1.0,9,9,1.0,1.0,1.0,,,,,,,,,,,,,
cadets06,base,adaptive,rasp,augmented,0.99,False,0,met,,,2044,2044,0.9800062602707567,0.9861480075901329,1.0,166,166,1.0,5829,5829,1.0,9,9,1.0,1.0,1.0,,,,,,,,,,,,,
cadets06,base,adaptive,rasp,augmented,0.99,True,0,met,,,2044,2044,0.9800062602707567,0.9861480075901329,1.0,166,166,1.0,5829,5829,1.0,9,9,1.0,1.0,1.0,,,,,,,,,,,,,
cadets06,base,adaptive,rasp,augmented,1.0,False,0,met,,,2044,2044,0.9800062602707567,0.9861480075901329,1.0,166,166,1.0,5829,5829,1.0,9,9,1.0,1.0,1.0,,,,,,,,,,,,,
cadets06,base,adaptive,rasp,augmented,1.0,True,0,met,,,2044,2044,0.9800062602707567,0.9861480075901329,1.0,166,166,1.0,5829,5829,1.0,9,9,1.0,1.0,1.0,,,,,,,,,,,,,
cadets06,base,adaptive,context_v1,native,0.9,False,0,met,,,2044,2044,0.9800062602707567,0.9861480075901329,1.0,166,166,1.0,5829,5829,1.0,9,9,1.0,1.0,1.0,,,,,,,,,,,,,
cadets06,base,adaptive,context_v1,native,0.9,True,0,met,,,2044,2044,0.9800062602707567,0.9861480075901329,1.0,166,166,1.0,5829,5829,1.0,9,9,1.0,1.0,1.0,,,,,,,,,,,,,
cadets06,base,adaptive,context_v1,native,0.95,False,0,met,,,2044,2044,0.9800062602707567,0.9861480075901329,1.0,166,166,1.0,5829,5829,1.0,9,9,1.0,1.0,1.0,,,,,,,,,,,,,
cadets06,base,adaptive,context_v1,native,0.95,True,0,met,,,2044,2044,0.9800062602707567,0.9861480075901329,1.0,166,166,1.0,5829,5829,1.0,9,9,1.0,1.0,1.0,,,,,,,,,,,,,
cadets06,base,adaptive,context_v1,native,0.99,False,0,met,,,2044,2044,0.9800062602707567,0.9861480075901329,1.0,166,166,1.0,5829,5829,1.0,9,9,1.0,1.0,1.0,,,,,,,,,,,,,
cadets06,base,adaptive,context_v1,native,0.99,True,0,met,,,2044,2044,0.9800062602707567,0.9861480075901329,1.0,166,166,1.0,5829,5829,1.0,9,9,1.0,1.0,1.0,,,,,,,,,,,,,
cadets06,base,adaptive,context_v1,native,1.0,False,0,met,,,2044,2044,0.9800062602707567,0.9861480075901329,1.0,166,166,1.0,5829,5829,1.0,9,9,1.0,1.0,1.0,,,,,,,,,,,,,
cadets06,base,adaptive,context_v1,native,1.0,True,0,met,,,2044,2044,0.9800062602707567,0.9861480075901329,1.0,166,166,1.0,5829,5829,1.0,9,9,1.0,1.0,1.0,,,,,,,,,,,,,
cadets06,base,adaptive,context_v1,augmented,0.9,False,0,met,,,2044,2044,0.9800062602707567,0.9861480075901329,1.0,166,166,1.0,5829,5829,1.0,9,9,1.0,1.0,1.0,,,,,,,,,,,,,
cadets06,base,adaptive,context_v1,augmented,0.9,True,0,met,,,2044,2044,0.9800062602707567,0.9861480075901329,1.0,166,166,1.0,5829,5829,1.0,9,9,1.0,1.0,1.0,,,,,,,,,,,,,
cadets06,base,adaptive,context_v1,augmented,0.95,False,0,met,,,2044,2044,0.9800062602707567,0.9861480075901329,1.0,166,166,1.0,5829,5829,1.0,9,9,1.0,1.0,1.0,,,,,,,,,,,,,
cadets06,base,adaptive,context_v1,augmented,0.95,True,0,met,,,2044,2044,0.9800062602707567,0.9861480075901329,1.0,166,166,1.0,5829,5829,1.0,9,9,1.0,1.0,1.0,,,,,,,,,,,,,
cadets06,base,adaptive,context_v1,augmented,0.99,False,0,met,,,2044,2044,0.9800062602707567,0.9861480075901329,1.0,166,166,1.0,5829,5829,1.0,9,9,1.0,1.0,1.0,,,,,,,,,,,,,
cadets06,base,adaptive,context_v1,augmented,0.99,True,0,met,,,2044,2044,0.9800062602707567,0.9861480075901329,1.0,166,166,1.0,5829,5829,1.0,9,9,1.0,1.0,1.0,,,,,,,,,,,,,
cadets06,base,adaptive,context_v1,augmented,1.0,False,0,met,,,2044,2044,0.9800062602707567,0.9861480075901329,1.0,166,166,1.0,5829,5829,1.0,9,9,1.0,1.0,1.0,,,,,,,,,,,,,
cadets06,base,adaptive,context_v1,augmented,1.0,True,0,met,,,2044,2044,0.9800062602707567,0.9861480075901329,1.0,166,166,1.0,5829,5829,1.0,9,9,1.0,1.0,1.0,,,,,,,,,,,,,
cadets06,base,adaptive,reliability,native,0.9,False,0,met,,,1022,1022,0.9900031301353783,0.9930740037950664,0.9879518072289156,164,166,0.9715217018356493,5663,5829,0.7777777777777778,7,9,1.0,1.0,1.0,,,,,,,,,,,,,
cadets06,base,adaptive,reliability,native,0.9,True,0,met,,,2044,2044,0.9800062602707567,0.9861480075901329,1.0,166,166,1.0,5829,5829,1.0,9,9,1.0,1.0,1.0,,,,,,,,,,,,,
cadets06,base,adaptive,reliability,native,0.95,False,0,met,,,1022,1022,0.9900031301353783,0.9930740037950664,0.9879518072289156,164,166,0.9715217018356493,5663,5829,0.7777777777777778,7,9,1.0,1.0,1.0,,,,,,,,,,,,,
cadets06,base,adaptive,reliability,native,0.95,True,0,met,,,2044,2044,0.9800062602707567,0.9861480075901329,1.0,166,166,1.0,5829,5829,1.0,9,9,1.0,1.0,1.0,,,,,,,,,,,,,
cadets06,base,adaptive,reliability,native,0.99,False,0,met,,,2044,2044,0.9800062602707567,0.9861480075901329,1.0,166,166,1.0,5829,5829,1.0,9,9,1.0,1.0,1.0,,,,,,,,,,,,,
cadets06,base,adaptive,reliability,native,0.99,True,0,met,,,2044,2044,0.9800062602707567,0.9861480075901329,1.0,166,166,1.0,5829,5829,1.0,9,9,1.0,1.0,1.0,,,,,,,,,,,,,
cadets06,base,adaptive,reliability,native,1.0,False,0,met,,,2044,2044,0.9800062602707567,0.9861480075901329,1.0,166,166,1.0,5829,5829,1.0,9,9,1.0,1.0,1.0,,,,,,,,,,,,,
cadets06,base,adaptive,reliability,native,1.0,True,0,met,,,2044,2044,0.9800062602707567,0.9861480075901329,1.0,166,166,1.0,5829,5829,1.0,9,9,1.0,1.0,1.0,,,,,,,,,,,,,
cadets06,base,adaptive,reliability,augmented,0.9,False,0,met,,,1022,1022,0.9900031301353783,0.9930740037950664,0.9879518072289156,164,166,0.9715217018356493,5663,5829,0.7777777777777778,7,9,1.0,1.0,1.0,,,,,,,,,,,,,
cadets06,base,adaptive,reliability,augmented,0.9,True,0,met,,,2044,2044,0.9800062602707567,0.9861480075901329,1.0,166,166,1.0,5829,5829,1.0,9,9,1.0,1.0,1.0,,,,,,,,,,,,,
cadets06,base,adaptive,reliability,augmented,0.95,False,0,met,,,1022,1022,0.9900031301353783,0.9930740037950664,0.9879518072289156,164,166,0.9715217018356493,5663,5829,0.7777777777777778,7,9,1.0,1.0,1.0,,,,,,,,,,,,,
cadets06,base,adaptive,reliability,augmented,0.95,True,0,met,,,2044,2044,0.9800062602707567,0.9861480075901329,1.0,166,166,1.0,5829,5829,1.0,9,9,1.0,1.0,1.0,,,,,,,,,,,,,
cadets06,base,adaptive,reliability,augmented,0.99,False,0,met,,,2044,2044,0.9800062602707567,0.9861480075901329,1.0,166,166,1.0,5829,5829,1.0,9,9,1.0,1.0,1.0,,,,,,,,,,,,,
cadets06,base,adaptive,reliability,augmented,0.99,True,0,met,,,2044,2044,0.9800062602707567,0.9861480075901329,1.0,166,166,1.0,5829,5829,1.0,9,9,1.0,1.0,1.0,,,,,,,,,,,,,
cadets06,base,adaptive,reliability,augmented,1.0,False,0,met,,,2044,2044,0.9800062602707567,0.9861480075901329,1.0,166,166,1.0,5829,5829,1.0,9,9,1.0,1.0,1.0,,,,,,,,,,,,,
cadets06,base,adaptive,reliability,augmented,1.0,True,0,met,,,2044,2044,0.9800062602707567,0.9861480075901329,1.0,166,166,1.0,5829,5829,1.0,9,9,1.0,1.0,1.0,,,,,,,,,,,,,
cadets06,base,adaptive,adaptive_v1,native,0.9,False,0,met,,,2044,2044,0.9800062602707567,0.9861480075901329,1.0,166,166,1.0,5829,5829,1.0,9,9,1.0,1.0,1.0,,,,,,,,,,,,,
cadets06,base,adaptive,adaptive_v1,native,0.9,True,0,met,,,2044,2044,0.9800062602707567,0.9861480075901329,1.0,166,166,1.0,5829,5829,1.0,9,9,1.0,1.0,1.0,,,,,,,,,,,,,
cadets06,base,adaptive,adaptive_v1,native,0.95,False,0,met,,,2044,2044,0.9800062602707567,0.9861480075901329,1.0,166,166,1.0,5829,5829,1.0,9,9,1.0,1.0,1.0,,,,,,,,,,,,,
cadets06,base,adaptive,adaptive_v1,native,0.95,True,0,met,,,2044,2044,0.9800062602707567,0.9861480075901329,1.0,166,166,1.0,5829,5829,1.0,9,9,1.0,1.0,1.0,,,,,,,,,,,,,
cadets06,base,adaptive,adaptive_v1,native,0.99,False,0,met,,,2044,2044,0.9800062602707567,0.9861480075901329,1.0,166,166,1.0,5829,5829,1.0,9,9,1.0,1.0,1.0,,,,,,,,,,,,,
cadets06,base,adaptive,adaptive_v1,native,0.99,True,0,met,,,2044,2044,0.9800062602707567,0.9861480075901329,1.0,166,166,1.0,5829,5829,1.0,9,9,1.0,1.0,1.0,,,,,,,,,,,,,
cadets06,base,adaptive,adaptive_v1,native,1.0,False,0,met,,,2044,2044,0.9800062602707567,0.9861480075901329,1.0,166,166,1.0,5829,5829,1.0,9,9,1.0,1.0,1.0,,,,,,,,,,,,,
cadets06,base,adaptive,adaptive_v1,native,1.0,True,0,met,,,2044,2044,0.9800062602707567,0.9861480075901329,1.0,166,166,1.0,5829,5829,1.0,9,9,1.0,1.0,1.0,,,,,,,,,,,,,
cadets06,base,adaptive,adaptive_v1,augmented,0.9,False,0,met,,,2044,2044,0.9800062602707567,0.9861480075901329,1.0,166,166,1.0,5829,5829,1.0,9,9,1.0,1.0,1.0,,,,,,,,,,,,,
cadets06,base,adaptive,adaptive_v1,augmented,0.9,True,0,met,,,2044,2044,0.9800062602707567,0.9861480075901329,1.0,166,166,1.0,5829,5829,1.0,9,9,1.0,1.0,1.0,,,,,,,,,,,,,
cadets06,base,adaptive,adaptive_v1,augmented,0.95,False,0,met,,,2044,2044,0.9800062602707567,0.9861480075901329,1.0,166,166,1.0,5829,5829,1.0,9,9,1.0,1.0,1.0,,,,,,,,,,,,,
cadets06,base,adaptive,adaptive_v1,augmented,0.95,True,0,met,,,2044,2044,0.9800062602707567,0.9861480075901329,1.0,166,166,1.0,5829,5829,1.0,9,9,1.0,1.0,1.0,,,,,,,,,,,,,
cadets06,base,adaptive,adaptive_v1,augmented,0.99,False,0,met,,,2044,2044,0.9800062602707567,0.9861480075901329,1.0,166,166,1.0,5829,5829,1.0,9,9,1.0,1.0,1.0,,,,,,,,,,,,,
cadets06,base,adaptive,adaptive_v1,augmented,0.99,True,0,met,,,2044,2044,0.9800062602707567,0.9861480075901329,1.0,166,166,1.0,5829,5829,1.0,9,9,1.0,1.0,1.0,,,,,,,,,,,,,
cadets06,base,adaptive,adaptive_v1,augmented,1.0,False,0,met,,,2044,2044,0.9800062602707567,0.9861480075901329,1.0,166,166,1.0,5829,5829,1.0,9,9,1.0,1.0,1.0,,,,,,,,,,,,,
cadets06,base,adaptive,adaptive_v1,augmented,1.0,True,0,met,,,2044,2044,0.9800062602707567,0.9861480075901329,1.0,166,166,1.0,5829,5829,1.0,9,9,1.0,1.0,1.0,,,,,,,,,,,,,
cadets06,base,adaptive,reliability_chain,native,0.9,False,0,met,,,1022,1022,0.9900031301353783,0.9930740037950664,0.9879518072289156,164,166,0.9715217018356493,5663,5829,0.7777777777777778,7,9,1.0,1.0,1.0,,,,,,,,,,,,,
cadets06,base,adaptive,reliability_chain,native,0.9,True,0,met,,,2044,2044,0.9800062602707567,0.9861480075901329,1.0,166,166,1.0,5829,5829,1.0,9,9,1.0,1.0,1.0,,,,,,,,,,,,,
cadets06,base,adaptive,reliability_chain,native,0.95,False,0,met,,,1022,1022,0.9900031301353783,0.9930740037950664,0.9879518072289156,164,166,0.9715217018356493,5663,5829,0.7777777777777778,7,9,1.0,1.0,1.0,,,,,,,,,,,,,
cadets06,base,adaptive,reliability_chain,native,0.95,True,0,met,,,2044,2044,0.9800062602707567,0.9861480075901329,1.0,166,166,1.0,5829,5829,1.0,9,9,1.0,1.0,1.0,,,,,,,,,,,,,
cadets06,base,adaptive,reliability_chain,native,0.99,False,0,met,,,2044,2044,0.9800062602707567,0.9861480075901329,1.0,166,166,1.0,5829,5829,1.0,9,9,1.0,1.0,1.0,,,,,,,,,,,,,
cadets06,base,adaptive,reliability_chain,native,0.99,True,0,met,,,2044,2044,0.9800062602707567,0.9861480075901329,1.0,166,166,1.0,5829,5829,1.0,9,9,1.0,1.0,1.0,,,,,,,,,,,,,
cadets06,base,adaptive,reliability_chain,native,1.0,False,0,met,,,2044,2044,0.9800062602707567,0.9861480075901329,1.0,166,166,1.0,5829,5829,1.0,9,9,1.0,1.0,1.0,,,,,,,,,,,,,
cadets06,base,adaptive,reliability_chain,native,1.0,True,0,met,,,2044,2044,0.9800062602707567,0.9861480075901329,1.0,166,166,1.0,5829,5829,1.0,9,9,1.0,1.0,1.0,,,,,,,,,,,,,
cadets06,base,adaptive,reliability_chain,augmented,0.9,False,0,met,,,1022,1022,0.9900031301353783,0.9930740037950664,0.9879518072289156,164,166,0.9715217018356493,5663,5829,0.7777777777777778,7,9,1.0,1.0,1.0,,,,,,,,,,,,,
cadets06,base,adaptive,reliability_chain,augmented,0.9,True,0,met,,,2044,2044,0.9800062602707567,0.9861480075901329,1.0,166,166,1.0,5829,5829,1.0,9,9,1.0,1.0,1.0,,,,,,,,,,,,,
cadets06,base,adaptive,reliability_chain,augmented,0.95,False,0,met,,,1022,1022,0.9900031301353783,0.9930740037950664,0.9879518072289156,164,166,0.9715217018356493,5663,5829,0.7777777777777778,7,9,1.0,1.0,1.0,,,,,,,,,,,,,
cadets06,base,adaptive,reliability_chain,augmented,0.95,True,0,met,,,2044,2044,0.9800062602707567,0.9861480075901329,1.0,166,166,1.0,5829,5829,1.0,9,9,1.0,1.0,1.0,,,,,,,,,,,,,
cadets06,base,adaptive,reliability_chain,augmented,0.99,False,0,met,,,2044,2044,0.9800062602707567,0.9861480075901329,1.0,166,166,1.0,5829,5829,1.0,9,9,1.0,1.0,1.0,,,,,,,,,,,,,
cadets06,base,adaptive,reliability_chain,augmented,0.99,True,0,met,,,2044,2044,0.9800062602707567,0.9861480075901329,1.0,166,166,1.0,5829,5829,1.0,9,9,1.0,1.0,1.0,,,,,,,,,,,,,
cadets06,base,adaptive,reliability_chain,augmented,1.0,False,0,met,,,2044,2044,0.9800062602707567,0.9861480075901329,1.0,166,166,1.0,5829,5829,1.0,9,9,1.0,1.0,1.0,,,,,,,,,,,,,
cadets06,base,adaptive,reliability_chain,augmented,1.0,True,0,met,,,2044,2044,0.9800062602707567,0.9861480075901329,1.0,166,166,1.0,5829,5829,1.0,9,9,1.0,1.0,1.0,,,,,,,,,,,,,
cadets06,expanded,single,rarity_only,native,0.9,False,0,met,,,2951,2951,0.980001355380862,0.980001355380862,0.9698795180722891,161,166,0.9416709555669927,5489,5829,0.5555555555555556,5,9,1.0,1.0,1.0,,,,,,,,,,,,,
cadets06,expanded,single,rarity_only,native,0.9,True,0,met,,,73780,73780,0.5,0.5,1.0,166,166,1.0,5829,5829,1.0,9,9,1.0,1.0,1.0,,,,,,,,,,,,,
cadets06,expanded,single,rarity_only,native,0.95,False,0,met,,,14756,14756,0.9,0.9,0.9879518072289156,164,166,0.9715217018356493,5663,5829,0.7777777777777778,7,9,1.0,1.0,1.0,,,,,,,,,,,,,
cadets06,expanded,single,rarity_only,native,0.95,True,0,met,,,73780,73780,0.5,0.5,1.0,166,166,1.0,5829,5829,1.0,9,9,1.0,1.0,1.0,,,,,,,,,,,,,
cadets06,expanded,single,rarity_only,native,0.99,False,0,met,,,73780,73780,0.5,0.5,1.0,166,166,1.0,5829,5829,1.0,9,9,1.0,1.0,1.0,,,,,,,,,,,,,
cadets06,expanded,single,rarity_only,native,0.99,True,0,met,,,73780,73780,0.5,0.5,1.0,166,166,1.0,5829,5829,1.0,9,9,1.0,1.0,1.0,,,,,,,,,,,,,
cadets06,expanded,single,rarity_only,native,1.0,False,0,met,,,73780,73780,0.5,0.5,1.0,166,166,1.0,5829,5829,1.0,9,9,1.0,1.0,1.0,,,,,,,,,,,,,
cadets06,expanded,single,rarity_only,native,1.0,True,0,met,,,73780,73780,0.5,0.5,1.0,166,166,1.0,5829,5829,1.0,9,9,1.0,1.0,1.0,,,,,,,,,,,,,
cadets06,expanded,single,rarity_only,augmented,0.9,False,0,met,,,2951,2951,0.980001355380862,0.980001355380862,0.9698795180722891,161,166,0.9416709555669927,5489,5829,0.5555555555555556,5,9,1.0,1.0,1.0,,,,,,,,,,,,,
cadets06,expanded,single,rarity_only,augmented,0.9,True,0,met,,,73780,73780,0.5,0.5,1.0,166,166,1.0,5829,5829,1.0,9,9,1.0,1.0,1.0,,,,,,,,,,,,,
cadets06,expanded,single,rarity_only,augmented,0.95,False,0,met,,,14756,14756,0.9,0.9,0.9879518072289156,164,166,0.9715217018356493,5663,5829,0.7777777777777778,7,9,1.0,1.0,1.0,,,,,,,,,,,,,
cadets06,expanded,single,rarity_only,augmented,0.95,True,0,met,,,73780,73780,0.5,0.5,1.0,166,166,1.0,5829,5829,1.0,9,9,1.0,1.0,1.0,,,,,,,,,,,,,
cadets06,expanded,single,rarity_only,augmented,0.99,False,0,met,,,73780,73780,0.5,0.5,1.0,166,166,1.0,5829,5829,1.0,9,9,1.0,1.0,1.0,,,,,,,,,,,,,
cadets06,expanded,single,rarity_only,augmented,0.99,True,0,met,,,73780,73780,0.5,0.5,1.0,166,166,1.0,5829,5829,1.0,9,9,1.0,1.0,1.0,,,,,,,,,,,,,
cadets06,expanded,single,rarity_only,augmented,1.0,False,0,met,,,73780,73780,0.5,0.5,1.0,166,166,1.0,5829,5829,1.0,9,9,1.0,1.0,1.0,,,,,,,,,,,,,
cadets06,expanded,single,rarity_only,augmented,1.0,True,0,met,,,73780,73780,0.5,0.5,1.0,166,166,1.0,5829,5829,1.0,9,9,1.0,1.0,1.0,,,,,,,,,,,,,
cadets06,expanded,single,diffusion_only,native,0.9,False,0,met,,,2951,2951,0.980001355380862,0.980001355380862,1.0,166,166,1.0,5829,5829,1.0,9,9,1.0,1.0,1.0,,,,,,,,,,,,,
cadets06,expanded,single,diffusion_only,native,0.9,True,0,met,,,2951,2951,0.980001355380862,0.980001355380862,1.0,166,166,1.0,5829,5829,1.0,9,9,1.0,1.0,1.0,,,,,,,,,,,,,
cadets06,expanded,single,diffusion_only,native,0.95,False,0,met,,,2951,2951,0.980001355380862,0.980001355380862,1.0,166,166,1.0,5829,5829,1.0,9,9,1.0,1.0,1.0,,,,,,,,,,,,,
cadets06,expanded,single,diffusion_only,native,0.95,True,0,met,,,2951,2951,0.980001355380862,0.980001355380862,1.0,166,166,1.0,5829,5829,1.0,9,9,1.0,1.0,1.0,,,,,,,,,,,,,
cadets06,expanded,single,diffusion_only,native,0.99,False,0,met,,,2951,2951,0.980001355380862,0.980001355380862,1.0,166,166,1.0,5829,5829,1.0,9,9,1.0,1.0,1.0,,,,,,,,,,,,,
cadets06,expanded,single,diffusion_only,native,0.99,True,0,met,,,2951,2951,0.980001355380862,0.980001355380862,1.0,166,166,1.0,5829,5829,1.0,9,9,1.0,1.0,1.0,,,,,,,,,,,,,
cadets06,expanded,single,diffusion_only,native,1.0,False,0,met,,,2951,2951,0.980001355380862,0.980001355380862,1.0,166,166,1.0,5829,5829,1.0,9,9,1.0,1.0,1.0,,,,,,,,,,,,,
cadets06,expanded,single,diffusion_only,native,1.0,True,0,met,,,2951,2951,0.980001355380862,0.980001355380862,1.0,166,166,1.0,5829,5829,1.0,9,9,1.0,1.0,1.0,,,,,,,,,,,,,
cadets06,expanded,single,diffusion_only,augmented,0.9,False,0,met,,,2951,2951,0.980001355380862,0.980001355380862,1.0,166,166,1.0,5829,5829,1.0,9,9,1.0,1.0,1.0,,,,,,,,,,,,,
cadets06,expanded,single,diffusion_only,augmented,0.9,True,0,met,,,2951,2951,0.980001355380862,0.980001355380862,1.0,166,166,1.0,5829,5829,1.0,9,9,1.0,1.0,1.0,,,,,,,,,,,,,
cadets06,expanded,single,diffusion_only,augmented,0.95,False,0,met,,,2951,2951,0.980001355380862,0.980001355380862,1.0,166,166,1.0,5829,5829,1.0,9,9,1.0,1.0,1.0,,,,,,,,,,,,,
cadets06,expanded,single,diffusion_only,augmented,0.95,True,0,met,,,2951,2951,0.980001355380862,0.980001355380862,1.0,166,166,1.0,5829,5829,1.0,9,9,1.0,1.0,1.0,,,,,,,,,,,,,
cadets06,expanded,single,diffusion_only,augmented,0.99,False,0,met,,,2951,2951,0.980001355380862,0.980001355380862,1.0,166,166,1.0,5829,5829,1.0,9,9,1.0,1.0,1.0,,,,,,,,,,,,,
cadets06,expanded,single,diffusion_only,augmented,0.99,True,0,met,,,2951,2951,0.980001355380862,0.980001355380862,1.0,166,166,1.0,5829,5829,1.0,9,9,1.0,1.0,1.0,,,,,,,,,,,,,
cadets06,expanded,single,diffusion_only,augmented,1.0,False,0,met,,,2951,2951,0.980001355380862,0.980001355380862,1.0,166,166,1.0,5829,5829,1.0,9,9,1.0,1.0,1.0,,,,,,,,,,,,,
cadets06,expanded,single,diffusion_only,augmented,1.0,True,0,met,,,2951,2951,0.980001355380862,0.980001355380862,1.0,166,166,1.0,5829,5829,1.0,9,9,1.0,1.0,1.0,,,,,,,,,,,,,
cadets06,expanded,single,rasp,native,0.9,False,0,met,,,1024,1024,0.9930604499864462,0.9930604499864462,0.9759036144578314,162,166,0.9476754160233316,5524,5829,0.6666666666666666,6,9,1.0,1.0,1.0,,,,,,,,,,,,,
cadets06,expanded,single,rasp,native,0.9,True,0,met,,,2951,2951,0.980001355380862,0.980001355380862,1.0,166,166,1.0,5829,5829,1.0,9,9,1.0,1.0,1.0,,,,,,,,,,,,,
cadets06,expanded,single,rasp,native,0.95,False,0,met,,,1475,1475,0.9900040661425861,0.9900040661425861,0.9879518072289156,164,166,0.9715217018356493,5663,5829,0.7777777777777778,7,9,1.0,1.0,1.0,,,,,,,,,,,,,
cadets06,expanded,single,rasp,native,0.95,True,0,met,,,2951,2951,0.980001355380862,0.980001355380862,1.0,166,166,1.0,5829,5829,1.0,9,9,1.0,1.0,1.0,,,,,,,,,,,,,
cadets06,expanded,single,rasp,native,0.99,False,0,met,,,2951,2951,0.980001355380862,0.980001355380862,1.0,166,166,1.0,5829,5829,1.0,9,9,1.0,1.0,1.0,,,,,,,,,,,,,
cadets06,expanded,single,rasp,native,0.99,True,0,met,,,2951,2951,0.980001355380862,0.980001355380862,1.0,166,166,1.0,5829,5829,1.0,9,9,1.0,1.0,1.0,,,,,,,,,,,,,
cadets06,expanded,single,rasp,native,1.0,False,0,met,,,2951,2951,0.980001355380862,0.980001355380862,1.0,166,166,1.0,5829,5829,1.0,9,9,1.0,1.0,1.0,,,,,,,,,,,,,
cadets06,expanded,single,rasp,native,1.0,True,0,met,,,2951,2951,0.980001355380862,0.980001355380862,1.0,166,166,1.0,5829,5829,1.0,9,9,1.0,1.0,1.0,,,,,,,,,,,,,
cadets06,expanded,single,rasp,augmented,0.9,False,0,met,,,1024,1024,0.9930604499864462,0.9930604499864462,0.9759036144578314,162,166,0.9476754160233316,5524,5829,0.6666666666666666,6,9,1.0,1.0,1.0,,,,,,,,,,,,,
cadets06,expanded,single,rasp,augmented,0.9,True,0,met,,,2951,2951,0.980001355380862,0.980001355380862,1.0,166,166,1.0,5829,5829,1.0,9,9,1.0,1.0,1.0,,,,,,,,,,,,,
cadets06,expanded,single,rasp,augmented,0.95,False,0,met,,,1475,1475,0.9900040661425861,0.9900040661425861,0.9879518072289156,164,166,0.9715217018356493,5663,5829,0.7777777777777778,7,9,1.0,1.0,1.0,,,,,,,,,,,,,
cadets06,expanded,single,rasp,augmented,0.95,True,0,met,,,2951,2951,0.980001355380862,0.980001355380862,1.0,166,166,1.0,5829,5829,1.0,9,9,1.0,1.0,1.0,,,,,,,,,,,,,
cadets06,expanded,single,rasp,augmented,0.99,False,0,met,,,2951,2951,0.980001355380862,0.980001355380862,1.0,166,166,1.0,5829,5829,1.0,9,9,1.0,1.0,1.0,,,,,,,,,,,,,
cadets06,expanded,single,rasp,augmented,0.99,True,0,met,,,2951,2951,0.980001355380862,0.980001355380862,1.0,166,166,1.0,5829,5829,1.0,9,9,1.0,1.0,1.0,,,,,,,,,,,,,
cadets06,expanded,single,rasp,augmented,1.0,False,0,met,,,2951,2951,0.980001355380862,0.980001355380862,1.0,166,166,1.0,5829,5829,1.0,9,9,1.0,1.0,1.0,,,,,,,,,,,,,
cadets06,expanded,single,rasp,augmented,1.0,True,0,met,,,2951,2951,0.980001355380862,0.980001355380862,1.0,166,166,1.0,5829,5829,1.0,9,9,1.0,1.0,1.0,,,,,,,,,,,,,
cadets06,expanded,single,context_v1,native,0.9,False,0,met,,,2951,2951,0.980001355380862,0.980001355380862,1.0,166,166,1.0,5829,5829,1.0,9,9,1.0,1.0,1.0,,,,,,,,,,,,,
cadets06,expanded,single,context_v1,native,0.9,True,0,met,,,2951,2951,0.980001355380862,0.980001355380862,1.0,166,166,1.0,5829,5829,1.0,9,9,1.0,1.0,1.0,,,,,,,,,,,,,
cadets06,expanded,single,context_v1,native,0.95,False,0,met,,,2951,2951,0.980001355380862,0.980001355380862,1.0,166,166,1.0,5829,5829,1.0,9,9,1.0,1.0,1.0,,,,,,,,,,,,,
cadets06,expanded,single,context_v1,native,0.95,True,0,met,,,2951,2951,0.980001355380862,0.980001355380862,1.0,166,166,1.0,5829,5829,1.0,9,9,1.0,1.0,1.0,,,,,,,,,,,,,
cadets06,expanded,single,context_v1,native,0.99,False,0,met,,,2951,2951,0.980001355380862,0.980001355380862,1.0,166,166,1.0,5829,5829,1.0,9,9,1.0,1.0,1.0,,,,,,,,,,,,,
cadets06,expanded,single,context_v1,native,0.99,True,0,met,,,2951,2951,0.980001355380862,0.980001355380862,1.0,166,166,1.0,5829,5829,1.0,9,9,1.0,1.0,1.0,,,,,,,,,,,,,
cadets06,expanded,single,context_v1,native,1.0,False,0,met,,,2951,2951,0.980001355380862,0.980001355380862,1.0,166,166,1.0,5829,5829,1.0,9,9,1.0,1.0,1.0,,,,,,,,,,,,,
cadets06,expanded,single,context_v1,native,1.0,True,0,met,,,2951,2951,0.980001355380862,0.980001355380862,1.0,166,166,1.0,5829,5829,1.0,9,9,1.0,1.0,1.0,,,,,,,,,,,,,
cadets06,expanded,single,context_v1,augmented,0.9,False,0,met,,,2951,2951,0.980001355380862,0.980001355380862,1.0,166,166,1.0,5829,5829,1.0,9,9,1.0,1.0,1.0,,,,,,,,,,,,,
cadets06,expanded,single,context_v1,augmented,0.9,True,0,met,,,2951,2951,0.980001355380862,0.980001355380862,1.0,166,166,1.0,5829,5829,1.0,9,9,1.0,1.0,1.0,,,,,,,,,,,,,
cadets06,expanded,single,context_v1,augmented,0.95,False,0,met,,,2951,2951,0.980001355380862,0.980001355380862,1.0,166,166,1.0,5829,5829,1.0,9,9,1.0,1.0,1.0,,,,,,,,,,,,,
cadets06,expanded,single,context_v1,augmented,0.95,True,0,met,,,2951,2951,0.980001355380862,0.980001355380862,1.0,166,166,1.0,5829,5829,1.0,9,9,1.0,1.0,1.0,,,,,,,,,,,,,
cadets06,expanded,single,context_v1,augmented,0.99,False,0,met,,,2951,2951,0.980001355380862,0.980001355380862,1.0,166,166,1.0,5829,5829,1.0,9,9,1.0,1.0,1.0,,,,,,,,,,,,,
cadets06,expanded,single,context_v1,augmented,0.99,True,0,met,,,2951,2951,0.980001355380862,0.980001355380862,1.0,166,166,1.0,5829,5829,1.0,9,9,1.0,1.0,1.0,,,,,,,,,,,,,
cadets06,expanded,single,context_v1,augmented,1.0,False,0,met,,,2951,2951,0.980001355380862,0.980001355380862,1.0,166,166,1.0,5829,5829,1.0,9,9,1.0,1.0,1.0,,,,,,,,,,,,,
cadets06,expanded,single,context_v1,augmented,1.0,True,0,met,,,2951,2951,0.980001355380862,0.980001355380862,1.0,166,166,1.0,5829,5829,1.0,9,9,1.0,1.0,1.0,,,,,,,,,,,,,
cadets06,expanded,single,reliability,native,0.9,False,0,met,,,1024,1024,0.9930604499864462,0.9930604499864462,0.9759036144578314,162,166,0.9476754160233316,5524,5829,0.6666666666666666,6,9,1.0,1.0,1.0,,,,,,,,,,,,,
cadets06,expanded,single,reliability,native,0.9,True,0,met,,,2951,2951,0.980001355380862,0.980001355380862,1.0,166,166,1.0,5829,5829,1.0,9,9,1.0,1.0,1.0,,,,,,,,,,,,,
cadets06,expanded,single,reliability,native,0.95,False,0,met,,,1475,1475,0.9900040661425861,0.9900040661425861,0.9879518072289156,164,166,0.9715217018356493,5663,5829,0.7777777777777778,7,9,1.0,1.0,1.0,,,,,,,,,,,,,
cadets06,expanded,single,reliability,native,0.95,True,0,met,,,2951,2951,0.980001355380862,0.980001355380862,1.0,166,166,1.0,5829,5829,1.0,9,9,1.0,1.0,1.0,,,,,,,,,,,,,
cadets06,expanded,single,reliability,native,0.99,False,0,met,,,2951,2951,0.980001355380862,0.980001355380862,1.0,166,166,1.0,5829,5829,1.0,9,9,1.0,1.0,1.0,,,,,,,,,,,,,
cadets06,expanded,single,reliability,native,0.99,True,0,met,,,2951,2951,0.980001355380862,0.980001355380862,1.0,166,166,1.0,5829,5829,1.0,9,9,1.0,1.0,1.0,,,,,,,,,,,,,
cadets06,expanded,single,reliability,native,1.0,False,0,met,,,2951,2951,0.980001355380862,0.980001355380862,1.0,166,166,1.0,5829,5829,1.0,9,9,1.0,1.0,1.0,,,,,,,,,,,,,
cadets06,expanded,single,reliability,native,1.0,True,0,met,,,2951,2951,0.980001355380862,0.980001355380862,1.0,166,166,1.0,5829,5829,1.0,9,9,1.0,1.0,1.0,,,,,,,,,,,,,
cadets06,expanded,single,reliability,augmented,0.9,False,0,met,,,1024,1024,0.9930604499864462,0.9930604499864462,0.9759036144578314,162,166,0.9476754160233316,5524,5829,0.6666666666666666,6,9,1.0,1.0,1.0,,,,,,,,,,,,,
cadets06,expanded,single,reliability,augmented,0.9,True,0,met,,,2951,2951,0.980001355380862,0.980001355380862,1.0,166,166,1.0,5829,5829,1.0,9,9,1.0,1.0,1.0,,,,,,,,,,,,,
cadets06,expanded,single,reliability,augmented,0.95,False,0,met,,,1475,1475,0.9900040661425861,0.9900040661425861,0.9879518072289156,164,166,0.9715217018356493,5663,5829,0.7777777777777778,7,9,1.0,1.0,1.0,,,,,,,,,,,,,
cadets06,expanded,single,reliability,augmented,0.95,True,0,met,,,2951,2951,0.980001355380862,0.980001355380862,1.0,166,166,1.0,5829,5829,1.0,9,9,1.0,1.0,1.0,,,,,,,,,,,,,
cadets06,expanded,single,reliability,augmented,0.99,False,0,met,,,2951,2951,0.980001355380862,0.980001355380862,1.0,166,166,1.0,5829,5829,1.0,9,9,1.0,1.0,1.0,,,,,,,,,,,,,
cadets06,expanded,single,reliability,augmented,0.99,True,0,met,,,2951,2951,0.980001355380862,0.980001355380862,1.0,166,166,1.0,5829,5829,1.0,9,9,1.0,1.0,1.0,,,,,,,,,,,,,
cadets06,expanded,single,reliability,augmented,1.0,False,0,met,,,2951,2951,0.980001355380862,0.980001355380862,1.0,166,166,1.0,5829,5829,1.0,9,9,1.0,1.0,1.0,,,,,,,,,,,,,
cadets06,expanded,single,reliability,augmented,1.0,True,0,met,,,2951,2951,0.980001355380862,0.980001355380862,1.0,166,166,1.0,5829,5829,1.0,9,9,1.0,1.0,1.0,,,,,,,,,,,,,
cadets06,expanded,single,adaptive_v1,native,0.9,False,0,met,,,2951,2951,0.980001355380862,0.980001355380862,1.0,166,166,1.0,5829,5829,1.0,9,9,1.0,1.0,1.0,,,,,,,,,,,,,
cadets06,expanded,single,adaptive_v1,native,0.9,True,0,met,,,2951,2951,0.980001355380862,0.980001355380862,1.0,166,166,1.0,5829,5829,1.0,9,9,1.0,1.0,1.0,,,,,,,,,,,,,
cadets06,expanded,single,adaptive_v1,native,0.95,False,0,met,,,2951,2951,0.980001355380862,0.980001355380862,1.0,166,166,1.0,5829,5829,1.0,9,9,1.0,1.0,1.0,,,,,,,,,,,,,
cadets06,expanded,single,adaptive_v1,native,0.95,True,0,met,,,2951,2951,0.980001355380862,0.980001355380862,1.0,166,166,1.0,5829,5829,1.0,9,9,1.0,1.0,1.0,,,,,,,,,,,,,
cadets06,expanded,single,adaptive_v1,native,0.99,False,0,met,,,2951,2951,0.980001355380862,0.980001355380862,1.0,166,166,1.0,5829,5829,1.0,9,9,1.0,1.0,1.0,,,,,,,,,,,,,
cadets06,expanded,single,adaptive_v1,native,0.99,True,0,met,,,2951,2951,0.980001355380862,0.980001355380862,1.0,166,166,1.0,5829,5829,1.0,9,9,1.0,1.0,1.0,,,,,,,,,,,,,
cadets06,expanded,single,adaptive_v1,native,1.0,False,0,met,,,2951,2951,0.980001355380862,0.980001355380862,1.0,166,166,1.0,5829,5829,1.0,9,9,1.0,1.0,1.0,,,,,,,,,,,,,
cadets06,expanded,single,adaptive_v1,native,1.0,True,0,met,,,2951,2951,0.980001355380862,0.980001355380862,1.0,166,166,1.0,5829,5829,1.0,9,9,1.0,1.0,1.0,,,,,,,,,,,,,
cadets06,expanded,single,adaptive_v1,augmented,0.9,False,0,met,,,2951,2951,0.980001355380862,0.980001355380862,1.0,166,166,1.0,5829,5829,1.0,9,9,1.0,1.0,1.0,,,,,,,,,,,,,
cadets06,expanded,single,adaptive_v1,augmented,0.9,True,0,met,,,2951,2951,0.980001355380862,0.980001355380862,1.0,166,166,1.0,5829,5829,1.0,9,9,1.0,1.0,1.0,,,,,,,,,,,,,
cadets06,expanded,single,adaptive_v1,augmented,0.95,False,0,met,,,2951,2951,0.980001355380862,0.980001355380862,1.0,166,166,1.0,5829,5829,1.0,9,9,1.0,1.0,1.0,,,,,,,,,,,,,
cadets06,expanded,single,adaptive_v1,augmented,0.95,True,0,met,,,2951,2951,0.980001355380862,0.980001355380862,1.0,166,166,1.0,5829,5829,1.0,9,9,1.0,1.0,1.0,,,,,,,,,,,,,
cadets06,expanded,single,adaptive_v1,augmented,0.99,False,0,met,,,2951,2951,0.980001355380862,0.980001355380862,1.0,166,166,1.0,5829,5829,1.0,9,9,1.0,1.0,1.0,,,,,,,,,,,,,
cadets06,expanded,single,adaptive_v1,augmented,0.99,True,0,met,,,2951,2951,0.980001355380862,0.980001355380862,1.0,166,166,1.0,5829,5829,1.0,9,9,1.0,1.0,1.0,,,,,,,,,,,,,
cadets06,expanded,single,adaptive_v1,augmented,1.0,False,0,met,,,2951,2951,0.980001355380862,0.980001355380862,1.0,166,166,1.0,5829,5829,1.0,9,9,1.0,1.0,1.0,,,,,,,,,,,,,
cadets06,expanded,single,adaptive_v1,augmented,1.0,True,0,met,,,2951,2951,0.980001355380862,0.980001355380862,1.0,166,166,1.0,5829,5829,1.0,9,9,1.0,1.0,1.0,,,,,,,,,,,,,
cadets06,expanded,single,reliability_chain,native,0.9,False,0,met,,,1024,1024,0.9930604499864462,0.9930604499864462,0.9759036144578314,162,166,0.9476754160233316,5524,5829,0.6666666666666666,6,9,1.0,1.0,1.0,,,,,,,,,,,,,
cadets06,expanded,single,reliability_chain,native,0.9,True,0,met,,,2951,2951,0.980001355380862,0.980001355380862,1.0,166,166,1.0,5829,5829,1.0,9,9,1.0,1.0,1.0,,,,,,,,,,,,,
cadets06,expanded,single,reliability_chain,native,0.95,False,0,met,,,1475,1475,0.9900040661425861,0.9900040661425861,0.9879518072289156,164,166,0.9715217018356493,5663,5829,0.7777777777777778,7,9,1.0,1.0,1.0,,,,,,,,,,,,,
cadets06,expanded,single,reliability_chain,native,0.95,True,0,met,,,2951,2951,0.980001355380862,0.980001355380862,1.0,166,166,1.0,5829,5829,1.0,9,9,1.0,1.0,1.0,,,,,,,,,,,,,
cadets06,expanded,single,reliability_chain,native,0.99,False,0,met,,,2951,2951,0.980001355380862,0.980001355380862,1.0,166,166,1.0,5829,5829,1.0,9,9,1.0,1.0,1.0,,,,,,,,,,,,,
cadets06,expanded,single,reliability_chain,native,0.99,True,0,met,,,2951,2951,0.980001355380862,0.980001355380862,1.0,166,166,1.0,5829,5829,1.0,9,9,1.0,1.0,1.0,,,,,,,,,,,,,
cadets06,expanded,single,reliability_chain,native,1.0,False,0,met,,,2951,2951,0.980001355380862,0.980001355380862,1.0,166,166,1.0,5829,5829,1.0,9,9,1.0,1.0,1.0,,,,,,,,,,,,,
cadets06,expanded,single,reliability_chain,native,1.0,True,0,met,,,2951,2951,0.980001355380862,0.980001355380862,1.0,166,166,1.0,5829,5829,1.0,9,9,1.0,1.0,1.0,,,,,,,,,,,,,
cadets06,expanded,single,reliability_chain,augmented,0.9,False,0,met,,,1024,1024,0.9930604499864462,0.9930604499864462,0.9759036144578314,162,166,0.9476754160233316,5524,5829,0.6666666666666666,6,9,1.0,1.0,1.0,,,,,,,,,,,,,
cadets06,expanded,single,reliability_chain,augmented,0.9,True,0,met,,,2951,2951,0.980001355380862,0.980001355380862,1.0,166,166,1.0,5829,5829,1.0,9,9,1.0,1.0,1.0,,,,,,,,,,,,,
cadets06,expanded,single,reliability_chain,augmented,0.95,False,0,met,,,1475,1475,0.9900040661425861,0.9900040661425861,0.9879518072289156,164,166,0.9715217018356493,5663,5829,0.7777777777777778,7,9,1.0,1.0,1.0,,,,,,,,,,,,,
cadets06,expanded,single,reliability_chain,augmented,0.95,True,0,met,,,2951,2951,0.980001355380862,0.980001355380862,1.0,166,166,1.0,5829,5829,1.0,9,9,1.0,1.0,1.0,,,,,,,,,,,,,
cadets06,expanded,single,reliability_chain,augmented,0.99,False,0,met,,,2951,2951,0.980001355380862,0.980001355380862,1.0,166,166,1.0,5829,5829,1.0,9,9,1.0,1.0,1.0,,,,,,,,,,,,,
cadets06,expanded,single,reliability_chain,augmented,0.99,True,0,met,,,2951,2951,0.980001355380862,0.980001355380862,1.0,166,166,1.0,5829,5829,1.0,9,9,1.0,1.0,1.0,,,,,,,,,,,,,
cadets06,expanded,single,reliability_chain,augmented,1.0,False,0,met,,,2951,2951,0.980001355380862,0.980001355380862,1.0,166,166,1.0,5829,5829,1.0,9,9,1.0,1.0,1.0,,,,,,,,,,,,,
cadets06,expanded,single,reliability_chain,augmented,1.0,True,0,met,,,2951,2951,0.980001355380862,0.980001355380862,1.0,166,166,1.0,5829,5829,1.0,9,9,1.0,1.0,1.0,,,,,,,,,,,,,
cadets06,expanded,declared,rarity_only,native,0.9,False,0,met,,,2951,2951,0.980001355380862,0.980001355380862,0.963855421686747,160,166,0.9327500428890032,5437,5829,0.0,0,9,1.0,1.0,1.0,,,,,,,,,,,,,
cadets06,expanded,declared,rarity_only,native,0.9,True,0,met,,,73780,73780,0.5,0.5,1.0,166,166,1.0,5829,5829,1.0,9,9,1.0,1.0,1.0,,,,,,,,,,,,,
cadets06,expanded,declared,rarity_only,native,0.95,False,0,met,,,14756,14756,0.9,0.9,0.9879518072289156,164,166,0.9715217018356493,5663,5829,0.7777777777777778,7,9,1.0,1.0,1.0,,,,,,,,,,,,,
cadets06,expanded,declared,rarity_only,native,0.95,True,0,met,,,73780,73780,0.5,0.5,1.0,166,166,1.0,5829,5829,1.0,9,9,1.0,1.0,1.0,,,,,,,,,,,,,
cadets06,expanded,declared,rarity_only,native,0.99,False,0,met,,,73780,73780,0.5,0.5,1.0,166,166,1.0,5829,5829,1.0,9,9,1.0,1.0,1.0,,,,,,,,,,,,,
cadets06,expanded,declared,rarity_only,native,0.99,True,0,met,,,73780,73780,0.5,0.5,1.0,166,166,1.0,5829,5829,1.0,9,9,1.0,1.0,1.0,,,,,,,,,,,,,
cadets06,expanded,declared,rarity_only,native,1.0,False,0,met,,,73780,73780,0.5,0.5,1.0,166,166,1.0,5829,5829,1.0,9,9,1.0,1.0,1.0,,,,,,,,,,,,,
cadets06,expanded,declared,rarity_only,native,1.0,True,0,met,,,73780,73780,0.5,0.5,1.0,166,166,1.0,5829,5829,1.0,9,9,1.0,1.0,1.0,,,,,,,,,,,,,
cadets06,expanded,declared,rarity_only,augmented,0.9,False,0,met,,,2951,2951,0.980001355380862,0.980001355380862,0.963855421686747,160,166,0.9327500428890032,5437,5829,0.0,0,9,1.0,1.0,1.0,,,,,,,,,,,,,
cadets06,expanded,declared,rarity_only,augmented,0.9,True,0,met,,,73780,73780,0.5,0.5,1.0,166,166,1.0,5829,5829,1.0,9,9,1.0,1.0,1.0,,,,,,,,,,,,,
cadets06,expanded,declared,rarity_only,augmented,0.95,False,0,met,,,14756,14756,0.9,0.9,0.9879518072289156,164,166,0.9715217018356493,5663,5829,0.7777777777777778,7,9,1.0,1.0,1.0,,,,,,,,,,,,,
cadets06,expanded,declared,rarity_only,augmented,0.95,True,0,met,,,73780,73780,0.5,0.5,1.0,166,166,1.0,5829,5829,1.0,9,9,1.0,1.0,1.0,,,,,,,,,,,,,
cadets06,expanded,declared,rarity_only,augmented,0.99,False,0,met,,,73780,73780,0.5,0.5,1.0,166,166,1.0,5829,5829,1.0,9,9,1.0,1.0,1.0,,,,,,,,,,,,,
cadets06,expanded,declared,rarity_only,augmented,0.99,True,0,met,,,73780,73780,0.5,0.5,1.0,166,166,1.0,5829,5829,1.0,9,9,1.0,1.0,1.0,,,,,,,,,,,,,
cadets06,expanded,declared,rarity_only,augmented,1.0,False,0,met,,,73780,73780,0.5,0.5,1.0,166,166,1.0,5829,5829,1.0,9,9,1.0,1.0,1.0,,,,,,,,,,,,,
cadets06,expanded,declared,rarity_only,augmented,1.0,True,0,met,,,73780,73780,0.5,0.5,1.0,166,166,1.0,5829,5829,1.0,9,9,1.0,1.0,1.0,,,,,,,,,,,,,
cadets06,expanded,declared,diffusion_only,native,0.9,False,0,met,,,256,256,0.9982651124966115,0.9982651124966115,0.9879518072289156,164,166,0.9843884028135186,5738,5829,0.0,0,9,1.0,1.0,1.0,,,,,,,,,,,,,
cadets06,expanded,declared,diffusion_only,native,0.9,True,0,met,,,1475,1475,0.9900040661425861,0.9900040661425861,1.0,166,166,1.0,5829,5829,1.0,9,9,1.0,1.0,1.0,,,,,,,,,,,,,
cadets06,expanded,declared,diffusion_only,native,0.95,False,0,met,,,256,256,0.9982651124966115,0.9982651124966115,0.9879518072289156,164,166,0.9843884028135186,5738,5829,0.0,0,9,1.0,1.0,1.0,,,,,,,,,,,,,
cadets06,expanded,declared,diffusion_only,native,0.95,True,0,met,,,1475,1475,0.9900040661425861,0.9900040661425861,1.0,166,166,1.0,5829,5829,1.0,9,9,1.0,1.0,1.0,,,,,,,,,,,,,
cadets06,expanded,declared,diffusion_only,native,0.99,False,0,met,,,1024,1024,0.9930604499864462,0.9930604499864462,0.9939759036144579,165,166,0.9902213072568193,5772,5829,0.0,0,9,1.0,1.0,1.0,,,,,,,,,,,,,
cadets06,expanded,declared,diffusion_only,native,0.99,True,0,met,,,1475,1475,0.9900040661425861,0.9900040661425861,1.0,166,166,1.0,5829,5829,1.0,9,9,1.0,1.0,1.0,,,,,,,,,,,,,
cadets06,expanded,declared,diffusion_only,native,1.0,False,0,met,,,1475,1475,0.9900040661425861,0.9900040661425861,1.0,166,166,1.0,5829,5829,1.0,9,9,1.0,1.0,1.0,,,,,,,,,,,,,
cadets06,expanded,declared,diffusion_only,native,1.0,True,0,met,,,1475,1475,0.9900040661425861,0.9900040661425861,1.0,166,166,1.0,5829,5829,1.0,9,9,1.0,1.0,1.0,,,,,,,,,,,,,
cadets06,expanded,declared,diffusion_only,augmented,0.9,False,0,met,,,256,256,0.9982651124966115,0.9982651124966115,0.9879518072289156,164,166,0.9843884028135186,5738,5829,0.0,0,9,1.0,1.0,1.0,,,,,,,,,,,,,
cadets06,expanded,declared,diffusion_only,augmented,0.9,True,0,met,,,1475,1475,0.9900040661425861,0.9900040661425861,1.0,166,166,1.0,5829,5829,1.0,9,9,1.0,1.0,1.0,,,,,,,,,,,,,
cadets06,expanded,declared,diffusion_only,augmented,0.95,False,0,met,,,256,256,0.9982651124966115,0.9982651124966115,0.9879518072289156,164,166,0.9843884028135186,5738,5829,0.0,0,9,1.0,1.0,1.0,,,,,,,,,,,,,
cadets06,expanded,declared,diffusion_only,augmented,0.95,True,0,met,,,1475,1475,0.9900040661425861,0.9900040661425861,1.0,166,166,1.0,5829,5829,1.0,9,9,1.0,1.0,1.0,,,,,,,,,,,,,
cadets06,expanded,declared,diffusion_only,augmented,0.99,False,0,met,,,1024,1024,0.9930604499864462,0.9930604499864462,0.9939759036144579,165,166,0.9902213072568193,5772,5829,0.0,0,9,1.0,1.0,1.0,,,,,,,,,,,,,
cadets06,expanded,declared,diffusion_only,augmented,0.99,True,0,met,,,1475,1475,0.9900040661425861,0.9900040661425861,1.0,166,166,1.0,5829,5829,1.0,9,9,1.0,1.0,1.0,,,,,,,,,,,,,
cadets06,expanded,declared,diffusion_only,augmented,1.0,False,0,met,,,1475,1475,0.9900040661425861,0.9900040661425861,1.0,166,166,1.0,5829,5829,1.0,9,9,1.0,1.0,1.0,,,,,,,,,,,,,
cadets06,expanded,declared,diffusion_only,augmented,1.0,True,0,met,,,1475,1475,0.9900040661425861,0.9900040661425861,1.0,166,166,1.0,5829,5829,1.0,9,9,1.0,1.0,1.0,,,,,,,,,,,,,
cadets06,expanded,declared,rasp,native,0.9,False,0,met,,,256,256,0.9982651124966115,0.9982651124966115,0.9578313253012049,159,166,0.9188540058329044,5356,5829,0.0,0,9,1.0,1.0,1.0,,,,,,,,,,,,,
cadets06,expanded,declared,rasp,native,0.9,True,0,met,,,1475,1475,0.9900040661425861,0.9900040661425861,1.0,166,166,1.0,5829,5829,1.0,9,9,1.0,1.0,1.0,,,,,,,,,,,,,
cadets06,expanded,declared,rasp,native,0.95,False,0,met,,,1024,1024,0.9930604499864462,0.9930604499864462,0.9939759036144579,165,166,0.9857608509178246,5746,5829,0.8888888888888888,8,9,1.0,1.0,1.0,,,,,,,,,,,,,
cadets06,expanded,declared,rasp,native,0.95,True,0,met,,,1475,1475,0.9900040661425861,0.9900040661425861,1.0,166,166,1.0,5829,5829,1.0,9,9,1.0,1.0,1.0,,,,,,,,,,,,,
cadets06,expanded,declared,rasp,native,0.99,False,0,met,,,1475,1475,0.9900040661425861,0.9900040661425861,1.0,166,166,1.0,5829,5829,1.0,9,9,1.0,1.0,1.0,,,,,,,,,,,,,
cadets06,expanded,declared,rasp,native,0.99,True,0,met,,,1475,1475,0.9900040661425861,0.9900040661425861,1.0,166,166,1.0,5829,5829,1.0,9,9,1.0,1.0,1.0,,,,,,,,,,,,,
cadets06,expanded,declared,rasp,native,1.0,False,0,met,,,1475,1475,0.9900040661425861,0.9900040661425861,1.0,166,166,1.0,5829,5829,1.0,9,9,1.0,1.0,1.0,,,,,,,,,,,,,
cadets06,expanded,declared,rasp,native,1.0,True,0,met,,,1475,1475,0.9900040661425861,0.9900040661425861,1.0,166,166,1.0,5829,5829,1.0,9,9,1.0,1.0,1.0,,,,,,,,,,,,,
cadets06,expanded,declared,rasp,augmented,0.9,False,0,met,,,256,256,0.9982651124966115,0.9982651124966115,0.9578313253012049,159,166,0.9188540058329044,5356,5829,0.0,0,9,1.0,1.0,1.0,,,,,,,,,,,,,
cadets06,expanded,declared,rasp,augmented,0.9,True,0,met,,,1475,1475,0.9900040661425861,0.9900040661425861,1.0,166,166,1.0,5829,5829,1.0,9,9,1.0,1.0,1.0,,,,,,,,,,,,,
cadets06,expanded,declared,rasp,augmented,0.95,False,0,met,,,1024,1024,0.9930604499864462,0.9930604499864462,0.9939759036144579,165,166,0.9857608509178246,5746,5829,0.8888888888888888,8,9,1.0,1.0,1.0,,,,,,,,,,,,,
cadets06,expanded,declared,rasp,augmented,0.95,True,0,met,,,1475,1475,0.9900040661425861,0.9900040661425861,1.0,166,166,1.0,5829,5829,1.0,9,9,1.0,1.0,1.0,,,,,,,,,,,,,
cadets06,expanded,declared,rasp,augmented,0.99,False,0,met,,,1475,1475,0.9900040661425861,0.9900040661425861,1.0,166,166,1.0,5829,5829,1.0,9,9,1.0,1.0,1.0,,,,,,,,,,,,,
cadets06,expanded,declared,rasp,augmented,0.99,True,0,met,,,1475,1475,0.9900040661425861,0.9900040661425861,1.0,166,166,1.0,5829,5829,1.0,9,9,1.0,1.0,1.0,,,,,,,,,,,,,
cadets06,expanded,declared,rasp,augmented,1.0,False,0,met,,,1475,1475,0.9900040661425861,0.9900040661425861,1.0,166,166,1.0,5829,5829,1.0,9,9,1.0,1.0,1.0,,,,,,,,,,,,,
cadets06,expanded,declared,rasp,augmented,1.0,True,0,met,,,1475,1475,0.9900040661425861,0.9900040661425861,1.0,166,166,1.0,5829,5829,1.0,9,9,1.0,1.0,1.0,,,,,,,,,,,,,
cadets06,expanded,declared,context_v1,native,0.9,False,0,met,,,1024,1024,0.9930604499864462,0.9930604499864462,1.0,166,166,1.0,5829,5829,1.0,9,9,1.0,1.0,1.0,,,,,,,,,,,,,
cadets06,expanded,declared,context_v1,native,0.9,True,0,met,,,1024,1024,0.9930604499864462,0.9930604499864462,1.0,166,166,1.0,5829,5829,1.0,9,9,1.0,1.0,1.0,,,,,,,,,,,,,
cadets06,expanded,declared,context_v1,native,0.95,False,0,met,,,1024,1024,0.9930604499864462,0.9930604499864462,1.0,166,166,1.0,5829,5829,1.0,9,9,1.0,1.0,1.0,,,,,,,,,,,,,
cadets06,expanded,declared,context_v1,native,0.95,True,0,met,,,1024,1024,0.9930604499864462,0.9930604499864462,1.0,166,166,1.0,5829,5829,1.0,9,9,1.0,1.0,1.0,,,,,,,,,,,,,
cadets06,expanded,declared,context_v1,native,0.99,False,0,met,,,1024,1024,0.9930604499864462,0.9930604499864462,1.0,166,166,1.0,5829,5829,1.0,9,9,1.0,1.0,1.0,,,,,,,,,,,,,
cadets06,expanded,declared,context_v1,native,0.99,True,0,met,,,1024,1024,0.9930604499864462,0.9930604499864462,1.0,166,166,1.0,5829,5829,1.0,9,9,1.0,1.0,1.0,,,,,,,,,,,,,
cadets06,expanded,declared,context_v1,native,1.0,False,0,met,,,1024,1024,0.9930604499864462,0.9930604499864462,1.0,166,166,1.0,5829,5829,1.0,9,9,1.0,1.0,1.0,,,,,,,,,,,,,
cadets06,expanded,declared,context_v1,native,1.0,True,0,met,,,1024,1024,0.9930604499864462,0.9930604499864462,1.0,166,166,1.0,5829,5829,1.0,9,9,1.0,1.0,1.0,,,,,,,,,,,,,
cadets06,expanded,declared,context_v1,augmented,0.9,False,0,met,,,1024,1024,0.9930604499864462,0.9930604499864462,1.0,166,166,1.0,5829,5829,1.0,9,9,1.0,1.0,1.0,,,,,,,,,,,,,
cadets06,expanded,declared,context_v1,augmented,0.9,True,0,met,,,1024,1024,0.9930604499864462,0.9930604499864462,1.0,166,166,1.0,5829,5829,1.0,9,9,1.0,1.0,1.0,,,,,,,,,,,,,
cadets06,expanded,declared,context_v1,augmented,0.95,False,0,met,,,1024,1024,0.9930604499864462,0.9930604499864462,1.0,166,166,1.0,5829,5829,1.0,9,9,1.0,1.0,1.0,,,,,,,,,,,,,
cadets06,expanded,declared,context_v1,augmented,0.95,True,0,met,,,1024,1024,0.9930604499864462,0.9930604499864462,1.0,166,166,1.0,5829,5829,1.0,9,9,1.0,1.0,1.0,,,,,,,,,,,,,
cadets06,expanded,declared,context_v1,augmented,0.99,False,0,met,,,1024,1024,0.9930604499864462,0.9930604499864462,1.0,166,166,1.0,5829,5829,1.0,9,9,1.0,1.0,1.0,,,,,,,,,,,,,
cadets06,expanded,declared,context_v1,augmented,0.99,True,0,met,,,1024,1024,0.9930604499864462,0.9930604499864462,1.0,166,166,1.0,5829,5829,1.0,9,9,1.0,1.0,1.0,,,,,,,,,,,,,
cadets06,expanded,declared,context_v1,augmented,1.0,False,0,met,,,1024,1024,0.9930604499864462,0.9930604499864462,1.0,166,166,1.0,5829,5829,1.0,9,9,1.0,1.0,1.0,,,,,,,,,,,,,
cadets06,expanded,declared,context_v1,augmented,1.0,True,0,met,,,1024,1024,0.9930604499864462,0.9930604499864462,1.0,166,166,1.0,5829,5829,1.0,9,9,1.0,1.0,1.0,,,,,,,,,,,,,
cadets06,expanded,declared,reliability,native,0.9,False,0,met,,,1024,1024,0.9930604499864462,0.9930604499864462,0.9939759036144579,165,166,0.9857608509178246,5746,5829,0.8888888888888888,8,9,1.0,1.0,1.0,,,,,,,,,,,,,
cadets06,expanded,declared,reliability,native,0.9,True,0,met,,,1475,1475,0.9900040661425861,0.9900040661425861,1.0,166,166,1.0,5829,5829,1.0,9,9,1.0,1.0,1.0,,,,,,,,,,,,,
cadets06,expanded,declared,reliability,native,0.95,False,0,met,,,1024,1024,0.9930604499864462,0.9930604499864462,0.9939759036144579,165,166,0.9857608509178246,5746,5829,0.8888888888888888,8,9,1.0,1.0,1.0,,,,,,,,,,,,,
cadets06,expanded,declared,reliability,native,0.95,True,0,met,,,1475,1475,0.9900040661425861,0.9900040661425861,1.0,166,166,1.0,5829,5829,1.0,9,9,1.0,1.0,1.0,,,,,,,,,,,,,
cadets06,expanded,declared,reliability,native,0.99,False,0,met,,,1475,1475,0.9900040661425861,0.9900040661425861,1.0,166,166,1.0,5829,5829,1.0,9,9,1.0,1.0,1.0,,,,,,,,,,,,,
cadets06,expanded,declared,reliability,native,0.99,True,0,met,,,1475,1475,0.9900040661425861,0.9900040661425861,1.0,166,166,1.0,5829,5829,1.0,9,9,1.0,1.0,1.0,,,,,,,,,,,,,
cadets06,expanded,declared,reliability,native,1.0,False,0,met,,,1475,1475,0.9900040661425861,0.9900040661425861,1.0,166,166,1.0,5829,5829,1.0,9,9,1.0,1.0,1.0,,,,,,,,,,,,,
cadets06,expanded,declared,reliability,native,1.0,True,0,met,,,1475,1475,0.9900040661425861,0.9900040661425861,1.0,166,166,1.0,5829,5829,1.0,9,9,1.0,1.0,1.0,,,,,,,,,,,,,
cadets06,expanded,declared,reliability,augmented,0.9,False,0,met,,,1024,1024,0.9930604499864462,0.9930604499864462,0.9939759036144579,165,166,0.9857608509178246,5746,5829,0.8888888888888888,8,9,1.0,1.0,1.0,,,,,,,,,,,,,
cadets06,expanded,declared,reliability,augmented,0.9,True,0,met,,,1475,1475,0.9900040661425861,0.9900040661425861,1.0,166,166,1.0,5829,5829,1.0,9,9,1.0,1.0,1.0,,,,,,,,,,,,,
cadets06,expanded,declared,reliability,augmented,0.95,False,0,met,,,1024,1024,0.9930604499864462,0.9930604499864462,0.9939759036144579,165,166,0.9857608509178246,5746,5829,0.8888888888888888,8,9,1.0,1.0,1.0,,,,,,,,,,,,,
cadets06,expanded,declared,reliability,augmented,0.95,True,0,met,,,1475,1475,0.9900040661425861,0.9900040661425861,1.0,166,166,1.0,5829,5829,1.0,9,9,1.0,1.0,1.0,,,,,,,,,,,,,
cadets06,expanded,declared,reliability,augmented,0.99,False,0,met,,,1475,1475,0.9900040661425861,0.9900040661425861,1.0,166,166,1.0,5829,5829,1.0,9,9,1.0,1.0,1.0,,,,,,,,,,,,,
cadets06,expanded,declared,reliability,augmented,0.99,True,0,met,,,1475,1475,0.9900040661425861,0.9900040661425861,1.0,166,166,1.0,5829,5829,1.0,9,9,1.0,1.0,1.0,,,,,,,,,,,,,
cadets06,expanded,declared,reliability,augmented,1.0,False,0,met,,,1475,1475,0.9900040661425861,0.9900040661425861,1.0,166,166,1.0,5829,5829,1.0,9,9,1.0,1.0,1.0,,,,,,,,,,,,,
cadets06,expanded,declared,reliability,augmented,1.0,True,0,met,,,1475,1475,0.9900040661425861,0.9900040661425861,1.0,166,166,1.0,5829,5829,1.0,9,9,1.0,1.0,1.0,,,,,,,,,,,,,
cadets06,expanded,declared,adaptive_v1,native,0.9,False,0,met,,,1024,1024,0.9930604499864462,0.9930604499864462,1.0,166,166,1.0,5829,5829,1.0,9,9,1.0,1.0,1.0,,,,,,,,,,,,,
cadets06,expanded,declared,adaptive_v1,native,0.9,True,0,met,,,1024,1024,0.9930604499864462,0.9930604499864462,1.0,166,166,1.0,5829,5829,1.0,9,9,1.0,1.0,1.0,,,,,,,,,,,,,
cadets06,expanded,declared,adaptive_v1,native,0.95,False,0,met,,,1024,1024,0.9930604499864462,0.9930604499864462,1.0,166,166,1.0,5829,5829,1.0,9,9,1.0,1.0,1.0,,,,,,,,,,,,,
cadets06,expanded,declared,adaptive_v1,native,0.95,True,0,met,,,1024,1024,0.9930604499864462,0.9930604499864462,1.0,166,166,1.0,5829,5829,1.0,9,9,1.0,1.0,1.0,,,,,,,,,,,,,
cadets06,expanded,declared,adaptive_v1,native,0.99,False,0,met,,,1024,1024,0.9930604499864462,0.9930604499864462,1.0,166,166,1.0,5829,5829,1.0,9,9,1.0,1.0,1.0,,,,,,,,,,,,,
cadets06,expanded,declared,adaptive_v1,native,0.99,True,0,met,,,1024,1024,0.9930604499864462,0.9930604499864462,1.0,166,166,1.0,5829,5829,1.0,9,9,1.0,1.0,1.0,,,,,,,,,,,,,
cadets06,expanded,declared,adaptive_v1,native,1.0,False,0,met,,,1024,1024,0.9930604499864462,0.9930604499864462,1.0,166,166,1.0,5829,5829,1.0,9,9,1.0,1.0,1.0,,,,,,,,,,,,,
cadets06,expanded,declared,adaptive_v1,native,1.0,True,0,met,,,1024,1024,0.9930604499864462,0.9930604499864462,1.0,166,166,1.0,5829,5829,1.0,9,9,1.0,1.0,1.0,,,,,,,,,,,,,
cadets06,expanded,declared,adaptive_v1,augmented,0.9,False,0,met,,,1024,1024,0.9930604499864462,0.9930604499864462,1.0,166,166,1.0,5829,5829,1.0,9,9,1.0,1.0,1.0,,,,,,,,,,,,,
cadets06,expanded,declared,adaptive_v1,augmented,0.9,True,0,met,,,1024,1024,0.9930604499864462,0.9930604499864462,1.0,166,166,1.0,5829,5829,1.0,9,9,1.0,1.0,1.0,,,,,,,,,,,,,
cadets06,expanded,declared,adaptive_v1,augmented,0.95,False,0,met,,,1024,1024,0.9930604499864462,0.9930604499864462,1.0,166,166,1.0,5829,5829,1.0,9,9,1.0,1.0,1.0,,,,,,,,,,,,,
cadets06,expanded,declared,adaptive_v1,augmented,0.95,True,0,met,,,1024,1024,0.9930604499864462,0.9930604499864462,1.0,166,166,1.0,5829,5829,1.0,9,9,1.0,1.0,1.0,,,,,,,,,,,,,
cadets06,expanded,declared,adaptive_v1,augmented,0.99,False,0,met,,,1024,1024,0.9930604499864462,0.9930604499864462,1.0,166,166,1.0,5829,5829,1.0,9,9,1.0,1.0,1.0,,,,,,,,,,,,,
cadets06,expanded,declared,adaptive_v1,augmented,0.99,True,0,met,,,1024,1024,0.9930604499864462,0.9930604499864462,1.0,166,166,1.0,5829,5829,1.0,9,9,1.0,1.0,1.0,,,,,,,,,,,,,
cadets06,expanded,declared,adaptive_v1,augmented,1.0,False,0,met,,,1024,1024,0.9930604499864462,0.9930604499864462,1.0,166,166,1.0,5829,5829,1.0,9,9,1.0,1.0,1.0,,,,,,,,,,,,,
cadets06,expanded,declared,adaptive_v1,augmented,1.0,True,0,met,,,1024,1024,0.9930604499864462,0.9930604499864462,1.0,166,166,1.0,5829,5829,1.0,9,9,1.0,1.0,1.0,,,,,,,,,,,,,
cadets06,expanded,declared,reliability_chain,native,0.9,False,0,met,,,1024,1024,0.9930604499864462,0.9930604499864462,0.9939759036144579,165,166,0.9857608509178246,5746,5829,0.8888888888888888,8,9,1.0,1.0,1.0,,,,,,,,,,,,,
cadets06,expanded,declared,reliability_chain,native,0.9,True,0,met,,,1475,1475,0.9900040661425861,0.9900040661425861,1.0,166,166,1.0,5829,5829,1.0,9,9,1.0,1.0,1.0,,,,,,,,,,,,,
cadets06,expanded,declared,reliability_chain,native,0.95,False,0,met,,,1024,1024,0.9930604499864462,0.9930604499864462,0.9939759036144579,165,166,0.9857608509178246,5746,5829,0.8888888888888888,8,9,1.0,1.0,1.0,,,,,,,,,,,,,
cadets06,expanded,declared,reliability_chain,native,0.95,True,0,met,,,1475,1475,0.9900040661425861,0.9900040661425861,1.0,166,166,1.0,5829,5829,1.0,9,9,1.0,1.0,1.0,,,,,,,,,,,,,
cadets06,expanded,declared,reliability_chain,native,0.99,False,0,met,,,1475,1475,0.9900040661425861,0.9900040661425861,1.0,166,166,1.0,5829,5829,1.0,9,9,1.0,1.0,1.0,,,,,,,,,,,,,
cadets06,expanded,declared,reliability_chain,native,0.99,True,0,met,,,1475,1475,0.9900040661425861,0.9900040661425861,1.0,166,166,1.0,5829,5829,1.0,9,9,1.0,1.0,1.0,,,,,,,,,,,,,
cadets06,expanded,declared,reliability_chain,native,1.0,False,0,met,,,1475,1475,0.9900040661425861,0.9900040661425861,1.0,166,166,1.0,5829,5829,1.0,9,9,1.0,1.0,1.0,,,,,,,,,,,,,
cadets06,expanded,declared,reliability_chain,native,1.0,True,0,met,,,1475,1475,0.9900040661425861,0.9900040661425861,1.0,166,166,1.0,5829,5829,1.0,9,9,1.0,1.0,1.0,,,,,,,,,,,,,
cadets06,expanded,declared,reliability_chain,augmented,0.9,False,0,met,,,1024,1024,0.9930604499864462,0.9930604499864462,0.9939759036144579,165,166,0.9857608509178246,5746,5829,0.8888888888888888,8,9,1.0,1.0,1.0,,,,,,,,,,,,,
cadets06,expanded,declared,reliability_chain,augmented,0.9,True,0,met,,,1475,1475,0.9900040661425861,0.9900040661425861,1.0,166,166,1.0,5829,5829,1.0,9,9,1.0,1.0,1.0,,,,,,,,,,,,,
cadets06,expanded,declared,reliability_chain,augmented,0.95,False,0,met,,,1024,1024,0.9930604499864462,0.9930604499864462,0.9939759036144579,165,166,0.9857608509178246,5746,5829,0.8888888888888888,8,9,1.0,1.0,1.0,,,,,,,,,,,,,
cadets06,expanded,declared,reliability_chain,augmented,0.95,True,0,met,,,1475,1475,0.9900040661425861,0.9900040661425861,1.0,166,166,1.0,5829,5829,1.0,9,9,1.0,1.0,1.0,,,,,,,,,,,,,
cadets06,expanded,declared,reliability_chain,augmented,0.99,False,0,met,,,1475,1475,0.9900040661425861,0.9900040661425861,1.0,166,166,1.0,5829,5829,1.0,9,9,1.0,1.0,1.0,,,,,,,,,,,,,
cadets06,expanded,declared,reliability_chain,augmented,0.99,True,0,met,,,1475,1475,0.9900040661425861,0.9900040661425861,1.0,166,166,1.0,5829,5829,1.0,9,9,1.0,1.0,1.0,,,,,,,,,,,,,
cadets06,expanded,declared,reliability_chain,augmented,1.0,False,0,met,,,1475,1475,0.9900040661425861,0.9900040661425861,1.0,166,166,1.0,5829,5829,1.0,9,9,1.0,1.0,1.0,,,,,,,,,,,,,
cadets06,expanded,declared,reliability_chain,augmented,1.0,True,0,met,,,1475,1475,0.9900040661425861,0.9900040661425861,1.0,166,166,1.0,5829,5829,1.0,9,9,1.0,1.0,1.0,,,,,,,,,,,,,
cadets06,expanded,adaptive,rarity_only,native,0.9,False,0,met,,,2951,2951,0.980001355380862,0.980001355380862,0.9698795180722891,161,166,0.9416709555669927,5489,5829,0.5555555555555556,5,9,1.0,1.0,1.0,,,,,,,,,,,,,
cadets06,expanded,adaptive,rarity_only,native,0.9,True,0,met,,,73780,73780,0.5,0.5,1.0,166,166,1.0,5829,5829,1.0,9,9,1.0,1.0,1.0,,,,,,,,,,,,,
cadets06,expanded,adaptive,rarity_only,native,0.95,False,0,met,,,14756,14756,0.9,0.9,0.9879518072289156,164,166,0.9715217018356493,5663,5829,0.7777777777777778,7,9,1.0,1.0,1.0,,,,,,,,,,,,,
cadets06,expanded,adaptive,rarity_only,native,0.95,True,0,met,,,73780,73780,0.5,0.5,1.0,166,166,1.0,5829,5829,1.0,9,9,1.0,1.0,1.0,,,,,,,,,,,,,
cadets06,expanded,adaptive,rarity_only,native,0.99,False,0,met,,,73780,73780,0.5,0.5,1.0,166,166,1.0,5829,5829,1.0,9,9,1.0,1.0,1.0,,,,,,,,,,,,,
cadets06,expanded,adaptive,rarity_only,native,0.99,True,0,met,,,73780,73780,0.5,0.5,1.0,166,166,1.0,5829,5829,1.0,9,9,1.0,1.0,1.0,,,,,,,,,,,,,
cadets06,expanded,adaptive,rarity_only,native,1.0,False,0,met,,,73780,73780,0.5,0.5,1.0,166,166,1.0,5829,5829,1.0,9,9,1.0,1.0,1.0,,,,,,,,,,,,,
cadets06,expanded,adaptive,rarity_only,native,1.0,True,0,met,,,73780,73780,0.5,0.5,1.0,166,166,1.0,5829,5829,1.0,9,9,1.0,1.0,1.0,,,,,,,,,,,,,
cadets06,expanded,adaptive,rarity_only,augmented,0.9,False,0,met,,,2951,2951,0.980001355380862,0.980001355380862,0.9698795180722891,161,166,0.9416709555669927,5489,5829,0.5555555555555556,5,9,1.0,1.0,1.0,,,,,,,,,,,,,
cadets06,expanded,adaptive,rarity_only,augmented,0.9,True,0,met,,,73780,73780,0.5,0.5,1.0,166,166,1.0,5829,5829,1.0,9,9,1.0,1.0,1.0,,,,,,,,,,,,,
cadets06,expanded,adaptive,rarity_only,augmented,0.95,False,0,met,,,14756,14756,0.9,0.9,0.9879518072289156,164,166,0.9715217018356493,5663,5829,0.7777777777777778,7,9,1.0,1.0,1.0,,,,,,,,,,,,,
cadets06,expanded,adaptive,rarity_only,augmented,0.95,True,0,met,,,73780,73780,0.5,0.5,1.0,166,166,1.0,5829,5829,1.0,9,9,1.0,1.0,1.0,,,,,,,,,,,,,
cadets06,expanded,adaptive,rarity_only,augmented,0.99,False,0,met,,,73780,73780,0.5,0.5,1.0,166,166,1.0,5829,5829,1.0,9,9,1.0,1.0,1.0,,,,,,,,,,,,,
cadets06,expanded,adaptive,rarity_only,augmented,0.99,True,0,met,,,73780,73780,0.5,0.5,1.0,166,166,1.0,5829,5829,1.0,9,9,1.0,1.0,1.0,,,,,,,,,,,,,
cadets06,expanded,adaptive,rarity_only,augmented,1.0,False,0,met,,,73780,73780,0.5,0.5,1.0,166,166,1.0,5829,5829,1.0,9,9,1.0,1.0,1.0,,,,,,,,,,,,,
cadets06,expanded,adaptive,rarity_only,augmented,1.0,True,0,met,,,73780,73780,0.5,0.5,1.0,166,166,1.0,5829,5829,1.0,9,9,1.0,1.0,1.0,,,,,,,,,,,,,
cadets06,expanded,adaptive,diffusion_only,native,0.9,False,0,met,,,1024,1024,0.9930604499864462,0.9930604499864462,1.0,166,166,1.0,5829,5829,1.0,9,9,1.0,1.0,1.0,,,,,,,,,,,,,
cadets06,expanded,adaptive,diffusion_only,native,0.9,True,0,met,,,1024,1024,0.9930604499864462,0.9930604499864462,1.0,166,166,1.0,5829,5829,1.0,9,9,1.0,1.0,1.0,,,,,,,,,,,,,
cadets06,expanded,adaptive,diffusion_only,native,0.95,False,0,met,,,1024,1024,0.9930604499864462,0.9930604499864462,1.0,166,166,1.0,5829,5829,1.0,9,9,1.0,1.0,1.0,,,,,,,,,,,,,
cadets06,expanded,adaptive,diffusion_only,native,0.95,True,0,met,,,1024,1024,0.9930604499864462,0.9930604499864462,1.0,166,166,1.0,5829,5829,1.0,9,9,1.0,1.0,1.0,,,,,,,,,,,,,
cadets06,expanded,adaptive,diffusion_only,native,0.99,False,0,met,,,1024,1024,0.9930604499864462,0.9930604499864462,1.0,166,166,1.0,5829,5829,1.0,9,9,1.0,1.0,1.0,,,,,,,,,,,,,
cadets06,expanded,adaptive,diffusion_only,native,0.99,True,0,met,,,1024,1024,0.9930604499864462,0.9930604499864462,1.0,166,166,1.0,5829,5829,1.0,9,9,1.0,1.0,1.0,,,,,,,,,,,,,
cadets06,expanded,adaptive,diffusion_only,native,1.0,False,0,met,,,1024,1024,0.9930604499864462,0.9930604499864462,1.0,166,166,1.0,5829,5829,1.0,9,9,1.0,1.0,1.0,,,,,,,,,,,,,
cadets06,expanded,adaptive,diffusion_only,native,1.0,True,0,met,,,1024,1024,0.9930604499864462,0.9930604499864462,1.0,166,166,1.0,5829,5829,1.0,9,9,1.0,1.0,1.0,,,,,,,,,,,,,
cadets06,expanded,adaptive,diffusion_only,augmented,0.9,False,0,met,,,1024,1024,0.9930604499864462,0.9930604499864462,1.0,166,166,1.0,5829,5829,1.0,9,9,1.0,1.0,1.0,,,,,,,,,,,,,
cadets06,expanded,adaptive,diffusion_only,augmented,0.9,True,0,met,,,1024,1024,0.9930604499864462,0.9930604499864462,1.0,166,166,1.0,5829,5829,1.0,9,9,1.0,1.0,1.0,,,,,,,,,,,,,
cadets06,expanded,adaptive,diffusion_only,augmented,0.95,False,0,met,,,1024,1024,0.9930604499864462,0.9930604499864462,1.0,166,166,1.0,5829,5829,1.0,9,9,1.0,1.0,1.0,,,,,,,,,,,,,
cadets06,expanded,adaptive,diffusion_only,augmented,0.95,True,0,met,,,1024,1024,0.9930604499864462,0.9930604499864462,1.0,166,166,1.0,5829,5829,1.0,9,9,1.0,1.0,1.0,,,,,,,,,,,,,
cadets06,expanded,adaptive,diffusion_only,augmented,0.99,False,0,met,,,1024,1024,0.9930604499864462,0.9930604499864462,1.0,166,166,1.0,5829,5829,1.0,9,9,1.0,1.0,1.0,,,,,,,,,,,,,
cadets06,expanded,adaptive,diffusion_only,augmented,0.99,True,0,met,,,1024,1024,0.9930604499864462,0.9930604499864462,1.0,166,166,1.0,5829,5829,1.0,9,9,1.0,1.0,1.0,,,,,,,,,,,,,
cadets06,expanded,adaptive,diffusion_only,augmented,1.0,False,0,met,,,1024,1024,0.9930604499864462,0.9930604499864462,1.0,166,166,1.0,5829,5829,1.0,9,9,1.0,1.0,1.0,,,,,,,,,,,,,
cadets06,expanded,adaptive,diffusion_only,augmented,1.0,True,0,met,,,1024,1024,0.9930604499864462,0.9930604499864462,1.0,166,166,1.0,5829,5829,1.0,9,9,1.0,1.0,1.0,,,,,,,,,,,,,
cadets06,expanded,adaptive,rasp,native,0.9,False,0,met,,,256,256,0.9982651124966115,0.9982651124966115,0.9578313253012049,159,166,0.9215989020415165,5372,5829,0.3333333333333333,3,9,1.0,1.0,1.0,,,,,,,,,,,,,
cadets06,expanded,adaptive,rasp,native,0.9,True,0,met,,,1475,1475,0.9900040661425861,0.9900040661425861,1.0,166,166,1.0,5829,5829,1.0,9,9,1.0,1.0,1.0,,,,,,,,,,,,,
cadets06,expanded,adaptive,rasp,native,0.95,False,0,met,,,1024,1024,0.9930604499864462,0.9930604499864462,0.9939759036144579,165,166,0.9857608509178246,5746,5829,0.8888888888888888,8,9,1.0,1.0,1.0,,,,,,,,,,,,,
cadets06,expanded,adaptive,rasp,native,0.95,True,0,met,,,1475,1475,0.9900040661425861,0.9900040661425861,1.0,166,166,1.0,5829,5829,1.0,9,9,1.0,1.0,1.0,,,,,,,,,,,,,
cadets06,expanded,adaptive,rasp,native,0.99,False,0,met,,,1475,1475,0.9900040661425861,0.9900040661425861,1.0,166,166,1.0,5829,5829,1.0,9,9,1.0,1.0,1.0,,,,,,,,,,,,,
cadets06,expanded,adaptive,rasp,native,0.99,True,0,met,,,1475,1475,0.9900040661425861,0.9900040661425861,1.0,166,166,1.0,5829,5829,1.0,9,9,1.0,1.0,1.0,,,,,,,,,,,,,
cadets06,expanded,adaptive,rasp,native,1.0,False,0,met,,,1475,1475,0.9900040661425861,0.9900040661425861,1.0,166,166,1.0,5829,5829,1.0,9,9,1.0,1.0,1.0,,,,,,,,,,,,,
cadets06,expanded,adaptive,rasp,native,1.0,True,0,met,,,1475,1475,0.9900040661425861,0.9900040661425861,1.0,166,166,1.0,5829,5829,1.0,9,9,1.0,1.0,1.0,,,,,,,,,,,,,
cadets06,expanded,adaptive,rasp,augmented,0.9,False,0,met,,,256,256,0.9982651124966115,0.9982651124966115,0.9578313253012049,159,166,0.9215989020415165,5372,5829,0.3333333333333333,3,9,1.0,1.0,1.0,,,,,,,,,,,,,
cadets06,expanded,adaptive,rasp,augmented,0.9,True,0,met,,,1475,1475,0.9900040661425861,0.9900040661425861,1.0,166,166,1.0,5829,5829,1.0,9,9,1.0,1.0,1.0,,,,,,,,,,,,,
cadets06,expanded,adaptive,rasp,augmented,0.95,False,0,met,,,1024,1024,0.9930604499864462,0.9930604499864462,0.9939759036144579,165,166,0.9857608509178246,5746,5829,0.8888888888888888,8,9,1.0,1.0,1.0,,,,,,,,,,,,,
cadets06,expanded,adaptive,rasp,augmented,0.95,True,0,met,,,1475,1475,0.9900040661425861,0.9900040661425861,1.0,166,166,1.0,5829,5829,1.0,9,9,1.0,1.0,1.0,,,,,,,,,,,,,
cadets06,expanded,adaptive,rasp,augmented,0.99,False,0,met,,,1475,1475,0.9900040661425861,0.9900040661425861,1.0,166,166,1.0,5829,5829,1.0,9,9,1.0,1.0,1.0,,,,,,,,,,,,,
cadets06,expanded,adaptive,rasp,augmented,0.99,True,0,met,,,1475,1475,0.9900040661425861,0.9900040661425861,1.0,166,166,1.0,5829,5829,1.0,9,9,1.0,1.0,1.0,,,,,,,,,,,,,
cadets06,expanded,adaptive,rasp,augmented,1.0,False,0,met,,,1475,1475,0.9900040661425861,0.9900040661425861,1.0,166,166,1.0,5829,5829,1.0,9,9,1.0,1.0,1.0,,,,,,,,,,,,,
cadets06,expanded,adaptive,rasp,augmented,1.0,True,0,met,,,1475,1475,0.9900040661425861,0.9900040661425861,1.0,166,166,1.0,5829,5829,1.0,9,9,1.0,1.0,1.0,,,,,,,,,,,,,
cadets06,expanded,adaptive,context_v1,native,0.9,False,0,met,,,1475,1475,0.9900040661425861,0.9900040661425861,0.9939759036144579,165,166,0.9857608509178246,5746,5829,0.8888888888888888,8,9,1.0,1.0,1.0,,,,,,,,,,,,,
cadets06,expanded,adaptive,context_v1,native,0.9,True,0,met,,,2951,2951,0.980001355380862,0.980001355380862,1.0,166,166,1.0,5829,5829,1.0,9,9,1.0,1.0,1.0,,,,,,,,,,,,,
cadets06,expanded,adaptive,context_v1,native,0.95,False,0,met,,,1475,1475,0.9900040661425861,0.9900040661425861,0.9939759036144579,165,166,0.9857608509178246,5746,5829,0.8888888888888888,8,9,1.0,1.0,1.0,,,,,,,,,,,,,
cadets06,expanded,adaptive,context_v1,native,0.95,True,0,met,,,2951,2951,0.980001355380862,0.980001355380862,1.0,166,166,1.0,5829,5829,1.0,9,9,1.0,1.0,1.0,,,,,,,,,,,,,
cadets06,expanded,adaptive,context_v1,native,0.99,False,0,met,,,2951,2951,0.980001355380862,0.980001355380862,1.0,166,166,1.0,5829,5829,1.0,9,9,1.0,1.0,1.0,,,,,,,,,,,,,
cadets06,expanded,adaptive,context_v1,native,0.99,True,0,met,,,2951,2951,0.980001355380862,0.980001355380862,1.0,166,166,1.0,5829,5829,1.0,9,9,1.0,1.0,1.0,,,,,,,,,,,,,
cadets06,expanded,adaptive,context_v1,native,1.0,False,0,met,,,2951,2951,0.980001355380862,0.980001355380862,1.0,166,166,1.0,5829,5829,1.0,9,9,1.0,1.0,1.0,,,,,,,,,,,,,
cadets06,expanded,adaptive,context_v1,native,1.0,True,0,met,,,2951,2951,0.980001355380862,0.980001355380862,1.0,166,166,1.0,5829,5829,1.0,9,9,1.0,1.0,1.0,,,,,,,,,,,,,
cadets06,expanded,adaptive,context_v1,augmented,0.9,False,0,met,,,1475,1475,0.9900040661425861,0.9900040661425861,0.9939759036144579,165,166,0.9857608509178246,5746,5829,0.8888888888888888,8,9,1.0,1.0,1.0,,,,,,,,,,,,,
cadets06,expanded,adaptive,context_v1,augmented,0.9,True,0,met,,,2951,2951,0.980001355380862,0.980001355380862,1.0,166,166,1.0,5829,5829,1.0,9,9,1.0,1.0,1.0,,,,,,,,,,,,,
cadets06,expanded,adaptive,context_v1,augmented,0.95,False,0,met,,,1475,1475,0.9900040661425861,0.9900040661425861,0.9939759036144579,165,166,0.9857608509178246,5746,5829,0.8888888888888888,8,9,1.0,1.0,1.0,,,,,,,,,,,,,
cadets06,expanded,adaptive,context_v1,augmented,0.95,True,0,met,,,2951,2951,0.980001355380862,0.980001355380862,1.0,166,166,1.0,5829,5829,1.0,9,9,1.0,1.0,1.0,,,,,,,,,,,,,
cadets06,expanded,adaptive,context_v1,augmented,0.99,False,0,met,,,2951,2951,0.980001355380862,0.980001355380862,1.0,166,166,1.0,5829,5829,1.0,9,9,1.0,1.0,1.0,,,,,,,,,,,,,
cadets06,expanded,adaptive,context_v1,augmented,0.99,True,0,met,,,2951,2951,0.980001355380862,0.980001355380862,1.0,166,166,1.0,5829,5829,1.0,9,9,1.0,1.0,1.0,,,,,,,,,,,,,
cadets06,expanded,adaptive,context_v1,augmented,1.0,False,0,met,,,2951,2951,0.980001355380862,0.980001355380862,1.0,166,166,1.0,5829,5829,1.0,9,9,1.0,1.0,1.0,,,,,,,,,,,,,
cadets06,expanded,adaptive,context_v1,augmented,1.0,True,0,met,,,2951,2951,0.980001355380862,0.980001355380862,1.0,166,166,1.0,5829,5829,1.0,9,9,1.0,1.0,1.0,,,,,,,,,,,,,
cadets06,expanded,adaptive,reliability,native,0.9,False,0,met,,,1024,1024,0.9930604499864462,0.9930604499864462,0.9879518072289156,164,166,0.9715217018356493,5663,5829,0.7777777777777778,7,9,1.0,1.0,1.0,,,,,,,,,,,,,
cadets06,expanded,adaptive,reliability,native,0.9,True,0,met,,,2951,2951,0.980001355380862,0.980001355380862,1.0,166,166,1.0,5829,5829,1.0,9,9,1.0,1.0,1.0,,,,,,,,,,,,,
cadets06,expanded,adaptive,reliability,native,0.95,False,0,met,,,1024,1024,0.9930604499864462,0.9930604499864462,0.9879518072289156,164,166,0.9715217018356493,5663,5829,0.7777777777777778,7,9,1.0,1.0,1.0,,,,,,,,,,,,,
cadets06,expanded,adaptive,reliability,native,0.95,True,0,met,,,2951,2951,0.980001355380862,0.980001355380862,1.0,166,166,1.0,5829,5829,1.0,9,9,1.0,1.0,1.0,,,,,,,,,,,,,
cadets06,expanded,adaptive,reliability,native,0.99,False,0,met,,,2951,2951,0.980001355380862,0.980001355380862,1.0,166,166,1.0,5829,5829,1.0,9,9,1.0,1.0,1.0,,,,,,,,,,,,,
cadets06,expanded,adaptive,reliability,native,0.99,True,0,met,,,2951,2951,0.980001355380862,0.980001355380862,1.0,166,166,1.0,5829,5829,1.0,9,9,1.0,1.0,1.0,,,,,,,,,,,,,
cadets06,expanded,adaptive,reliability,native,1.0,False,0,met,,,2951,2951,0.980001355380862,0.980001355380862,1.0,166,166,1.0,5829,5829,1.0,9,9,1.0,1.0,1.0,,,,,,,,,,,,,
cadets06,expanded,adaptive,reliability,native,1.0,True,0,met,,,2951,2951,0.980001355380862,0.980001355380862,1.0,166,166,1.0,5829,5829,1.0,9,9,1.0,1.0,1.0,,,,,,,,,,,,,
cadets06,expanded,adaptive,reliability,augmented,0.9,False,0,met,,,1024,1024,0.9930604499864462,0.9930604499864462,0.9879518072289156,164,166,0.9715217018356493,5663,5829,0.7777777777777778,7,9,1.0,1.0,1.0,,,,,,,,,,,,,
cadets06,expanded,adaptive,reliability,augmented,0.9,True,0,met,,,2951,2951,0.980001355380862,0.980001355380862,1.0,166,166,1.0,5829,5829,1.0,9,9,1.0,1.0,1.0,,,,,,,,,,,,,
cadets06,expanded,adaptive,reliability,augmented,0.95,False,0,met,,,1024,1024,0.9930604499864462,0.9930604499864462,0.9879518072289156,164,166,0.9715217018356493,5663,5829,0.7777777777777778,7,9,1.0,1.0,1.0,,,,,,,,,,,,,
cadets06,expanded,adaptive,reliability,augmented,0.95,True,0,met,,,2951,2951,0.980001355380862,0.980001355380862,1.0,166,166,1.0,5829,5829,1.0,9,9,1.0,1.0,1.0,,,,,,,,,,,,,
cadets06,expanded,adaptive,reliability,augmented,0.99,False,0,met,,,2951,2951,0.980001355380862,0.980001355380862,1.0,166,166,1.0,5829,5829,1.0,9,9,1.0,1.0,1.0,,,,,,,,,,,,,
cadets06,expanded,adaptive,reliability,augmented,0.99,True,0,met,,,2951,2951,0.980001355380862,0.980001355380862,1.0,166,166,1.0,5829,5829,1.0,9,9,1.0,1.0,1.0,,,,,,,,,,,,,
cadets06,expanded,adaptive,reliability,augmented,1.0,False,0,met,,,2951,2951,0.980001355380862,0.980001355380862,1.0,166,166,1.0,5829,5829,1.0,9,9,1.0,1.0,1.0,,,,,,,,,,,,,
cadets06,expanded,adaptive,reliability,augmented,1.0,True,0,met,,,2951,2951,0.980001355380862,0.980001355380862,1.0,166,166,1.0,5829,5829,1.0,9,9,1.0,1.0,1.0,,,,,,,,,,,,,
cadets06,expanded,adaptive,adaptive_v1,native,0.9,False,0,met,,,1475,1475,0.9900040661425861,0.9900040661425861,0.9939759036144579,165,166,0.9857608509178246,5746,5829,0.8888888888888888,8,9,1.0,1.0,1.0,,,,,,,,,,,,,
cadets06,expanded,adaptive,adaptive_v1,native,0.9,True,0,met,,,2951,2951,0.980001355380862,0.980001355380862,1.0,166,166,1.0,5829,5829,1.0,9,9,1.0,1.0,1.0,,,,,,,,,,,,,
cadets06,expanded,adaptive,adaptive_v1,native,0.95,False,0,met,,,1475,1475,0.9900040661425861,0.9900040661425861,0.9939759036144579,165,166,0.9857608509178246,5746,5829,0.8888888888888888,8,9,1.0,1.0,1.0,,,,,,,,,,,,,
cadets06,expanded,adaptive,adaptive_v1,native,0.95,True,0,met,,,2951,2951,0.980001355380862,0.980001355380862,1.0,166,166,1.0,5829,5829,1.0,9,9,1.0,1.0,1.0,,,,,,,,,,,,,
cadets06,expanded,adaptive,adaptive_v1,native,0.99,False,0,met,,,2951,2951,0.980001355380862,0.980001355380862,1.0,166,166,1.0,5829,5829,1.0,9,9,1.0,1.0,1.0,,,,,,,,,,,,,
cadets06,expanded,adaptive,adaptive_v1,native,0.99,True,0,met,,,2951,2951,0.980001355380862,0.980001355380862,1.0,166,166,1.0,5829,5829,1.0,9,9,1.0,1.0,1.0,,,,,,,,,,,,,
cadets06,expanded,adaptive,adaptive_v1,native,1.0,False,0,met,,,2951,2951,0.980001355380862,0.980001355380862,1.0,166,166,1.0,5829,5829,1.0,9,9,1.0,1.0,1.0,,,,,,,,,,,,,
cadets06,expanded,adaptive,adaptive_v1,native,1.0,True,0,met,,,2951,2951,0.980001355380862,0.980001355380862,1.0,166,166,1.0,5829,5829,1.0,9,9,1.0,1.0,1.0,,,,,,,,,,,,,
cadets06,expanded,adaptive,adaptive_v1,augmented,0.9,False,0,met,,,1475,1475,0.9900040661425861,0.9900040661425861,0.9939759036144579,165,166,0.9857608509178246,5746,5829,0.8888888888888888,8,9,1.0,1.0,1.0,,,,,,,,,,,,,
cadets06,expanded,adaptive,adaptive_v1,augmented,0.9,True,0,met,,,2951,2951,0.980001355380862,0.980001355380862,1.0,166,166,1.0,5829,5829,1.0,9,9,1.0,1.0,1.0,,,,,,,,,,,,,
cadets06,expanded,adaptive,adaptive_v1,augmented,0.95,False,0,met,,,1475,1475,0.9900040661425861,0.9900040661425861,0.9939759036144579,165,166,0.9857608509178246,5746,5829,0.8888888888888888,8,9,1.0,1.0,1.0,,,,,,,,,,,,,
cadets06,expanded,adaptive,adaptive_v1,augmented,0.95,True,0,met,,,2951,2951,0.980001355380862,0.980001355380862,1.0,166,166,1.0,5829,5829,1.0,9,9,1.0,1.0,1.0,,,,,,,,,,,,,
cadets06,expanded,adaptive,adaptive_v1,augmented,0.99,False,0,met,,,2951,2951,0.980001355380862,0.980001355380862,1.0,166,166,1.0,5829,5829,1.0,9,9,1.0,1.0,1.0,,,,,,,,,,,,,
cadets06,expanded,adaptive,adaptive_v1,augmented,0.99,True,0,met,,,2951,2951,0.980001355380862,0.980001355380862,1.0,166,166,1.0,5829,5829,1.0,9,9,1.0,1.0,1.0,,,,,,,,,,,,,
cadets06,expanded,adaptive,adaptive_v1,augmented,1.0,False,0,met,,,2951,2951,0.980001355380862,0.980001355380862,1.0,166,166,1.0,5829,5829,1.0,9,9,1.0,1.0,1.0,,,,,,,,,,,,,
cadets06,expanded,adaptive,adaptive_v1,augmented,1.0,True,0,met,,,2951,2951,0.980001355380862,0.980001355380862,1.0,166,166,1.0,5829,5829,1.0,9,9,1.0,1.0,1.0,,,,,,,,,,,,,
cadets06,expanded,adaptive,reliability_chain,native,0.9,False,0,met,,,1024,1024,0.9930604499864462,0.9930604499864462,0.9879518072289156,164,166,0.9715217018356493,5663,5829,0.7777777777777778,7,9,1.0,1.0,1.0,,,,,,,,,,,,,
cadets06,expanded,adaptive,reliability_chain,native,0.9,True,0,met,,,2951,2951,0.980001355380862,0.980001355380862,1.0,166,166,1.0,5829,5829,1.0,9,9,1.0,1.0,1.0,,,,,,,,,,,,,
cadets06,expanded,adaptive,reliability_chain,native,0.95,False,0,met,,,1024,1024,0.9930604499864462,0.9930604499864462,0.9879518072289156,164,166,0.9715217018356493,5663,5829,0.7777777777777778,7,9,1.0,1.0,1.0,,,,,,,,,,,,,
cadets06,expanded,adaptive,reliability_chain,native,0.95,True,0,met,,,2951,2951,0.980001355380862,0.980001355380862,1.0,166,166,1.0,5829,5829,1.0,9,9,1.0,1.0,1.0,,,,,,,,,,,,,
cadets06,expanded,adaptive,reliability_chain,native,0.99,False,0,met,,,2951,2951,0.980001355380862,0.980001355380862,1.0,166,166,1.0,5829,5829,1.0,9,9,1.0,1.0,1.0,,,,,,,,,,,,,
cadets06,expanded,adaptive,reliability_chain,native,0.99,True,0,met,,,2951,2951,0.980001355380862,0.980001355380862,1.0,166,166,1.0,5829,5829,1.0,9,9,1.0,1.0,1.0,,,,,,,,,,,,,
cadets06,expanded,adaptive,reliability_chain,native,1.0,False,0,met,,,2951,2951,0.980001355380862,0.980001355380862,1.0,166,166,1.0,5829,5829,1.0,9,9,1.0,1.0,1.0,,,,,,,,,,,,,
cadets06,expanded,adaptive,reliability_chain,native,1.0,True,0,met,,,2951,2951,0.980001355380862,0.980001355380862,1.0,166,166,1.0,5829,5829,1.0,9,9,1.0,1.0,1.0,,,,,,,,,,,,,
cadets06,expanded,adaptive,reliability_chain,augmented,0.9,False,0,met,,,1024,1024,0.9930604499864462,0.9930604499864462,0.9879518072289156,164,166,0.9715217018356493,5663,5829,0.7777777777777778,7,9,1.0,1.0,1.0,,,,,,,,,,,,,
cadets06,expanded,adaptive,reliability_chain,augmented,0.9,True,0,met,,,2951,2951,0.980001355380862,0.980001355380862,1.0,166,166,1.0,5829,5829,1.0,9,9,1.0,1.0,1.0,,,,,,,,,,,,,
cadets06,expanded,adaptive,reliability_chain,augmented,0.95,False,0,met,,,1024,1024,0.9930604499864462,0.9930604499864462,0.9879518072289156,164,166,0.9715217018356493,5663,5829,0.7777777777777778,7,9,1.0,1.0,1.0,,,,,,,,,,,,,
cadets06,expanded,adaptive,reliability_chain,augmented,0.95,True,0,met,,,2951,2951,0.980001355380862,0.980001355380862,1.0,166,166,1.0,5829,5829,1.0,9,9,1.0,1.0,1.0,,,,,,,,,,,,,
cadets06,expanded,adaptive,reliability_chain,augmented,0.99,False,0,met,,,2951,2951,0.980001355380862,0.980001355380862,1.0,166,166,1.0,5829,5829,1.0,9,9,1.0,1.0,1.0,,,,,,,,,,,,,
cadets06,expanded,adaptive,reliability_chain,augmented,0.99,True,0,met,,,2951,2951,0.980001355380862,0.980001355380862,1.0,166,166,1.0,5829,5829,1.0,9,9,1.0,1.0,1.0,,,,,,,,,,,,,
cadets06,expanded,adaptive,reliability_chain,augmented,1.0,False,0,met,,,2951,2951,0.980001355380862,0.980001355380862,1.0,166,166,1.0,5829,5829,1.0,9,9,1.0,1.0,1.0,,,,,,,,,,,,,
cadets06,expanded,adaptive,reliability_chain,augmented,1.0,True,0,met,,,2951,2951,0.980001355380862,0.980001355380862,1.0,166,166,1.0,5829,5829,1.0,9,9,1.0,1.0,1.0,,,,,,,,,,,,,
cadets12,base,single,rarity_only,native,0.9,False,0,met,,,13826,13826,0.9000007232697579,0.9163262465428446,0.9545454545454546,42,44,0.925,296,320,0.5,6,12,1.0,1.0,0.9545454545454546,,,,,,,,,,,,,
cadets12,base,single,rarity_only,native,0.9,True,0,unmet,no_tested_budget_meets_target,0.5,,,,,,,,,,,,,,1.0,1.0,0.9545454545454546,13826,13826,0.9000007232697579,0.9163262465428446,0.9545454545454546,42,44,0.925,296,320,0.5,6,12
cadets12,base,single,rarity_only,native,0.95,False,0,unmet,no_tested_budget_meets_target,0.925,,,,,,,,,,,,,,1.0,1.0,0.9545454545454546,13826,13826,0.9000007232697579,0.9163262465428446,0.9545454545454546,42,44,0.925,296,320,0.5,6,12
cadets12,base,single,rarity_only,native,0.95,True,0,unmet,no_tested_budget_meets_target,0.5,,,,,,,,,,,,,,1.0,1.0,0.9545454545454546,13826,13826,0.9000007232697579,0.9163262465428446,0.9545454545454546,42,44,0.925,296,320,0.5,6,12
cadets12,base,single,rarity_only,native,0.99,False,0,unmet,temporal_event_ceiling,0.925,,,,,,,,,,,,,,1.0,1.0,0.9545454545454546,13826,13826,0.9000007232697579,0.9163262465428446,0.9545454545454546,42,44,0.925,296,320,0.5,6,12
cadets12,base,single,rarity_only,native,0.99,True,0,unmet,temporal_event_ceiling,0.5,,,,,,,,,,,,,,1.0,1.0,0.9545454545454546,13826,13826,0.9000007232697579,0.9163262465428446,0.9545454545454546,42,44,0.925,296,320,0.5,6,12
cadets12,base,single,rarity_only,native,1.0,False,0,unmet,temporal_event_ceiling,0.925,,,,,,,,,,,,,,1.0,1.0,0.9545454545454546,13826,13826,0.9000007232697579,0.9163262465428446,0.9545454545454546,42,44,0.925,296,320,0.5,6,12
cadets12,base,single,rarity_only,native,1.0,True,0,unmet,temporal_event_ceiling,0.5,,,,,,,,,,,,,,1.0,1.0,0.9545454545454546,13826,13826,0.9000007232697579,0.9163262465428446,0.9545454545454546,42,44,0.925,296,320,0.5,6,12
cadets12,base,single,rarity_only,augmented,0.9,False,0,met,,,13826,13826,0.9000007232697579,0.9163262465428446,0.9545454545454546,42,44,0.925,296,320,0.5,6,12,1.0,1.0,0.9545454545454546,,,,,,,,,,,,,
cadets12,base,single,rarity_only,augmented,0.9,True,0,unmet,no_tested_budget_meets_target,0.5,,,,,,,,,,,,,,1.0,1.0,0.9545454545454546,13826,13826,0.9000007232697579,0.9163262465428446,0.9545454545454546,42,44,0.925,296,320,0.5,6,12
cadets12,base,single,rarity_only,augmented,0.95,False,0,unmet,no_tested_budget_meets_target,0.925,,,,,,,,,,,,,,1.0,1.0,0.9545454545454546,13826,13826,0.9000007232697579,0.9163262465428446,0.9545454545454546,42,44,0.925,296,320,0.5,6,12
cadets12,base,single,rarity_only,augmented,0.95,True,0,unmet,no_tested_budget_meets_target,0.5,,,,,,,,,,,,,,1.0,1.0,0.9545454545454546,13826,13826,0.9000007232697579,0.9163262465428446,0.9545454545454546,42,44,0.925,296,320,0.5,6,12
cadets12,base,single,rarity_only,augmented,0.99,False,0,unmet,temporal_event_ceiling,0.925,,,,,,,,,,,,,,1.0,1.0,0.9545454545454546,13826,13826,0.9000007232697579,0.9163262465428446,0.9545454545454546,42,44,0.925,296,320,0.5,6,12
cadets12,base,single,rarity_only,augmented,0.99,True,0,unmet,temporal_event_ceiling,0.5,,,,,,,,,,,,,,1.0,1.0,0.9545454545454546,13826,13826,0.9000007232697579,0.9163262465428446,0.9545454545454546,42,44,0.925,296,320,0.5,6,12
cadets12,base,single,rarity_only,augmented,1.0,False,0,unmet,temporal_event_ceiling,0.925,,,,,,,,,,,,,,1.0,1.0,0.9545454545454546,13826,13826,0.9000007232697579,0.9163262465428446,0.9545454545454546,42,44,0.925,296,320,0.5,6,12
cadets12,base,single,rarity_only,augmented,1.0,True,0,unmet,temporal_event_ceiling,0.5,,,,,,,,,,,,,,1.0,1.0,0.9545454545454546,13826,13826,0.9000007232697579,0.9163262465428446,0.9545454545454546,42,44,0.925,296,320,0.5,6,12
cadets12,base,single,diffusion_only,native,0.9,False,0,met,,,69130,69130,0.5000036163487895,0.5816312327142226,0.9545454545454546,42,44,0.925,296,320,0.5,6,12,1.0,1.0,0.9545454545454546,,,,,,,,,,,,,
cadets12,base,single,diffusion_only,native,0.9,True,0,unmet,no_tested_budget_meets_target,0.5,,,,,,,,,,,,,,1.0,1.0,0.9545454545454546,69130,69130,0.5000036163487895,0.5816312327142226,0.9545454545454546,42,44,0.925,296,320,0.5,6,12
cadets12,base,single,diffusion_only,native,0.95,False,0,unmet,no_tested_budget_meets_target,0.925,,,,,,,,,,,,,,1.0,1.0,0.9545454545454546,69130,69130,0.5000036163487895,0.5816312327142226,0.9545454545454546,42,44,0.925,296,320,0.5,6,12
cadets12,base,single,diffusion_only,native,0.95,True,0,unmet,no_tested_budget_meets_target,0.5,,,,,,,,,,,,,,1.0,1.0,0.9545454545454546,69130,69130,0.5000036163487895,0.5816312327142226,0.9545454545454546,42,44,0.925,296,320,0.5,6,12
cadets12,base,single,diffusion_only,native,0.99,False,0,unmet,temporal_event_ceiling,0.925,,,,,,,,,,,,,,1.0,1.0,0.9545454545454546,69130,69130,0.5000036163487895,0.5816312327142226,0.9545454545454546,42,44,0.925,296,320,0.5,6,12
cadets12,base,single,diffusion_only,native,0.99,True,0,unmet,temporal_event_ceiling,0.5,,,,,,,,,,,,,,1.0,1.0,0.9545454545454546,69130,69130,0.5000036163487895,0.5816312327142226,0.9545454545454546,42,44,0.925,296,320,0.5,6,12
cadets12,base,single,diffusion_only,native,1.0,False,0,unmet,temporal_event_ceiling,0.925,,,,,,,,,,,,,,1.0,1.0,0.9545454545454546,69130,69130,0.5000036163487895,0.5816312327142226,0.9545454545454546,42,44,0.925,296,320,0.5,6,12
cadets12,base,single,diffusion_only,native,1.0,True,0,unmet,temporal_event_ceiling,0.5,,,,,,,,,,,,,,1.0,1.0,0.9545454545454546,69130,69130,0.5000036163487895,0.5816312327142226,0.9545454545454546,42,44,0.925,296,320,0.5,6,12
cadets12,base,single,diffusion_only,augmented,0.9,False,0,met,,,69130,69130,0.5000036163487895,0.5816312327142226,0.9545454545454546,42,44,0.925,296,320,0.5,6,12,1.0,1.0,0.9545454545454546,,,,,,,,,,,,,
cadets12,base,single,diffusion_only,augmented,0.9,True,0,unmet,no_tested_budget_meets_target,0.5,,,,,,,,,,,,,,1.0,1.0,0.9545454545454546,69130,69130,0.5000036163487895,0.5816312327142226,0.9545454545454546,42,44,0.925,296,320,0.5,6,12
cadets12,base,single,diffusion_only,augmented,0.95,False,0,unmet,no_tested_budget_meets_target,0.925,,,,,,,,,,,,,,1.0,1.0,0.9545454545454546,69130,69130,0.5000036163487895,0.5816312327142226,0.9545454545454546,42,44,0.925,296,320,0.5,6,12
cadets12,base,single,diffusion_only,augmented,0.95,True,0,unmet,no_tested_budget_meets_target,0.5,,,,,,,,,,,,,,1.0,1.0,0.9545454545454546,69130,69130,0.5000036163487895,0.5816312327142226,0.9545454545454546,42,44,0.925,296,320,0.5,6,12
cadets12,base,single,diffusion_only,augmented,0.99,False,0,unmet,temporal_event_ceiling,0.925,,,,,,,,,,,,,,1.0,1.0,0.9545454545454546,69130,69130,0.5000036163487895,0.5816312327142226,0.9545454545454546,42,44,0.925,296,320,0.5,6,12
cadets12,base,single,diffusion_only,augmented,0.99,True,0,unmet,temporal_event_ceiling,0.5,,,,,,,,,,,,,,1.0,1.0,0.9545454545454546,69130,69130,0.5000036163487895,0.5816312327142226,0.9545454545454546,42,44,0.925,296,320,0.5,6,12
cadets12,base,single,diffusion_only,augmented,1.0,False,0,unmet,temporal_event_ceiling,0.925,,,,,,,,,,,,,,1.0,1.0,0.9545454545454546,69130,69130,0.5000036163487895,0.5816312327142226,0.9545454545454546,42,44,0.925,296,320,0.5,6,12
cadets12,base,single,diffusion_only,augmented,1.0,True,0,unmet,temporal_event_ceiling,0.5,,,,,,,,,,,,,,1.0,1.0,0.9545454545454546,69130,69130,0.5000036163487895,0.5816312327142226,0.9545454545454546,42,44,0.925,296,320,0.5,6,12
cadets12,base,single,rasp,native,0.9,False,0,met,,,27652,27652,0.8000014465395159,0.832652493085689,0.9318181818181818,41,44,0.921875,295,320,0.4166666666666667,5,12,1.0,1.0,0.9545454545454546,,,,,,,,,,,,,
cadets12,base,single,rasp,native,0.9,True,0,unmet,no_tested_budget_meets_target,0.5,,,,,,,,,,,,,,1.0,1.0,0.9545454545454546,69130,69130,0.5000036163487895,0.5816312327142226,0.9545454545454546,42,44,0.925,296,320,0.5,6,12
cadets12,base,single,rasp,native,0.95,False,0,unmet,no_tested_budget_meets_target,0.925,,,,,,,,,,,,,,1.0,1.0,0.9545454545454546,69130,69130,0.5000036163487895,0.5816312327142226,0.9545454545454546,42,44,0.925,296,320,0.5,6,12
cadets12,base,single,rasp,native,0.95,True,0,unmet,no_tested_budget_meets_target,0.5,,,,,,,,,,,,,,1.0,1.0,0.9545454545454546,69130,69130,0.5000036163487895,0.5816312327142226,0.9545454545454546,42,44,0.925,296,320,0.5,6,12
cadets12,base,single,rasp,native,0.99,False,0,unmet,temporal_event_ceiling,0.925,,,,,,,,,,,,,,1.0,1.0,0.9545454545454546,69130,69130,0.5000036163487895,0.5816312327142226,0.9545454545454546,42,44,0.925,296,320,0.5,6,12
cadets12,base,single,rasp,native,0.99,True,0,unmet,temporal_event_ceiling,0.5,,,,,,,,,,,,,,1.0,1.0,0.9545454545454546,69130,69130,0.5000036163487895,0.5816312327142226,0.9545454545454546,42,44,0.925,296,320,0.5,6,12
cadets12,base,single,rasp,native,1.0,False,0,unmet,temporal_event_ceiling,0.925,,,,,,,,,,,,,,1.0,1.0,0.9545454545454546,69130,69130,0.5000036163487895,0.5816312327142226,0.9545454545454546,42,44,0.925,296,320,0.5,6,12
cadets12,base,single,rasp,native,1.0,True,0,unmet,temporal_event_ceiling,0.5,,,,,,,,,,,,,,1.0,1.0,0.9545454545454546,69130,69130,0.5000036163487895,0.5816312327142226,0.9545454545454546,42,44,0.925,296,320,0.5,6,12
cadets12,base,single,rasp,augmented,0.9,False,0,met,,,27652,27652,0.8000014465395159,0.832652493085689,0.9318181818181818,41,44,0.921875,295,320,0.4166666666666667,5,12,1.0,1.0,0.9545454545454546,,,,,,,,,,,,,
cadets12,base,single,rasp,augmented,0.9,True,0,unmet,no_tested_budget_meets_target,0.5,,,,,,,,,,,,,,1.0,1.0,0.9545454545454546,69130,69130,0.5000036163487895,0.5816312327142226,0.9545454545454546,42,44,0.925,296,320,0.5,6,12
cadets12,base,single,rasp,augmented,0.95,False,0,unmet,no_tested_budget_meets_target,0.925,,,,,,,,,,,,,,1.0,1.0,0.9545454545454546,69130,69130,0.5000036163487895,0.5816312327142226,0.9545454545454546,42,44,0.925,296,320,0.5,6,12
cadets12,base,single,rasp,augmented,0.95,True,0,unmet,no_tested_budget_meets_target,0.5,,,,,,,,,,,,,,1.0,1.0,0.9545454545454546,69130,69130,0.5000036163487895,0.5816312327142226,0.9545454545454546,42,44,0.925,296,320,0.5,6,12
cadets12,base,single,rasp,augmented,0.99,False,0,unmet,temporal_event_ceiling,0.925,,,,,,,,,,,,,,1.0,1.0,0.9545454545454546,69130,69130,0.5000036163487895,0.5816312327142226,0.9545454545454546,42,44,0.925,296,320,0.5,6,12
cadets12,base,single,rasp,augmented,0.99,True,0,unmet,temporal_event_ceiling,0.5,,,,,,,,,,,,,,1.0,1.0,0.9545454545454546,69130,69130,0.5000036163487895,0.5816312327142226,0.9545454545454546,42,44,0.925,296,320,0.5,6,12
cadets12,base,single,rasp,augmented,1.0,False,0,unmet,temporal_event_ceiling,0.925,,,,,,,,,,,,,,1.0,1.0,0.9545454545454546,69130,69130,0.5000036163487895,0.5816312327142226,0.9545454545454546,42,44,0.925,296,320,0.5,6,12
cadets12,base,single,rasp,augmented,1.0,True,0,unmet,temporal_event_ceiling,0.5,,,,,,,,,,,,,,1.0,1.0,0.9545454545454546,69130,69130,0.5000036163487895,0.5816312327142226,0.9545454545454546,42,44,0.925,296,320,0.5,6,12
cadets12,base,single,context_v1,native,0.9,False,0,met,,,138261,108263,0.2169664619813252,0.3448017090603194,0.9545454545454546,42,44,0.925,296,320,0.5,6,12,1.0,1.0,0.9545454545454546,,,,,,,,,,,,,
cadets12,base,single,context_v1,native,0.9,True,0,unmet,no_tested_budget_meets_target,0.5,,,,,,,,,,,,,,1.0,1.0,0.9545454545454546,138261,108263,0.2169664619813252,0.3448017090603194,0.9545454545454546,42,44,0.925,296,320,0.5,6,12
cadets12,base,single,context_v1,native,0.95,False,0,unmet,no_tested_budget_meets_target,0.925,,,,,,,,,,,,,,1.0,1.0,0.9545454545454546,138261,108263,0.2169664619813252,0.3448017090603194,0.9545454545454546,42,44,0.925,296,320,0.5,6,12
cadets12,base,single,context_v1,native,0.95,True,0,unmet,no_tested_budget_meets_target,0.5,,,,,,,,,,,,,,1.0,1.0,0.9545454545454546,138261,108263,0.2169664619813252,0.3448017090603194,0.9545454545454546,42,44,0.925,296,320,0.5,6,12
cadets12,base,single,context_v1,native,0.99,False,0,unmet,temporal_event_ceiling,0.925,,,,,,,,,,,,,,1.0,1.0,0.9545454545454546,138261,108263,0.2169664619813252,0.3448017090603194,0.9545454545454546,42,44,0.925,296,320,0.5,6,12
cadets12,base,single,context_v1,native,0.99,True,0,unmet,temporal_event_ceiling,0.5,,,,,,,,,,,,,,1.0,1.0,0.9545454545454546,138261,108263,0.2169664619813252,0.3448017090603194,0.9545454545454546,42,44,0.925,296,320,0.5,6,12
cadets12,base,single,context_v1,native,1.0,False,0,unmet,temporal_event_ceiling,0.925,,,,,,,,,,,,,,1.0,1.0,0.9545454545454546,138261,108263,0.2169664619813252,0.3448017090603194,0.9545454545454546,42,44,0.925,296,320,0.5,6,12
cadets12,base,single,context_v1,native,1.0,True,0,unmet,temporal_event_ceiling,0.5,,,,,,,,,,,,,,1.0,1.0,0.9545454545454546,138261,108263,0.2169664619813252,0.3448017090603194,0.9545454545454546,42,44,0.925,296,320,0.5,6,12
cadets12,base,single,context_v1,augmented,0.9,False,0,met,,,138261,108263,0.2169664619813252,0.3448017090603194,0.9545454545454546,42,44,0.925,296,320,0.5,6,12,1.0,1.0,0.9545454545454546,,,,,,,,,,,,,
cadets12,base,single,context_v1,augmented,0.9,True,0,unmet,no_tested_budget_meets_target,0.5,,,,,,,,,,,,,,1.0,1.0,0.9545454545454546,138261,108263,0.2169664619813252,0.3448017090603194,0.9545454545454546,42,44,0.925,296,320,0.5,6,12
cadets12,base,single,context_v1,augmented,0.95,False,0,unmet,no_tested_budget_meets_target,0.925,,,,,,,,,,,,,,1.0,1.0,0.9545454545454546,138261,108263,0.2169664619813252,0.3448017090603194,0.9545454545454546,42,44,0.925,296,320,0.5,6,12
cadets12,base,single,context_v1,augmented,0.95,True,0,unmet,no_tested_budget_meets_target,0.5,,,,,,,,,,,,,,1.0,1.0,0.9545454545454546,138261,108263,0.2169664619813252,0.3448017090603194,0.9545454545454546,42,44,0.925,296,320,0.5,6,12
cadets12,base,single,context_v1,augmented,0.99,False,0,unmet,temporal_event_ceiling,0.925,,,,,,,,,,,,,,1.0,1.0,0.9545454545454546,138261,108263,0.2169664619813252,0.3448017090603194,0.9545454545454546,42,44,0.925,296,320,0.5,6,12
cadets12,base,single,context_v1,augmented,0.99,True,0,unmet,temporal_event_ceiling,0.5,,,,,,,,,,,,,,1.0,1.0,0.9545454545454546,138261,108263,0.2169664619813252,0.3448017090603194,0.9545454545454546,42,44,0.925,296,320,0.5,6,12
cadets12,base,single,context_v1,augmented,1.0,False,0,unmet,temporal_event_ceiling,0.925,,,,,,,,,,,,,,1.0,1.0,0.9545454545454546,138261,108263,0.2169664619813252,0.3448017090603194,0.9545454545454546,42,44,0.925,296,320,0.5,6,12
cadets12,base,single,context_v1,augmented,1.0,True,0,unmet,temporal_event_ceiling,0.5,,,,,,,,,,,,,,1.0,1.0,0.9545454545454546,138261,108263,0.2169664619813252,0.3448017090603194,0.9545454545454546,42,44,0.925,296,320,0.5,6,12
cadets12,base,single,reliability,native,0.9,False,0,met,,,69130,69130,0.5000036163487895,0.5816312327142226,0.9545454545454546,42,44,0.925,296,320,0.5,6,12,1.0,1.0,0.9545454545454546,,,,,,,,,,,,,
cadets12,base,single,reliability,native,0.9,True,0,unmet,no_tested_budget_meets_target,0.5,,,,,,,,,,,,,,1.0,1.0,0.9545454545454546,69130,69130,0.5000036163487895,0.5816312327142226,0.9545454545454546,42,44,0.925,296,320,0.5,6,12
cadets12,base,single,reliability,native,0.95,False,0,unmet,no_tested_budget_meets_target,0.925,,,,,,,,,,,,,,1.0,1.0,0.9545454545454546,69130,69130,0.5000036163487895,0.5816312327142226,0.9545454545454546,42,44,0.925,296,320,0.5,6,12
cadets12,base,single,reliability,native,0.95,True,0,unmet,no_tested_budget_meets_target,0.5,,,,,,,,,,,,,,1.0,1.0,0.9545454545454546,69130,69130,0.5000036163487895,0.5816312327142226,0.9545454545454546,42,44,0.925,296,320,0.5,6,12
cadets12,base,single,reliability,native,0.99,False,0,unmet,temporal_event_ceiling,0.925,,,,,,,,,,,,,,1.0,1.0,0.9545454545454546,69130,69130,0.5000036163487895,0.5816312327142226,0.9545454545454546,42,44,0.925,296,320,0.5,6,12
cadets12,base,single,reliability,native,0.99,True,0,unmet,temporal_event_ceiling,0.5,,,,,,,,,,,,,,1.0,1.0,0.9545454545454546,69130,69130,0.5000036163487895,0.5816312327142226,0.9545454545454546,42,44,0.925,296,320,0.5,6,12
cadets12,base,single,reliability,native,1.0,False,0,unmet,temporal_event_ceiling,0.925,,,,,,,,,,,,,,1.0,1.0,0.9545454545454546,69130,69130,0.5000036163487895,0.5816312327142226,0.9545454545454546,42,44,0.925,296,320,0.5,6,12
cadets12,base,single,reliability,native,1.0,True,0,unmet,temporal_event_ceiling,0.5,,,,,,,,,,,,,,1.0,1.0,0.9545454545454546,69130,69130,0.5000036163487895,0.5816312327142226,0.9545454545454546,42,44,0.925,296,320,0.5,6,12
cadets12,base,single,reliability,augmented,0.9,False,0,met,,,69130,69130,0.5000036163487895,0.5816312327142226,0.9545454545454546,42,44,0.925,296,320,0.5,6,12,1.0,1.0,0.9545454545454546,,,,,,,,,,,,,
cadets12,base,single,reliability,augmented,0.9,True,0,unmet,no_tested_budget_meets_target,0.5,,,,,,,,,,,,,,1.0,1.0,0.9545454545454546,69130,69130,0.5000036163487895,0.5816312327142226,0.9545454545454546,42,44,0.925,296,320,0.5,6,12
cadets12,base,single,reliability,augmented,0.95,False,0,unmet,no_tested_budget_meets_target,0.925,,,,,,,,,,,,,,1.0,1.0,0.9545454545454546,69130,69130,0.5000036163487895,0.5816312327142226,0.9545454545454546,42,44,0.925,296,320,0.5,6,12
cadets12,base,single,reliability,augmented,0.95,True,0,unmet,no_tested_budget_meets_target,0.5,,,,,,,,,,,,,,1.0,1.0,0.9545454545454546,69130,69130,0.5000036163487895,0.5816312327142226,0.9545454545454546,42,44,0.925,296,320,0.5,6,12
cadets12,base,single,reliability,augmented,0.99,False,0,unmet,temporal_event_ceiling,0.925,,,,,,,,,,,,,,1.0,1.0,0.9545454545454546,69130,69130,0.5000036163487895,0.5816312327142226,0.9545454545454546,42,44,0.925,296,320,0.5,6,12
cadets12,base,single,reliability,augmented,0.99,True,0,unmet,temporal_event_ceiling,0.5,,,,,,,,,,,,,,1.0,1.0,0.9545454545454546,69130,69130,0.5000036163487895,0.5816312327142226,0.9545454545454546,42,44,0.925,296,320,0.5,6,12
cadets12,base,single,reliability,augmented,1.0,False,0,unmet,temporal_event_ceiling,0.925,,,,,,,,,,,,,,1.0,1.0,0.9545454545454546,69130,69130,0.5000036163487895,0.5816312327142226,0.9545454545454546,42,44,0.925,296,320,0.5,6,12
cadets12,base,single,reliability,augmented,1.0,True,0,unmet,temporal_event_ceiling,0.5,,,,,,,,,,,,,,1.0,1.0,0.9545454545454546,69130,69130,0.5000036163487895,0.5816312327142226,0.9545454545454546,42,44,0.925,296,320,0.5,6,12
cadets12,base,single,adaptive_v1,native,0.9,False,0,met,,,138261,108263,0.2169664619813252,0.3448017090603194,0.9545454545454546,42,44,0.925,296,320,0.5,6,12,1.0,1.0,0.9545454545454546,,,,,,,,,,,,,
cadets12,base,single,adaptive_v1,native,0.9,True,0,unmet,no_tested_budget_meets_target,0.5,,,,,,,,,,,,,,1.0,1.0,0.9545454545454546,138261,108263,0.2169664619813252,0.3448017090603194,0.9545454545454546,42,44,0.925,296,320,0.5,6,12
cadets12,base,single,adaptive_v1,native,0.95,False,0,unmet,no_tested_budget_meets_target,0.925,,,,,,,,,,,,,,1.0,1.0,0.9545454545454546,138261,108263,0.2169664619813252,0.3448017090603194,0.9545454545454546,42,44,0.925,296,320,0.5,6,12
cadets12,base,single,adaptive_v1,native,0.95,True,0,unmet,no_tested_budget_meets_target,0.5,,,,,,,,,,,,,,1.0,1.0,0.9545454545454546,138261,108263,0.2169664619813252,0.3448017090603194,0.9545454545454546,42,44,0.925,296,320,0.5,6,12
cadets12,base,single,adaptive_v1,native,0.99,False,0,unmet,temporal_event_ceiling,0.925,,,,,,,,,,,,,,1.0,1.0,0.9545454545454546,138261,108263,0.2169664619813252,0.3448017090603194,0.9545454545454546,42,44,0.925,296,320,0.5,6,12
cadets12,base,single,adaptive_v1,native,0.99,True,0,unmet,temporal_event_ceiling,0.5,,,,,,,,,,,,,,1.0,1.0,0.9545454545454546,138261,108263,0.2169664619813252,0.3448017090603194,0.9545454545454546,42,44,0.925,296,320,0.5,6,12
cadets12,base,single,adaptive_v1,native,1.0,False,0,unmet,temporal_event_ceiling,0.925,,,,,,,,,,,,,,1.0,1.0,0.9545454545454546,138261,108263,0.2169664619813252,0.3448017090603194,0.9545454545454546,42,44,0.925,296,320,0.5,6,12
cadets12,base,single,adaptive_v1,native,1.0,True,0,unmet,temporal_event_ceiling,0.5,,,,,,,,,,,,,,1.0,1.0,0.9545454545454546,138261,108263,0.2169664619813252,0.3448017090603194,0.9545454545454546,42,44,0.925,296,320,0.5,6,12
cadets12,base,single,adaptive_v1,augmented,0.9,False,0,met,,,138261,108263,0.2169664619813252,0.3448017090603194,0.9545454545454546,42,44,0.925,296,320,0.5,6,12,1.0,1.0,0.9545454545454546,,,,,,,,,,,,,
cadets12,base,single,adaptive_v1,augmented,0.9,True,0,unmet,no_tested_budget_meets_target,0.5,,,,,,,,,,,,,,1.0,1.0,0.9545454545454546,138261,108263,0.2169664619813252,0.3448017090603194,0.9545454545454546,42,44,0.925,296,320,0.5,6,12
cadets12,base,single,adaptive_v1,augmented,0.95,False,0,unmet,no_tested_budget_meets_target,0.925,,,,,,,,,,,,,,1.0,1.0,0.9545454545454546,138261,108263,0.2169664619813252,0.3448017090603194,0.9545454545454546,42,44,0.925,296,320,0.5,6,12
cadets12,base,single,adaptive_v1,augmented,0.95,True,0,unmet,no_tested_budget_meets_target,0.5,,,,,,,,,,,,,,1.0,1.0,0.9545454545454546,138261,108263,0.2169664619813252,0.3448017090603194,0.9545454545454546,42,44,0.925,296,320,0.5,6,12
cadets12,base,single,adaptive_v1,augmented,0.99,False,0,unmet,temporal_event_ceiling,0.925,,,,,,,,,,,,,,1.0,1.0,0.9545454545454546,138261,108263,0.2169664619813252,0.3448017090603194,0.9545454545454546,42,44,0.925,296,320,0.5,6,12
cadets12,base,single,adaptive_v1,augmented,0.99,True,0,unmet,temporal_event_ceiling,0.5,,,,,,,,,,,,,,1.0,1.0,0.9545454545454546,138261,108263,0.2169664619813252,0.3448017090603194,0.9545454545454546,42,44,0.925,296,320,0.5,6,12
cadets12,base,single,adaptive_v1,augmented,1.0,False,0,unmet,temporal_event_ceiling,0.925,,,,,,,,,,,,,,1.0,1.0,0.9545454545454546,138261,108263,0.2169664619813252,0.3448017090603194,0.9545454545454546,42,44,0.925,296,320,0.5,6,12
cadets12,base,single,adaptive_v1,augmented,1.0,True,0,unmet,temporal_event_ceiling,0.5,,,,,,,,,,,,,,1.0,1.0,0.9545454545454546,138261,108263,0.2169664619813252,0.3448017090603194,0.9545454545454546,42,44,0.925,296,320,0.5,6,12
cadets12,base,single,reliability_chain,native,0.9,False,0,met,,,69130,69130,0.5000036163487895,0.5816312327142226,0.9545454545454546,42,44,0.925,296,320,0.5,6,12,1.0,1.0,0.9545454545454546,,,,,,,,,,,,,
cadets12,base,single,reliability_chain,native,0.9,True,0,unmet,no_tested_budget_meets_target,0.5,,,,,,,,,,,,,,1.0,1.0,0.9545454545454546,69130,69130,0.5000036163487895,0.5816312327142226,0.9545454545454546,42,44,0.925,296,320,0.5,6,12
cadets12,base,single,reliability_chain,native,0.95,False,0,unmet,no_tested_budget_meets_target,0.925,,,,,,,,,,,,,,1.0,1.0,0.9545454545454546,69130,69130,0.5000036163487895,0.5816312327142226,0.9545454545454546,42,44,0.925,296,320,0.5,6,12
cadets12,base,single,reliability_chain,native,0.95,True,0,unmet,no_tested_budget_meets_target,0.5,,,,,,,,,,,,,,1.0,1.0,0.9545454545454546,69130,69130,0.5000036163487895,0.5816312327142226,0.9545454545454546,42,44,0.925,296,320,0.5,6,12
cadets12,base,single,reliability_chain,native,0.99,False,0,unmet,temporal_event_ceiling,0.925,,,,,,,,,,,,,,1.0,1.0,0.9545454545454546,69130,69130,0.5000036163487895,0.5816312327142226,0.9545454545454546,42,44,0.925,296,320,0.5,6,12
cadets12,base,single,reliability_chain,native,0.99,True,0,unmet,temporal_event_ceiling,0.5,,,,,,,,,,,,,,1.0,1.0,0.9545454545454546,69130,69130,0.5000036163487895,0.5816312327142226,0.9545454545454546,42,44,0.925,296,320,0.5,6,12
cadets12,base,single,reliability_chain,native,1.0,False,0,unmet,temporal_event_ceiling,0.925,,,,,,,,,,,,,,1.0,1.0,0.9545454545454546,69130,69130,0.5000036163487895,0.5816312327142226,0.9545454545454546,42,44,0.925,296,320,0.5,6,12
cadets12,base,single,reliability_chain,native,1.0,True,0,unmet,temporal_event_ceiling,0.5,,,,,,,,,,,,,,1.0,1.0,0.9545454545454546,69130,69130,0.5000036163487895,0.5816312327142226,0.9545454545454546,42,44,0.925,296,320,0.5,6,12
cadets12,base,single,reliability_chain,augmented,0.9,False,0,met,,,69130,69130,0.5000036163487895,0.5816312327142226,0.9545454545454546,42,44,0.925,296,320,0.5,6,12,1.0,1.0,0.9545454545454546,,,,,,,,,,,,,
cadets12,base,single,reliability_chain,augmented,0.9,True,0,unmet,no_tested_budget_meets_target,0.5,,,,,,,,,,,,,,1.0,1.0,0.9545454545454546,69130,69130,0.5000036163487895,0.5816312327142226,0.9545454545454546,42,44,0.925,296,320,0.5,6,12
cadets12,base,single,reliability_chain,augmented,0.95,False,0,unmet,no_tested_budget_meets_target,0.925,,,,,,,,,,,,,,1.0,1.0,0.9545454545454546,69130,69130,0.5000036163487895,0.5816312327142226,0.9545454545454546,42,44,0.925,296,320,0.5,6,12
cadets12,base,single,reliability_chain,augmented,0.95,True,0,unmet,no_tested_budget_meets_target,0.5,,,,,,,,,,,,,,1.0,1.0,0.9545454545454546,69130,69130,0.5000036163487895,0.5816312327142226,0.9545454545454546,42,44,0.925,296,320,0.5,6,12
cadets12,base,single,reliability_chain,augmented,0.99,False,0,unmet,temporal_event_ceiling,0.925,,,,,,,,,,,,,,1.0,1.0,0.9545454545454546,69130,69130,0.5000036163487895,0.5816312327142226,0.9545454545454546,42,44,0.925,296,320,0.5,6,12
cadets12,base,single,reliability_chain,augmented,0.99,True,0,unmet,temporal_event_ceiling,0.5,,,,,,,,,,,,,,1.0,1.0,0.9545454545454546,69130,69130,0.5000036163487895,0.5816312327142226,0.9545454545454546,42,44,0.925,296,320,0.5,6,12
cadets12,base,single,reliability_chain,augmented,1.0,False,0,unmet,temporal_event_ceiling,0.925,,,,,,,,,,,,,,1.0,1.0,0.9545454545454546,69130,69130,0.5000036163487895,0.5816312327142226,0.9545454545454546,42,44,0.925,296,320,0.5,6,12
cadets12,base,single,reliability_chain,augmented,1.0,True,0,unmet,temporal_event_ceiling,0.5,,,,,,,,,,,,,,1.0,1.0,0.9545454545454546,69130,69130,0.5000036163487895,0.5816312327142226,0.9545454545454546,42,44,0.925,296,320,0.5,6,12
cadets12,base,declared,rarity_only,native,0.9,False,0,met,,,6913,6913,0.950000361634879,0.9581631232714223,0.9545454545454546,42,44,0.925,296,320,0.5,6,12,1.0,1.0,0.9545454545454546,,,,,,,,,,,,,
cadets12,base,declared,rarity_only,native,0.9,True,0,unmet,no_tested_budget_meets_target,0.5,,,,,,,,,,,,,,1.0,1.0,0.9545454545454546,6913,6913,0.950000361634879,0.9581631232714223,0.9545454545454546,42,44,0.925,296,320,0.5,6,12
cadets12,base,declared,rarity_only,native,0.95,False,0,unmet,no_tested_budget_meets_target,0.925,,,,,,,,,,,,,,1.0,1.0,0.9545454545454546,6913,6913,0.950000361634879,0.9581631232714223,0.9545454545454546,42,44,0.925,296,320,0.5,6,12
cadets12,base,declared,rarity_only,native,0.95,True,0,unmet,no_tested_budget_meets_target,0.5,,,,,,,,,,,,,,1.0,1.0,0.9545454545454546,6913,6913,0.950000361634879,0.9581631232714223,0.9545454545454546,42,44,0.925,296,320,0.5,6,12
cadets12,base,declared,rarity_only,native,0.99,False,0,unmet,temporal_event_ceiling,0.925,,,,,,,,,,,,,,1.0,1.0,0.9545454545454546,6913,6913,0.950000361634879,0.9581631232714223,0.9545454545454546,42,44,0.925,296,320,0.5,6,12
cadets12,base,declared,rarity_only,native,0.99,True,0,unmet,temporal_event_ceiling,0.5,,,,,,,,,,,,,,1.0,1.0,0.9545454545454546,6913,6913,0.950000361634879,0.9581631232714223,0.9545454545454546,42,44,0.925,296,320,0.5,6,12
cadets12,base,declared,rarity_only,native,1.0,False,0,unmet,temporal_event_ceiling,0.925,,,,,,,,,,,,,,1.0,1.0,0.9545454545454546,6913,6913,0.950000361634879,0.9581631232714223,0.9545454545454546,42,44,0.925,296,320,0.5,6,12
cadets12,base,declared,rarity_only,native,1.0,True,0,unmet,temporal_event_ceiling,0.5,,,,,,,,,,,,,,1.0,1.0,0.9545454545454546,6913,6913,0.950000361634879,0.9581631232714223,0.9545454545454546,42,44,0.925,296,320,0.5,6,12
cadets12,base,declared,rarity_only,augmented,0.9,False,0,met,,,6913,6913,0.950000361634879,0.9581631232714223,0.9545454545454546,42,44,0.925,296,320,0.5,6,12,1.0,1.0,0.9545454545454546,,,,,,,,,,,,,
cadets12,base,declared,rarity_only,augmented,0.9,True,0,unmet,no_tested_budget_meets_target,0.5,,,,,,,,,,,,,,1.0,1.0,0.9545454545454546,6913,6913,0.950000361634879,0.9581631232714223,0.9545454545454546,42,44,0.925,296,320,0.5,6,12
cadets12,base,declared,rarity_only,augmented,0.95,False,0,unmet,no_tested_budget_meets_target,0.925,,,,,,,,,,,,,,1.0,1.0,0.9545454545454546,6913,6913,0.950000361634879,0.9581631232714223,0.9545454545454546,42,44,0.925,296,320,0.5,6,12
cadets12,base,declared,rarity_only,augmented,0.95,True,0,unmet,no_tested_budget_meets_target,0.5,,,,,,,,,,,,,,1.0,1.0,0.9545454545454546,6913,6913,0.950000361634879,0.9581631232714223,0.9545454545454546,42,44,0.925,296,320,0.5,6,12
cadets12,base,declared,rarity_only,augmented,0.99,False,0,unmet,temporal_event_ceiling,0.925,,,,,,,,,,,,,,1.0,1.0,0.9545454545454546,6913,6913,0.950000361634879,0.9581631232714223,0.9545454545454546,42,44,0.925,296,320,0.5,6,12
cadets12,base,declared,rarity_only,augmented,0.99,True,0,unmet,temporal_event_ceiling,0.5,,,,,,,,,,,,,,1.0,1.0,0.9545454545454546,6913,6913,0.950000361634879,0.9581631232714223,0.9545454545454546,42,44,0.925,296,320,0.5,6,12
cadets12,base,declared,rarity_only,augmented,1.0,False,0,unmet,temporal_event_ceiling,0.925,,,,,,,,,,,,,,1.0,1.0,0.9545454545454546,6913,6913,0.950000361634879,0.9581631232714223,0.9545454545454546,42,44,0.925,296,320,0.5,6,12
cadets12,base,declared,rarity_only,augmented,1.0,True,0,unmet,temporal_event_ceiling,0.5,,,,,,,,,,,,,,1.0,1.0,0.9545454545454546,6913,6913,0.950000361634879,0.9581631232714223,0.9545454545454546,42,44,0.925,296,320,0.5,6,12
cadets12,base,declared,diffusion_only,native,0.9,False,0,met,,,27652,27652,0.8000014465395159,0.832652493085689,0.9545454545454546,42,44,0.925,296,320,0.5,6,12,1.0,1.0,0.9545454545454546,,,,,,,,,,,,,
cadets12,base,declared,diffusion_only,native,0.9,True,0,unmet,no_tested_budget_meets_target,0.5,,,,,,,,,,,,,,1.0,1.0,0.9545454545454546,27652,27652,0.8000014465395159,0.832652493085689,0.9545454545454546,42,44,0.925,296,320,0.5,6,12
cadets12,base,declared,diffusion_only,native,0.95,False,0,unmet,no_tested_budget_meets_target,0.925,,,,,,,,,,,,,,1.0,1.0,0.9545454545454546,27652,27652,0.8000014465395159,0.832652493085689,0.9545454545454546,42,44,0.925,296,320,0.5,6,12
cadets12,base,declared,diffusion_only,native,0.95,True,0,unmet,no_tested_budget_meets_target,0.5,,,,,,,,,,,,,,1.0,1.0,0.9545454545454546,27652,27652,0.8000014465395159,0.832652493085689,0.9545454545454546,42,44,0.925,296,320,0.5,6,12
cadets12,base,declared,diffusion_only,native,0.99,False,0,unmet,temporal_event_ceiling,0.925,,,,,,,,,,,,,,1.0,1.0,0.9545454545454546,27652,27652,0.8000014465395159,0.832652493085689,0.9545454545454546,42,44,0.925,296,320,0.5,6,12
cadets12,base,declared,diffusion_only,native,0.99,True,0,unmet,temporal_event_ceiling,0.5,,,,,,,,,,,,,,1.0,1.0,0.9545454545454546,27652,27652,0.8000014465395159,0.832652493085689,0.9545454545454546,42,44,0.925,296,320,0.5,6,12
cadets12,base,declared,diffusion_only,native,1.0,False,0,unmet,temporal_event_ceiling,0.925,,,,,,,,,,,,,,1.0,1.0,0.9545454545454546,27652,27652,0.8000014465395159,0.832652493085689,0.9545454545454546,42,44,0.925,296,320,0.5,6,12
cadets12,base,declared,diffusion_only,native,1.0,True,0,unmet,temporal_event_ceiling,0.5,,,,,,,,,,,,,,1.0,1.0,0.9545454545454546,27652,27652,0.8000014465395159,0.832652493085689,0.9545454545454546,42,44,0.925,296,320,0.5,6,12
cadets12,base,declared,diffusion_only,augmented,0.9,False,0,met,,,27652,27652,0.8000014465395159,0.832652493085689,0.9545454545454546,42,44,0.925,296,320,0.5,6,12,1.0,1.0,0.9545454545454546,,,,,,,,,,,,,
cadets12,base,declared,diffusion_only,augmented,0.9,True,0,unmet,no_tested_budget_meets_target,0.5,,,,,,,,,,,,,,1.0,1.0,0.9545454545454546,27652,27652,0.8000014465395159,0.832652493085689,0.9545454545454546,42,44,0.925,296,320,0.5,6,12
cadets12,base,declared,diffusion_only,augmented,0.95,False,0,unmet,no_tested_budget_meets_target,0.925,,,,,,,,,,,,,,1.0,1.0,0.9545454545454546,27652,27652,0.8000014465395159,0.832652493085689,0.9545454545454546,42,44,0.925,296,320,0.5,6,12
cadets12,base,declared,diffusion_only,augmented,0.95,True,0,unmet,no_tested_budget_meets_target,0.5,,,,,,,,,,,,,,1.0,1.0,0.9545454545454546,27652,27652,0.8000014465395159,0.832652493085689,0.9545454545454546,42,44,0.925,296,320,0.5,6,12
cadets12,base,declared,diffusion_only,augmented,0.99,False,0,unmet,temporal_event_ceiling,0.925,,,,,,,,,,,,,,1.0,1.0,0.9545454545454546,27652,27652,0.8000014465395159,0.832652493085689,0.9545454545454546,42,44,0.925,296,320,0.5,6,12
cadets12,base,declared,diffusion_only,augmented,0.99,True,0,unmet,temporal_event_ceiling,0.5,,,,,,,,,,,,,,1.0,1.0,0.9545454545454546,27652,27652,0.8000014465395159,0.832652493085689,0.9545454545454546,42,44,0.925,296,320,0.5,6,12
cadets12,base,declared,diffusion_only,augmented,1.0,False,0,unmet,temporal_event_ceiling,0.925,,,,,,,,,,,,,,1.0,1.0,0.9545454545454546,27652,27652,0.8000014465395159,0.832652493085689,0.9545454545454546,42,44,0.925,296,320,0.5,6,12
cadets12,base,declared,diffusion_only,augmented,1.0,True,0,unmet,temporal_event_ceiling,0.5,,,,,,,,,,,,,,1.0,1.0,0.9545454545454546,27652,27652,0.8000014465395159,0.832652493085689,0.9545454545454546,42,44,0.925,296,320,0.5,6,12
cadets12,base,declared,rasp,native,0.9,False,0,met,,,27652,27652,0.8000014465395159,0.832652493085689,0.9545454545454546,42,44,0.925,296,320,0.5,6,12,1.0,1.0,0.9545454545454546,,,,,,,,,,,,,
cadets12,base,declared,rasp,native,0.9,True,0,unmet,no_tested_budget_meets_target,0.5,,,,,,,,,,,,,,1.0,1.0,0.9545454545454546,27652,27652,0.8000014465395159,0.832652493085689,0.9545454545454546,42,44,0.925,296,320,0.5,6,12
cadets12,base,declared,rasp,native,0.95,False,0,unmet,no_tested_budget_meets_target,0.925,,,,,,,,,,,,,,1.0,1.0,0.9545454545454546,27652,27652,0.8000014465395159,0.832652493085689,0.9545454545454546,42,44,0.925,296,320,0.5,6,12
cadets12,base,declared,rasp,native,0.95,True,0,unmet,no_tested_budget_meets_target,0.5,,,,,,,,,,,,,,1.0,1.0,0.9545454545454546,27652,27652,0.8000014465395159,0.832652493085689,0.9545454545454546,42,44,0.925,296,320,0.5,6,12
cadets12,base,declared,rasp,native,0.99,False,0,unmet,temporal_event_ceiling,0.925,,,,,,,,,,,,,,1.0,1.0,0.9545454545454546,27652,27652,0.8000014465395159,0.832652493085689,0.9545454545454546,42,44,0.925,296,320,0.5,6,12
cadets12,base,declared,rasp,native,0.99,True,0,unmet,temporal_event_ceiling,0.5,,,,,,,,,,,,,,1.0,1.0,0.9545454545454546,27652,27652,0.8000014465395159,0.832652493085689,0.9545454545454546,42,44,0.925,296,320,0.5,6,12
cadets12,base,declared,rasp,native,1.0,False,0,unmet,temporal_event_ceiling,0.925,,,,,,,,,,,,,,1.0,1.0,0.9545454545454546,27652,27652,0.8000014465395159,0.832652493085689,0.9545454545454546,42,44,0.925,296,320,0.5,6,12
cadets12,base,declared,rasp,native,1.0,True,0,unmet,temporal_event_ceiling,0.5,,,,,,,,,,,,,,1.0,1.0,0.9545454545454546,27652,27652,0.8000014465395159,0.832652493085689,0.9545454545454546,42,44,0.925,296,320,0.5,6,12
cadets12,base,declared,rasp,augmented,0.9,False,0,met,,,27652,27652,0.8000014465395159,0.832652493085689,0.9545454545454546,42,44,0.925,296,320,0.5,6,12,1.0,1.0,0.9545454545454546,,,,,,,,,,,,,
cadets12,base,declared,rasp,augmented,0.9,True,0,unmet,no_tested_budget_meets_target,0.5,,,,,,,,,,,,,,1.0,1.0,0.9545454545454546,27652,27652,0.8000014465395159,0.832652493085689,0.9545454545454546,42,44,0.925,296,320,0.5,6,12
cadets12,base,declared,rasp,augmented,0.95,False,0,unmet,no_tested_budget_meets_target,0.925,,,,,,,,,,,,,,1.0,1.0,0.9545454545454546,27652,27652,0.8000014465395159,0.832652493085689,0.9545454545454546,42,44,0.925,296,320,0.5,6,12
cadets12,base,declared,rasp,augmented,0.95,True,0,unmet,no_tested_budget_meets_target,0.5,,,,,,,,,,,,,,1.0,1.0,0.9545454545454546,27652,27652,0.8000014465395159,0.832652493085689,0.9545454545454546,42,44,0.925,296,320,0.5,6,12
cadets12,base,declared,rasp,augmented,0.99,False,0,unmet,temporal_event_ceiling,0.925,,,,,,,,,,,,,,1.0,1.0,0.9545454545454546,27652,27652,0.8000014465395159,0.832652493085689,0.9545454545454546,42,44,0.925,296,320,0.5,6,12
cadets12,base,declared,rasp,augmented,0.99,True,0,unmet,temporal_event_ceiling,0.5,,,,,,,,,,,,,,1.0,1.0,0.9545454545454546,27652,27652,0.8000014465395159,0.832652493085689,0.9545454545454546,42,44,0.925,296,320,0.5,6,12
cadets12,base,declared,rasp,augmented,1.0,False,0,unmet,temporal_event_ceiling,0.925,,,,,,,,,,,,,,1.0,1.0,0.9545454545454546,27652,27652,0.8000014465395159,0.832652493085689,0.9545454545454546,42,44,0.925,296,320,0.5,6,12
cadets12,base,declared,rasp,augmented,1.0,True,0,unmet,temporal_event_ceiling,0.5,,,,,,,,,,,,,,1.0,1.0,0.9545454545454546,27652,27652,0.8000014465395159,0.832652493085689,0.9545454545454546,42,44,0.925,296,320,0.5,6,12
cadets12,base,declared,context_v1,native,0.9,False,0,met,,,27652,27652,0.8000014465395159,0.832652493085689,0.9545454545454546,42,44,0.925,296,320,0.5,6,12,1.0,1.0,0.9545454545454546,,,,,,,,,,,,,
cadets12,base,declared,context_v1,native,0.9,True,0,unmet,no_tested_budget_meets_target,0.5,,,,,,,,,,,,,,1.0,1.0,0.9545454545454546,27652,27652,0.8000014465395159,0.832652493085689,0.9545454545454546,42,44,0.925,296,320,0.5,6,12
cadets12,base,declared,context_v1,native,0.95,False,0,unmet,no_tested_budget_meets_target,0.925,,,,,,,,,,,,,,1.0,1.0,0.9545454545454546,27652,27652,0.8000014465395159,0.832652493085689,0.9545454545454546,42,44,0.925,296,320,0.5,6,12
cadets12,base,declared,context_v1,native,0.95,True,0,unmet,no_tested_budget_meets_target,0.5,,,,,,,,,,,,,,1.0,1.0,0.9545454545454546,27652,27652,0.8000014465395159,0.832652493085689,0.9545454545454546,42,44,0.925,296,320,0.5,6,12
cadets12,base,declared,context_v1,native,0.99,False,0,unmet,temporal_event_ceiling,0.925,,,,,,,,,,,,,,1.0,1.0,0.9545454545454546,27652,27652,0.8000014465395159,0.832652493085689,0.9545454545454546,42,44,0.925,296,320,0.5,6,12
cadets12,base,declared,context_v1,native,0.99,True,0,unmet,temporal_event_ceiling,0.5,,,,,,,,,,,,,,1.0,1.0,0.9545454545454546,27652,27652,0.8000014465395159,0.832652493085689,0.9545454545454546,42,44,0.925,296,320,0.5,6,12
cadets12,base,declared,context_v1,native,1.0,False,0,unmet,temporal_event_ceiling,0.925,,,,,,,,,,,,,,1.0,1.0,0.9545454545454546,27652,27652,0.8000014465395159,0.832652493085689,0.9545454545454546,42,44,0.925,296,320,0.5,6,12
cadets12,base,declared,context_v1,native,1.0,True,0,unmet,temporal_event_ceiling,0.5,,,,,,,,,,,,,,1.0,1.0,0.9545454545454546,27652,27652,0.8000014465395159,0.832652493085689,0.9545454545454546,42,44,0.925,296,320,0.5,6,12
cadets12,base,declared,context_v1,augmented,0.9,False,0,met,,,27652,27652,0.8000014465395159,0.832652493085689,0.9545454545454546,42,44,0.925,296,320,0.5,6,12,1.0,1.0,0.9545454545454546,,,,,,,,,,,,,
cadets12,base,declared,context_v1,augmented,0.9,True,0,unmet,no_tested_budget_meets_target,0.5,,,,,,,,,,,,,,1.0,1.0,0.9545454545454546,27652,27652,0.8000014465395159,0.832652493085689,0.9545454545454546,42,44,0.925,296,320,0.5,6,12
cadets12,base,declared,context_v1,augmented,0.95,False,0,unmet,no_tested_budget_meets_target,0.925,,,,,,,,,,,,,,1.0,1.0,0.9545454545454546,27652,27652,0.8000014465395159,0.832652493085689,0.9545454545454546,42,44,0.925,296,320,0.5,6,12
cadets12,base,declared,context_v1,augmented,0.95,True,0,unmet,no_tested_budget_meets_target,0.5,,,,,,,,,,,,,,1.0,1.0,0.9545454545454546,27652,27652,0.8000014465395159,0.832652493085689,0.9545454545454546,42,44,0.925,296,320,0.5,6,12
cadets12,base,declared,context_v1,augmented,0.99,False,0,unmet,temporal_event_ceiling,0.925,,,,,,,,,,,,,,1.0,1.0,0.9545454545454546,27652,27652,0.8000014465395159,0.832652493085689,0.9545454545454546,42,44,0.925,296,320,0.5,6,12
cadets12,base,declared,context_v1,augmented,0.99,True,0,unmet,temporal_event_ceiling,0.5,,,,,,,,,,,,,,1.0,1.0,0.9545454545454546,27652,27652,0.8000014465395159,0.832652493085689,0.9545454545454546,42,44,0.925,296,320,0.5,6,12
cadets12,base,declared,context_v1,augmented,1.0,False,0,unmet,temporal_event_ceiling,0.925,,,,,,,,,,,,,,1.0,1.0,0.9545454545454546,27652,27652,0.8000014465395159,0.832652493085689,0.9545454545454546,42,44,0.925,296,320,0.5,6,12
cadets12,base,declared,context_v1,augmented,1.0,True,0,unmet,temporal_event_ceiling,0.5,,,,,,,,,,,,,,1.0,1.0,0.9545454545454546,27652,27652,0.8000014465395159,0.832652493085689,0.9545454545454546,42,44,0.925,296,320,0.5,6,12
cadets12,base,declared,reliability,native,0.9,False,0,met,,,13826,13826,0.9000007232697579,0.9163262465428446,0.9545454545454546,42,44,0.925,296,320,0.5,6,12,1.0,1.0,0.9545454545454546,,,,,,,,,,,,,
cadets12,base,declared,reliability,native,0.9,True,0,unmet,no_tested_budget_meets_target,0.5,,,,,,,,,,,,,,1.0,1.0,0.9545454545454546,13826,13826,0.9000007232697579,0.9163262465428446,0.9545454545454546,42,44,0.925,296,320,0.5,6,12
cadets12,base,declared,reliability,native,0.95,False,0,unmet,no_tested_budget_meets_target,0.925,,,,,,,,,,,,,,1.0,1.0,0.9545454545454546,13826,13826,0.9000007232697579,0.9163262465428446,0.9545454545454546,42,44,0.925,296,320,0.5,6,12
cadets12,base,declared,reliability,native,0.95,True,0,unmet,no_tested_budget_meets_target,0.5,,,,,,,,,,,,,,1.0,1.0,0.9545454545454546,13826,13826,0.9000007232697579,0.9163262465428446,0.9545454545454546,42,44,0.925,296,320,0.5,6,12
cadets12,base,declared,reliability,native,0.99,False,0,unmet,temporal_event_ceiling,0.925,,,,,,,,,,,,,,1.0,1.0,0.9545454545454546,13826,13826,0.9000007232697579,0.9163262465428446,0.9545454545454546,42,44,0.925,296,320,0.5,6,12
cadets12,base,declared,reliability,native,0.99,True,0,unmet,temporal_event_ceiling,0.5,,,,,,,,,,,,,,1.0,1.0,0.9545454545454546,13826,13826,0.9000007232697579,0.9163262465428446,0.9545454545454546,42,44,0.925,296,320,0.5,6,12
cadets12,base,declared,reliability,native,1.0,False,0,unmet,temporal_event_ceiling,0.925,,,,,,,,,,,,,,1.0,1.0,0.9545454545454546,13826,13826,0.9000007232697579,0.9163262465428446,0.9545454545454546,42,44,0.925,296,320,0.5,6,12
cadets12,base,declared,reliability,native,1.0,True,0,unmet,temporal_event_ceiling,0.5,,,,,,,,,,,,,,1.0,1.0,0.9545454545454546,13826,13826,0.9000007232697579,0.9163262465428446,0.9545454545454546,42,44,0.925,296,320,0.5,6,12
cadets12,base,declared,reliability,augmented,0.9,False,0,met,,,13826,13826,0.9000007232697579,0.9163262465428446,0.9545454545454546,42,44,0.925,296,320,0.5,6,12,1.0,1.0,0.9545454545454546,,,,,,,,,,,,,
cadets12,base,declared,reliability,augmented,0.9,True,0,unmet,no_tested_budget_meets_target,0.5,,,,,,,,,,,,,,1.0,1.0,0.9545454545454546,13826,13826,0.9000007232697579,0.9163262465428446,0.9545454545454546,42,44,0.925,296,320,0.5,6,12
cadets12,base,declared,reliability,augmented,0.95,False,0,unmet,no_tested_budget_meets_target,0.925,,,,,,,,,,,,,,1.0,1.0,0.9545454545454546,13826,13826,0.9000007232697579,0.9163262465428446,0.9545454545454546,42,44,0.925,296,320,0.5,6,12
cadets12,base,declared,reliability,augmented,0.95,True,0,unmet,no_tested_budget_meets_target,0.5,,,,,,,,,,,,,,1.0,1.0,0.9545454545454546,13826,13826,0.9000007232697579,0.9163262465428446,0.9545454545454546,42,44,0.925,296,320,0.5,6,12
cadets12,base,declared,reliability,augmented,0.99,False,0,unmet,temporal_event_ceiling,0.925,,,,,,,,,,,,,,1.0,1.0,0.9545454545454546,13826,13826,0.9000007232697579,0.9163262465428446,0.9545454545454546,42,44,0.925,296,320,0.5,6,12
cadets12,base,declared,reliability,augmented,0.99,True,0,unmet,temporal_event_ceiling,0.5,,,,,,,,,,,,,,1.0,1.0,0.9545454545454546,13826,13826,0.9000007232697579,0.9163262465428446,0.9545454545454546,42,44,0.925,296,320,0.5,6,12
cadets12,base,declared,reliability,augmented,1.0,False,0,unmet,temporal_event_ceiling,0.925,,,,,,,,,,,,,,1.0,1.0,0.9545454545454546,13826,13826,0.9000007232697579,0.9163262465428446,0.9545454545454546,42,44,0.925,296,320,0.5,6,12
cadets12,base,declared,reliability,augmented,1.0,True,0,unmet,temporal_event_ceiling,0.5,,,,,,,,,,,,,,1.0,1.0,0.9545454545454546,13826,13826,0.9000007232697579,0.9163262465428446,0.9545454545454546,42,44,0.925,296,320,0.5,6,12
cadets12,base,declared,adaptive_v1,native,0.9,False,0,met,,,27652,27652,0.8000014465395159,0.832652493085689,0.9545454545454546,42,44,0.925,296,320,0.5,6,12,1.0,1.0,0.9545454545454546,,,,,,,,,,,,,
cadets12,base,declared,adaptive_v1,native,0.9,True,0,unmet,no_tested_budget_meets_target,0.5,,,,,,,,,,,,,,1.0,1.0,0.9545454545454546,27652,27652,0.8000014465395159,0.832652493085689,0.9545454545454546,42,44,0.925,296,320,0.5,6,12
cadets12,base,declared,adaptive_v1,native,0.95,False,0,unmet,no_tested_budget_meets_target,0.925,,,,,,,,,,,,,,1.0,1.0,0.9545454545454546,27652,27652,0.8000014465395159,0.832652493085689,0.9545454545454546,42,44,0.925,296,320,0.5,6,12
cadets12,base,declared,adaptive_v1,native,0.95,True,0,unmet,no_tested_budget_meets_target,0.5,,,,,,,,,,,,,,1.0,1.0,0.9545454545454546,27652,27652,0.8000014465395159,0.832652493085689,0.9545454545454546,42,44,0.925,296,320,0.5,6,12
cadets12,base,declared,adaptive_v1,native,0.99,False,0,unmet,temporal_event_ceiling,0.925,,,,,,,,,,,,,,1.0,1.0,0.9545454545454546,27652,27652,0.8000014465395159,0.832652493085689,0.9545454545454546,42,44,0.925,296,320,0.5,6,12
cadets12,base,declared,adaptive_v1,native,0.99,True,0,unmet,temporal_event_ceiling,0.5,,,,,,,,,,,,,,1.0,1.0,0.9545454545454546,27652,27652,0.8000014465395159,0.832652493085689,0.9545454545454546,42,44,0.925,296,320,0.5,6,12
cadets12,base,declared,adaptive_v1,native,1.0,False,0,unmet,temporal_event_ceiling,0.925,,,,,,,,,,,,,,1.0,1.0,0.9545454545454546,27652,27652,0.8000014465395159,0.832652493085689,0.9545454545454546,42,44,0.925,296,320,0.5,6,12
cadets12,base,declared,adaptive_v1,native,1.0,True,0,unmet,temporal_event_ceiling,0.5,,,,,,,,,,,,,,1.0,1.0,0.9545454545454546,27652,27652,0.8000014465395159,0.832652493085689,0.9545454545454546,42,44,0.925,296,320,0.5,6,12
cadets12,base,declared,adaptive_v1,augmented,0.9,False,0,met,,,27652,27652,0.8000014465395159,0.832652493085689,0.9545454545454546,42,44,0.925,296,320,0.5,6,12,1.0,1.0,0.9545454545454546,,,,,,,,,,,,,
cadets12,base,declared,adaptive_v1,augmented,0.9,True,0,unmet,no_tested_budget_meets_target,0.5,,,,,,,,,,,,,,1.0,1.0,0.9545454545454546,27652,27652,0.8000014465395159,0.832652493085689,0.9545454545454546,42,44,0.925,296,320,0.5,6,12
cadets12,base,declared,adaptive_v1,augmented,0.95,False,0,unmet,no_tested_budget_meets_target,0.925,,,,,,,,,,,,,,1.0,1.0,0.9545454545454546,27652,27652,0.8000014465395159,0.832652493085689,0.9545454545454546,42,44,0.925,296,320,0.5,6,12
cadets12,base,declared,adaptive_v1,augmented,0.95,True,0,unmet,no_tested_budget_meets_target,0.5,,,,,,,,,,,,,,1.0,1.0,0.9545454545454546,27652,27652,0.8000014465395159,0.832652493085689,0.9545454545454546,42,44,0.925,296,320,0.5,6,12
cadets12,base,declared,adaptive_v1,augmented,0.99,False,0,unmet,temporal_event_ceiling,0.925,,,,,,,,,,,,,,1.0,1.0,0.9545454545454546,27652,27652,0.8000014465395159,0.832652493085689,0.9545454545454546,42,44,0.925,296,320,0.5,6,12
cadets12,base,declared,adaptive_v1,augmented,0.99,True,0,unmet,temporal_event_ceiling,0.5,,,,,,,,,,,,,,1.0,1.0,0.9545454545454546,27652,27652,0.8000014465395159,0.832652493085689,0.9545454545454546,42,44,0.925,296,320,0.5,6,12
cadets12,base,declared,adaptive_v1,augmented,1.0,False,0,unmet,temporal_event_ceiling,0.925,,,,,,,,,,,,,,1.0,1.0,0.9545454545454546,27652,27652,0.8000014465395159,0.832652493085689,0.9545454545454546,42,44,0.925,296,320,0.5,6,12
cadets12,base,declared,adaptive_v1,augmented,1.0,True,0,unmet,temporal_event_ceiling,0.5,,,,,,,,,,,,,,1.0,1.0,0.9545454545454546,27652,27652,0.8000014465395159,0.832652493085689,0.9545454545454546,42,44,0.925,296,320,0.5,6,12
cadets12,base,declared,reliability_chain,native,0.9,False,0,met,,,13826,13826,0.9000007232697579,0.9163262465428446,0.9545454545454546,42,44,0.925,296,320,0.5,6,12,1.0,1.0,0.9545454545454546,,,,,,,,,,,,,
cadets12,base,declared,reliability_chain,native,0.9,True,0,unmet,no_tested_budget_meets_target,0.5,,,,,,,,,,,,,,1.0,1.0,0.9545454545454546,13826,13826,0.9000007232697579,0.9163262465428446,0.9545454545454546,42,44,0.925,296,320,0.5,6,12
cadets12,base,declared,reliability_chain,native,0.95,False,0,unmet,no_tested_budget_meets_target,0.925,,,,,,,,,,,,,,1.0,1.0,0.9545454545454546,13826,13826,0.9000007232697579,0.9163262465428446,0.9545454545454546,42,44,0.925,296,320,0.5,6,12
cadets12,base,declared,reliability_chain,native,0.95,True,0,unmet,no_tested_budget_meets_target,0.5,,,,,,,,,,,,,,1.0,1.0,0.9545454545454546,13826,13826,0.9000007232697579,0.9163262465428446,0.9545454545454546,42,44,0.925,296,320,0.5,6,12
cadets12,base,declared,reliability_chain,native,0.99,False,0,unmet,temporal_event_ceiling,0.925,,,,,,,,,,,,,,1.0,1.0,0.9545454545454546,13826,13826,0.9000007232697579,0.9163262465428446,0.9545454545454546,42,44,0.925,296,320,0.5,6,12
cadets12,base,declared,reliability_chain,native,0.99,True,0,unmet,temporal_event_ceiling,0.5,,,,,,,,,,,,,,1.0,1.0,0.9545454545454546,13826,13826,0.9000007232697579,0.9163262465428446,0.9545454545454546,42,44,0.925,296,320,0.5,6,12
cadets12,base,declared,reliability_chain,native,1.0,False,0,unmet,temporal_event_ceiling,0.925,,,,,,,,,,,,,,1.0,1.0,0.9545454545454546,13826,13826,0.9000007232697579,0.9163262465428446,0.9545454545454546,42,44,0.925,296,320,0.5,6,12
cadets12,base,declared,reliability_chain,native,1.0,True,0,unmet,temporal_event_ceiling,0.5,,,,,,,,,,,,,,1.0,1.0,0.9545454545454546,13826,13826,0.9000007232697579,0.9163262465428446,0.9545454545454546,42,44,0.925,296,320,0.5,6,12
cadets12,base,declared,reliability_chain,augmented,0.9,False,0,met,,,13826,13826,0.9000007232697579,0.9163262465428446,0.9545454545454546,42,44,0.925,296,320,0.5,6,12,1.0,1.0,0.9545454545454546,,,,,,,,,,,,,
cadets12,base,declared,reliability_chain,augmented,0.9,True,0,unmet,no_tested_budget_meets_target,0.5,,,,,,,,,,,,,,1.0,1.0,0.9545454545454546,13826,13826,0.9000007232697579,0.9163262465428446,0.9545454545454546,42,44,0.925,296,320,0.5,6,12
cadets12,base,declared,reliability_chain,augmented,0.95,False,0,unmet,no_tested_budget_meets_target,0.925,,,,,,,,,,,,,,1.0,1.0,0.9545454545454546,13826,13826,0.9000007232697579,0.9163262465428446,0.9545454545454546,42,44,0.925,296,320,0.5,6,12
cadets12,base,declared,reliability_chain,augmented,0.95,True,0,unmet,no_tested_budget_meets_target,0.5,,,,,,,,,,,,,,1.0,1.0,0.9545454545454546,13826,13826,0.9000007232697579,0.9163262465428446,0.9545454545454546,42,44,0.925,296,320,0.5,6,12
cadets12,base,declared,reliability_chain,augmented,0.99,False,0,unmet,temporal_event_ceiling,0.925,,,,,,,,,,,,,,1.0,1.0,0.9545454545454546,13826,13826,0.9000007232697579,0.9163262465428446,0.9545454545454546,42,44,0.925,296,320,0.5,6,12
cadets12,base,declared,reliability_chain,augmented,0.99,True,0,unmet,temporal_event_ceiling,0.5,,,,,,,,,,,,,,1.0,1.0,0.9545454545454546,13826,13826,0.9000007232697579,0.9163262465428446,0.9545454545454546,42,44,0.925,296,320,0.5,6,12
cadets12,base,declared,reliability_chain,augmented,1.0,False,0,unmet,temporal_event_ceiling,0.925,,,,,,,,,,,,,,1.0,1.0,0.9545454545454546,13826,13826,0.9000007232697579,0.9163262465428446,0.9545454545454546,42,44,0.925,296,320,0.5,6,12
cadets12,base,declared,reliability_chain,augmented,1.0,True,0,unmet,temporal_event_ceiling,0.5,,,,,,,,,,,,,,1.0,1.0,0.9545454545454546,13826,13826,0.9000007232697579,0.9163262465428446,0.9545454545454546,42,44,0.925,296,320,0.5,6,12
cadets12,base,adaptive,rarity_only,native,0.9,False,0,met,,,13826,13826,0.9000007232697579,0.9163262465428446,0.9545454545454546,42,44,0.925,296,320,0.5,6,12,1.0,1.0,0.9545454545454546,,,,,,,,,,,,,
cadets12,base,adaptive,rarity_only,native,0.9,True,0,unmet,no_tested_budget_meets_target,0.5,,,,,,,,,,,,,,1.0,1.0,0.9545454545454546,13826,13826,0.9000007232697579,0.9163262465428446,0.9545454545454546,42,44,0.925,296,320,0.5,6,12
cadets12,base,adaptive,rarity_only,native,0.95,False,0,unmet,no_tested_budget_meets_target,0.925,,,,,,,,,,,,,,1.0,1.0,0.9545454545454546,13826,13826,0.9000007232697579,0.9163262465428446,0.9545454545454546,42,44,0.925,296,320,0.5,6,12
cadets12,base,adaptive,rarity_only,native,0.95,True,0,unmet,no_tested_budget_meets_target,0.5,,,,,,,,,,,,,,1.0,1.0,0.9545454545454546,13826,13826,0.9000007232697579,0.9163262465428446,0.9545454545454546,42,44,0.925,296,320,0.5,6,12
cadets12,base,adaptive,rarity_only,native,0.99,False,0,unmet,temporal_event_ceiling,0.925,,,,,,,,,,,,,,1.0,1.0,0.9545454545454546,13826,13826,0.9000007232697579,0.9163262465428446,0.9545454545454546,42,44,0.925,296,320,0.5,6,12
cadets12,base,adaptive,rarity_only,native,0.99,True,0,unmet,temporal_event_ceiling,0.5,,,,,,,,,,,,,,1.0,1.0,0.9545454545454546,13826,13826,0.9000007232697579,0.9163262465428446,0.9545454545454546,42,44,0.925,296,320,0.5,6,12
cadets12,base,adaptive,rarity_only,native,1.0,False,0,unmet,temporal_event_ceiling,0.925,,,,,,,,,,,,,,1.0,1.0,0.9545454545454546,13826,13826,0.9000007232697579,0.9163262465428446,0.9545454545454546,42,44,0.925,296,320,0.5,6,12
cadets12,base,adaptive,rarity_only,native,1.0,True,0,unmet,temporal_event_ceiling,0.5,,,,,,,,,,,,,,1.0,1.0,0.9545454545454546,13826,13826,0.9000007232697579,0.9163262465428446,0.9545454545454546,42,44,0.925,296,320,0.5,6,12
cadets12,base,adaptive,rarity_only,augmented,0.9,False,0,met,,,13826,13826,0.9000007232697579,0.9163262465428446,0.9545454545454546,42,44,0.925,296,320,0.5,6,12,1.0,1.0,0.9545454545454546,,,,,,,,,,,,,
cadets12,base,adaptive,rarity_only,augmented,0.9,True,0,unmet,no_tested_budget_meets_target,0.5,,,,,,,,,,,,,,1.0,1.0,0.9545454545454546,13826,13826,0.9000007232697579,0.9163262465428446,0.9545454545454546,42,44,0.925,296,320,0.5,6,12
cadets12,base,adaptive,rarity_only,augmented,0.95,False,0,unmet,no_tested_budget_meets_target,0.925,,,,,,,,,,,,,,1.0,1.0,0.9545454545454546,13826,13826,0.9000007232697579,0.9163262465428446,0.9545454545454546,42,44,0.925,296,320,0.5,6,12
cadets12,base,adaptive,rarity_only,augmented,0.95,True,0,unmet,no_tested_budget_meets_target,0.5,,,,,,,,,,,,,,1.0,1.0,0.9545454545454546,13826,13826,0.9000007232697579,0.9163262465428446,0.9545454545454546,42,44,0.925,296,320,0.5,6,12
cadets12,base,adaptive,rarity_only,augmented,0.99,False,0,unmet,temporal_event_ceiling,0.925,,,,,,,,,,,,,,1.0,1.0,0.9545454545454546,13826,13826,0.9000007232697579,0.9163262465428446,0.9545454545454546,42,44,0.925,296,320,0.5,6,12
cadets12,base,adaptive,rarity_only,augmented,0.99,True,0,unmet,temporal_event_ceiling,0.5,,,,,,,,,,,,,,1.0,1.0,0.9545454545454546,13826,13826,0.9000007232697579,0.9163262465428446,0.9545454545454546,42,44,0.925,296,320,0.5,6,12
cadets12,base,adaptive,rarity_only,augmented,1.0,False,0,unmet,temporal_event_ceiling,0.925,,,,,,,,,,,,,,1.0,1.0,0.9545454545454546,13826,13826,0.9000007232697579,0.9163262465428446,0.9545454545454546,42,44,0.925,296,320,0.5,6,12
cadets12,base,adaptive,rarity_only,augmented,1.0,True,0,unmet,temporal_event_ceiling,0.5,,,,,,,,,,,,,,1.0,1.0,0.9545454545454546,13826,13826,0.9000007232697579,0.9163262465428446,0.9545454545454546,42,44,0.925,296,320,0.5,6,12
cadets12,base,adaptive,diffusion_only,native,0.9,False,0,met,,,27652,27652,0.8000014465395159,0.832652493085689,0.9545454545454546,42,44,0.925,296,320,0.5,6,12,1.0,1.0,0.9545454545454546,,,,,,,,,,,,,
cadets12,base,adaptive,diffusion_only,native,0.9,True,0,unmet,no_tested_budget_meets_target,0.5,,,,,,,,,,,,,,1.0,1.0,0.9545454545454546,27652,27652,0.8000014465395159,0.832652493085689,0.9545454545454546,42,44,0.925,296,320,0.5,6,12
cadets12,base,adaptive,diffusion_only,native,0.95,False,0,unmet,no_tested_budget_meets_target,0.925,,,,,,,,,,,,,,1.0,1.0,0.9545454545454546,27652,27652,0.8000014465395159,0.832652493085689,0.9545454545454546,42,44,0.925,296,320,0.5,6,12
cadets12,base,adaptive,diffusion_only,native,0.95,True,0,unmet,no_tested_budget_meets_target,0.5,,,,,,,,,,,,,,1.0,1.0,0.9545454545454546,27652,27652,0.8000014465395159,0.832652493085689,0.9545454545454546,42,44,0.925,296,320,0.5,6,12
cadets12,base,adaptive,diffusion_only,native,0.99,False,0,unmet,temporal_event_ceiling,0.925,,,,,,,,,,,,,,1.0,1.0,0.9545454545454546,27652,27652,0.8000014465395159,0.832652493085689,0.9545454545454546,42,44,0.925,296,320,0.5,6,12
cadets12,base,adaptive,diffusion_only,native,0.99,True,0,unmet,temporal_event_ceiling,0.5,,,,,,,,,,,,,,1.0,1.0,0.9545454545454546,27652,27652,0.8000014465395159,0.832652493085689,0.9545454545454546,42,44,0.925,296,320,0.5,6,12
cadets12,base,adaptive,diffusion_only,native,1.0,False,0,unmet,temporal_event_ceiling,0.925,,,,,,,,,,,,,,1.0,1.0,0.9545454545454546,27652,27652,0.8000014465395159,0.832652493085689,0.9545454545454546,42,44,0.925,296,320,0.5,6,12
cadets12,base,adaptive,diffusion_only,native,1.0,True,0,unmet,temporal_event_ceiling,0.5,,,,,,,,,,,,,,1.0,1.0,0.9545454545454546,27652,27652,0.8000014465395159,0.832652493085689,0.9545454545454546,42,44,0.925,296,320,0.5,6,12
cadets12,base,adaptive,diffusion_only,augmented,0.9,False,0,met,,,27652,27652,0.8000014465395159,0.832652493085689,0.9545454545454546,42,44,0.925,296,320,0.5,6,12,1.0,1.0,0.9545454545454546,,,,,,,,,,,,,
cadets12,base,adaptive,diffusion_only,augmented,0.9,True,0,unmet,no_tested_budget_meets_target,0.5,,,,,,,,,,,,,,1.0,1.0,0.9545454545454546,27652,27652,0.8000014465395159,0.832652493085689,0.9545454545454546,42,44,0.925,296,320,0.5,6,12
cadets12,base,adaptive,diffusion_only,augmented,0.95,False,0,unmet,no_tested_budget_meets_target,0.925,,,,,,,,,,,,,,1.0,1.0,0.9545454545454546,27652,27652,0.8000014465395159,0.832652493085689,0.9545454545454546,42,44,0.925,296,320,0.5,6,12
cadets12,base,adaptive,diffusion_only,augmented,0.95,True,0,unmet,no_tested_budget_meets_target,0.5,,,,,,,,,,,,,,1.0,1.0,0.9545454545454546,27652,27652,0.8000014465395159,0.832652493085689,0.9545454545454546,42,44,0.925,296,320,0.5,6,12
cadets12,base,adaptive,diffusion_only,augmented,0.99,False,0,unmet,temporal_event_ceiling,0.925,,,,,,,,,,,,,,1.0,1.0,0.9545454545454546,27652,27652,0.8000014465395159,0.832652493085689,0.9545454545454546,42,44,0.925,296,320,0.5,6,12
cadets12,base,adaptive,diffusion_only,augmented,0.99,True,0,unmet,temporal_event_ceiling,0.5,,,,,,,,,,,,,,1.0,1.0,0.9545454545454546,27652,27652,0.8000014465395159,0.832652493085689,0.9545454545454546,42,44,0.925,296,320,0.5,6,12
cadets12,base,adaptive,diffusion_only,augmented,1.0,False,0,unmet,temporal_event_ceiling,0.925,,,,,,,,,,,,,,1.0,1.0,0.9545454545454546,27652,27652,0.8000014465395159,0.832652493085689,0.9545454545454546,42,44,0.925,296,320,0.5,6,12
cadets12,base,adaptive,diffusion_only,augmented,1.0,True,0,unmet,temporal_event_ceiling,0.5,,,,,,,,,,,,,,1.0,1.0,0.9545454545454546,27652,27652,0.8000014465395159,0.832652493085689,0.9545454545454546,42,44,0.925,296,320,0.5,6,12
cadets12,base,adaptive,rasp,native,0.9,False,0,met,,,13826,13826,0.9000007232697579,0.9163262465428446,0.9545454545454546,42,44,0.925,296,320,0.5,6,12,1.0,1.0,0.9545454545454546,,,,,,,,,,,,,
cadets12,base,adaptive,rasp,native,0.9,True,0,unmet,no_tested_budget_meets_target,0.5,,,,,,,,,,,,,,1.0,1.0,0.9545454545454546,13826,13826,0.9000007232697579,0.9163262465428446,0.9545454545454546,42,44,0.925,296,320,0.5,6,12
cadets12,base,adaptive,rasp,native,0.95,False,0,unmet,no_tested_budget_meets_target,0.925,,,,,,,,,,,,,,1.0,1.0,0.9545454545454546,13826,13826,0.9000007232697579,0.9163262465428446,0.9545454545454546,42,44,0.925,296,320,0.5,6,12
cadets12,base,adaptive,rasp,native,0.95,True,0,unmet,no_tested_budget_meets_target,0.5,,,,,,,,,,,,,,1.0,1.0,0.9545454545454546,13826,13826,0.9000007232697579,0.9163262465428446,0.9545454545454546,42,44,0.925,296,320,0.5,6,12
cadets12,base,adaptive,rasp,native,0.99,False,0,unmet,temporal_event_ceiling,0.925,,,,,,,,,,,,,,1.0,1.0,0.9545454545454546,13826,13826,0.9000007232697579,0.9163262465428446,0.9545454545454546,42,44,0.925,296,320,0.5,6,12
cadets12,base,adaptive,rasp,native,0.99,True,0,unmet,temporal_event_ceiling,0.5,,,,,,,,,,,,,,1.0,1.0,0.9545454545454546,13826,13826,0.9000007232697579,0.9163262465428446,0.9545454545454546,42,44,0.925,296,320,0.5,6,12
cadets12,base,adaptive,rasp,native,1.0,False,0,unmet,temporal_event_ceiling,0.925,,,,,,,,,,,,,,1.0,1.0,0.9545454545454546,13826,13826,0.9000007232697579,0.9163262465428446,0.9545454545454546,42,44,0.925,296,320,0.5,6,12
cadets12,base,adaptive,rasp,native,1.0,True,0,unmet,temporal_event_ceiling,0.5,,,,,,,,,,,,,,1.0,1.0,0.9545454545454546,13826,13826,0.9000007232697579,0.9163262465428446,0.9545454545454546,42,44,0.925,296,320,0.5,6,12
cadets12,base,adaptive,rasp,augmented,0.9,False,0,met,,,13826,13826,0.9000007232697579,0.9163262465428446,0.9545454545454546,42,44,0.925,296,320,0.5,6,12,1.0,1.0,0.9545454545454546,,,,,,,,,,,,,
cadets12,base,adaptive,rasp,augmented,0.9,True,0,unmet,no_tested_budget_meets_target,0.5,,,,,,,,,,,,,,1.0,1.0,0.9545454545454546,13826,13826,0.9000007232697579,0.9163262465428446,0.9545454545454546,42,44,0.925,296,320,0.5,6,12
cadets12,base,adaptive,rasp,augmented,0.95,False,0,unmet,no_tested_budget_meets_target,0.925,,,,,,,,,,,,,,1.0,1.0,0.9545454545454546,13826,13826,0.9000007232697579,0.9163262465428446,0.9545454545454546,42,44,0.925,296,320,0.5,6,12
cadets12,base,adaptive,rasp,augmented,0.95,True,0,unmet,no_tested_budget_meets_target,0.5,,,,,,,,,,,,,,1.0,1.0,0.9545454545454546,13826,13826,0.9000007232697579,0.9163262465428446,0.9545454545454546,42,44,0.925,296,320,0.5,6,12
cadets12,base,adaptive,rasp,augmented,0.99,False,0,unmet,temporal_event_ceiling,0.925,,,,,,,,,,,,,,1.0,1.0,0.9545454545454546,13826,13826,0.9000007232697579,0.9163262465428446,0.9545454545454546,42,44,0.925,296,320,0.5,6,12
cadets12,base,adaptive,rasp,augmented,0.99,True,0,unmet,temporal_event_ceiling,0.5,,,,,,,,,,,,,,1.0,1.0,0.9545454545454546,13826,13826,0.9000007232697579,0.9163262465428446,0.9545454545454546,42,44,0.925,296,320,0.5,6,12
cadets12,base,adaptive,rasp,augmented,1.0,False,0,unmet,temporal_event_ceiling,0.925,,,,,,,,,,,,,,1.0,1.0,0.9545454545454546,13826,13826,0.9000007232697579,0.9163262465428446,0.9545454545454546,42,44,0.925,296,320,0.5,6,12
cadets12,base,adaptive,rasp,augmented,1.0,True,0,unmet,temporal_event_ceiling,0.5,,,,,,,,,,,,,,1.0,1.0,0.9545454545454546,13826,13826,0.9000007232697579,0.9163262465428446,0.9545454545454546,42,44,0.925,296,320,0.5,6,12
cadets12,base,adaptive,context_v1,native,0.9,False,0,met,,,69130,69130,0.5000036163487895,0.5816312327142226,0.9545454545454546,42,44,0.925,296,320,0.5,6,12,1.0,1.0,0.9545454545454546,,,,,,,,,,,,,
cadets12,base,adaptive,context_v1,native,0.9,True,0,unmet,no_tested_budget_meets_target,0.5,,,,,,,,,,,,,,1.0,1.0,0.9545454545454546,69130,69130,0.5000036163487895,0.5816312327142226,0.9545454545454546,42,44,0.925,296,320,0.5,6,12
cadets12,base,adaptive,context_v1,native,0.95,False,0,unmet,no_tested_budget_meets_target,0.925,,,,,,,,,,,,,,1.0,1.0,0.9545454545454546,69130,69130,0.5000036163487895,0.5816312327142226,0.9545454545454546,42,44,0.925,296,320,0.5,6,12
cadets12,base,adaptive,context_v1,native,0.95,True,0,unmet,no_tested_budget_meets_target,0.5,,,,,,,,,,,,,,1.0,1.0,0.9545454545454546,69130,69130,0.5000036163487895,0.5816312327142226,0.9545454545454546,42,44,0.925,296,320,0.5,6,12
cadets12,base,adaptive,context_v1,native,0.99,False,0,unmet,temporal_event_ceiling,0.925,,,,,,,,,,,,,,1.0,1.0,0.9545454545454546,69130,69130,0.5000036163487895,0.5816312327142226,0.9545454545454546,42,44,0.925,296,320,0.5,6,12
cadets12,base,adaptive,context_v1,native,0.99,True,0,unmet,temporal_event_ceiling,0.5,,,,,,,,,,,,,,1.0,1.0,0.9545454545454546,69130,69130,0.5000036163487895,0.5816312327142226,0.9545454545454546,42,44,0.925,296,320,0.5,6,12
cadets12,base,adaptive,context_v1,native,1.0,False,0,unmet,temporal_event_ceiling,0.925,,,,,,,,,,,,,,1.0,1.0,0.9545454545454546,69130,69130,0.5000036163487895,0.5816312327142226,0.9545454545454546,42,44,0.925,296,320,0.5,6,12
cadets12,base,adaptive,context_v1,native,1.0,True,0,unmet,temporal_event_ceiling,0.5,,,,,,,,,,,,,,1.0,1.0,0.9545454545454546,69130,69130,0.5000036163487895,0.5816312327142226,0.9545454545454546,42,44,0.925,296,320,0.5,6,12
cadets12,base,adaptive,context_v1,augmented,0.9,False,0,met,,,69130,69130,0.5000036163487895,0.5816312327142226,0.9545454545454546,42,44,0.925,296,320,0.5,6,12,1.0,1.0,0.9545454545454546,,,,,,,,,,,,,
cadets12,base,adaptive,context_v1,augmented,0.9,True,0,unmet,no_tested_budget_meets_target,0.5,,,,,,,,,,,,,,1.0,1.0,0.9545454545454546,69130,69130,0.5000036163487895,0.5816312327142226,0.9545454545454546,42,44,0.925,296,320,0.5,6,12
cadets12,base,adaptive,context_v1,augmented,0.95,False,0,unmet,no_tested_budget_meets_target,0.925,,,,,,,,,,,,,,1.0,1.0,0.9545454545454546,69130,69130,0.5000036163487895,0.5816312327142226,0.9545454545454546,42,44,0.925,296,320,0.5,6,12
cadets12,base,adaptive,context_v1,augmented,0.95,True,0,unmet,no_tested_budget_meets_target,0.5,,,,,,,,,,,,,,1.0,1.0,0.9545454545454546,69130,69130,0.5000036163487895,0.5816312327142226,0.9545454545454546,42,44,0.925,296,320,0.5,6,12
cadets12,base,adaptive,context_v1,augmented,0.99,False,0,unmet,temporal_event_ceiling,0.925,,,,,,,,,,,,,,1.0,1.0,0.9545454545454546,69130,69130,0.5000036163487895,0.5816312327142226,0.9545454545454546,42,44,0.925,296,320,0.5,6,12
cadets12,base,adaptive,context_v1,augmented,0.99,True,0,unmet,temporal_event_ceiling,0.5,,,,,,,,,,,,,,1.0,1.0,0.9545454545454546,69130,69130,0.5000036163487895,0.5816312327142226,0.9545454545454546,42,44,0.925,296,320,0.5,6,12
cadets12,base,adaptive,context_v1,augmented,1.0,False,0,unmet,temporal_event_ceiling,0.925,,,,,,,,,,,,,,1.0,1.0,0.9545454545454546,69130,69130,0.5000036163487895,0.5816312327142226,0.9545454545454546,42,44,0.925,296,320,0.5,6,12
cadets12,base,adaptive,context_v1,augmented,1.0,True,0,unmet,temporal_event_ceiling,0.5,,,,,,,,,,,,,,1.0,1.0,0.9545454545454546,69130,69130,0.5000036163487895,0.5816312327142226,0.9545454545454546,42,44,0.925,296,320,0.5,6,12
cadets12,base,adaptive,reliability,native,0.9,False,0,met,,,27652,27652,0.8000014465395159,0.832652493085689,0.9545454545454546,42,44,0.925,296,320,0.5,6,12,1.0,1.0,0.9545454545454546,,,,,,,,,,,,,
cadets12,base,adaptive,reliability,native,0.9,True,0,unmet,no_tested_budget_meets_target,0.5,,,,,,,,,,,,,,1.0,1.0,0.9545454545454546,27652,27652,0.8000014465395159,0.832652493085689,0.9545454545454546,42,44,0.925,296,320,0.5,6,12
cadets12,base,adaptive,reliability,native,0.95,False,0,unmet,no_tested_budget_meets_target,0.925,,,,,,,,,,,,,,1.0,1.0,0.9545454545454546,27652,27652,0.8000014465395159,0.832652493085689,0.9545454545454546,42,44,0.925,296,320,0.5,6,12
cadets12,base,adaptive,reliability,native,0.95,True,0,unmet,no_tested_budget_meets_target,0.5,,,,,,,,,,,,,,1.0,1.0,0.9545454545454546,27652,27652,0.8000014465395159,0.832652493085689,0.9545454545454546,42,44,0.925,296,320,0.5,6,12
cadets12,base,adaptive,reliability,native,0.99,False,0,unmet,temporal_event_ceiling,0.925,,,,,,,,,,,,,,1.0,1.0,0.9545454545454546,27652,27652,0.8000014465395159,0.832652493085689,0.9545454545454546,42,44,0.925,296,320,0.5,6,12
cadets12,base,adaptive,reliability,native,0.99,True,0,unmet,temporal_event_ceiling,0.5,,,,,,,,,,,,,,1.0,1.0,0.9545454545454546,27652,27652,0.8000014465395159,0.832652493085689,0.9545454545454546,42,44,0.925,296,320,0.5,6,12
cadets12,base,adaptive,reliability,native,1.0,False,0,unmet,temporal_event_ceiling,0.925,,,,,,,,,,,,,,1.0,1.0,0.9545454545454546,27652,27652,0.8000014465395159,0.832652493085689,0.9545454545454546,42,44,0.925,296,320,0.5,6,12
cadets12,base,adaptive,reliability,native,1.0,True,0,unmet,temporal_event_ceiling,0.5,,,,,,,,,,,,,,1.0,1.0,0.9545454545454546,27652,27652,0.8000014465395159,0.832652493085689,0.9545454545454546,42,44,0.925,296,320,0.5,6,12
cadets12,base,adaptive,reliability,augmented,0.9,False,0,met,,,27652,27652,0.8000014465395159,0.832652493085689,0.9545454545454546,42,44,0.925,296,320,0.5,6,12,1.0,1.0,0.9545454545454546,,,,,,,,,,,,,
cadets12,base,adaptive,reliability,augmented,0.9,True,0,unmet,no_tested_budget_meets_target,0.5,,,,,,,,,,,,,,1.0,1.0,0.9545454545454546,27652,27652,0.8000014465395159,0.832652493085689,0.9545454545454546,42,44,0.925,296,320,0.5,6,12
cadets12,base,adaptive,reliability,augmented,0.95,False,0,unmet,no_tested_budget_meets_target,0.925,,,,,,,,,,,,,,1.0,1.0,0.9545454545454546,27652,27652,0.8000014465395159,0.832652493085689,0.9545454545454546,42,44,0.925,296,320,0.5,6,12
cadets12,base,adaptive,reliability,augmented,0.95,True,0,unmet,no_tested_budget_meets_target,0.5,,,,,,,,,,,,,,1.0,1.0,0.9545454545454546,27652,27652,0.8000014465395159,0.832652493085689,0.9545454545454546,42,44,0.925,296,320,0.5,6,12
cadets12,base,adaptive,reliability,augmented,0.99,False,0,unmet,temporal_event_ceiling,0.925,,,,,,,,,,,,,,1.0,1.0,0.9545454545454546,27652,27652,0.8000014465395159,0.832652493085689,0.9545454545454546,42,44,0.925,296,320,0.5,6,12
cadets12,base,adaptive,reliability,augmented,0.99,True,0,unmet,temporal_event_ceiling,0.5,,,,,,,,,,,,,,1.0,1.0,0.9545454545454546,27652,27652,0.8000014465395159,0.832652493085689,0.9545454545454546,42,44,0.925,296,320,0.5,6,12
cadets12,base,adaptive,reliability,augmented,1.0,False,0,unmet,temporal_event_ceiling,0.925,,,,,,,,,,,,,,1.0,1.0,0.9545454545454546,27652,27652,0.8000014465395159,0.832652493085689,0.9545454545454546,42,44,0.925,296,320,0.5,6,12
cadets12,base,adaptive,reliability,augmented,1.0,True,0,unmet,temporal_event_ceiling,0.5,,,,,,,,,,,,,,1.0,1.0,0.9545454545454546,27652,27652,0.8000014465395159,0.832652493085689,0.9545454545454546,42,44,0.925,296,320,0.5,6,12
cadets12,base,adaptive,adaptive_v1,native,0.9,False,0,met,,,69130,69130,0.5000036163487895,0.5816312327142226,0.9545454545454546,42,44,0.925,296,320,0.5,6,12,1.0,1.0,0.9545454545454546,,,,,,,,,,,,,
cadets12,base,adaptive,adaptive_v1,native,0.9,True,0,unmet,no_tested_budget_meets_target,0.5,,,,,,,,,,,,,,1.0,1.0,0.9545454545454546,69130,69130,0.5000036163487895,0.5816312327142226,0.9545454545454546,42,44,0.925,296,320,0.5,6,12
cadets12,base,adaptive,adaptive_v1,native,0.95,False,0,unmet,no_tested_budget_meets_target,0.925,,,,,,,,,,,,,,1.0,1.0,0.9545454545454546,69130,69130,0.5000036163487895,0.5816312327142226,0.9545454545454546,42,44,0.925,296,320,0.5,6,12
cadets12,base,adaptive,adaptive_v1,native,0.95,True,0,unmet,no_tested_budget_meets_target,0.5,,,,,,,,,,,,,,1.0,1.0,0.9545454545454546,69130,69130,0.5000036163487895,0.5816312327142226,0.9545454545454546,42,44,0.925,296,320,0.5,6,12
cadets12,base,adaptive,adaptive_v1,native,0.99,False,0,unmet,temporal_event_ceiling,0.925,,,,,,,,,,,,,,1.0,1.0,0.9545454545454546,69130,69130,0.5000036163487895,0.5816312327142226,0.9545454545454546,42,44,0.925,296,320,0.5,6,12
cadets12,base,adaptive,adaptive_v1,native,0.99,True,0,unmet,temporal_event_ceiling,0.5,,,,,,,,,,,,,,1.0,1.0,0.9545454545454546,69130,69130,0.5000036163487895,0.5816312327142226,0.9545454545454546,42,44,0.925,296,320,0.5,6,12
cadets12,base,adaptive,adaptive_v1,native,1.0,False,0,unmet,temporal_event_ceiling,0.925,,,,,,,,,,,,,,1.0,1.0,0.9545454545454546,69130,69130,0.5000036163487895,0.5816312327142226,0.9545454545454546,42,44,0.925,296,320,0.5,6,12
cadets12,base,adaptive,adaptive_v1,native,1.0,True,0,unmet,temporal_event_ceiling,0.5,,,,,,,,,,,,,,1.0,1.0,0.9545454545454546,69130,69130,0.5000036163487895,0.5816312327142226,0.9545454545454546,42,44,0.925,296,320,0.5,6,12
cadets12,base,adaptive,adaptive_v1,augmented,0.9,False,0,met,,,69130,69130,0.5000036163487895,0.5816312327142226,0.9545454545454546,42,44,0.925,296,320,0.5,6,12,1.0,1.0,0.9545454545454546,,,,,,,,,,,,,
cadets12,base,adaptive,adaptive_v1,augmented,0.9,True,0,unmet,no_tested_budget_meets_target,0.5,,,,,,,,,,,,,,1.0,1.0,0.9545454545454546,69130,69130,0.5000036163487895,0.5816312327142226,0.9545454545454546,42,44,0.925,296,320,0.5,6,12
cadets12,base,adaptive,adaptive_v1,augmented,0.95,False,0,unmet,no_tested_budget_meets_target,0.925,,,,,,,,,,,,,,1.0,1.0,0.9545454545454546,69130,69130,0.5000036163487895,0.5816312327142226,0.9545454545454546,42,44,0.925,296,320,0.5,6,12
cadets12,base,adaptive,adaptive_v1,augmented,0.95,True,0,unmet,no_tested_budget_meets_target,0.5,,,,,,,,,,,,,,1.0,1.0,0.9545454545454546,69130,69130,0.5000036163487895,0.5816312327142226,0.9545454545454546,42,44,0.925,296,320,0.5,6,12
cadets12,base,adaptive,adaptive_v1,augmented,0.99,False,0,unmet,temporal_event_ceiling,0.925,,,,,,,,,,,,,,1.0,1.0,0.9545454545454546,69130,69130,0.5000036163487895,0.5816312327142226,0.9545454545454546,42,44,0.925,296,320,0.5,6,12
cadets12,base,adaptive,adaptive_v1,augmented,0.99,True,0,unmet,temporal_event_ceiling,0.5,,,,,,,,,,,,,,1.0,1.0,0.9545454545454546,69130,69130,0.5000036163487895,0.5816312327142226,0.9545454545454546,42,44,0.925,296,320,0.5,6,12
cadets12,base,adaptive,adaptive_v1,augmented,1.0,False,0,unmet,temporal_event_ceiling,0.925,,,,,,,,,,,,,,1.0,1.0,0.9545454545454546,69130,69130,0.5000036163487895,0.5816312327142226,0.9545454545454546,42,44,0.925,296,320,0.5,6,12
cadets12,base,adaptive,adaptive_v1,augmented,1.0,True,0,unmet,temporal_event_ceiling,0.5,,,,,,,,,,,,,,1.0,1.0,0.9545454545454546,69130,69130,0.5000036163487895,0.5816312327142226,0.9545454545454546,42,44,0.925,296,320,0.5,6,12
cadets12,base,adaptive,reliability_chain,native,0.9,False,0,met,,,27652,27652,0.8000014465395159,0.832652493085689,0.9545454545454546,42,44,0.925,296,320,0.5,6,12,1.0,1.0,0.9545454545454546,,,,,,,,,,,,,
cadets12,base,adaptive,reliability_chain,native,0.9,True,0,unmet,no_tested_budget_meets_target,0.5,,,,,,,,,,,,,,1.0,1.0,0.9545454545454546,27652,27652,0.8000014465395159,0.832652493085689,0.9545454545454546,42,44,0.925,296,320,0.5,6,12
cadets12,base,adaptive,reliability_chain,native,0.95,False,0,unmet,no_tested_budget_meets_target,0.925,,,,,,,,,,,,,,1.0,1.0,0.9545454545454546,27652,27652,0.8000014465395159,0.832652493085689,0.9545454545454546,42,44,0.925,296,320,0.5,6,12
cadets12,base,adaptive,reliability_chain,native,0.95,True,0,unmet,no_tested_budget_meets_target,0.5,,,,,,,,,,,,,,1.0,1.0,0.9545454545454546,27652,27652,0.8000014465395159,0.832652493085689,0.9545454545454546,42,44,0.925,296,320,0.5,6,12
cadets12,base,adaptive,reliability_chain,native,0.99,False,0,unmet,temporal_event_ceiling,0.925,,,,,,,,,,,,,,1.0,1.0,0.9545454545454546,27652,27652,0.8000014465395159,0.832652493085689,0.9545454545454546,42,44,0.925,296,320,0.5,6,12
cadets12,base,adaptive,reliability_chain,native,0.99,True,0,unmet,temporal_event_ceiling,0.5,,,,,,,,,,,,,,1.0,1.0,0.9545454545454546,27652,27652,0.8000014465395159,0.832652493085689,0.9545454545454546,42,44,0.925,296,320,0.5,6,12
cadets12,base,adaptive,reliability_chain,native,1.0,False,0,unmet,temporal_event_ceiling,0.925,,,,,,,,,,,,,,1.0,1.0,0.9545454545454546,27652,27652,0.8000014465395159,0.832652493085689,0.9545454545454546,42,44,0.925,296,320,0.5,6,12
cadets12,base,adaptive,reliability_chain,native,1.0,True,0,unmet,temporal_event_ceiling,0.5,,,,,,,,,,,,,,1.0,1.0,0.9545454545454546,27652,27652,0.8000014465395159,0.832652493085689,0.9545454545454546,42,44,0.925,296,320,0.5,6,12
cadets12,base,adaptive,reliability_chain,augmented,0.9,False,0,met,,,27652,27652,0.8000014465395159,0.832652493085689,0.9545454545454546,42,44,0.925,296,320,0.5,6,12,1.0,1.0,0.9545454545454546,,,,,,,,,,,,,
cadets12,base,adaptive,reliability_chain,augmented,0.9,True,0,unmet,no_tested_budget_meets_target,0.5,,,,,,,,,,,,,,1.0,1.0,0.9545454545454546,27652,27652,0.8000014465395159,0.832652493085689,0.9545454545454546,42,44,0.925,296,320,0.5,6,12
cadets12,base,adaptive,reliability_chain,augmented,0.95,False,0,unmet,no_tested_budget_meets_target,0.925,,,,,,,,,,,,,,1.0,1.0,0.9545454545454546,27652,27652,0.8000014465395159,0.832652493085689,0.9545454545454546,42,44,0.925,296,320,0.5,6,12
cadets12,base,adaptive,reliability_chain,augmented,0.95,True,0,unmet,no_tested_budget_meets_target,0.5,,,,,,,,,,,,,,1.0,1.0,0.9545454545454546,27652,27652,0.8000014465395159,0.832652493085689,0.9545454545454546,42,44,0.925,296,320,0.5,6,12
cadets12,base,adaptive,reliability_chain,augmented,0.99,False,0,unmet,temporal_event_ceiling,0.925,,,,,,,,,,,,,,1.0,1.0,0.9545454545454546,27652,27652,0.8000014465395159,0.832652493085689,0.9545454545454546,42,44,0.925,296,320,0.5,6,12
cadets12,base,adaptive,reliability_chain,augmented,0.99,True,0,unmet,temporal_event_ceiling,0.5,,,,,,,,,,,,,,1.0,1.0,0.9545454545454546,27652,27652,0.8000014465395159,0.832652493085689,0.9545454545454546,42,44,0.925,296,320,0.5,6,12
cadets12,base,adaptive,reliability_chain,augmented,1.0,False,0,unmet,temporal_event_ceiling,0.925,,,,,,,,,,,,,,1.0,1.0,0.9545454545454546,27652,27652,0.8000014465395159,0.832652493085689,0.9545454545454546,42,44,0.925,296,320,0.5,6,12
cadets12,base,adaptive,reliability_chain,augmented,1.0,True,0,unmet,temporal_event_ceiling,0.5,,,,,,,,,,,,,,1.0,1.0,0.9545454545454546,27652,27652,0.8000014465395159,0.832652493085689,0.9545454545454546,42,44,0.925,296,320,0.5,6,12
cadets12,expanded,single,rarity_only,native,0.9,False,0,met,,,8261,8261,0.9500051441263155,0.9500051441263155,0.9545454545454546,42,44,0.925,296,320,0.5,6,12,1.0,1.0,0.9545454545454546,,,,,,,,,,,,,
cadets12,expanded,single,rarity_only,native,0.9,True,0,unmet,no_tested_budget_meets_target,0.5,,,,,,,,,,,,,,1.0,1.0,0.9545454545454546,8261,8261,0.9500051441263155,0.9500051441263155,0.9545454545454546,42,44,0.925,296,320,0.5,6,12
cadets12,expanded,single,rarity_only,native,0.95,False,0,unmet,no_tested_budget_meets_target,0.925,,,,,,,,,,,,,,1.0,1.0,0.9545454545454546,8261,8261,0.9500051441263155,0.9500051441263155,0.9545454545454546,42,44,0.925,296,320,0.5,6,12
cadets12,expanded,single,rarity_only,native,0.95,True,0,unmet,no_tested_budget_meets_target,0.5,,,,,,,,,,,,,,1.0,1.0,0.9545454545454546,8261,8261,0.9500051441263155,0.9500051441263155,0.9545454545454546,42,44,0.925,296,320,0.5,6,12
cadets12,expanded,single,rarity_only,native,0.99,False,0,unmet,temporal_event_ceiling,0.925,,,,,,,,,,,,,,1.0,1.0,0.9545454545454546,8261,8261,0.9500051441263155,0.9500051441263155,0.9545454545454546,42,44,0.925,296,320,0.5,6,12
cadets12,expanded,single,rarity_only,native,0.99,True,0,unmet,temporal_event_ceiling,0.5,,,,,,,,,,,,,,1.0,1.0,0.9545454545454546,8261,8261,0.9500051441263155,0.9500051441263155,0.9545454545454546,42,44,0.925,296,320,0.5,6,12
cadets12,expanded,single,rarity_only,native,1.0,False,0,unmet,temporal_event_ceiling,0.925,,,,,,,,,,,,,,1.0,1.0,0.9545454545454546,8261,8261,0.9500051441263155,0.9500051441263155,0.9545454545454546,42,44,0.925,296,320,0.5,6,12
cadets12,expanded,single,rarity_only,native,1.0,True,0,unmet,temporal_event_ceiling,0.5,,,,,,,,,,,,,,1.0,1.0,0.9545454545454546,8261,8261,0.9500051441263155,0.9500051441263155,0.9545454545454546,42,44,0.925,296,320,0.5,6,12
cadets12,expanded,single,rarity_only,augmented,0.9,False,0,met,,,8261,8261,0.9500051441263155,0.9500051441263155,0.9545454545454546,42,44,0.925,296,320,0.5,6,12,1.0,1.0,0.9545454545454546,,,,,,,,,,,,,
cadets12,expanded,single,rarity_only,augmented,0.9,True,0,unmet,no_tested_budget_meets_target,0.5,,,,,,,,,,,,,,1.0,1.0,0.9545454545454546,8261,8261,0.9500051441263155,0.9500051441263155,0.9545454545454546,42,44,0.925,296,320,0.5,6,12
cadets12,expanded,single,rarity_only,augmented,0.95,False,0,unmet,no_tested_budget_meets_target,0.925,,,,,,,,,,,,,,1.0,1.0,0.9545454545454546,8261,8261,0.9500051441263155,0.9500051441263155,0.9545454545454546,42,44,0.925,296,320,0.5,6,12
cadets12,expanded,single,rarity_only,augmented,0.95,True,0,unmet,no_tested_budget_meets_target,0.5,,,,,,,,,,,,,,1.0,1.0,0.9545454545454546,8261,8261,0.9500051441263155,0.9500051441263155,0.9545454545454546,42,44,0.925,296,320,0.5,6,12
cadets12,expanded,single,rarity_only,augmented,0.99,False,0,unmet,temporal_event_ceiling,0.925,,,,,,,,,,,,,,1.0,1.0,0.9545454545454546,8261,8261,0.9500051441263155,0.9500051441263155,0.9545454545454546,42,44,0.925,296,320,0.5,6,12
cadets12,expanded,single,rarity_only,augmented,0.99,True,0,unmet,temporal_event_ceiling,0.5,,,,,,,,,,,,,,1.0,1.0,0.9545454545454546,8261,8261,0.9500051441263155,0.9500051441263155,0.9545454545454546,42,44,0.925,296,320,0.5,6,12
cadets12,expanded,single,rarity_only,augmented,1.0,False,0,unmet,temporal_event_ceiling,0.925,,,,,,,,,,,,,,1.0,1.0,0.9545454545454546,8261,8261,0.9500051441263155,0.9500051441263155,0.9545454545454546,42,44,0.925,296,320,0.5,6,12
cadets12,expanded,single,rarity_only,augmented,1.0,True,0,unmet,temporal_event_ceiling,0.5,,,,,,,,,,,,,,1.0,1.0,0.9545454545454546,8261,8261,0.9500051441263155,0.9500051441263155,0.9545454545454546,42,44,0.925,296,320,0.5,6,12
cadets12,expanded,single,diffusion_only,native,0.9,False,0,met,,,33047,33047,0.8000024207653249,0.8000024207653249,0.9545454545454546,42,44,0.925,296,320,0.5,6,12,1.0,1.0,0.9545454545454546,,,,,,,,,,,,,
cadets12,expanded,single,diffusion_only,native,0.9,True,0,unmet,no_tested_budget_meets_target,0.5,,,,,,,,,,,,,,1.0,1.0,0.9545454545454546,33047,33047,0.8000024207653249,0.8000024207653249,0.9545454545454546,42,44,0.925,296,320,0.5,6,12
cadets12,expanded,single,diffusion_only,native,0.95,False,0,unmet,no_tested_budget_meets_target,0.925,,,,,,,,,,,,,,1.0,1.0,0.9545454545454546,33047,33047,0.8000024207653249,0.8000024207653249,0.9545454545454546,42,44,0.925,296,320,0.5,6,12
cadets12,expanded,single,diffusion_only,native,0.95,True,0,unmet,no_tested_budget_meets_target,0.5,,,,,,,,,,,,,,1.0,1.0,0.9545454545454546,33047,33047,0.8000024207653249,0.8000024207653249,0.9545454545454546,42,44,0.925,296,320,0.5,6,12
cadets12,expanded,single,diffusion_only,native,0.99,False,0,unmet,temporal_event_ceiling,0.925,,,,,,,,,,,,,,1.0,1.0,0.9545454545454546,33047,33047,0.8000024207653249,0.8000024207653249,0.9545454545454546,42,44,0.925,296,320,0.5,6,12
cadets12,expanded,single,diffusion_only,native,0.99,True,0,unmet,temporal_event_ceiling,0.5,,,,,,,,,,,,,,1.0,1.0,0.9545454545454546,33047,33047,0.8000024207653249,0.8000024207653249,0.9545454545454546,42,44,0.925,296,320,0.5,6,12
cadets12,expanded,single,diffusion_only,native,1.0,False,0,unmet,temporal_event_ceiling,0.925,,,,,,,,,,,,,,1.0,1.0,0.9545454545454546,33047,33047,0.8000024207653249,0.8000024207653249,0.9545454545454546,42,44,0.925,296,320,0.5,6,12
cadets12,expanded,single,diffusion_only,native,1.0,True,0,unmet,temporal_event_ceiling,0.5,,,,,,,,,,,,,,1.0,1.0,0.9545454545454546,33047,33047,0.8000024207653249,0.8000024207653249,0.9545454545454546,42,44,0.925,296,320,0.5,6,12
cadets12,expanded,single,diffusion_only,augmented,0.9,False,0,met,,,33047,33047,0.8000024207653249,0.8000024207653249,0.9545454545454546,42,44,0.925,296,320,0.5,6,12,1.0,1.0,0.9545454545454546,,,,,,,,,,,,,
cadets12,expanded,single,diffusion_only,augmented,0.9,True,0,unmet,no_tested_budget_meets_target,0.5,,,,,,,,,,,,,,1.0,1.0,0.9545454545454546,33047,33047,0.8000024207653249,0.8000024207653249,0.9545454545454546,42,44,0.925,296,320,0.5,6,12
cadets12,expanded,single,diffusion_only,augmented,0.95,False,0,unmet,no_tested_budget_meets_target,0.925,,,,,,,,,,,,,,1.0,1.0,0.9545454545454546,33047,33047,0.8000024207653249,0.8000024207653249,0.9545454545454546,42,44,0.925,296,320,0.5,6,12
cadets12,expanded,single,diffusion_only,augmented,0.95,True,0,unmet,no_tested_budget_meets_target,0.5,,,,,,,,,,,,,,1.0,1.0,0.9545454545454546,33047,33047,0.8000024207653249,0.8000024207653249,0.9545454545454546,42,44,0.925,296,320,0.5,6,12
cadets12,expanded,single,diffusion_only,augmented,0.99,False,0,unmet,temporal_event_ceiling,0.925,,,,,,,,,,,,,,1.0,1.0,0.9545454545454546,33047,33047,0.8000024207653249,0.8000024207653249,0.9545454545454546,42,44,0.925,296,320,0.5,6,12
cadets12,expanded,single,diffusion_only,augmented,0.99,True,0,unmet,temporal_event_ceiling,0.5,,,,,,,,,,,,,,1.0,1.0,0.9545454545454546,33047,33047,0.8000024207653249,0.8000024207653249,0.9545454545454546,42,44,0.925,296,320,0.5,6,12
cadets12,expanded,single,diffusion_only,augmented,1.0,False,0,unmet,temporal_event_ceiling,0.925,,,,,,,,,,,,,,1.0,1.0,0.9545454545454546,33047,33047,0.8000024207653249,0.8000024207653249,0.9545454545454546,42,44,0.925,296,320,0.5,6,12
cadets12,expanded,single,diffusion_only,augmented,1.0,True,0,unmet,temporal_event_ceiling,0.5,,,,,,,,,,,,,,1.0,1.0,0.9545454545454546,33047,33047,0.8000024207653249,0.8000024207653249,0.9545454545454546,42,44,0.925,296,320,0.5,6,12
cadets12,expanded,single,rasp,native,0.9,False,0,met,,,33047,33047,0.8000024207653249,0.8000024207653249,0.9545454545454546,42,44,0.925,296,320,0.5,6,12,1.0,1.0,0.9545454545454546,,,,,,,,,,,,,
cadets12,expanded,single,rasp,native,0.9,True,0,unmet,no_tested_budget_meets_target,0.5,,,,,,,,,,,,,,1.0,1.0,0.9545454545454546,33047,33047,0.8000024207653249,0.8000024207653249,0.9545454545454546,42,44,0.925,296,320,0.5,6,12
cadets12,expanded,single,rasp,native,0.95,False,0,unmet,no_tested_budget_meets_target,0.925,,,,,,,,,,,,,,1.0,1.0,0.9545454545454546,33047,33047,0.8000024207653249,0.8000024207653249,0.9545454545454546,42,44,0.925,296,320,0.5,6,12
cadets12,expanded,single,rasp,native,0.95,True,0,unmet,no_tested_budget_meets_target,0.5,,,,,,,,,,,,,,1.0,1.0,0.9545454545454546,33047,33047,0.8000024207653249,0.8000024207653249,0.9545454545454546,42,44,0.925,296,320,0.5,6,12
cadets12,expanded,single,rasp,native,0.99,False,0,unmet,temporal_event_ceiling,0.925,,,,,,,,,,,,,,1.0,1.0,0.9545454545454546,33047,33047,0.8000024207653249,0.8000024207653249,0.9545454545454546,42,44,0.925,296,320,0.5,6,12
cadets12,expanded,single,rasp,native,0.99,True,0,unmet,temporal_event_ceiling,0.5,,,,,,,,,,,,,,1.0,1.0,0.9545454545454546,33047,33047,0.8000024207653249,0.8000024207653249,0.9545454545454546,42,44,0.925,296,320,0.5,6,12
cadets12,expanded,single,rasp,native,1.0,False,0,unmet,temporal_event_ceiling,0.925,,,,,,,,,,,,,,1.0,1.0,0.9545454545454546,33047,33047,0.8000024207653249,0.8000024207653249,0.9545454545454546,42,44,0.925,296,320,0.5,6,12
cadets12,expanded,single,rasp,native,1.0,True,0,unmet,temporal_event_ceiling,0.5,,,,,,,,,,,,,,1.0,1.0,0.9545454545454546,33047,33047,0.8000024207653249,0.8000024207653249,0.9545454545454546,42,44,0.925,296,320,0.5,6,12
cadets12,expanded,single,rasp,augmented,0.9,False,0,met,,,33047,33047,0.8000024207653249,0.8000024207653249,0.9545454545454546,42,44,0.925,296,320,0.5,6,12,1.0,1.0,0.9545454545454546,,,,,,,,,,,,,
cadets12,expanded,single,rasp,augmented,0.9,True,0,unmet,no_tested_budget_meets_target,0.5,,,,,,,,,,,,,,1.0,1.0,0.9545454545454546,33047,33047,0.8000024207653249,0.8000024207653249,0.9545454545454546,42,44,0.925,296,320,0.5,6,12
cadets12,expanded,single,rasp,augmented,0.95,False,0,unmet,no_tested_budget_meets_target,0.925,,,,,,,,,,,,,,1.0,1.0,0.9545454545454546,33047,33047,0.8000024207653249,0.8000024207653249,0.9545454545454546,42,44,0.925,296,320,0.5,6,12
cadets12,expanded,single,rasp,augmented,0.95,True,0,unmet,no_tested_budget_meets_target,0.5,,,,,,,,,,,,,,1.0,1.0,0.9545454545454546,33047,33047,0.8000024207653249,0.8000024207653249,0.9545454545454546,42,44,0.925,296,320,0.5,6,12
cadets12,expanded,single,rasp,augmented,0.99,False,0,unmet,temporal_event_ceiling,0.925,,,,,,,,,,,,,,1.0,1.0,0.9545454545454546,33047,33047,0.8000024207653249,0.8000024207653249,0.9545454545454546,42,44,0.925,296,320,0.5,6,12
cadets12,expanded,single,rasp,augmented,0.99,True,0,unmet,temporal_event_ceiling,0.5,,,,,,,,,,,,,,1.0,1.0,0.9545454545454546,33047,33047,0.8000024207653249,0.8000024207653249,0.9545454545454546,42,44,0.925,296,320,0.5,6,12
cadets12,expanded,single,rasp,augmented,1.0,False,0,unmet,temporal_event_ceiling,0.925,,,,,,,,,,,,,,1.0,1.0,0.9545454545454546,33047,33047,0.8000024207653249,0.8000024207653249,0.9545454545454546,42,44,0.925,296,320,0.5,6,12
cadets12,expanded,single,rasp,augmented,1.0,True,0,unmet,temporal_event_ceiling,0.5,,,,,,,,,,,,,,1.0,1.0,0.9545454545454546,33047,33047,0.8000024207653249,0.8000024207653249,0.9545454545454546,42,44,0.925,296,320,0.5,6,12
cadets12,expanded,single,context_v1,native,0.9,False,0,met,,,82618,82618,0.5000030259566561,0.5000030259566561,0.9545454545454546,42,44,0.925,296,320,0.5,6,12,1.0,1.0,0.9545454545454546,,,,,,,,,,,,,
cadets12,expanded,single,context_v1,native,0.9,True,0,unmet,no_tested_budget_meets_target,0.5,,,,,,,,,,,,,,1.0,1.0,0.9545454545454546,82618,82618,0.5000030259566561,0.5000030259566561,0.9545454545454546,42,44,0.925,296,320,0.5,6,12
cadets12,expanded,single,context_v1,native,0.95,False,0,unmet,no_tested_budget_meets_target,0.925,,,,,,,,,,,,,,1.0,1.0,0.9545454545454546,82618,82618,0.5000030259566561,0.5000030259566561,0.9545454545454546,42,44,0.925,296,320,0.5,6,12
cadets12,expanded,single,context_v1,native,0.95,True,0,unmet,no_tested_budget_meets_target,0.5,,,,,,,,,,,,,,1.0,1.0,0.9545454545454546,82618,82618,0.5000030259566561,0.5000030259566561,0.9545454545454546,42,44,0.925,296,320,0.5,6,12
cadets12,expanded,single,context_v1,native,0.99,False,0,unmet,temporal_event_ceiling,0.925,,,,,,,,,,,,,,1.0,1.0,0.9545454545454546,82618,82618,0.5000030259566561,0.5000030259566561,0.9545454545454546,42,44,0.925,296,320,0.5,6,12
cadets12,expanded,single,context_v1,native,0.99,True,0,unmet,temporal_event_ceiling,0.5,,,,,,,,,,,,,,1.0,1.0,0.9545454545454546,82618,82618,0.5000030259566561,0.5000030259566561,0.9545454545454546,42,44,0.925,296,320,0.5,6,12
cadets12,expanded,single,context_v1,native,1.0,False,0,unmet,temporal_event_ceiling,0.925,,,,,,,,,,,,,,1.0,1.0,0.9545454545454546,82618,82618,0.5000030259566561,0.5000030259566561,0.9545454545454546,42,44,0.925,296,320,0.5,6,12
cadets12,expanded,single,context_v1,native,1.0,True,0,unmet,temporal_event_ceiling,0.5,,,,,,,,,,,,,,1.0,1.0,0.9545454545454546,82618,82618,0.5000030259566561,0.5000030259566561,0.9545454545454546,42,44,0.925,296,320,0.5,6,12
cadets12,expanded,single,context_v1,augmented,0.9,False,0,met,,,82618,82618,0.5000030259566561,0.5000030259566561,0.9545454545454546,42,44,0.925,296,320,0.5,6,12,1.0,1.0,0.9545454545454546,,,,,,,,,,,,,
cadets12,expanded,single,context_v1,augmented,0.9,True,0,unmet,no_tested_budget_meets_target,0.5,,,,,,,,,,,,,,1.0,1.0,0.9545454545454546,82618,82618,0.5000030259566561,0.5000030259566561,0.9545454545454546,42,44,0.925,296,320,0.5,6,12
cadets12,expanded,single,context_v1,augmented,0.95,False,0,unmet,no_tested_budget_meets_target,0.925,,,,,,,,,,,,,,1.0,1.0,0.9545454545454546,82618,82618,0.5000030259566561,0.5000030259566561,0.9545454545454546,42,44,0.925,296,320,0.5,6,12
cadets12,expanded,single,context_v1,augmented,0.95,True,0,unmet,no_tested_budget_meets_target,0.5,,,,,,,,,,,,,,1.0,1.0,0.9545454545454546,82618,82618,0.5000030259566561,0.5000030259566561,0.9545454545454546,42,44,0.925,296,320,0.5,6,12
cadets12,expanded,single,context_v1,augmented,0.99,False,0,unmet,temporal_event_ceiling,0.925,,,,,,,,,,,,,,1.0,1.0,0.9545454545454546,82618,82618,0.5000030259566561,0.5000030259566561,0.9545454545454546,42,44,0.925,296,320,0.5,6,12
cadets12,expanded,single,context_v1,augmented,0.99,True,0,unmet,temporal_event_ceiling,0.5,,,,,,,,,,,,,,1.0,1.0,0.9545454545454546,82618,82618,0.5000030259566561,0.5000030259566561,0.9545454545454546,42,44,0.925,296,320,0.5,6,12
cadets12,expanded,single,context_v1,augmented,1.0,False,0,unmet,temporal_event_ceiling,0.925,,,,,,,,,,,,,,1.0,1.0,0.9545454545454546,82618,82618,0.5000030259566561,0.5000030259566561,0.9545454545454546,42,44,0.925,296,320,0.5,6,12
cadets12,expanded,single,context_v1,augmented,1.0,True,0,unmet,temporal_event_ceiling,0.5,,,,,,,,,,,,,,1.0,1.0,0.9545454545454546,82618,82618,0.5000030259566561,0.5000030259566561,0.9545454545454546,42,44,0.925,296,320,0.5,6,12
cadets12,expanded,single,reliability,native,0.9,False,0,met,,,82618,82618,0.5000030259566561,0.5000030259566561,0.9545454545454546,42,44,0.925,296,320,0.5,6,12,1.0,1.0,0.9545454545454546,,,,,,,,,,,,,
cadets12,expanded,single,reliability,native,0.9,True,0,unmet,no_tested_budget_meets_target,0.5,,,,,,,,,,,,,,1.0,1.0,0.9545454545454546,82618,82618,0.5000030259566561,0.5000030259566561,0.9545454545454546,42,44,0.925,296,320,0.5,6,12
cadets12,expanded,single,reliability,native,0.95,False,0,unmet,no_tested_budget_meets_target,0.925,,,,,,,,,,,,,,1.0,1.0,0.9545454545454546,82618,82618,0.5000030259566561,0.5000030259566561,0.9545454545454546,42,44,0.925,296,320,0.5,6,12
cadets12,expanded,single,reliability,native,0.95,True,0,unmet,no_tested_budget_meets_target,0.5,,,,,,,,,,,,,,1.0,1.0,0.9545454545454546,82618,82618,0.5000030259566561,0.5000030259566561,0.9545454545454546,42,44,0.925,296,320,0.5,6,12
cadets12,expanded,single,reliability,native,0.99,False,0,unmet,temporal_event_ceiling,0.925,,,,,,,,,,,,,,1.0,1.0,0.9545454545454546,82618,82618,0.5000030259566561,0.5000030259566561,0.9545454545454546,42,44,0.925,296,320,0.5,6,12
cadets12,expanded,single,reliability,native,0.99,True,0,unmet,temporal_event_ceiling,0.5,,,,,,,,,,,,,,1.0,1.0,0.9545454545454546,82618,82618,0.5000030259566561,0.5000030259566561,0.9545454545454546,42,44,0.925,296,320,0.5,6,12
cadets12,expanded,single,reliability,native,1.0,False,0,unmet,temporal_event_ceiling,0.925,,,,,,,,,,,,,,1.0,1.0,0.9545454545454546,82618,82618,0.5000030259566561,0.5000030259566561,0.9545454545454546,42,44,0.925,296,320,0.5,6,12
cadets12,expanded,single,reliability,native,1.0,True,0,unmet,temporal_event_ceiling,0.5,,,,,,,,,,,,,,1.0,1.0,0.9545454545454546,82618,82618,0.5000030259566561,0.5000030259566561,0.9545454545454546,42,44,0.925,296,320,0.5,6,12
cadets12,expanded,single,reliability,augmented,0.9,False,0,met,,,82618,82618,0.5000030259566561,0.5000030259566561,0.9545454545454546,42,44,0.925,296,320,0.5,6,12,1.0,1.0,0.9545454545454546,,,,,,,,,,,,,
cadets12,expanded,single,reliability,augmented,0.9,True,0,unmet,no_tested_budget_meets_target,0.5,,,,,,,,,,,,,,1.0,1.0,0.9545454545454546,82618,82618,0.5000030259566561,0.5000030259566561,0.9545454545454546,42,44,0.925,296,320,0.5,6,12
cadets12,expanded,single,reliability,augmented,0.95,False,0,unmet,no_tested_budget_meets_target,0.925,,,,,,,,,,,,,,1.0,1.0,0.9545454545454546,82618,82618,0.5000030259566561,0.5000030259566561,0.9545454545454546,42,44,0.925,296,320,0.5,6,12
cadets12,expanded,single,reliability,augmented,0.95,True,0,unmet,no_tested_budget_meets_target,0.5,,,,,,,,,,,,,,1.0,1.0,0.9545454545454546,82618,82618,0.5000030259566561,0.5000030259566561,0.9545454545454546,42,44,0.925,296,320,0.5,6,12
cadets12,expanded,single,reliability,augmented,0.99,False,0,unmet,temporal_event_ceiling,0.925,,,,,,,,,,,,,,1.0,1.0,0.9545454545454546,82618,82618,0.5000030259566561,0.5000030259566561,0.9545454545454546,42,44,0.925,296,320,0.5,6,12
cadets12,expanded,single,reliability,augmented,0.99,True,0,unmet,temporal_event_ceiling,0.5,,,,,,,,,,,,,,1.0,1.0,0.9545454545454546,82618,82618,0.5000030259566561,0.5000030259566561,0.9545454545454546,42,44,0.925,296,320,0.5,6,12
cadets12,expanded,single,reliability,augmented,1.0,False,0,unmet,temporal_event_ceiling,0.925,,,,,,,,,,,,,,1.0,1.0,0.9545454545454546,82618,82618,0.5000030259566561,0.5000030259566561,0.9545454545454546,42,44,0.925,296,320,0.5,6,12
cadets12,expanded,single,reliability,augmented,1.0,True,0,unmet,temporal_event_ceiling,0.5,,,,,,,,,,,,,,1.0,1.0,0.9545454545454546,82618,82618,0.5000030259566561,0.5000030259566561,0.9545454545454546,42,44,0.925,296,320,0.5,6,12
cadets12,expanded,single,adaptive_v1,native,0.9,False,0,met,,,82618,82618,0.5000030259566561,0.5000030259566561,0.9545454545454546,42,44,0.925,296,320,0.5,6,12,1.0,1.0,0.9545454545454546,,,,,,,,,,,,,
cadets12,expanded,single,adaptive_v1,native,0.9,True,0,unmet,no_tested_budget_meets_target,0.5,,,,,,,,,,,,,,1.0,1.0,0.9545454545454546,82618,82618,0.5000030259566561,0.5000030259566561,0.9545454545454546,42,44,0.925,296,320,0.5,6,12
cadets12,expanded,single,adaptive_v1,native,0.95,False,0,unmet,no_tested_budget_meets_target,0.925,,,,,,,,,,,,,,1.0,1.0,0.9545454545454546,82618,82618,0.5000030259566561,0.5000030259566561,0.9545454545454546,42,44,0.925,296,320,0.5,6,12
cadets12,expanded,single,adaptive_v1,native,0.95,True,0,unmet,no_tested_budget_meets_target,0.5,,,,,,,,,,,,,,1.0,1.0,0.9545454545454546,82618,82618,0.5000030259566561,0.5000030259566561,0.9545454545454546,42,44,0.925,296,320,0.5,6,12
cadets12,expanded,single,adaptive_v1,native,0.99,False,0,unmet,temporal_event_ceiling,0.925,,,,,,,,,,,,,,1.0,1.0,0.9545454545454546,82618,82618,0.5000030259566561,0.5000030259566561,0.9545454545454546,42,44,0.925,296,320,0.5,6,12
cadets12,expanded,single,adaptive_v1,native,0.99,True,0,unmet,temporal_event_ceiling,0.5,,,,,,,,,,,,,,1.0,1.0,0.9545454545454546,82618,82618,0.5000030259566561,0.5000030259566561,0.9545454545454546,42,44,0.925,296,320,0.5,6,12
cadets12,expanded,single,adaptive_v1,native,1.0,False,0,unmet,temporal_event_ceiling,0.925,,,,,,,,,,,,,,1.0,1.0,0.9545454545454546,82618,82618,0.5000030259566561,0.5000030259566561,0.9545454545454546,42,44,0.925,296,320,0.5,6,12
cadets12,expanded,single,adaptive_v1,native,1.0,True,0,unmet,temporal_event_ceiling,0.5,,,,,,,,,,,,,,1.0,1.0,0.9545454545454546,82618,82618,0.5000030259566561,0.5000030259566561,0.9545454545454546,42,44,0.925,296,320,0.5,6,12
cadets12,expanded,single,adaptive_v1,augmented,0.9,False,0,met,,,82618,82618,0.5000030259566561,0.5000030259566561,0.9545454545454546,42,44,0.925,296,320,0.5,6,12,1.0,1.0,0.9545454545454546,,,,,,,,,,,,,
cadets12,expanded,single,adaptive_v1,augmented,0.9,True,0,unmet,no_tested_budget_meets_target,0.5,,,,,,,,,,,,,,1.0,1.0,0.9545454545454546,82618,82618,0.5000030259566561,0.5000030259566561,0.9545454545454546,42,44,0.925,296,320,0.5,6,12
cadets12,expanded,single,adaptive_v1,augmented,0.95,False,0,unmet,no_tested_budget_meets_target,0.925,,,,,,,,,,,,,,1.0,1.0,0.9545454545454546,82618,82618,0.5000030259566561,0.5000030259566561,0.9545454545454546,42,44,0.925,296,320,0.5,6,12
cadets12,expanded,single,adaptive_v1,augmented,0.95,True,0,unmet,no_tested_budget_meets_target,0.5,,,,,,,,,,,,,,1.0,1.0,0.9545454545454546,82618,82618,0.5000030259566561,0.5000030259566561,0.9545454545454546,42,44,0.925,296,320,0.5,6,12
cadets12,expanded,single,adaptive_v1,augmented,0.99,False,0,unmet,temporal_event_ceiling,0.925,,,,,,,,,,,,,,1.0,1.0,0.9545454545454546,82618,82618,0.5000030259566561,0.5000030259566561,0.9545454545454546,42,44,0.925,296,320,0.5,6,12
cadets12,expanded,single,adaptive_v1,augmented,0.99,True,0,unmet,temporal_event_ceiling,0.5,,,,,,,,,,,,,,1.0,1.0,0.9545454545454546,82618,82618,0.5000030259566561,0.5000030259566561,0.9545454545454546,42,44,0.925,296,320,0.5,6,12
cadets12,expanded,single,adaptive_v1,augmented,1.0,False,0,unmet,temporal_event_ceiling,0.925,,,,,,,,,,,,,,1.0,1.0,0.9545454545454546,82618,82618,0.5000030259566561,0.5000030259566561,0.9545454545454546,42,44,0.925,296,320,0.5,6,12
cadets12,expanded,single,adaptive_v1,augmented,1.0,True,0,unmet,temporal_event_ceiling,0.5,,,,,,,,,,,,,,1.0,1.0,0.9545454545454546,82618,82618,0.5000030259566561,0.5000030259566561,0.9545454545454546,42,44,0.925,296,320,0.5,6,12
cadets12,expanded,single,reliability_chain,native,0.9,False,0,met,,,82618,82618,0.5000030259566561,0.5000030259566561,0.9545454545454546,42,44,0.925,296,320,0.5,6,12,1.0,1.0,0.9545454545454546,,,,,,,,,,,,,
cadets12,expanded,single,reliability_chain,native,0.9,True,0,unmet,no_tested_budget_meets_target,0.5,,,,,,,,,,,,,,1.0,1.0,0.9545454545454546,82618,82618,0.5000030259566561,0.5000030259566561,0.9545454545454546,42,44,0.925,296,320,0.5,6,12
cadets12,expanded,single,reliability_chain,native,0.95,False,0,unmet,no_tested_budget_meets_target,0.925,,,,,,,,,,,,,,1.0,1.0,0.9545454545454546,82618,82618,0.5000030259566561,0.5000030259566561,0.9545454545454546,42,44,0.925,296,320,0.5,6,12
cadets12,expanded,single,reliability_chain,native,0.95,True,0,unmet,no_tested_budget_meets_target,0.5,,,,,,,,,,,,,,1.0,1.0,0.9545454545454546,82618,82618,0.5000030259566561,0.5000030259566561,0.9545454545454546,42,44,0.925,296,320,0.5,6,12
cadets12,expanded,single,reliability_chain,native,0.99,False,0,unmet,temporal_event_ceiling,0.925,,,,,,,,,,,,,,1.0,1.0,0.9545454545454546,82618,82618,0.5000030259566561,0.5000030259566561,0.9545454545454546,42,44,0.925,296,320,0.5,6,12
cadets12,expanded,single,reliability_chain,native,0.99,True,0,unmet,temporal_event_ceiling,0.5,,,,,,,,,,,,,,1.0,1.0,0.9545454545454546,82618,82618,0.5000030259566561,0.5000030259566561,0.9545454545454546,42,44,0.925,296,320,0.5,6,12
cadets12,expanded,single,reliability_chain,native,1.0,False,0,unmet,temporal_event_ceiling,0.925,,,,,,,,,,,,,,1.0,1.0,0.9545454545454546,82618,82618,0.5000030259566561,0.5000030259566561,0.9545454545454546,42,44,0.925,296,320,0.5,6,12
cadets12,expanded,single,reliability_chain,native,1.0,True,0,unmet,temporal_event_ceiling,0.5,,,,,,,,,,,,,,1.0,1.0,0.9545454545454546,82618,82618,0.5000030259566561,0.5000030259566561,0.9545454545454546,42,44,0.925,296,320,0.5,6,12
cadets12,expanded,single,reliability_chain,augmented,0.9,False,0,met,,,82618,82618,0.5000030259566561,0.5000030259566561,0.9545454545454546,42,44,0.925,296,320,0.5,6,12,1.0,1.0,0.9545454545454546,,,,,,,,,,,,,
cadets12,expanded,single,reliability_chain,augmented,0.9,True,0,unmet,no_tested_budget_meets_target,0.5,,,,,,,,,,,,,,1.0,1.0,0.9545454545454546,82618,82618,0.5000030259566561,0.5000030259566561,0.9545454545454546,42,44,0.925,296,320,0.5,6,12
cadets12,expanded,single,reliability_chain,augmented,0.95,False,0,unmet,no_tested_budget_meets_target,0.925,,,,,,,,,,,,,,1.0,1.0,0.9545454545454546,82618,82618,0.5000030259566561,0.5000030259566561,0.9545454545454546,42,44,0.925,296,320,0.5,6,12
cadets12,expanded,single,reliability_chain,augmented,0.95,True,0,unmet,no_tested_budget_meets_target,0.5,,,,,,,,,,,,,,1.0,1.0,0.9545454545454546,82618,82618,0.5000030259566561,0.5000030259566561,0.9545454545454546,42,44,0.925,296,320,0.5,6,12
cadets12,expanded,single,reliability_chain,augmented,0.99,False,0,unmet,temporal_event_ceiling,0.925,,,,,,,,,,,,,,1.0,1.0,0.9545454545454546,82618,82618,0.5000030259566561,0.5000030259566561,0.9545454545454546,42,44,0.925,296,320,0.5,6,12
cadets12,expanded,single,reliability_chain,augmented,0.99,True,0,unmet,temporal_event_ceiling,0.5,,,,,,,,,,,,,,1.0,1.0,0.9545454545454546,82618,82618,0.5000030259566561,0.5000030259566561,0.9545454545454546,42,44,0.925,296,320,0.5,6,12
cadets12,expanded,single,reliability_chain,augmented,1.0,False,0,unmet,temporal_event_ceiling,0.925,,,,,,,,,,,,,,1.0,1.0,0.9545454545454546,82618,82618,0.5000030259566561,0.5000030259566561,0.9545454545454546,42,44,0.925,296,320,0.5,6,12
cadets12,expanded,single,reliability_chain,augmented,1.0,True,0,unmet,temporal_event_ceiling,0.5,,,,,,,,,,,,,,1.0,1.0,0.9545454545454546,82618,82618,0.5000030259566561,0.5000030259566561,0.9545454545454546,42,44,0.925,296,320,0.5,6,12
cadets12,expanded,declared,rarity_only,native,0.9,False,0,met,,,8261,8261,0.9500051441263155,0.9500051441263155,0.9545454545454546,42,44,0.925,296,320,0.5,6,12,1.0,1.0,0.9545454545454546,,,,,,,,,,,,,
cadets12,expanded,declared,rarity_only,native,0.9,True,0,unmet,no_tested_budget_meets_target,0.5,,,,,,,,,,,,,,1.0,1.0,0.9545454545454546,8261,8261,0.9500051441263155,0.9500051441263155,0.9545454545454546,42,44,0.925,296,320,0.5,6,12
cadets12,expanded,declared,rarity_only,native,0.95,False,0,unmet,no_tested_budget_meets_target,0.925,,,,,,,,,,,,,,1.0,1.0,0.9545454545454546,8261,8261,0.9500051441263155,0.9500051441263155,0.9545454545454546,42,44,0.925,296,320,0.5,6,12
cadets12,expanded,declared,rarity_only,native,0.95,True,0,unmet,no_tested_budget_meets_target,0.5,,,,,,,,,,,,,,1.0,1.0,0.9545454545454546,8261,8261,0.9500051441263155,0.9500051441263155,0.9545454545454546,42,44,0.925,296,320,0.5,6,12
cadets12,expanded,declared,rarity_only,native,0.99,False,0,unmet,temporal_event_ceiling,0.925,,,,,,,,,,,,,,1.0,1.0,0.9545454545454546,8261,8261,0.9500051441263155,0.9500051441263155,0.9545454545454546,42,44,0.925,296,320,0.5,6,12
cadets12,expanded,declared,rarity_only,native,0.99,True,0,unmet,temporal_event_ceiling,0.5,,,,,,,,,,,,,,1.0,1.0,0.9545454545454546,8261,8261,0.9500051441263155,0.9500051441263155,0.9545454545454546,42,44,0.925,296,320,0.5,6,12
cadets12,expanded,declared,rarity_only,native,1.0,False,0,unmet,temporal_event_ceiling,0.925,,,,,,,,,,,,,,1.0,1.0,0.9545454545454546,8261,8261,0.9500051441263155,0.9500051441263155,0.9545454545454546,42,44,0.925,296,320,0.5,6,12
cadets12,expanded,declared,rarity_only,native,1.0,True,0,unmet,temporal_event_ceiling,0.5,,,,,,,,,,,,,,1.0,1.0,0.9545454545454546,8261,8261,0.9500051441263155,0.9500051441263155,0.9545454545454546,42,44,0.925,296,320,0.5,6,12
cadets12,expanded,declared,rarity_only,augmented,0.9,False,0,met,,,8261,8261,0.9500051441263155,0.9500051441263155,0.9545454545454546,42,44,0.925,296,320,0.5,6,12,1.0,1.0,0.9545454545454546,,,,,,,,,,,,,
cadets12,expanded,declared,rarity_only,augmented,0.9,True,0,unmet,no_tested_budget_meets_target,0.5,,,,,,,,,,,,,,1.0,1.0,0.9545454545454546,8261,8261,0.9500051441263155,0.9500051441263155,0.9545454545454546,42,44,0.925,296,320,0.5,6,12
cadets12,expanded,declared,rarity_only,augmented,0.95,False,0,unmet,no_tested_budget_meets_target,0.925,,,,,,,,,,,,,,1.0,1.0,0.9545454545454546,8261,8261,0.9500051441263155,0.9500051441263155,0.9545454545454546,42,44,0.925,296,320,0.5,6,12
cadets12,expanded,declared,rarity_only,augmented,0.95,True,0,unmet,no_tested_budget_meets_target,0.5,,,,,,,,,,,,,,1.0,1.0,0.9545454545454546,8261,8261,0.9500051441263155,0.9500051441263155,0.9545454545454546,42,44,0.925,296,320,0.5,6,12
cadets12,expanded,declared,rarity_only,augmented,0.99,False,0,unmet,temporal_event_ceiling,0.925,,,,,,,,,,,,,,1.0,1.0,0.9545454545454546,8261,8261,0.9500051441263155,0.9500051441263155,0.9545454545454546,42,44,0.925,296,320,0.5,6,12
cadets12,expanded,declared,rarity_only,augmented,0.99,True,0,unmet,temporal_event_ceiling,0.5,,,,,,,,,,,,,,1.0,1.0,0.9545454545454546,8261,8261,0.9500051441263155,0.9500051441263155,0.9545454545454546,42,44,0.925,296,320,0.5,6,12
cadets12,expanded,declared,rarity_only,augmented,1.0,False,0,unmet,temporal_event_ceiling,0.925,,,,,,,,,,,,,,1.0,1.0,0.9545454545454546,8261,8261,0.9500051441263155,0.9500051441263155,0.9545454545454546,42,44,0.925,296,320,0.5,6,12
cadets12,expanded,declared,rarity_only,augmented,1.0,True,0,unmet,temporal_event_ceiling,0.5,,,,,,,,,,,,,,1.0,1.0,0.9545454545454546,8261,8261,0.9500051441263155,0.9500051441263155,0.9545454545454546,42,44,0.925,296,320,0.5,6,12
cadets12,expanded,declared,diffusion_only,native,0.9,False,0,met,,,16523,16523,0.9000042363393187,0.9000042363393187,0.9545454545454546,42,44,0.925,296,320,0.5,6,12,1.0,1.0,0.9545454545454546,,,,,,,,,,,,,
cadets12,expanded,declared,diffusion_only,native,0.9,True,0,unmet,no_tested_budget_meets_target,0.5,,,,,,,,,,,,,,1.0,1.0,0.9545454545454546,16523,16523,0.9000042363393187,0.9000042363393187,0.9545454545454546,42,44,0.925,296,320,0.5,6,12
cadets12,expanded,declared,diffusion_only,native,0.95,False,0,unmet,no_tested_budget_meets_target,0.925,,,,,,,,,,,,,,1.0,1.0,0.9545454545454546,16523,16523,0.9000042363393187,0.9000042363393187,0.9545454545454546,42,44,0.925,296,320,0.5,6,12
cadets12,expanded,declared,diffusion_only,native,0.95,True,0,unmet,no_tested_budget_meets_target,0.5,,,,,,,,,,,,,,1.0,1.0,0.9545454545454546,16523,16523,0.9000042363393187,0.9000042363393187,0.9545454545454546,42,44,0.925,296,320,0.5,6,12
cadets12,expanded,declared,diffusion_only,native,0.99,False,0,unmet,temporal_event_ceiling,0.925,,,,,,,,,,,,,,1.0,1.0,0.9545454545454546,16523,16523,0.9000042363393187,0.9000042363393187,0.9545454545454546,42,44,0.925,296,320,0.5,6,12
cadets12,expanded,declared,diffusion_only,native,0.99,True,0,unmet,temporal_event_ceiling,0.5,,,,,,,,,,,,,,1.0,1.0,0.9545454545454546,16523,16523,0.9000042363393187,0.9000042363393187,0.9545454545454546,42,44,0.925,296,320,0.5,6,12
cadets12,expanded,declared,diffusion_only,native,1.0,False,0,unmet,temporal_event_ceiling,0.925,,,,,,,,,,,,,,1.0,1.0,0.9545454545454546,16523,16523,0.9000042363393187,0.9000042363393187,0.9545454545454546,42,44,0.925,296,320,0.5,6,12
cadets12,expanded,declared,diffusion_only,native,1.0,True,0,unmet,temporal_event_ceiling,0.5,,,,,,,,,,,,,,1.0,1.0,0.9545454545454546,16523,16523,0.9000042363393187,0.9000042363393187,0.9545454545454546,42,44,0.925,296,320,0.5,6,12
cadets12,expanded,declared,diffusion_only,augmented,0.9,False,0,met,,,16523,16523,0.9000042363393187,0.9000042363393187,0.9545454545454546,42,44,0.925,296,320,0.5,6,12,1.0,1.0,0.9545454545454546,,,,,,,,,,,,,
cadets12,expanded,declared,diffusion_only,augmented,0.9,True,0,unmet,no_tested_budget_meets_target,0.5,,,,,,,,,,,,,,1.0,1.0,0.9545454545454546,16523,16523,0.9000042363393187,0.9000042363393187,0.9545454545454546,42,44,0.925,296,320,0.5,6,12
cadets12,expanded,declared,diffusion_only,augmented,0.95,False,0,unmet,no_tested_budget_meets_target,0.925,,,,,,,,,,,,,,1.0,1.0,0.9545454545454546,16523,16523,0.9000042363393187,0.9000042363393187,0.9545454545454546,42,44,0.925,296,320,0.5,6,12
cadets12,expanded,declared,diffusion_only,augmented,0.95,True,0,unmet,no_tested_budget_meets_target,0.5,,,,,,,,,,,,,,1.0,1.0,0.9545454545454546,16523,16523,0.9000042363393187,0.9000042363393187,0.9545454545454546,42,44,0.925,296,320,0.5,6,12
cadets12,expanded,declared,diffusion_only,augmented,0.99,False,0,unmet,temporal_event_ceiling,0.925,,,,,,,,,,,,,,1.0,1.0,0.9545454545454546,16523,16523,0.9000042363393187,0.9000042363393187,0.9545454545454546,42,44,0.925,296,320,0.5,6,12
cadets12,expanded,declared,diffusion_only,augmented,0.99,True,0,unmet,temporal_event_ceiling,0.5,,,,,,,,,,,,,,1.0,1.0,0.9545454545454546,16523,16523,0.9000042363393187,0.9000042363393187,0.9545454545454546,42,44,0.925,296,320,0.5,6,12
cadets12,expanded,declared,diffusion_only,augmented,1.0,False,0,unmet,temporal_event_ceiling,0.925,,,,,,,,,,,,,,1.0,1.0,0.9545454545454546,16523,16523,0.9000042363393187,0.9000042363393187,0.9545454545454546,42,44,0.925,296,320,0.5,6,12
cadets12,expanded,declared,diffusion_only,augmented,1.0,True,0,unmet,temporal_event_ceiling,0.5,,,,,,,,,,,,,,1.0,1.0,0.9545454545454546,16523,16523,0.9000042363393187,0.9000042363393187,0.9545454545454546,42,44,0.925,296,320,0.5,6,12
cadets12,expanded,declared,rasp,native,0.9,False,0,met,,,16523,16523,0.9000042363393187,0.9000042363393187,0.9545454545454546,42,44,0.925,296,320,0.5,6,12,1.0,1.0,0.9545454545454546,,,,,,,,,,,,,
cadets12,expanded,declared,rasp,native,0.9,True,0,unmet,no_tested_budget_meets_target,0.5,,,,,,,,,,,,,,1.0,1.0,0.9545454545454546,16523,16523,0.9000042363393187,0.9000042363393187,0.9545454545454546,42,44,0.925,296,320,0.5,6,12
cadets12,expanded,declared,rasp,native,0.95,False,0,unmet,no_tested_budget_meets_target,0.925,,,,,,,,,,,,,,1.0,1.0,0.9545454545454546,16523,16523,0.9000042363393187,0.9000042363393187,0.9545454545454546,42,44,0.925,296,320,0.5,6,12
cadets12,expanded,declared,rasp,native,0.95,True,0,unmet,no_tested_budget_meets_target,0.5,,,,,,,,,,,,,,1.0,1.0,0.9545454545454546,16523,16523,0.9000042363393187,0.9000042363393187,0.9545454545454546,42,44,0.925,296,320,0.5,6,12
cadets12,expanded,declared,rasp,native,0.99,False,0,unmet,temporal_event_ceiling,0.925,,,,,,,,,,,,,,1.0,1.0,0.9545454545454546,16523,16523,0.9000042363393187,0.9000042363393187,0.9545454545454546,42,44,0.925,296,320,0.5,6,12
cadets12,expanded,declared,rasp,native,0.99,True,0,unmet,temporal_event_ceiling,0.5,,,,,,,,,,,,,,1.0,1.0,0.9545454545454546,16523,16523,0.9000042363393187,0.9000042363393187,0.9545454545454546,42,44,0.925,296,320,0.5,6,12
cadets12,expanded,declared,rasp,native,1.0,False,0,unmet,temporal_event_ceiling,0.925,,,,,,,,,,,,,,1.0,1.0,0.9545454545454546,16523,16523,0.9000042363393187,0.9000042363393187,0.9545454545454546,42,44,0.925,296,320,0.5,6,12
cadets12,expanded,declared,rasp,native,1.0,True,0,unmet,temporal_event_ceiling,0.5,,,,,,,,,,,,,,1.0,1.0,0.9545454545454546,16523,16523,0.9000042363393187,0.9000042363393187,0.9545454545454546,42,44,0.925,296,320,0.5,6,12
cadets12,expanded,declared,rasp,augmented,0.9,False,0,met,,,16523,16523,0.9000042363393187,0.9000042363393187,0.9545454545454546,42,44,0.925,296,320,0.5,6,12,1.0,1.0,0.9545454545454546,,,,,,,,,,,,,
cadets12,expanded,declared,rasp,augmented,0.9,True,0,unmet,no_tested_budget_meets_target,0.5,,,,,,,,,,,,,,1.0,1.0,0.9545454545454546,16523,16523,0.9000042363393187,0.9000042363393187,0.9545454545454546,42,44,0.925,296,320,0.5,6,12
cadets12,expanded,declared,rasp,augmented,0.95,False,0,unmet,no_tested_budget_meets_target,0.925,,,,,,,,,,,,,,1.0,1.0,0.9545454545454546,16523,16523,0.9000042363393187,0.9000042363393187,0.9545454545454546,42,44,0.925,296,320,0.5,6,12
cadets12,expanded,declared,rasp,augmented,0.95,True,0,unmet,no_tested_budget_meets_target,0.5,,,,,,,,,,,,,,1.0,1.0,0.9545454545454546,16523,16523,0.9000042363393187,0.9000042363393187,0.9545454545454546,42,44,0.925,296,320,0.5,6,12
cadets12,expanded,declared,rasp,augmented,0.99,False,0,unmet,temporal_event_ceiling,0.925,,,,,,,,,,,,,,1.0,1.0,0.9545454545454546,16523,16523,0.9000042363393187,0.9000042363393187,0.9545454545454546,42,44,0.925,296,320,0.5,6,12
cadets12,expanded,declared,rasp,augmented,0.99,True,0,unmet,temporal_event_ceiling,0.5,,,,,,,,,,,,,,1.0,1.0,0.9545454545454546,16523,16523,0.9000042363393187,0.9000042363393187,0.9545454545454546,42,44,0.925,296,320,0.5,6,12
cadets12,expanded,declared,rasp,augmented,1.0,False,0,unmet,temporal_event_ceiling,0.925,,,,,,,,,,,,,,1.0,1.0,0.9545454545454546,16523,16523,0.9000042363393187,0.9000042363393187,0.9545454545454546,42,44,0.925,296,320,0.5,6,12
cadets12,expanded,declared,rasp,augmented,1.0,True,0,unmet,temporal_event_ceiling,0.5,,,,,,,,,,,,,,1.0,1.0,0.9545454545454546,16523,16523,0.9000042363393187,0.9000042363393187,0.9545454545454546,42,44,0.925,296,320,0.5,6,12
cadets12,expanded,declared,context_v1,native,0.9,False,0,met,,,16523,16523,0.9000042363393187,0.9000042363393187,0.9545454545454546,42,44,0.925,296,320,0.5,6,12,1.0,1.0,0.9545454545454546,,,,,,,,,,,,,
cadets12,expanded,declared,context_v1,native,0.9,True,0,unmet,no_tested_budget_meets_target,0.5,,,,,,,,,,,,,,1.0,1.0,0.9545454545454546,16523,16523,0.9000042363393187,0.9000042363393187,0.9545454545454546,42,44,0.925,296,320,0.5,6,12
cadets12,expanded,declared,context_v1,native,0.95,False,0,unmet,no_tested_budget_meets_target,0.925,,,,,,,,,,,,,,1.0,1.0,0.9545454545454546,16523,16523,0.9000042363393187,0.9000042363393187,0.9545454545454546,42,44,0.925,296,320,0.5,6,12
cadets12,expanded,declared,context_v1,native,0.95,True,0,unmet,no_tested_budget_meets_target,0.5,,,,,,,,,,,,,,1.0,1.0,0.9545454545454546,16523,16523,0.9000042363393187,0.9000042363393187,0.9545454545454546,42,44,0.925,296,320,0.5,6,12
cadets12,expanded,declared,context_v1,native,0.99,False,0,unmet,temporal_event_ceiling,0.925,,,,,,,,,,,,,,1.0,1.0,0.9545454545454546,16523,16523,0.9000042363393187,0.9000042363393187,0.9545454545454546,42,44,0.925,296,320,0.5,6,12
cadets12,expanded,declared,context_v1,native,0.99,True,0,unmet,temporal_event_ceiling,0.5,,,,,,,,,,,,,,1.0,1.0,0.9545454545454546,16523,16523,0.9000042363393187,0.9000042363393187,0.9545454545454546,42,44,0.925,296,320,0.5,6,12
cadets12,expanded,declared,context_v1,native,1.0,False,0,unmet,temporal_event_ceiling,0.925,,,,,,,,,,,,,,1.0,1.0,0.9545454545454546,16523,16523,0.9000042363393187,0.9000042363393187,0.9545454545454546,42,44,0.925,296,320,0.5,6,12
cadets12,expanded,declared,context_v1,native,1.0,True,0,unmet,temporal_event_ceiling,0.5,,,,,,,,,,,,,,1.0,1.0,0.9545454545454546,16523,16523,0.9000042363393187,0.9000042363393187,0.9545454545454546,42,44,0.925,296,320,0.5,6,12
cadets12,expanded,declared,context_v1,augmented,0.9,False,0,met,,,16523,16523,0.9000042363393187,0.9000042363393187,0.9545454545454546,42,44,0.925,296,320,0.5,6,12,1.0,1.0,0.9545454545454546,,,,,,,,,,,,,
cadets12,expanded,declared,context_v1,augmented,0.9,True,0,unmet,no_tested_budget_meets_target,0.5,,,,,,,,,,,,,,1.0,1.0,0.9545454545454546,16523,16523,0.9000042363393187,0.9000042363393187,0.9545454545454546,42,44,0.925,296,320,0.5,6,12
cadets12,expanded,declared,context_v1,augmented,0.95,False,0,unmet,no_tested_budget_meets_target,0.925,,,,,,,,,,,,,,1.0,1.0,0.9545454545454546,16523,16523,0.9000042363393187,0.9000042363393187,0.9545454545454546,42,44,0.925,296,320,0.5,6,12
cadets12,expanded,declared,context_v1,augmented,0.95,True,0,unmet,no_tested_budget_meets_target,0.5,,,,,,,,,,,,,,1.0,1.0,0.9545454545454546,16523,16523,0.9000042363393187,0.9000042363393187,0.9545454545454546,42,44,0.925,296,320,0.5,6,12
cadets12,expanded,declared,context_v1,augmented,0.99,False,0,unmet,temporal_event_ceiling,0.925,,,,,,,,,,,,,,1.0,1.0,0.9545454545454546,16523,16523,0.9000042363393187,0.9000042363393187,0.9545454545454546,42,44,0.925,296,320,0.5,6,12
cadets12,expanded,declared,context_v1,augmented,0.99,True,0,unmet,temporal_event_ceiling,0.5,,,,,,,,,,,,,,1.0,1.0,0.9545454545454546,16523,16523,0.9000042363393187,0.9000042363393187,0.9545454545454546,42,44,0.925,296,320,0.5,6,12
cadets12,expanded,declared,context_v1,augmented,1.0,False,0,unmet,temporal_event_ceiling,0.925,,,,,,,,,,,,,,1.0,1.0,0.9545454545454546,16523,16523,0.9000042363393187,0.9000042363393187,0.9545454545454546,42,44,0.925,296,320,0.5,6,12
cadets12,expanded,declared,context_v1,augmented,1.0,True,0,unmet,temporal_event_ceiling,0.5,,,,,,,,,,,,,,1.0,1.0,0.9545454545454546,16523,16523,0.9000042363393187,0.9000042363393187,0.9545454545454546,42,44,0.925,296,320,0.5,6,12
cadets12,expanded,declared,reliability,native,0.9,False,0,met,,,16523,16523,0.9000042363393187,0.9000042363393187,0.9545454545454546,42,44,0.925,296,320,0.5,6,12,1.0,1.0,0.9545454545454546,,,,,,,,,,,,,
cadets12,expanded,declared,reliability,native,0.9,True,0,unmet,no_tested_budget_meets_target,0.5,,,,,,,,,,,,,,1.0,1.0,0.9545454545454546,16523,16523,0.9000042363393187,0.9000042363393187,0.9545454545454546,42,44,0.925,296,320,0.5,6,12
cadets12,expanded,declared,reliability,native,0.95,False,0,unmet,no_tested_budget_meets_target,0.925,,,,,,,,,,,,,,1.0,1.0,0.9545454545454546,16523,16523,0.9000042363393187,0.9000042363393187,0.9545454545454546,42,44,0.925,296,320,0.5,6,12
cadets12,expanded,declared,reliability,native,0.95,True,0,unmet,no_tested_budget_meets_target,0.5,,,,,,,,,,,,,,1.0,1.0,0.9545454545454546,16523,16523,0.9000042363393187,0.9000042363393187,0.9545454545454546,42,44,0.925,296,320,0.5,6,12
cadets12,expanded,declared,reliability,native,0.99,False,0,unmet,temporal_event_ceiling,0.925,,,,,,,,,,,,,,1.0,1.0,0.9545454545454546,16523,16523,0.9000042363393187,0.9000042363393187,0.9545454545454546,42,44,0.925,296,320,0.5,6,12
cadets12,expanded,declared,reliability,native,0.99,True,0,unmet,temporal_event_ceiling,0.5,,,,,,,,,,,,,,1.0,1.0,0.9545454545454546,16523,16523,0.9000042363393187,0.9000042363393187,0.9545454545454546,42,44,0.925,296,320,0.5,6,12
cadets12,expanded,declared,reliability,native,1.0,False,0,unmet,temporal_event_ceiling,0.925,,,,,,,,,,,,,,1.0,1.0,0.9545454545454546,16523,16523,0.9000042363393187,0.9000042363393187,0.9545454545454546,42,44,0.925,296,320,0.5,6,12
cadets12,expanded,declared,reliability,native,1.0,True,0,unmet,temporal_event_ceiling,0.5,,,,,,,,,,,,,,1.0,1.0,0.9545454545454546,16523,16523,0.9000042363393187,0.9000042363393187,0.9545454545454546,42,44,0.925,296,320,0.5,6,12
cadets12,expanded,declared,reliability,augmented,0.9,False,0,met,,,16523,16523,0.9000042363393187,0.9000042363393187,0.9545454545454546,42,44,0.925,296,320,0.5,6,12,1.0,1.0,0.9545454545454546,,,,,,,,,,,,,
cadets12,expanded,declared,reliability,augmented,0.9,True,0,unmet,no_tested_budget_meets_target,0.5,,,,,,,,,,,,,,1.0,1.0,0.9545454545454546,16523,16523,0.9000042363393187,0.9000042363393187,0.9545454545454546,42,44,0.925,296,320,0.5,6,12
cadets12,expanded,declared,reliability,augmented,0.95,False,0,unmet,no_tested_budget_meets_target,0.925,,,,,,,,,,,,,,1.0,1.0,0.9545454545454546,16523,16523,0.9000042363393187,0.9000042363393187,0.9545454545454546,42,44,0.925,296,320,0.5,6,12
cadets12,expanded,declared,reliability,augmented,0.95,True,0,unmet,no_tested_budget_meets_target,0.5,,,,,,,,,,,,,,1.0,1.0,0.9545454545454546,16523,16523,0.9000042363393187,0.9000042363393187,0.9545454545454546,42,44,0.925,296,320,0.5,6,12
cadets12,expanded,declared,reliability,augmented,0.99,False,0,unmet,temporal_event_ceiling,0.925,,,,,,,,,,,,,,1.0,1.0,0.9545454545454546,16523,16523,0.9000042363393187,0.9000042363393187,0.9545454545454546,42,44,0.925,296,320,0.5,6,12
cadets12,expanded,declared,reliability,augmented,0.99,True,0,unmet,temporal_event_ceiling,0.5,,,,,,,,,,,,,,1.0,1.0,0.9545454545454546,16523,16523,0.9000042363393187,0.9000042363393187,0.9545454545454546,42,44,0.925,296,320,0.5,6,12
cadets12,expanded,declared,reliability,augmented,1.0,False,0,unmet,temporal_event_ceiling,0.925,,,,,,,,,,,,,,1.0,1.0,0.9545454545454546,16523,16523,0.9000042363393187,0.9000042363393187,0.9545454545454546,42,44,0.925,296,320,0.5,6,12
cadets12,expanded,declared,reliability,augmented,1.0,True,0,unmet,temporal_event_ceiling,0.5,,,,,,,,,,,,,,1.0,1.0,0.9545454545454546,16523,16523,0.9000042363393187,0.9000042363393187,0.9545454545454546,42,44,0.925,296,320,0.5,6,12
cadets12,expanded,declared,adaptive_v1,native,0.9,False,0,met,,,16523,16523,0.9000042363393187,0.9000042363393187,0.9545454545454546,42,44,0.925,296,320,0.5,6,12,1.0,1.0,0.9545454545454546,,,,,,,,,,,,,
cadets12,expanded,declared,adaptive_v1,native,0.9,True,0,unmet,no_tested_budget_meets_target,0.5,,,,,,,,,,,,,,1.0,1.0,0.9545454545454546,16523,16523,0.9000042363393187,0.9000042363393187,0.9545454545454546,42,44,0.925,296,320,0.5,6,12
cadets12,expanded,declared,adaptive_v1,native,0.95,False,0,unmet,no_tested_budget_meets_target,0.925,,,,,,,,,,,,,,1.0,1.0,0.9545454545454546,16523,16523,0.9000042363393187,0.9000042363393187,0.9545454545454546,42,44,0.925,296,320,0.5,6,12
cadets12,expanded,declared,adaptive_v1,native,0.95,True,0,unmet,no_tested_budget_meets_target,0.5,,,,,,,,,,,,,,1.0,1.0,0.9545454545454546,16523,16523,0.9000042363393187,0.9000042363393187,0.9545454545454546,42,44,0.925,296,320,0.5,6,12
cadets12,expanded,declared,adaptive_v1,native,0.99,False,0,unmet,temporal_event_ceiling,0.925,,,,,,,,,,,,,,1.0,1.0,0.9545454545454546,16523,16523,0.9000042363393187,0.9000042363393187,0.9545454545454546,42,44,0.925,296,320,0.5,6,12
cadets12,expanded,declared,adaptive_v1,native,0.99,True,0,unmet,temporal_event_ceiling,0.5,,,,,,,,,,,,,,1.0,1.0,0.9545454545454546,16523,16523,0.9000042363393187,0.9000042363393187,0.9545454545454546,42,44,0.925,296,320,0.5,6,12
cadets12,expanded,declared,adaptive_v1,native,1.0,False,0,unmet,temporal_event_ceiling,0.925,,,,,,,,,,,,,,1.0,1.0,0.9545454545454546,16523,16523,0.9000042363393187,0.9000042363393187,0.9545454545454546,42,44,0.925,296,320,0.5,6,12
cadets12,expanded,declared,adaptive_v1,native,1.0,True,0,unmet,temporal_event_ceiling,0.5,,,,,,,,,,,,,,1.0,1.0,0.9545454545454546,16523,16523,0.9000042363393187,0.9000042363393187,0.9545454545454546,42,44,0.925,296,320,0.5,6,12
cadets12,expanded,declared,adaptive_v1,augmented,0.9,False,0,met,,,16523,16523,0.9000042363393187,0.9000042363393187,0.9545454545454546,42,44,0.925,296,320,0.5,6,12,1.0,1.0,0.9545454545454546,,,,,,,,,,,,,
cadets12,expanded,declared,adaptive_v1,augmented,0.9,True,0,unmet,no_tested_budget_meets_target,0.5,,,,,,,,,,,,,,1.0,1.0,0.9545454545454546,16523,16523,0.9000042363393187,0.9000042363393187,0.9545454545454546,42,44,0.925,296,320,0.5,6,12
cadets12,expanded,declared,adaptive_v1,augmented,0.95,False,0,unmet,no_tested_budget_meets_target,0.925,,,,,,,,,,,,,,1.0,1.0,0.9545454545454546,16523,16523,0.9000042363393187,0.9000042363393187,0.9545454545454546,42,44,0.925,296,320,0.5,6,12
cadets12,expanded,declared,adaptive_v1,augmented,0.95,True,0,unmet,no_tested_budget_meets_target,0.5,,,,,,,,,,,,,,1.0,1.0,0.9545454545454546,16523,16523,0.9000042363393187,0.9000042363393187,0.9545454545454546,42,44,0.925,296,320,0.5,6,12
cadets12,expanded,declared,adaptive_v1,augmented,0.99,False,0,unmet,temporal_event_ceiling,0.925,,,,,,,,,,,,,,1.0,1.0,0.9545454545454546,16523,16523,0.9000042363393187,0.9000042363393187,0.9545454545454546,42,44,0.925,296,320,0.5,6,12
cadets12,expanded,declared,adaptive_v1,augmented,0.99,True,0,unmet,temporal_event_ceiling,0.5,,,,,,,,,,,,,,1.0,1.0,0.9545454545454546,16523,16523,0.9000042363393187,0.9000042363393187,0.9545454545454546,42,44,0.925,296,320,0.5,6,12
cadets12,expanded,declared,adaptive_v1,augmented,1.0,False,0,unmet,temporal_event_ceiling,0.925,,,,,,,,,,,,,,1.0,1.0,0.9545454545454546,16523,16523,0.9000042363393187,0.9000042363393187,0.9545454545454546,42,44,0.925,296,320,0.5,6,12
cadets12,expanded,declared,adaptive_v1,augmented,1.0,True,0,unmet,temporal_event_ceiling,0.5,,,,,,,,,,,,,,1.0,1.0,0.9545454545454546,16523,16523,0.9000042363393187,0.9000042363393187,0.9545454545454546,42,44,0.925,296,320,0.5,6,12
cadets12,expanded,declared,reliability_chain,native,0.9,False,0,met,,,16523,16523,0.9000042363393187,0.9000042363393187,0.9545454545454546,42,44,0.925,296,320,0.5,6,12,1.0,1.0,0.9545454545454546,,,,,,,,,,,,,
cadets12,expanded,declared,reliability_chain,native,0.9,True,0,unmet,no_tested_budget_meets_target,0.5,,,,,,,,,,,,,,1.0,1.0,0.9545454545454546,16523,16523,0.9000042363393187,0.9000042363393187,0.9545454545454546,42,44,0.925,296,320,0.5,6,12
cadets12,expanded,declared,reliability_chain,native,0.95,False,0,unmet,no_tested_budget_meets_target,0.925,,,,,,,,,,,,,,1.0,1.0,0.9545454545454546,16523,16523,0.9000042363393187,0.9000042363393187,0.9545454545454546,42,44,0.925,296,320,0.5,6,12
cadets12,expanded,declared,reliability_chain,native,0.95,True,0,unmet,no_tested_budget_meets_target,0.5,,,,,,,,,,,,,,1.0,1.0,0.9545454545454546,16523,16523,0.9000042363393187,0.9000042363393187,0.9545454545454546,42,44,0.925,296,320,0.5,6,12
cadets12,expanded,declared,reliability_chain,native,0.99,False,0,unmet,temporal_event_ceiling,0.925,,,,,,,,,,,,,,1.0,1.0,0.9545454545454546,16523,16523,0.9000042363393187,0.9000042363393187,0.9545454545454546,42,44,0.925,296,320,0.5,6,12
cadets12,expanded,declared,reliability_chain,native,0.99,True,0,unmet,temporal_event_ceiling,0.5,,,,,,,,,,,,,,1.0,1.0,0.9545454545454546,16523,16523,0.9000042363393187,0.9000042363393187,0.9545454545454546,42,44,0.925,296,320,0.5,6,12
cadets12,expanded,declared,reliability_chain,native,1.0,False,0,unmet,temporal_event_ceiling,0.925,,,,,,,,,,,,,,1.0,1.0,0.9545454545454546,16523,16523,0.9000042363393187,0.9000042363393187,0.9545454545454546,42,44,0.925,296,320,0.5,6,12
cadets12,expanded,declared,reliability_chain,native,1.0,True,0,unmet,temporal_event_ceiling,0.5,,,,,,,,,,,,,,1.0,1.0,0.9545454545454546,16523,16523,0.9000042363393187,0.9000042363393187,0.9545454545454546,42,44,0.925,296,320,0.5,6,12
cadets12,expanded,declared,reliability_chain,augmented,0.9,False,0,met,,,16523,16523,0.9000042363393187,0.9000042363393187,0.9545454545454546,42,44,0.925,296,320,0.5,6,12,1.0,1.0,0.9545454545454546,,,,,,,,,,,,,
cadets12,expanded,declared,reliability_chain,augmented,0.9,True,0,unmet,no_tested_budget_meets_target,0.5,,,,,,,,,,,,,,1.0,1.0,0.9545454545454546,16523,16523,0.9000042363393187,0.9000042363393187,0.9545454545454546,42,44,0.925,296,320,0.5,6,12
cadets12,expanded,declared,reliability_chain,augmented,0.95,False,0,unmet,no_tested_budget_meets_target,0.925,,,,,,,,,,,,,,1.0,1.0,0.9545454545454546,16523,16523,0.9000042363393187,0.9000042363393187,0.9545454545454546,42,44,0.925,296,320,0.5,6,12
cadets12,expanded,declared,reliability_chain,augmented,0.95,True,0,unmet,no_tested_budget_meets_target,0.5,,,,,,,,,,,,,,1.0,1.0,0.9545454545454546,16523,16523,0.9000042363393187,0.9000042363393187,0.9545454545454546,42,44,0.925,296,320,0.5,6,12
cadets12,expanded,declared,reliability_chain,augmented,0.99,False,0,unmet,temporal_event_ceiling,0.925,,,,,,,,,,,,,,1.0,1.0,0.9545454545454546,16523,16523,0.9000042363393187,0.9000042363393187,0.9545454545454546,42,44,0.925,296,320,0.5,6,12
cadets12,expanded,declared,reliability_chain,augmented,0.99,True,0,unmet,temporal_event_ceiling,0.5,,,,,,,,,,,,,,1.0,1.0,0.9545454545454546,16523,16523,0.9000042363393187,0.9000042363393187,0.9545454545454546,42,44,0.925,296,320,0.5,6,12
cadets12,expanded,declared,reliability_chain,augmented,1.0,False,0,unmet,temporal_event_ceiling,0.925,,,,,,,,,,,,,,1.0,1.0,0.9545454545454546,16523,16523,0.9000042363393187,0.9000042363393187,0.9545454545454546,42,44,0.925,296,320,0.5,6,12
cadets12,expanded,declared,reliability_chain,augmented,1.0,True,0,unmet,temporal_event_ceiling,0.5,,,,,,,,,,,,,,1.0,1.0,0.9545454545454546,16523,16523,0.9000042363393187,0.9000042363393187,0.9545454545454546,42,44,0.925,296,320,0.5,6,12
cadets12,expanded,adaptive,rarity_only,native,0.9,False,0,met,,,16523,16523,0.9000042363393187,0.9000042363393187,0.9545454545454546,42,44,0.925,296,320,0.5,6,12,1.0,1.0,0.9545454545454546,,,,,,,,,,,,,
cadets12,expanded,adaptive,rarity_only,native,0.9,True,0,unmet,no_tested_budget_meets_target,0.5,,,,,,,,,,,,,,1.0,1.0,0.9545454545454546,16523,16523,0.9000042363393187,0.9000042363393187,0.9545454545454546,42,44,0.925,296,320,0.5,6,12
cadets12,expanded,adaptive,rarity_only,native,0.95,False,0,unmet,no_tested_budget_meets_target,0.925,,,,,,,,,,,,,,1.0,1.0,0.9545454545454546,16523,16523,0.9000042363393187,0.9000042363393187,0.9545454545454546,42,44,0.925,296,320,0.5,6,12
cadets12,expanded,adaptive,rarity_only,native,0.95,True,0,unmet,no_tested_budget_meets_target,0.5,,,,,,,,,,,,,,1.0,1.0,0.9545454545454546,16523,16523,0.9000042363393187,0.9000042363393187,0.9545454545454546,42,44,0.925,296,320,0.5,6,12
cadets12,expanded,adaptive,rarity_only,native,0.99,False,0,unmet,temporal_event_ceiling,0.925,,,,,,,,,,,,,,1.0,1.0,0.9545454545454546,16523,16523,0.9000042363393187,0.9000042363393187,0.9545454545454546,42,44,0.925,296,320,0.5,6,12
cadets12,expanded,adaptive,rarity_only,native,0.99,True,0,unmet,temporal_event_ceiling,0.5,,,,,,,,,,,,,,1.0,1.0,0.9545454545454546,16523,16523,0.9000042363393187,0.9000042363393187,0.9545454545454546,42,44,0.925,296,320,0.5,6,12
cadets12,expanded,adaptive,rarity_only,native,1.0,False,0,unmet,temporal_event_ceiling,0.925,,,,,,,,,,,,,,1.0,1.0,0.9545454545454546,16523,16523,0.9000042363393187,0.9000042363393187,0.9545454545454546,42,44,0.925,296,320,0.5,6,12
cadets12,expanded,adaptive,rarity_only,native,1.0,True,0,unmet,temporal_event_ceiling,0.5,,,,,,,,,,,,,,1.0,1.0,0.9545454545454546,16523,16523,0.9000042363393187,0.9000042363393187,0.9545454545454546,42,44,0.925,296,320,0.5,6,12
cadets12,expanded,adaptive,rarity_only,augmented,0.9,False,0,met,,,16523,16523,0.9000042363393187,0.9000042363393187,0.9545454545454546,42,44,0.925,296,320,0.5,6,12,1.0,1.0,0.9545454545454546,,,,,,,,,,,,,
cadets12,expanded,adaptive,rarity_only,augmented,0.9,True,0,unmet,no_tested_budget_meets_target,0.5,,,,,,,,,,,,,,1.0,1.0,0.9545454545454546,16523,16523,0.9000042363393187,0.9000042363393187,0.9545454545454546,42,44,0.925,296,320,0.5,6,12
cadets12,expanded,adaptive,rarity_only,augmented,0.95,False,0,unmet,no_tested_budget_meets_target,0.925,,,,,,,,,,,,,,1.0,1.0,0.9545454545454546,16523,16523,0.9000042363393187,0.9000042363393187,0.9545454545454546,42,44,0.925,296,320,0.5,6,12
cadets12,expanded,adaptive,rarity_only,augmented,0.95,True,0,unmet,no_tested_budget_meets_target,0.5,,,,,,,,,,,,,,1.0,1.0,0.9545454545454546,16523,16523,0.9000042363393187,0.9000042363393187,0.9545454545454546,42,44,0.925,296,320,0.5,6,12
cadets12,expanded,adaptive,rarity_only,augmented,0.99,False,0,unmet,temporal_event_ceiling,0.925,,,,,,,,,,,,,,1.0,1.0,0.9545454545454546,16523,16523,0.9000042363393187,0.9000042363393187,0.9545454545454546,42,44,0.925,296,320,0.5,6,12
cadets12,expanded,adaptive,rarity_only,augmented,0.99,True,0,unmet,temporal_event_ceiling,0.5,,,,,,,,,,,,,,1.0,1.0,0.9545454545454546,16523,16523,0.9000042363393187,0.9000042363393187,0.9545454545454546,42,44,0.925,296,320,0.5,6,12
cadets12,expanded,adaptive,rarity_only,augmented,1.0,False,0,unmet,temporal_event_ceiling,0.925,,,,,,,,,,,,,,1.0,1.0,0.9545454545454546,16523,16523,0.9000042363393187,0.9000042363393187,0.9545454545454546,42,44,0.925,296,320,0.5,6,12
cadets12,expanded,adaptive,rarity_only,augmented,1.0,True,0,unmet,temporal_event_ceiling,0.5,,,,,,,,,,,,,,1.0,1.0,0.9545454545454546,16523,16523,0.9000042363393187,0.9000042363393187,0.9545454545454546,42,44,0.925,296,320,0.5,6,12
cadets12,expanded,adaptive,diffusion_only,native,0.9,False,0,met,,,33047,33047,0.8000024207653249,0.8000024207653249,0.9545454545454546,42,44,0.925,296,320,0.5,6,12,1.0,1.0,0.9545454545454546,,,,,,,,,,,,,
cadets12,expanded,adaptive,diffusion_only,native,0.9,True,0,unmet,no_tested_budget_meets_target,0.5,,,,,,,,,,,,,,1.0,1.0,0.9545454545454546,33047,33047,0.8000024207653249,0.8000024207653249,0.9545454545454546,42,44,0.925,296,320,0.5,6,12
cadets12,expanded,adaptive,diffusion_only,native,0.95,False,0,unmet,no_tested_budget_meets_target,0.925,,,,,,,,,,,,,,1.0,1.0,0.9545454545454546,33047,33047,0.8000024207653249,0.8000024207653249,0.9545454545454546,42,44,0.925,296,320,0.5,6,12
cadets12,expanded,adaptive,diffusion_only,native,0.95,True,0,unmet,no_tested_budget_meets_target,0.5,,,,,,,,,,,,,,1.0,1.0,0.9545454545454546,33047,33047,0.8000024207653249,0.8000024207653249,0.9545454545454546,42,44,0.925,296,320,0.5,6,12
cadets12,expanded,adaptive,diffusion_only,native,0.99,False,0,unmet,temporal_event_ceiling,0.925,,,,,,,,,,,,,,1.0,1.0,0.9545454545454546,33047,33047,0.8000024207653249,0.8000024207653249,0.9545454545454546,42,44,0.925,296,320,0.5,6,12
cadets12,expanded,adaptive,diffusion_only,native,0.99,True,0,unmet,temporal_event_ceiling,0.5,,,,,,,,,,,,,,1.0,1.0,0.9545454545454546,33047,33047,0.8000024207653249,0.8000024207653249,0.9545454545454546,42,44,0.925,296,320,0.5,6,12
cadets12,expanded,adaptive,diffusion_only,native,1.0,False,0,unmet,temporal_event_ceiling,0.925,,,,,,,,,,,,,,1.0,1.0,0.9545454545454546,33047,33047,0.8000024207653249,0.8000024207653249,0.9545454545454546,42,44,0.925,296,320,0.5,6,12
cadets12,expanded,adaptive,diffusion_only,native,1.0,True,0,unmet,temporal_event_ceiling,0.5,,,,,,,,,,,,,,1.0,1.0,0.9545454545454546,33047,33047,0.8000024207653249,0.8000024207653249,0.9545454545454546,42,44,0.925,296,320,0.5,6,12
cadets12,expanded,adaptive,diffusion_only,augmented,0.9,False,0,met,,,33047,33047,0.8000024207653249,0.8000024207653249,0.9545454545454546,42,44,0.925,296,320,0.5,6,12,1.0,1.0,0.9545454545454546,,,,,,,,,,,,,
cadets12,expanded,adaptive,diffusion_only,augmented,0.9,True,0,unmet,no_tested_budget_meets_target,0.5,,,,,,,,,,,,,,1.0,1.0,0.9545454545454546,33047,33047,0.8000024207653249,0.8000024207653249,0.9545454545454546,42,44,0.925,296,320,0.5,6,12
cadets12,expanded,adaptive,diffusion_only,augmented,0.95,False,0,unmet,no_tested_budget_meets_target,0.925,,,,,,,,,,,,,,1.0,1.0,0.9545454545454546,33047,33047,0.8000024207653249,0.8000024207653249,0.9545454545454546,42,44,0.925,296,320,0.5,6,12
cadets12,expanded,adaptive,diffusion_only,augmented,0.95,True,0,unmet,no_tested_budget_meets_target,0.5,,,,,,,,,,,,,,1.0,1.0,0.9545454545454546,33047,33047,0.8000024207653249,0.8000024207653249,0.9545454545454546,42,44,0.925,296,320,0.5,6,12
cadets12,expanded,adaptive,diffusion_only,augmented,0.99,False,0,unmet,temporal_event_ceiling,0.925,,,,,,,,,,,,,,1.0,1.0,0.9545454545454546,33047,33047,0.8000024207653249,0.8000024207653249,0.9545454545454546,42,44,0.925,296,320,0.5,6,12
cadets12,expanded,adaptive,diffusion_only,augmented,0.99,True,0,unmet,temporal_event_ceiling,0.5,,,,,,,,,,,,,,1.0,1.0,0.9545454545454546,33047,33047,0.8000024207653249,0.8000024207653249,0.9545454545454546,42,44,0.925,296,320,0.5,6,12
cadets12,expanded,adaptive,diffusion_only,augmented,1.0,False,0,unmet,temporal_event_ceiling,0.925,,,,,,,,,,,,,,1.0,1.0,0.9545454545454546,33047,33047,0.8000024207653249,0.8000024207653249,0.9545454545454546,42,44,0.925,296,320,0.5,6,12
cadets12,expanded,adaptive,diffusion_only,augmented,1.0,True,0,unmet,temporal_event_ceiling,0.5,,,,,,,,,,,,,,1.0,1.0,0.9545454545454546,33047,33047,0.8000024207653249,0.8000024207653249,0.9545454545454546,42,44,0.925,296,320,0.5,6,12
cadets12,expanded,adaptive,rasp,native,0.9,False,0,met,,,16523,16523,0.9000042363393187,0.9000042363393187,0.9545454545454546,42,44,0.925,296,320,0.5,6,12,1.0,1.0,0.9545454545454546,,,,,,,,,,,,,
cadets12,expanded,adaptive,rasp,native,0.9,True,0,unmet,no_tested_budget_meets_target,0.5,,,,,,,,,,,,,,1.0,1.0,0.9545454545454546,16523,16523,0.9000042363393187,0.9000042363393187,0.9545454545454546,42,44,0.925,296,320,0.5,6,12
cadets12,expanded,adaptive,rasp,native,0.95,False,0,unmet,no_tested_budget_meets_target,0.925,,,,,,,,,,,,,,1.0,1.0,0.9545454545454546,16523,16523,0.9000042363393187,0.9000042363393187,0.9545454545454546,42,44,0.925,296,320,0.5,6,12
cadets12,expanded,adaptive,rasp,native,0.95,True,0,unmet,no_tested_budget_meets_target,0.5,,,,,,,,,,,,,,1.0,1.0,0.9545454545454546,16523,16523,0.9000042363393187,0.9000042363393187,0.9545454545454546,42,44,0.925,296,320,0.5,6,12
cadets12,expanded,adaptive,rasp,native,0.99,False,0,unmet,temporal_event_ceiling,0.925,,,,,,,,,,,,,,1.0,1.0,0.9545454545454546,16523,16523,0.9000042363393187,0.9000042363393187,0.9545454545454546,42,44,0.925,296,320,0.5,6,12
cadets12,expanded,adaptive,rasp,native,0.99,True,0,unmet,temporal_event_ceiling,0.5,,,,,,,,,,,,,,1.0,1.0,0.9545454545454546,16523,16523,0.9000042363393187,0.9000042363393187,0.9545454545454546,42,44,0.925,296,320,0.5,6,12
cadets12,expanded,adaptive,rasp,native,1.0,False,0,unmet,temporal_event_ceiling,0.925,,,,,,,,,,,,,,1.0,1.0,0.9545454545454546,16523,16523,0.9000042363393187,0.9000042363393187,0.9545454545454546,42,44,0.925,296,320,0.5,6,12
cadets12,expanded,adaptive,rasp,native,1.0,True,0,unmet,temporal_event_ceiling,0.5,,,,,,,,,,,,,,1.0,1.0,0.9545454545454546,16523,16523,0.9000042363393187,0.9000042363393187,0.9545454545454546,42,44,0.925,296,320,0.5,6,12
cadets12,expanded,adaptive,rasp,augmented,0.9,False,0,met,,,16523,16523,0.9000042363393187,0.9000042363393187,0.9545454545454546,42,44,0.925,296,320,0.5,6,12,1.0,1.0,0.9545454545454546,,,,,,,,,,,,,
cadets12,expanded,adaptive,rasp,augmented,0.9,True,0,unmet,no_tested_budget_meets_target,0.5,,,,,,,,,,,,,,1.0,1.0,0.9545454545454546,16523,16523,0.9000042363393187,0.9000042363393187,0.9545454545454546,42,44,0.925,296,320,0.5,6,12
cadets12,expanded,adaptive,rasp,augmented,0.95,False,0,unmet,no_tested_budget_meets_target,0.925,,,,,,,,,,,,,,1.0,1.0,0.9545454545454546,16523,16523,0.9000042363393187,0.9000042363393187,0.9545454545454546,42,44,0.925,296,320,0.5,6,12
cadets12,expanded,adaptive,rasp,augmented,0.95,True,0,unmet,no_tested_budget_meets_target,0.5,,,,,,,,,,,,,,1.0,1.0,0.9545454545454546,16523,16523,0.9000042363393187,0.9000042363393187,0.9545454545454546,42,44,0.925,296,320,0.5,6,12
cadets12,expanded,adaptive,rasp,augmented,0.99,False,0,unmet,temporal_event_ceiling,0.925,,,,,,,,,,,,,,1.0,1.0,0.9545454545454546,16523,16523,0.9000042363393187,0.9000042363393187,0.9545454545454546,42,44,0.925,296,320,0.5,6,12
cadets12,expanded,adaptive,rasp,augmented,0.99,True,0,unmet,temporal_event_ceiling,0.5,,,,,,,,,,,,,,1.0,1.0,0.9545454545454546,16523,16523,0.9000042363393187,0.9000042363393187,0.9545454545454546,42,44,0.925,296,320,0.5,6,12
cadets12,expanded,adaptive,rasp,augmented,1.0,False,0,unmet,temporal_event_ceiling,0.925,,,,,,,,,,,,,,1.0,1.0,0.9545454545454546,16523,16523,0.9000042363393187,0.9000042363393187,0.9545454545454546,42,44,0.925,296,320,0.5,6,12
cadets12,expanded,adaptive,rasp,augmented,1.0,True,0,unmet,temporal_event_ceiling,0.5,,,,,,,,,,,,,,1.0,1.0,0.9545454545454546,16523,16523,0.9000042363393187,0.9000042363393187,0.9545454545454546,42,44,0.925,296,320,0.5,6,12
cadets12,expanded,adaptive,context_v1,native,0.9,False,0,met,,,33047,33047,0.8000024207653249,0.8000024207653249,0.9545454545454546,42,44,0.925,296,320,0.5,6,12,1.0,1.0,0.9545454545454546,,,,,,,,,,,,,
cadets12,expanded,adaptive,context_v1,native,0.9,True,0,unmet,no_tested_budget_meets_target,0.5,,,,,,,,,,,,,,1.0,1.0,0.9545454545454546,33047,33047,0.8000024207653249,0.8000024207653249,0.9545454545454546,42,44,0.925,296,320,0.5,6,12
cadets12,expanded,adaptive,context_v1,native,0.95,False,0,unmet,no_tested_budget_meets_target,0.925,,,,,,,,,,,,,,1.0,1.0,0.9545454545454546,33047,33047,0.8000024207653249,0.8000024207653249,0.9545454545454546,42,44,0.925,296,320,0.5,6,12
cadets12,expanded,adaptive,context_v1,native,0.95,True,0,unmet,no_tested_budget_meets_target,0.5,,,,,,,,,,,,,,1.0,1.0,0.9545454545454546,33047,33047,0.8000024207653249,0.8000024207653249,0.9545454545454546,42,44,0.925,296,320,0.5,6,12
cadets12,expanded,adaptive,context_v1,native,0.99,False,0,unmet,temporal_event_ceiling,0.925,,,,,,,,,,,,,,1.0,1.0,0.9545454545454546,33047,33047,0.8000024207653249,0.8000024207653249,0.9545454545454546,42,44,0.925,296,320,0.5,6,12
cadets12,expanded,adaptive,context_v1,native,0.99,True,0,unmet,temporal_event_ceiling,0.5,,,,,,,,,,,,,,1.0,1.0,0.9545454545454546,33047,33047,0.8000024207653249,0.8000024207653249,0.9545454545454546,42,44,0.925,296,320,0.5,6,12
cadets12,expanded,adaptive,context_v1,native,1.0,False,0,unmet,temporal_event_ceiling,0.925,,,,,,,,,,,,,,1.0,1.0,0.9545454545454546,33047,33047,0.8000024207653249,0.8000024207653249,0.9545454545454546,42,44,0.925,296,320,0.5,6,12
cadets12,expanded,adaptive,context_v1,native,1.0,True,0,unmet,temporal_event_ceiling,0.5,,,,,,,,,,,,,,1.0,1.0,0.9545454545454546,33047,33047,0.8000024207653249,0.8000024207653249,0.9545454545454546,42,44,0.925,296,320,0.5,6,12
cadets12,expanded,adaptive,context_v1,augmented,0.9,False,0,met,,,33047,33047,0.8000024207653249,0.8000024207653249,0.9545454545454546,42,44,0.925,296,320,0.5,6,12,1.0,1.0,0.9545454545454546,,,,,,,,,,,,,
cadets12,expanded,adaptive,context_v1,augmented,0.9,True,0,unmet,no_tested_budget_meets_target,0.5,,,,,,,,,,,,,,1.0,1.0,0.9545454545454546,33047,33047,0.8000024207653249,0.8000024207653249,0.9545454545454546,42,44,0.925,296,320,0.5,6,12
cadets12,expanded,adaptive,context_v1,augmented,0.95,False,0,unmet,no_tested_budget_meets_target,0.925,,,,,,,,,,,,,,1.0,1.0,0.9545454545454546,33047,33047,0.8000024207653249,0.8000024207653249,0.9545454545454546,42,44,0.925,296,320,0.5,6,12
cadets12,expanded,adaptive,context_v1,augmented,0.95,True,0,unmet,no_tested_budget_meets_target,0.5,,,,,,,,,,,,,,1.0,1.0,0.9545454545454546,33047,33047,0.8000024207653249,0.8000024207653249,0.9545454545454546,42,44,0.925,296,320,0.5,6,12
cadets12,expanded,adaptive,context_v1,augmented,0.99,False,0,unmet,temporal_event_ceiling,0.925,,,,,,,,,,,,,,1.0,1.0,0.9545454545454546,33047,33047,0.8000024207653249,0.8000024207653249,0.9545454545454546,42,44,0.925,296,320,0.5,6,12
cadets12,expanded,adaptive,context_v1,augmented,0.99,True,0,unmet,temporal_event_ceiling,0.5,,,,,,,,,,,,,,1.0,1.0,0.9545454545454546,33047,33047,0.8000024207653249,0.8000024207653249,0.9545454545454546,42,44,0.925,296,320,0.5,6,12
cadets12,expanded,adaptive,context_v1,augmented,1.0,False,0,unmet,temporal_event_ceiling,0.925,,,,,,,,,,,,,,1.0,1.0,0.9545454545454546,33047,33047,0.8000024207653249,0.8000024207653249,0.9545454545454546,42,44,0.925,296,320,0.5,6,12
cadets12,expanded,adaptive,context_v1,augmented,1.0,True,0,unmet,temporal_event_ceiling,0.5,,,,,,,,,,,,,,1.0,1.0,0.9545454545454546,33047,33047,0.8000024207653249,0.8000024207653249,0.9545454545454546,42,44,0.925,296,320,0.5,6,12
cadets12,expanded,adaptive,reliability,native,0.9,False,0,met,,,33047,33047,0.8000024207653249,0.8000024207653249,0.9545454545454546,42,44,0.925,296,320,0.5,6,12,1.0,1.0,0.9545454545454546,,,,,,,,,,,,,
cadets12,expanded,adaptive,reliability,native,0.9,True,0,unmet,no_tested_budget_meets_target,0.5,,,,,,,,,,,,,,1.0,1.0,0.9545454545454546,33047,33047,0.8000024207653249,0.8000024207653249,0.9545454545454546,42,44,0.925,296,320,0.5,6,12
cadets12,expanded,adaptive,reliability,native,0.95,False,0,unmet,no_tested_budget_meets_target,0.925,,,,,,,,,,,,,,1.0,1.0,0.9545454545454546,33047,33047,0.8000024207653249,0.8000024207653249,0.9545454545454546,42,44,0.925,296,320,0.5,6,12
cadets12,expanded,adaptive,reliability,native,0.95,True,0,unmet,no_tested_budget_meets_target,0.5,,,,,,,,,,,,,,1.0,1.0,0.9545454545454546,33047,33047,0.8000024207653249,0.8000024207653249,0.9545454545454546,42,44,0.925,296,320,0.5,6,12
cadets12,expanded,adaptive,reliability,native,0.99,False,0,unmet,temporal_event_ceiling,0.925,,,,,,,,,,,,,,1.0,1.0,0.9545454545454546,33047,33047,0.8000024207653249,0.8000024207653249,0.9545454545454546,42,44,0.925,296,320,0.5,6,12
cadets12,expanded,adaptive,reliability,native,0.99,True,0,unmet,temporal_event_ceiling,0.5,,,,,,,,,,,,,,1.0,1.0,0.9545454545454546,33047,33047,0.8000024207653249,0.8000024207653249,0.9545454545454546,42,44,0.925,296,320,0.5,6,12
cadets12,expanded,adaptive,reliability,native,1.0,False,0,unmet,temporal_event_ceiling,0.925,,,,,,,,,,,,,,1.0,1.0,0.9545454545454546,33047,33047,0.8000024207653249,0.8000024207653249,0.9545454545454546,42,44,0.925,296,320,0.5,6,12
cadets12,expanded,adaptive,reliability,native,1.0,True,0,unmet,temporal_event_ceiling,0.5,,,,,,,,,,,,,,1.0,1.0,0.9545454545454546,33047,33047,0.8000024207653249,0.8000024207653249,0.9545454545454546,42,44,0.925,296,320,0.5,6,12
cadets12,expanded,adaptive,reliability,augmented,0.9,False,0,met,,,33047,33047,0.8000024207653249,0.8000024207653249,0.9545454545454546,42,44,0.925,296,320,0.5,6,12,1.0,1.0,0.9545454545454546,,,,,,,,,,,,,
cadets12,expanded,adaptive,reliability,augmented,0.9,True,0,unmet,no_tested_budget_meets_target,0.5,,,,,,,,,,,,,,1.0,1.0,0.9545454545454546,33047,33047,0.8000024207653249,0.8000024207653249,0.9545454545454546,42,44,0.925,296,320,0.5,6,12
cadets12,expanded,adaptive,reliability,augmented,0.95,False,0,unmet,no_tested_budget_meets_target,0.925,,,,,,,,,,,,,,1.0,1.0,0.9545454545454546,33047,33047,0.8000024207653249,0.8000024207653249,0.9545454545454546,42,44,0.925,296,320,0.5,6,12
cadets12,expanded,adaptive,reliability,augmented,0.95,True,0,unmet,no_tested_budget_meets_target,0.5,,,,,,,,,,,,,,1.0,1.0,0.9545454545454546,33047,33047,0.8000024207653249,0.8000024207653249,0.9545454545454546,42,44,0.925,296,320,0.5,6,12
cadets12,expanded,adaptive,reliability,augmented,0.99,False,0,unmet,temporal_event_ceiling,0.925,,,,,,,,,,,,,,1.0,1.0,0.9545454545454546,33047,33047,0.8000024207653249,0.8000024207653249,0.9545454545454546,42,44,0.925,296,320,0.5,6,12
cadets12,expanded,adaptive,reliability,augmented,0.99,True,0,unmet,temporal_event_ceiling,0.5,,,,,,,,,,,,,,1.0,1.0,0.9545454545454546,33047,33047,0.8000024207653249,0.8000024207653249,0.9545454545454546,42,44,0.925,296,320,0.5,6,12
cadets12,expanded,adaptive,reliability,augmented,1.0,False,0,unmet,temporal_event_ceiling,0.925,,,,,,,,,,,,,,1.0,1.0,0.9545454545454546,33047,33047,0.8000024207653249,0.8000024207653249,0.9545454545454546,42,44,0.925,296,320,0.5,6,12
cadets12,expanded,adaptive,reliability,augmented,1.0,True,0,unmet,temporal_event_ceiling,0.5,,,,,,,,,,,,,,1.0,1.0,0.9545454545454546,33047,33047,0.8000024207653249,0.8000024207653249,0.9545454545454546,42,44,0.925,296,320,0.5,6,12
cadets12,expanded,adaptive,adaptive_v1,native,0.9,False,0,met,,,33047,33047,0.8000024207653249,0.8000024207653249,0.9545454545454546,42,44,0.925,296,320,0.5,6,12,1.0,1.0,0.9545454545454546,,,,,,,,,,,,,
cadets12,expanded,adaptive,adaptive_v1,native,0.9,True,0,unmet,no_tested_budget_meets_target,0.5,,,,,,,,,,,,,,1.0,1.0,0.9545454545454546,33047,33047,0.8000024207653249,0.8000024207653249,0.9545454545454546,42,44,0.925,296,320,0.5,6,12
cadets12,expanded,adaptive,adaptive_v1,native,0.95,False,0,unmet,no_tested_budget_meets_target,0.925,,,,,,,,,,,,,,1.0,1.0,0.9545454545454546,33047,33047,0.8000024207653249,0.8000024207653249,0.9545454545454546,42,44,0.925,296,320,0.5,6,12
cadets12,expanded,adaptive,adaptive_v1,native,0.95,True,0,unmet,no_tested_budget_meets_target,0.5,,,,,,,,,,,,,,1.0,1.0,0.9545454545454546,33047,33047,0.8000024207653249,0.8000024207653249,0.9545454545454546,42,44,0.925,296,320,0.5,6,12
cadets12,expanded,adaptive,adaptive_v1,native,0.99,False,0,unmet,temporal_event_ceiling,0.925,,,,,,,,,,,,,,1.0,1.0,0.9545454545454546,33047,33047,0.8000024207653249,0.8000024207653249,0.9545454545454546,42,44,0.925,296,320,0.5,6,12
cadets12,expanded,adaptive,adaptive_v1,native,0.99,True,0,unmet,temporal_event_ceiling,0.5,,,,,,,,,,,,,,1.0,1.0,0.9545454545454546,33047,33047,0.8000024207653249,0.8000024207653249,0.9545454545454546,42,44,0.925,296,320,0.5,6,12
cadets12,expanded,adaptive,adaptive_v1,native,1.0,False,0,unmet,temporal_event_ceiling,0.925,,,,,,,,,,,,,,1.0,1.0,0.9545454545454546,33047,33047,0.8000024207653249,0.8000024207653249,0.9545454545454546,42,44,0.925,296,320,0.5,6,12
cadets12,expanded,adaptive,adaptive_v1,native,1.0,True,0,unmet,temporal_event_ceiling,0.5,,,,,,,,,,,,,,1.0,1.0,0.9545454545454546,33047,33047,0.8000024207653249,0.8000024207653249,0.9545454545454546,42,44,0.925,296,320,0.5,6,12
cadets12,expanded,adaptive,adaptive_v1,augmented,0.9,False,0,met,,,33047,33047,0.8000024207653249,0.8000024207653249,0.9545454545454546,42,44,0.925,296,320,0.5,6,12,1.0,1.0,0.9545454545454546,,,,,,,,,,,,,
cadets12,expanded,adaptive,adaptive_v1,augmented,0.9,True,0,unmet,no_tested_budget_meets_target,0.5,,,,,,,,,,,,,,1.0,1.0,0.9545454545454546,33047,33047,0.8000024207653249,0.8000024207653249,0.9545454545454546,42,44,0.925,296,320,0.5,6,12
cadets12,expanded,adaptive,adaptive_v1,augmented,0.95,False,0,unmet,no_tested_budget_meets_target,0.925,,,,,,,,,,,,,,1.0,1.0,0.9545454545454546,33047,33047,0.8000024207653249,0.8000024207653249,0.9545454545454546,42,44,0.925,296,320,0.5,6,12
cadets12,expanded,adaptive,adaptive_v1,augmented,0.95,True,0,unmet,no_tested_budget_meets_target,0.5,,,,,,,,,,,,,,1.0,1.0,0.9545454545454546,33047,33047,0.8000024207653249,0.8000024207653249,0.9545454545454546,42,44,0.925,296,320,0.5,6,12
cadets12,expanded,adaptive,adaptive_v1,augmented,0.99,False,0,unmet,temporal_event_ceiling,0.925,,,,,,,,,,,,,,1.0,1.0,0.9545454545454546,33047,33047,0.8000024207653249,0.8000024207653249,0.9545454545454546,42,44,0.925,296,320,0.5,6,12
cadets12,expanded,adaptive,adaptive_v1,augmented,0.99,True,0,unmet,temporal_event_ceiling,0.5,,,,,,,,,,,,,,1.0,1.0,0.9545454545454546,33047,33047,0.8000024207653249,0.8000024207653249,0.9545454545454546,42,44,0.925,296,320,0.5,6,12
cadets12,expanded,adaptive,adaptive_v1,augmented,1.0,False,0,unmet,temporal_event_ceiling,0.925,,,,,,,,,,,,,,1.0,1.0,0.9545454545454546,33047,33047,0.8000024207653249,0.8000024207653249,0.9545454545454546,42,44,0.925,296,320,0.5,6,12
cadets12,expanded,adaptive,adaptive_v1,augmented,1.0,True,0,unmet,temporal_event_ceiling,0.5,,,,,,,,,,,,,,1.0,1.0,0.9545454545454546,33047,33047,0.8000024207653249,0.8000024207653249,0.9545454545454546,42,44,0.925,296,320,0.5,6,12
cadets12,expanded,adaptive,reliability_chain,native,0.9,False,0,met,,,33047,33047,0.8000024207653249,0.8000024207653249,0.9545454545454546,42,44,0.925,296,320,0.5,6,12,1.0,1.0,0.9545454545454546,,,,,,,,,,,,,
cadets12,expanded,adaptive,reliability_chain,native,0.9,True,0,unmet,no_tested_budget_meets_target,0.5,,,,,,,,,,,,,,1.0,1.0,0.9545454545454546,33047,33047,0.8000024207653249,0.8000024207653249,0.9545454545454546,42,44,0.925,296,320,0.5,6,12
cadets12,expanded,adaptive,reliability_chain,native,0.95,False,0,unmet,no_tested_budget_meets_target,0.925,,,,,,,,,,,,,,1.0,1.0,0.9545454545454546,33047,33047,0.8000024207653249,0.8000024207653249,0.9545454545454546,42,44,0.925,296,320,0.5,6,12
cadets12,expanded,adaptive,reliability_chain,native,0.95,True,0,unmet,no_tested_budget_meets_target,0.5,,,,,,,,,,,,,,1.0,1.0,0.9545454545454546,33047,33047,0.8000024207653249,0.8000024207653249,0.9545454545454546,42,44,0.925,296,320,0.5,6,12
cadets12,expanded,adaptive,reliability_chain,native,0.99,False,0,unmet,temporal_event_ceiling,0.925,,,,,,,,,,,,,,1.0,1.0,0.9545454545454546,33047,33047,0.8000024207653249,0.8000024207653249,0.9545454545454546,42,44,0.925,296,320,0.5,6,12
cadets12,expanded,adaptive,reliability_chain,native,0.99,True,0,unmet,temporal_event_ceiling,0.5,,,,,,,,,,,,,,1.0,1.0,0.9545454545454546,33047,33047,0.8000024207653249,0.8000024207653249,0.9545454545454546,42,44,0.925,296,320,0.5,6,12
cadets12,expanded,adaptive,reliability_chain,native,1.0,False,0,unmet,temporal_event_ceiling,0.925,,,,,,,,,,,,,,1.0,1.0,0.9545454545454546,33047,33047,0.8000024207653249,0.8000024207653249,0.9545454545454546,42,44,0.925,296,320,0.5,6,12
cadets12,expanded,adaptive,reliability_chain,native,1.0,True,0,unmet,temporal_event_ceiling,0.5,,,,,,,,,,,,,,1.0,1.0,0.9545454545454546,33047,33047,0.8000024207653249,0.8000024207653249,0.9545454545454546,42,44,0.925,296,320,0.5,6,12
cadets12,expanded,adaptive,reliability_chain,augmented,0.9,False,0,met,,,33047,33047,0.8000024207653249,0.8000024207653249,0.9545454545454546,42,44,0.925,296,320,0.5,6,12,1.0,1.0,0.9545454545454546,,,,,,,,,,,,,
cadets12,expanded,adaptive,reliability_chain,augmented,0.9,True,0,unmet,no_tested_budget_meets_target,0.5,,,,,,,,,,,,,,1.0,1.0,0.9545454545454546,33047,33047,0.8000024207653249,0.8000024207653249,0.9545454545454546,42,44,0.925,296,320,0.5,6,12
cadets12,expanded,adaptive,reliability_chain,augmented,0.95,False,0,unmet,no_tested_budget_meets_target,0.925,,,,,,,,,,,,,,1.0,1.0,0.9545454545454546,33047,33047,0.8000024207653249,0.8000024207653249,0.9545454545454546,42,44,0.925,296,320,0.5,6,12
cadets12,expanded,adaptive,reliability_chain,augmented,0.95,True,0,unmet,no_tested_budget_meets_target,0.5,,,,,,,,,,,,,,1.0,1.0,0.9545454545454546,33047,33047,0.8000024207653249,0.8000024207653249,0.9545454545454546,42,44,0.925,296,320,0.5,6,12
cadets12,expanded,adaptive,reliability_chain,augmented,0.99,False,0,unmet,temporal_event_ceiling,0.925,,,,,,,,,,,,,,1.0,1.0,0.9545454545454546,33047,33047,0.8000024207653249,0.8000024207653249,0.9545454545454546,42,44,0.925,296,320,0.5,6,12
cadets12,expanded,adaptive,reliability_chain,augmented,0.99,True,0,unmet,temporal_event_ceiling,0.5,,,,,,,,,,,,,,1.0,1.0,0.9545454545454546,33047,33047,0.8000024207653249,0.8000024207653249,0.9545454545454546,42,44,0.925,296,320,0.5,6,12
cadets12,expanded,adaptive,reliability_chain,augmented,1.0,False,0,unmet,temporal_event_ceiling,0.925,,,,,,,,,,,,,,1.0,1.0,0.9545454545454546,33047,33047,0.8000024207653249,0.8000024207653249,0.9545454545454546,42,44,0.925,296,320,0.5,6,12
cadets12,expanded,adaptive,reliability_chain,augmented,1.0,True,0,unmet,temporal_event_ceiling,0.5,,,,,,,,,,,,,,1.0,1.0,0.9545454545454546,33047,33047,0.8000024207653249,0.8000024207653249,0.9545454545454546,42,44,0.925,296,320,0.5,6,12
cadets13,base,single,rarity_only,native,0.9,False,0,unmet,candidate_event_ceiling,0.42730496453900707,,,,,,,,,,,,,,1.0,0.6694915254237288,0.6694915254237288,719,719,0.980009453109795,0.9903260094452592,0.6694915254237288,79,118,0.42730496453900707,1446,3384,0.0,0,7
cadets13,base,single,rarity_only,native,0.9,True,0,unmet,candidate_event_ceiling,0.0,,,,,,,,,,,,,,1.0,0.6694915254237288,0.6694915254237288,256,256,0.9928823643895793,0.9965555749902453,0.3135593220338983,37,118,0.020685579196217493,70,3384,0.0,0,7
cadets13,base,single,rarity_only,native,0.95,False,0,unmet,candidate_event_ceiling,0.42730496453900707,,,,,,,,,,,,,,1.0,0.6694915254237288,0.6694915254237288,719,719,0.980009453109795,0.9903260094452592,0.6694915254237288,79,118,0.42730496453900707,1446,3384,0.0,0,7
cadets13,base,single,rarity_only,native,0.95,True,0,unmet,candidate_event_ceiling,0.0,,,,,,,,,,,,,,1.0,0.6694915254237288,0.6694915254237288,256,256,0.9928823643895793,0.9965555749902453,0.3135593220338983,37,118,0.020685579196217493,70,3384,0.0,0,7
cadets13,base,single,rarity_only,native,0.99,False,0,unmet,candidate_event_ceiling,0.42730496453900707,,,,,,,,,,,,,,1.0,0.6694915254237288,0.6694915254237288,719,719,0.980009453109795,0.9903260094452592,0.6694915254237288,79,118,0.42730496453900707,1446,3384,0.0,0,7
cadets13,base,single,rarity_only,native,0.99,True,0,unmet,candidate_event_ceiling,0.0,,,,,,,,,,,,,,1.0,0.6694915254237288,0.6694915254237288,256,256,0.9928823643895793,0.9965555749902453,0.3135593220338983,37,118,0.020685579196217493,70,3384,0.0,0,7
cadets13,base,single,rarity_only,native,1.0,False,0,unmet,candidate_event_ceiling,0.42730496453900707,,,,,,,,,,,,,,1.0,0.6694915254237288,0.6694915254237288,719,719,0.980009453109795,0.9903260094452592,0.6694915254237288,79,118,0.42730496453900707,1446,3384,0.0,0,7
cadets13,base,single,rarity_only,native,1.0,True,0,unmet,candidate_event_ceiling,0.0,,,,,,,,,,,,,,1.0,0.6694915254237288,0.6694915254237288,256,256,0.9928823643895793,0.9965555749902453,0.3135593220338983,37,118,0.020685579196217493,70,3384,0.0,0,7
cadets13,base,single,rarity_only,augmented,0.9,False,0,unmet,candidate_event_ceiling,0.42730496453900707,,,,,,,,,,,,,,1.0,0.6694915254237288,0.6694915254237288,719,719,0.980009453109795,0.9903260094452592,0.6694915254237288,79,118,0.42730496453900707,1446,3384,0.0,0,7
cadets13,base,single,rarity_only,augmented,0.9,True,0,unmet,candidate_event_ceiling,0.0,,,,,,,,,,,,,,1.0,0.6694915254237288,0.6694915254237288,256,256,0.9928823643895793,0.9965555749902453,0.3135593220338983,37,118,0.020685579196217493,70,3384,0.0,0,7
cadets13,base,single,rarity_only,augmented,0.95,False,0,unmet,candidate_event_ceiling,0.42730496453900707,,,,,,,,,,,,,,1.0,0.6694915254237288,0.6694915254237288,719,719,0.980009453109795,0.9903260094452592,0.6694915254237288,79,118,0.42730496453900707,1446,3384,0.0,0,7
cadets13,base,single,rarity_only,augmented,0.95,True,0,unmet,candidate_event_ceiling,0.0,,,,,,,,,,,,,,1.0,0.6694915254237288,0.6694915254237288,256,256,0.9928823643895793,0.9965555749902453,0.3135593220338983,37,118,0.020685579196217493,70,3384,0.0,0,7
cadets13,base,single,rarity_only,augmented,0.99,False,0,unmet,candidate_event_ceiling,0.42730496453900707,,,,,,,,,,,,,,1.0,0.6694915254237288,0.6694915254237288,719,719,0.980009453109795,0.9903260094452592,0.6694915254237288,79,118,0.42730496453900707,1446,3384,0.0,0,7
cadets13,base,single,rarity_only,augmented,0.99,True,0,unmet,candidate_event_ceiling,0.0,,,,,,,,,,,,,,1.0,0.6694915254237288,0.6694915254237288,256,256,0.9928823643895793,0.9965555749902453,0.3135593220338983,37,118,0.020685579196217493,70,3384,0.0,0,7
cadets13,base,single,rarity_only,augmented,1.0,False,0,unmet,candidate_event_ceiling,0.42730496453900707,,,,,,,,,,,,,,1.0,0.6694915254237288,0.6694915254237288,719,719,0.980009453109795,0.9903260094452592,0.6694915254237288,79,118,0.42730496453900707,1446,3384,0.0,0,7
cadets13,base,single,rarity_only,augmented,1.0,True,0,unmet,candidate_event_ceiling,0.0,,,,,,,,,,,,,,1.0,0.6694915254237288,0.6694915254237288,256,256,0.9928823643895793,0.9965555749902453,0.3135593220338983,37,118,0.020685579196217493,70,3384,0.0,0,7
cadets13,base,single,diffusion_only,native,0.9,False,0,unmet,candidate_event_ceiling,0.42730496453900707,,,,,,,,,,,,,,1.0,0.6694915254237288,0.6694915254237288,1798,1798,0.9500097311424361,0.9758082962205509,0.6694915254237288,79,118,0.42730496453900707,1446,3384,0.0,0,7
cadets13,base,single,diffusion_only,native,0.9,True,0,unmet,candidate_event_ceiling,0.0,,,,,,,,,,,,,,1.0,0.6694915254237288,0.6694915254237288,256,256,0.9928823643895793,0.9965555749902453,0.0,0,118,0.0,0,3384,0.0,0,7
cadets13,base,single,diffusion_only,native,0.95,False,0,unmet,candidate_event_ceiling,0.42730496453900707,,,,,,,,,,,,,,1.0,0.6694915254237288,0.6694915254237288,1798,1798,0.9500097311424361,0.9758082962205509,0.6694915254237288,79,118,0.42730496453900707,1446,3384,0.0,0,7
cadets13,base,single,diffusion_only,native,0.95,True,0,unmet,candidate_event_ceiling,0.0,,,,,,,,,,,,,,1.0,0.6694915254237288,0.6694915254237288,256,256,0.9928823643895793,0.9965555749902453,0.0,0,118,0.0,0,3384,0.0,0,7
cadets13,base,single,diffusion_only,native,0.99,False,0,unmet,candidate_event_ceiling,0.42730496453900707,,,,,,,,,,,,,,1.0,0.6694915254237288,0.6694915254237288,1798,1798,0.9500097311424361,0.9758082962205509,0.6694915254237288,79,118,0.42730496453900707,1446,3384,0.0,0,7
cadets13,base,single,diffusion_only,native,0.99,True,0,unmet,candidate_event_ceiling,0.0,,,,,,,,,,,,,,1.0,0.6694915254237288,0.6694915254237288,256,256,0.9928823643895793,0.9965555749902453,0.0,0,118,0.0,0,3384,0.0,0,7
cadets13,base,single,diffusion_only,native,1.0,False,0,unmet,candidate_event_ceiling,0.42730496453900707,,,,,,,,,,,,,,1.0,0.6694915254237288,0.6694915254237288,1798,1798,0.9500097311424361,0.9758082962205509,0.6694915254237288,79,118,0.42730496453900707,1446,3384,0.0,0,7
cadets13,base,single,diffusion_only,native,1.0,True,0,unmet,candidate_event_ceiling,0.0,,,,,,,,,,,,,,1.0,0.6694915254237288,0.6694915254237288,256,256,0.9928823643895793,0.9965555749902453,0.0,0,118,0.0,0,3384,0.0,0,7
cadets13,base,single,diffusion_only,augmented,0.9,False,0,unmet,candidate_event_ceiling,0.42730496453900707,,,,,,,,,,,,,,1.0,0.6694915254237288,0.6694915254237288,1798,1798,0.9500097311424361,0.9758082962205509,0.6694915254237288,79,118,0.42730496453900707,1446,3384,0.0,0,7
cadets13,base,single,diffusion_only,augmented,0.9,True,0,unmet,candidate_event_ceiling,0.0,,,,,,,,,,,,,,1.0,0.6694915254237288,0.6694915254237288,256,256,0.9928823643895793,0.9965555749902453,0.0,0,118,0.0,0,3384,0.0,0,7
cadets13,base,single,diffusion_only,augmented,0.95,False,0,unmet,candidate_event_ceiling,0.42730496453900707,,,,,,,,,,,,,,1.0,0.6694915254237288,0.6694915254237288,1798,1798,0.9500097311424361,0.9758082962205509,0.6694915254237288,79,118,0.42730496453900707,1446,3384,0.0,0,7
cadets13,base,single,diffusion_only,augmented,0.95,True,0,unmet,candidate_event_ceiling,0.0,,,,,,,,,,,,,,1.0,0.6694915254237288,0.6694915254237288,256,256,0.9928823643895793,0.9965555749902453,0.0,0,118,0.0,0,3384,0.0,0,7
cadets13,base,single,diffusion_only,augmented,0.99,False,0,unmet,candidate_event_ceiling,0.42730496453900707,,,,,,,,,,,,,,1.0,0.6694915254237288,0.6694915254237288,1798,1798,0.9500097311424361,0.9758082962205509,0.6694915254237288,79,118,0.42730496453900707,1446,3384,0.0,0,7
cadets13,base,single,diffusion_only,augmented,0.99,True,0,unmet,candidate_event_ceiling,0.0,,,,,,,,,,,,,,1.0,0.6694915254237288,0.6694915254237288,256,256,0.9928823643895793,0.9965555749902453,0.0,0,118,0.0,0,3384,0.0,0,7
cadets13,base,single,diffusion_only,augmented,1.0,False,0,unmet,candidate_event_ceiling,0.42730496453900707,,,,,,,,,,,,,,1.0,0.6694915254237288,0.6694915254237288,1798,1798,0.9500097311424361,0.9758082962205509,0.6694915254237288,79,118,0.42730496453900707,1446,3384,0.0,0,7
cadets13,base,single,diffusion_only,augmented,1.0,True,0,unmet,candidate_event_ceiling,0.0,,,,,,,,,,,,,,1.0,0.6694915254237288,0.6694915254237288,256,256,0.9928823643895793,0.9965555749902453,0.0,0,118,0.0,0,3384,0.0,0,7
cadets13,base,single,rasp,native,0.9,False,0,unmet,candidate_event_ceiling,0.42730496453900707,,,,,,,,,,,,,,1.0,0.6694915254237288,0.6694915254237288,719,719,0.980009453109795,0.9903260094452592,0.6694915254237288,79,118,0.42730496453900707,1446,3384,0.0,0,7
cadets13,base,single,rasp,native,0.9,True,0,unmet,candidate_event_ceiling,0.0,,,,,,,,,,,,,,1.0,0.6694915254237288,0.6694915254237288,256,256,0.9928823643895793,0.9965555749902453,0.0,0,118,0.0,0,3384,0.0,0,7
cadets13,base,single,rasp,native,0.95,False,0,unmet,candidate_event_ceiling,0.42730496453900707,,,,,,,,,,,,,,1.0,0.6694915254237288,0.6694915254237288,719,719,0.980009453109795,0.9903260094452592,0.6694915254237288,79,118,0.42730496453900707,1446,3384,0.0,0,7
cadets13,base,single,rasp,native,0.95,True,0,unmet,candidate_event_ceiling,0.0,,,,,,,,,,,,,,1.0,0.6694915254237288,0.6694915254237288,256,256,0.9928823643895793,0.9965555749902453,0.0,0,118,0.0,0,3384,0.0,0,7
cadets13,base,single,rasp,native,0.99,False,0,unmet,candidate_event_ceiling,0.42730496453900707,,,,,,,,,,,,,,1.0,0.6694915254237288,0.6694915254237288,719,719,0.980009453109795,0.9903260094452592,0.6694915254237288,79,118,0.42730496453900707,1446,3384,0.0,0,7
cadets13,base,single,rasp,native,0.99,True,0,unmet,candidate_event_ceiling,0.0,,,,,,,,,,,,,,1.0,0.6694915254237288,0.6694915254237288,256,256,0.9928823643895793,0.9965555749902453,0.0,0,118,0.0,0,3384,0.0,0,7
cadets13,base,single,rasp,native,1.0,False,0,unmet,candidate_event_ceiling,0.42730496453900707,,,,,,,,,,,,,,1.0,0.6694915254237288,0.6694915254237288,719,719,0.980009453109795,0.9903260094452592,0.6694915254237288,79,118,0.42730496453900707,1446,3384,0.0,0,7
cadets13,base,single,rasp,native,1.0,True,0,unmet,candidate_event_ceiling,0.0,,,,,,,,,,,,,,1.0,0.6694915254237288,0.6694915254237288,256,256,0.9928823643895793,0.9965555749902453,0.0,0,118,0.0,0,3384,0.0,0,7
cadets13,base,single,rasp,augmented,0.9,False,0,unmet,candidate_event_ceiling,0.42730496453900707,,,,,,,,,,,,,,1.0,0.6694915254237288,0.6694915254237288,719,719,0.980009453109795,0.9903260094452592,0.6694915254237288,79,118,0.42730496453900707,1446,3384,0.0,0,7
cadets13,base,single,rasp,augmented,0.9,True,0,unmet,candidate_event_ceiling,0.0,,,,,,,,,,,,,,1.0,0.6694915254237288,0.6694915254237288,256,256,0.9928823643895793,0.9965555749902453,0.0,0,118,0.0,0,3384,0.0,0,7
cadets13,base,single,rasp,augmented,0.95,False,0,unmet,candidate_event_ceiling,0.42730496453900707,,,,,,,,,,,,,,1.0,0.6694915254237288,0.6694915254237288,719,719,0.980009453109795,0.9903260094452592,0.6694915254237288,79,118,0.42730496453900707,1446,3384,0.0,0,7
cadets13,base,single,rasp,augmented,0.95,True,0,unmet,candidate_event_ceiling,0.0,,,,,,,,,,,,,,1.0,0.6694915254237288,0.6694915254237288,256,256,0.9928823643895793,0.9965555749902453,0.0,0,118,0.0,0,3384,0.0,0,7
cadets13,base,single,rasp,augmented,0.99,False,0,unmet,candidate_event_ceiling,0.42730496453900707,,,,,,,,,,,,,,1.0,0.6694915254237288,0.6694915254237288,719,719,0.980009453109795,0.9903260094452592,0.6694915254237288,79,118,0.42730496453900707,1446,3384,0.0,0,7
cadets13,base,single,rasp,augmented,0.99,True,0,unmet,candidate_event_ceiling,0.0,,,,,,,,,,,,,,1.0,0.6694915254237288,0.6694915254237288,256,256,0.9928823643895793,0.9965555749902453,0.0,0,118,0.0,0,3384,0.0,0,7
cadets13,base,single,rasp,augmented,1.0,False,0,unmet,candidate_event_ceiling,0.42730496453900707,,,,,,,,,,,,,,1.0,0.6694915254237288,0.6694915254237288,719,719,0.980009453109795,0.9903260094452592,0.6694915254237288,79,118,0.42730496453900707,1446,3384,0.0,0,7
cadets13,base,single,rasp,augmented,1.0,True,0,unmet,candidate_event_ceiling,0.0,,,,,,,,,,,,,,1.0,0.6694915254237288,0.6694915254237288,256,256,0.9928823643895793,0.9965555749902453,0.0,0,118,0.0,0,3384,0.0,0,7
cadets13,base,single,context_v1,native,0.9,False,0,unmet,candidate_event_ceiling,0.42730496453900707,,,,,,,,,,,,,,1.0,0.6694915254237288,0.6694915254237288,1798,1798,0.9500097311424361,0.9758082962205509,0.6694915254237288,79,118,0.42730496453900707,1446,3384,0.0,0,7
cadets13,base,single,context_v1,native,0.9,True,0,unmet,candidate_event_ceiling,0.0,,,,,,,,,,,,,,1.0,0.6694915254237288,0.6694915254237288,256,256,0.9928823643895793,0.9965555749902453,0.0,0,118,0.0,0,3384,0.0,0,7
cadets13,base,single,context_v1,native,0.95,False,0,unmet,candidate_event_ceiling,0.42730496453900707,,,,,,,,,,,,,,1.0,0.6694915254237288,0.6694915254237288,1798,1798,0.9500097311424361,0.9758082962205509,0.6694915254237288,79,118,0.42730496453900707,1446,3384,0.0,0,7
cadets13,base,single,context_v1,native,0.95,True,0,unmet,candidate_event_ceiling,0.0,,,,,,,,,,,,,,1.0,0.6694915254237288,0.6694915254237288,256,256,0.9928823643895793,0.9965555749902453,0.0,0,118,0.0,0,3384,0.0,0,7
cadets13,base,single,context_v1,native,0.99,False,0,unmet,candidate_event_ceiling,0.42730496453900707,,,,,,,,,,,,,,1.0,0.6694915254237288,0.6694915254237288,1798,1798,0.9500097311424361,0.9758082962205509,0.6694915254237288,79,118,0.42730496453900707,1446,3384,0.0,0,7
cadets13,base,single,context_v1,native,0.99,True,0,unmet,candidate_event_ceiling,0.0,,,,,,,,,,,,,,1.0,0.6694915254237288,0.6694915254237288,256,256,0.9928823643895793,0.9965555749902453,0.0,0,118,0.0,0,3384,0.0,0,7
cadets13,base,single,context_v1,native,1.0,False,0,unmet,candidate_event_ceiling,0.42730496453900707,,,,,,,,,,,,,,1.0,0.6694915254237288,0.6694915254237288,1798,1798,0.9500097311424361,0.9758082962205509,0.6694915254237288,79,118,0.42730496453900707,1446,3384,0.0,0,7
cadets13,base,single,context_v1,native,1.0,True,0,unmet,candidate_event_ceiling,0.0,,,,,,,,,,,,,,1.0,0.6694915254237288,0.6694915254237288,256,256,0.9928823643895793,0.9965555749902453,0.0,0,118,0.0,0,3384,0.0,0,7
cadets13,base,single,context_v1,augmented,0.9,False,0,unmet,candidate_event_ceiling,0.42730496453900707,,,,,,,,,,,,,,1.0,0.6694915254237288,0.6694915254237288,1798,1798,0.9500097311424361,0.9758082962205509,0.6694915254237288,79,118,0.42730496453900707,1446,3384,0.0,0,7
cadets13,base,single,context_v1,augmented,0.9,True,0,unmet,candidate_event_ceiling,0.0,,,,,,,,,,,,,,1.0,0.6694915254237288,0.6694915254237288,256,256,0.9928823643895793,0.9965555749902453,0.0,0,118,0.0,0,3384,0.0,0,7
cadets13,base,single,context_v1,augmented,0.95,False,0,unmet,candidate_event_ceiling,0.42730496453900707,,,,,,,,,,,,,,1.0,0.6694915254237288,0.6694915254237288,1798,1798,0.9500097311424361,0.9758082962205509,0.6694915254237288,79,118,0.42730496453900707,1446,3384,0.0,0,7
cadets13,base,single,context_v1,augmented,0.95,True,0,unmet,candidate_event_ceiling,0.0,,,,,,,,,,,,,,1.0,0.6694915254237288,0.6694915254237288,256,256,0.9928823643895793,0.9965555749902453,0.0,0,118,0.0,0,3384,0.0,0,7
cadets13,base,single,context_v1,augmented,0.99,False,0,unmet,candidate_event_ceiling,0.42730496453900707,,,,,,,,,,,,,,1.0,0.6694915254237288,0.6694915254237288,1798,1798,0.9500097311424361,0.9758082962205509,0.6694915254237288,79,118,0.42730496453900707,1446,3384,0.0,0,7
cadets13,base,single,context_v1,augmented,0.99,True,0,unmet,candidate_event_ceiling,0.0,,,,,,,,,,,,,,1.0,0.6694915254237288,0.6694915254237288,256,256,0.9928823643895793,0.9965555749902453,0.0,0,118,0.0,0,3384,0.0,0,7
cadets13,base,single,context_v1,augmented,1.0,False,0,unmet,candidate_event_ceiling,0.42730496453900707,,,,,,,,,,,,,,1.0,0.6694915254237288,0.6694915254237288,1798,1798,0.9500097311424361,0.9758082962205509,0.6694915254237288,79,118,0.42730496453900707,1446,3384,0.0,0,7
cadets13,base,single,context_v1,augmented,1.0,True,0,unmet,candidate_event_ceiling,0.0,,,,,,,,,,,,,,1.0,0.6694915254237288,0.6694915254237288,256,256,0.9928823643895793,0.9965555749902453,0.0,0,118,0.0,0,3384,0.0,0,7
cadets13,base,single,reliability,native,0.9,False,0,unmet,candidate_event_ceiling,0.42730496453900707,,,,,,,,,,,,,,1.0,0.6694915254237288,0.6694915254237288,719,719,0.980009453109795,0.9903260094452592,0.6694915254237288,79,118,0.42730496453900707,1446,3384,0.0,0,7
cadets13,base,single,reliability,native,0.9,True,0,unmet,candidate_event_ceiling,0.0,,,,,,,,,,,,,,1.0,0.6694915254237288,0.6694915254237288,256,256,0.9928823643895793,0.9965555749902453,0.0,0,118,0.0,0,3384,0.0,0,7
cadets13,base,single,reliability,native,0.95,False,0,unmet,candidate_event_ceiling,0.42730496453900707,,,,,,,,,,,,,,1.0,0.6694915254237288,0.6694915254237288,719,719,0.980009453109795,0.9903260094452592,0.6694915254237288,79,118,0.42730496453900707,1446,3384,0.0,0,7
cadets13,base,single,reliability,native,0.95,True,0,unmet,candidate_event_ceiling,0.0,,,,,,,,,,,,,,1.0,0.6694915254237288,0.6694915254237288,256,256,0.9928823643895793,0.9965555749902453,0.0,0,118,0.0,0,3384,0.0,0,7
cadets13,base,single,reliability,native,0.99,False,0,unmet,candidate_event_ceiling,0.42730496453900707,,,,,,,,,,,,,,1.0,0.6694915254237288,0.6694915254237288,719,719,0.980009453109795,0.9903260094452592,0.6694915254237288,79,118,0.42730496453900707,1446,3384,0.0,0,7
cadets13,base,single,reliability,native,0.99,True,0,unmet,candidate_event_ceiling,0.0,,,,,,,,,,,,,,1.0,0.6694915254237288,0.6694915254237288,256,256,0.9928823643895793,0.9965555749902453,0.0,0,118,0.0,0,3384,0.0,0,7
cadets13,base,single,reliability,native,1.0,False,0,unmet,candidate_event_ceiling,0.42730496453900707,,,,,,,,,,,,,,1.0,0.6694915254237288,0.6694915254237288,719,719,0.980009453109795,0.9903260094452592,0.6694915254237288,79,118,0.42730496453900707,1446,3384,0.0,0,7
cadets13,base,single,reliability,native,1.0,True,0,unmet,candidate_event_ceiling,0.0,,,,,,,,,,,,,,1.0,0.6694915254237288,0.6694915254237288,256,256,0.9928823643895793,0.9965555749902453,0.0,0,118,0.0,0,3384,0.0,0,7
cadets13,base,single,reliability,augmented,0.9,False,0,unmet,candidate_event_ceiling,0.42730496453900707,,,,,,,,,,,,,,1.0,0.6694915254237288,0.6694915254237288,719,719,0.980009453109795,0.9903260094452592,0.6694915254237288,79,118,0.42730496453900707,1446,3384,0.0,0,7
cadets13,base,single,reliability,augmented,0.9,True,0,unmet,candidate_event_ceiling,0.0,,,,,,,,,,,,,,1.0,0.6694915254237288,0.6694915254237288,256,256,0.9928823643895793,0.9965555749902453,0.0,0,118,0.0,0,3384,0.0,0,7
cadets13,base,single,reliability,augmented,0.95,False,0,unmet,candidate_event_ceiling,0.42730496453900707,,,,,,,,,,,,,,1.0,0.6694915254237288,0.6694915254237288,719,719,0.980009453109795,0.9903260094452592,0.6694915254237288,79,118,0.42730496453900707,1446,3384,0.0,0,7
cadets13,base,single,reliability,augmented,0.95,True,0,unmet,candidate_event_ceiling,0.0,,,,,,,,,,,,,,1.0,0.6694915254237288,0.6694915254237288,256,256,0.9928823643895793,0.9965555749902453,0.0,0,118,0.0,0,3384,0.0,0,7
cadets13,base,single,reliability,augmented,0.99,False,0,unmet,candidate_event_ceiling,0.42730496453900707,,,,,,,,,,,,,,1.0,0.6694915254237288,0.6694915254237288,719,719,0.980009453109795,0.9903260094452592,0.6694915254237288,79,118,0.42730496453900707,1446,3384,0.0,0,7
cadets13,base,single,reliability,augmented,0.99,True,0,unmet,candidate_event_ceiling,0.0,,,,,,,,,,,,,,1.0,0.6694915254237288,0.6694915254237288,256,256,0.9928823643895793,0.9965555749902453,0.0,0,118,0.0,0,3384,0.0,0,7
cadets13,base,single,reliability,augmented,1.0,False,0,unmet,candidate_event_ceiling,0.42730496453900707,,,,,,,,,,,,,,1.0,0.6694915254237288,0.6694915254237288,719,719,0.980009453109795,0.9903260094452592,0.6694915254237288,79,118,0.42730496453900707,1446,3384,0.0,0,7
cadets13,base,single,reliability,augmented,1.0,True,0,unmet,candidate_event_ceiling,0.0,,,,,,,,,,,,,,1.0,0.6694915254237288,0.6694915254237288,256,256,0.9928823643895793,0.9965555749902453,0.0,0,118,0.0,0,3384,0.0,0,7
cadets13,base,single,adaptive_v1,native,0.9,False,0,unmet,candidate_event_ceiling,0.42730496453900707,,,,,,,,,,,,,,1.0,0.6694915254237288,0.6694915254237288,1798,1798,0.9500097311424361,0.9758082962205509,0.6694915254237288,79,118,0.42730496453900707,1446,3384,0.0,0,7
cadets13,base,single,adaptive_v1,native,0.9,True,0,unmet,candidate_event_ceiling,0.0,,,,,,,,,,,,,,1.0,0.6694915254237288,0.6694915254237288,256,256,0.9928823643895793,0.9965555749902453,0.0,0,118,0.0,0,3384,0.0,0,7
cadets13,base,single,adaptive_v1,native,0.95,False,0,unmet,candidate_event_ceiling,0.42730496453900707,,,,,,,,,,,,,,1.0,0.6694915254237288,0.6694915254237288,1798,1798,0.9500097311424361,0.9758082962205509,0.6694915254237288,79,118,0.42730496453900707,1446,3384,0.0,0,7
cadets13,base,single,adaptive_v1,native,0.95,True,0,unmet,candidate_event_ceiling,0.0,,,,,,,,,,,,,,1.0,0.6694915254237288,0.6694915254237288,256,256,0.9928823643895793,0.9965555749902453,0.0,0,118,0.0,0,3384,0.0,0,7
cadets13,base,single,adaptive_v1,native,0.99,False,0,unmet,candidate_event_ceiling,0.42730496453900707,,,,,,,,,,,,,,1.0,0.6694915254237288,0.6694915254237288,1798,1798,0.9500097311424361,0.9758082962205509,0.6694915254237288,79,118,0.42730496453900707,1446,3384,0.0,0,7
cadets13,base,single,adaptive_v1,native,0.99,True,0,unmet,candidate_event_ceiling,0.0,,,,,,,,,,,,,,1.0,0.6694915254237288,0.6694915254237288,256,256,0.9928823643895793,0.9965555749902453,0.0,0,118,0.0,0,3384,0.0,0,7
cadets13,base,single,adaptive_v1,native,1.0,False,0,unmet,candidate_event_ceiling,0.42730496453900707,,,,,,,,,,,,,,1.0,0.6694915254237288,0.6694915254237288,1798,1798,0.9500097311424361,0.9758082962205509,0.6694915254237288,79,118,0.42730496453900707,1446,3384,0.0,0,7
cadets13,base,single,adaptive_v1,native,1.0,True,0,unmet,candidate_event_ceiling,0.0,,,,,,,,,,,,,,1.0,0.6694915254237288,0.6694915254237288,256,256,0.9928823643895793,0.9965555749902453,0.0,0,118,0.0,0,3384,0.0,0,7
cadets13,base,single,adaptive_v1,augmented,0.9,False,0,unmet,candidate_event_ceiling,0.42730496453900707,,,,,,,,,,,,,,1.0,0.6694915254237288,0.6694915254237288,1798,1798,0.9500097311424361,0.9758082962205509,0.6694915254237288,79,118,0.42730496453900707,1446,3384,0.0,0,7
cadets13,base,single,adaptive_v1,augmented,0.9,True,0,unmet,candidate_event_ceiling,0.0,,,,,,,,,,,,,,1.0,0.6694915254237288,0.6694915254237288,256,256,0.9928823643895793,0.9965555749902453,0.0,0,118,0.0,0,3384,0.0,0,7
cadets13,base,single,adaptive_v1,augmented,0.95,False,0,unmet,candidate_event_ceiling,0.42730496453900707,,,,,,,,,,,,,,1.0,0.6694915254237288,0.6694915254237288,1798,1798,0.9500097311424361,0.9758082962205509,0.6694915254237288,79,118,0.42730496453900707,1446,3384,0.0,0,7
cadets13,base,single,adaptive_v1,augmented,0.95,True,0,unmet,candidate_event_ceiling,0.0,,,,,,,,,,,,,,1.0,0.6694915254237288,0.6694915254237288,256,256,0.9928823643895793,0.9965555749902453,0.0,0,118,0.0,0,3384,0.0,0,7
cadets13,base,single,adaptive_v1,augmented,0.99,False,0,unmet,candidate_event_ceiling,0.42730496453900707,,,,,,,,,,,,,,1.0,0.6694915254237288,0.6694915254237288,1798,1798,0.9500097311424361,0.9758082962205509,0.6694915254237288,79,118,0.42730496453900707,1446,3384,0.0,0,7
cadets13,base,single,adaptive_v1,augmented,0.99,True,0,unmet,candidate_event_ceiling,0.0,,,,,,,,,,,,,,1.0,0.6694915254237288,0.6694915254237288,256,256,0.9928823643895793,0.9965555749902453,0.0,0,118,0.0,0,3384,0.0,0,7
cadets13,base,single,adaptive_v1,augmented,1.0,False,0,unmet,candidate_event_ceiling,0.42730496453900707,,,,,,,,,,,,,,1.0,0.6694915254237288,0.6694915254237288,1798,1798,0.9500097311424361,0.9758082962205509,0.6694915254237288,79,118,0.42730496453900707,1446,3384,0.0,0,7
cadets13,base,single,adaptive_v1,augmented,1.0,True,0,unmet,candidate_event_ceiling,0.0,,,,,,,,,,,,,,1.0,0.6694915254237288,0.6694915254237288,256,256,0.9928823643895793,0.9965555749902453,0.0,0,118,0.0,0,3384,0.0,0,7
cadets13,base,single,reliability_chain,native,0.9,False,0,unmet,candidate_event_ceiling,0.42730496453900707,,,,,,,,,,,,,,1.0,0.6694915254237288,0.6694915254237288,719,719,0.980009453109795,0.9903260094452592,0.6694915254237288,79,118,0.42730496453900707,1446,3384,0.0,0,7
cadets13,base,single,reliability_chain,native,0.9,True,0,unmet,candidate_event_ceiling,0.0,,,,,,,,,,,,,,1.0,0.6694915254237288,0.6694915254237288,256,256,0.9928823643895793,0.9965555749902453,0.2457627118644068,29,118,0.06205673758865248,210,3384,0.0,0,7
cadets13,base,single,reliability_chain,native,0.95,False,0,unmet,candidate_event_ceiling,0.42730496453900707,,,,,,,,,,,,,,1.0,0.6694915254237288,0.6694915254237288,719,719,0.980009453109795,0.9903260094452592,0.6694915254237288,79,118,0.42730496453900707,1446,3384,0.0,0,7
cadets13,base,single,reliability_chain,native,0.95,True,0,unmet,candidate_event_ceiling,0.0,,,,,,,,,,,,,,1.0,0.6694915254237288,0.6694915254237288,256,256,0.9928823643895793,0.9965555749902453,0.2457627118644068,29,118,0.06205673758865248,210,3384,0.0,0,7
cadets13,base,single,reliability_chain,native,0.99,False,0,unmet,candidate_event_ceiling,0.42730496453900707,,,,,,,,,,,,,,1.0,0.6694915254237288,0.6694915254237288,719,719,0.980009453109795,0.9903260094452592,0.6694915254237288,79,118,0.42730496453900707,1446,3384,0.0,0,7
cadets13,base,single,reliability_chain,native,0.99,True,0,unmet,candidate_event_ceiling,0.0,,,,,,,,,,,,,,1.0,0.6694915254237288,0.6694915254237288,256,256,0.9928823643895793,0.9965555749902453,0.2457627118644068,29,118,0.06205673758865248,210,3384,0.0,0,7
cadets13,base,single,reliability_chain,native,1.0,False,0,unmet,candidate_event_ceiling,0.42730496453900707,,,,,,,,,,,,,,1.0,0.6694915254237288,0.6694915254237288,719,719,0.980009453109795,0.9903260094452592,0.6694915254237288,79,118,0.42730496453900707,1446,3384,0.0,0,7
cadets13,base,single,reliability_chain,native,1.0,True,0,unmet,candidate_event_ceiling,0.0,,,,,,,,,,,,,,1.0,0.6694915254237288,0.6694915254237288,256,256,0.9928823643895793,0.9965555749902453,0.2457627118644068,29,118,0.06205673758865248,210,3384,0.0,0,7
cadets13,base,single,reliability_chain,augmented,0.9,False,0,unmet,candidate_event_ceiling,0.42730496453900707,,,,,,,,,,,,,,1.0,0.6694915254237288,0.6694915254237288,719,719,0.980009453109795,0.9903260094452592,0.6694915254237288,79,118,0.42730496453900707,1446,3384,0.0,0,7
cadets13,base,single,reliability_chain,augmented,0.9,True,0,unmet,candidate_event_ceiling,0.0,,,,,,,,,,,,,,1.0,0.6694915254237288,0.6694915254237288,256,256,0.9928823643895793,0.9965555749902453,0.2457627118644068,29,118,0.06205673758865248,210,3384,0.0,0,7
cadets13,base,single,reliability_chain,augmented,0.95,False,0,unmet,candidate_event_ceiling,0.42730496453900707,,,,,,,,,,,,,,1.0,0.6694915254237288,0.6694915254237288,719,719,0.980009453109795,0.9903260094452592,0.6694915254237288,79,118,0.42730496453900707,1446,3384,0.0,0,7
cadets13,base,single,reliability_chain,augmented,0.95,True,0,unmet,candidate_event_ceiling,0.0,,,,,,,,,,,,,,1.0,0.6694915254237288,0.6694915254237288,256,256,0.9928823643895793,0.9965555749902453,0.2457627118644068,29,118,0.06205673758865248,210,3384,0.0,0,7
cadets13,base,single,reliability_chain,augmented,0.99,False,0,unmet,candidate_event_ceiling,0.42730496453900707,,,,,,,,,,,,,,1.0,0.6694915254237288,0.6694915254237288,719,719,0.980009453109795,0.9903260094452592,0.6694915254237288,79,118,0.42730496453900707,1446,3384,0.0,0,7
cadets13,base,single,reliability_chain,augmented,0.99,True,0,unmet,candidate_event_ceiling,0.0,,,,,,,,,,,,,,1.0,0.6694915254237288,0.6694915254237288,256,256,0.9928823643895793,0.9965555749902453,0.2457627118644068,29,118,0.06205673758865248,210,3384,0.0,0,7
cadets13,base,single,reliability_chain,augmented,1.0,False,0,unmet,candidate_event_ceiling,0.42730496453900707,,,,,,,,,,,,,,1.0,0.6694915254237288,0.6694915254237288,719,719,0.980009453109795,0.9903260094452592,0.6694915254237288,79,118,0.42730496453900707,1446,3384,0.0,0,7
cadets13,base,single,reliability_chain,augmented,1.0,True,0,unmet,candidate_event_ceiling,0.0,,,,,,,,,,,,,,1.0,0.6694915254237288,0.6694915254237288,256,256,0.9928823643895793,0.9965555749902453,0.2457627118644068,29,118,0.06205673758865248,210,3384,0.0,0,7
cadets13,base,declared,rarity_only,native,0.9,False,0,unmet,candidate_event_ceiling,0.42730496453900707,,,,,,,,,,,,,,1.0,0.6694915254237288,0.6694915254237288,3596,3596,0.9000194622848723,0.9516165924411016,0.6694915254237288,79,118,0.42730496453900707,1446,3384,0.0,0,7
cadets13,base,declared,rarity_only,native,0.9,True,0,unmet,candidate_event_ceiling,0.0,,,,,,,,,,,,,,1.0,0.6694915254237288,0.6694915254237288,256,256,0.9928823643895793,0.9965555749902453,0.01694915254237288,2,118,0.0,0,3384,0.0,0,7
cadets13,base,declared,rarity_only,native,0.95,False,0,unmet,candidate_event_ceiling,0.42730496453900707,,,,,,,,,,,,,,1.0,0.6694915254237288,0.6694915254237288,3596,3596,0.9000194622848723,0.9516165924411016,0.6694915254237288,79,118,0.42730496453900707,1446,3384,0.0,0,7
cadets13,base,declared,rarity_only,native,0.95,True,0,unmet,candidate_event_ceiling,0.0,,,,,,,,,,,,,,1.0,0.6694915254237288,0.6694915254237288,256,256,0.9928823643895793,0.9965555749902453,0.01694915254237288,2,118,0.0,0,3384,0.0,0,7
cadets13,base,declared,rarity_only,native,0.99,False,0,unmet,candidate_event_ceiling,0.42730496453900707,,,,,,,,,,,,,,1.0,0.6694915254237288,0.6694915254237288,3596,3596,0.9000194622848723,0.9516165924411016,0.6694915254237288,79,118,0.42730496453900707,1446,3384,0.0,0,7
cadets13,base,declared,rarity_only,native,0.99,True,0,unmet,candidate_event_ceiling,0.0,,,,,,,,,,,,,,1.0,0.6694915254237288,0.6694915254237288,256,256,0.9928823643895793,0.9965555749902453,0.01694915254237288,2,118,0.0,0,3384,0.0,0,7
cadets13,base,declared,rarity_only,native,1.0,False,0,unmet,candidate_event_ceiling,0.42730496453900707,,,,,,,,,,,,,,1.0,0.6694915254237288,0.6694915254237288,3596,3596,0.9000194622848723,0.9516165924411016,0.6694915254237288,79,118,0.42730496453900707,1446,3384,0.0,0,7
cadets13,base,declared,rarity_only,native,1.0,True,0,unmet,candidate_event_ceiling,0.0,,,,,,,,,,,,,,1.0,0.6694915254237288,0.6694915254237288,256,256,0.9928823643895793,0.9965555749902453,0.01694915254237288,2,118,0.0,0,3384,0.0,0,7
cadets13,base,declared,rarity_only,augmented,0.9,False,0,unmet,candidate_event_ceiling,0.42730496453900707,,,,,,,,,,,,,,1.0,0.6694915254237288,0.6694915254237288,3596,3596,0.9000194622848723,0.9516165924411016,0.6694915254237288,79,118,0.42730496453900707,1446,3384,0.0,0,7
cadets13,base,declared,rarity_only,augmented,0.9,True,0,unmet,candidate_event_ceiling,0.0,,,,,,,,,,,,,,1.0,0.6694915254237288,0.6694915254237288,256,256,0.9928823643895793,0.9965555749902453,0.01694915254237288,2,118,0.0,0,3384,0.0,0,7
cadets13,base,declared,rarity_only,augmented,0.95,False,0,unmet,candidate_event_ceiling,0.42730496453900707,,,,,,,,,,,,,,1.0,0.6694915254237288,0.6694915254237288,3596,3596,0.9000194622848723,0.9516165924411016,0.6694915254237288,79,118,0.42730496453900707,1446,3384,0.0,0,7
cadets13,base,declared,rarity_only,augmented,0.95,True,0,unmet,candidate_event_ceiling,0.0,,,,,,,,,,,,,,1.0,0.6694915254237288,0.6694915254237288,256,256,0.9928823643895793,0.9965555749902453,0.01694915254237288,2,118,0.0,0,3384,0.0,0,7
cadets13,base,declared,rarity_only,augmented,0.99,False,0,unmet,candidate_event_ceiling,0.42730496453900707,,,,,,,,,,,,,,1.0,0.6694915254237288,0.6694915254237288,3596,3596,0.9000194622848723,0.9516165924411016,0.6694915254237288,79,118,0.42730496453900707,1446,3384,0.0,0,7
cadets13,base,declared,rarity_only,augmented,0.99,True,0,unmet,candidate_event_ceiling,0.0,,,,,,,,,,,,,,1.0,0.6694915254237288,0.6694915254237288,256,256,0.9928823643895793,0.9965555749902453,0.01694915254237288,2,118,0.0,0,3384,0.0,0,7
cadets13,base,declared,rarity_only,augmented,1.0,False,0,unmet,candidate_event_ceiling,0.42730496453900707,,,,,,,,,,,,,,1.0,0.6694915254237288,0.6694915254237288,3596,3596,0.9000194622848723,0.9516165924411016,0.6694915254237288,79,118,0.42730496453900707,1446,3384,0.0,0,7
cadets13,base,declared,rarity_only,augmented,1.0,True,0,unmet,candidate_event_ceiling,0.0,,,,,,,,,,,,,,1.0,0.6694915254237288,0.6694915254237288,256,256,0.9928823643895793,0.9965555749902453,0.01694915254237288,2,118,0.0,0,3384,0.0,0,7
cadets13,base,declared,diffusion_only,native,0.9,False,0,unmet,candidate_event_ceiling,0.42730496453900707,,,,,,,,,,,,,,1.0,0.6694915254237288,0.6694915254237288,719,719,0.980009453109795,0.9903260094452592,0.6694915254237288,79,118,0.42730496453900707,1446,3384,0.0,0,7
cadets13,base,declared,diffusion_only,native,0.9,True,0,unmet,candidate_event_ceiling,0.0,,,,,,,,,,,,,,1.0,0.6694915254237288,0.6694915254237288,256,256,0.9928823643895793,0.9965555749902453,0.652542372881356,77,118,0.4107565011820331,1390,3384,0.0,0,7
cadets13,base,declared,diffusion_only,native,0.95,False,0,unmet,candidate_event_ceiling,0.42730496453900707,,,,,,,,,,,,,,1.0,0.6694915254237288,0.6694915254237288,719,719,0.980009453109795,0.9903260094452592,0.6694915254237288,79,118,0.42730496453900707,1446,3384,0.0,0,7
cadets13,base,declared,diffusion_only,native,0.95,True,0,unmet,candidate_event_ceiling,0.0,,,,,,,,,,,,,,1.0,0.6694915254237288,0.6694915254237288,256,256,0.9928823643895793,0.9965555749902453,0.652542372881356,77,118,0.4107565011820331,1390,3384,0.0,0,7
cadets13,base,declared,diffusion_only,native,0.99,False,0,unmet,candidate_event_ceiling,0.42730496453900707,,,,,,,,,,,,,,1.0,0.6694915254237288,0.6694915254237288,719,719,0.980009453109795,0.9903260094452592,0.6694915254237288,79,118,0.42730496453900707,1446,3384,0.0,0,7
cadets13,base,declared,diffusion_only,native,0.99,True,0,unmet,candidate_event_ceiling,0.0,,,,,,,,,,,,,,1.0,0.6694915254237288,0.6694915254237288,256,256,0.9928823643895793,0.9965555749902453,0.652542372881356,77,118,0.4107565011820331,1390,3384,0.0,0,7
cadets13,base,declared,diffusion_only,native,1.0,False,0,unmet,candidate_event_ceiling,0.42730496453900707,,,,,,,,,,,,,,1.0,0.6694915254237288,0.6694915254237288,719,719,0.980009453109795,0.9903260094452592,0.6694915254237288,79,118,0.42730496453900707,1446,3384,0.0,0,7
cadets13,base,declared,diffusion_only,native,1.0,True,0,unmet,candidate_event_ceiling,0.0,,,,,,,,,,,,,,1.0,0.6694915254237288,0.6694915254237288,256,256,0.9928823643895793,0.9965555749902453,0.652542372881356,77,118,0.4107565011820331,1390,3384,0.0,0,7
cadets13,base,declared,diffusion_only,augmented,0.9,False,0,unmet,candidate_event_ceiling,0.42730496453900707,,,,,,,,,,,,,,1.0,0.6694915254237288,0.6694915254237288,719,719,0.980009453109795,0.9903260094452592,0.6694915254237288,79,118,0.42730496453900707,1446,3384,0.0,0,7
cadets13,base,declared,diffusion_only,augmented,0.9,True,0,unmet,candidate_event_ceiling,0.0,,,,,,,,,,,,,,1.0,0.6694915254237288,0.6694915254237288,256,256,0.9928823643895793,0.9965555749902453,0.652542372881356,77,118,0.4107565011820331,1390,3384,0.0,0,7
cadets13,base,declared,diffusion_only,augmented,0.95,False,0,unmet,candidate_event_ceiling,0.42730496453900707,,,,,,,,,,,,,,1.0,0.6694915254237288,0.6694915254237288,719,719,0.980009453109795,0.9903260094452592,0.6694915254237288,79,118,0.42730496453900707,1446,3384,0.0,0,7
cadets13,base,declared,diffusion_only,augmented,0.95,True,0,unmet,candidate_event_ceiling,0.0,,,,,,,,,,,,,,1.0,0.6694915254237288,0.6694915254237288,256,256,0.9928823643895793,0.9965555749902453,0.652542372881356,77,118,0.4107565011820331,1390,3384,0.0,0,7
cadets13,base,declared,diffusion_only,augmented,0.99,False,0,unmet,candidate_event_ceiling,0.42730496453900707,,,,,,,,,,,,,,1.0,0.6694915254237288,0.6694915254237288,719,719,0.980009453109795,0.9903260094452592,0.6694915254237288,79,118,0.42730496453900707,1446,3384,0.0,0,7
cadets13,base,declared,diffusion_only,augmented,0.99,True,0,unmet,candidate_event_ceiling,0.0,,,,,,,,,,,,,,1.0,0.6694915254237288,0.6694915254237288,256,256,0.9928823643895793,0.9965555749902453,0.652542372881356,77,118,0.4107565011820331,1390,3384,0.0,0,7
cadets13,base,declared,diffusion_only,augmented,1.0,False,0,unmet,candidate_event_ceiling,0.42730496453900707,,,,,,,,,,,,,,1.0,0.6694915254237288,0.6694915254237288,719,719,0.980009453109795,0.9903260094452592,0.6694915254237288,79,118,0.42730496453900707,1446,3384,0.0,0,7
cadets13,base,declared,diffusion_only,augmented,1.0,True,0,unmet,candidate_event_ceiling,0.0,,,,,,,,,,,,,,1.0,0.6694915254237288,0.6694915254237288,256,256,0.9928823643895793,0.9965555749902453,0.652542372881356,77,118,0.4107565011820331,1390,3384,0.0,0,7
cadets13,base,declared,rasp,native,0.9,False,0,unmet,candidate_event_ceiling,0.42730496453900707,,,,,,,,,,,,,,1.0,0.6694915254237288,0.6694915254237288,719,719,0.980009453109795,0.9903260094452592,0.6694915254237288,79,118,0.42730496453900707,1446,3384,0.0,0,7
cadets13,base,declared,rasp,native,0.9,True,0,unmet,candidate_event_ceiling,0.0,,,,,,,,,,,,,,1.0,0.6694915254237288,0.6694915254237288,256,256,0.9928823643895793,0.9965555749902453,0.652542372881356,77,118,0.4107565011820331,1390,3384,0.0,0,7
cadets13,base,declared,rasp,native,0.95,False,0,unmet,candidate_event_ceiling,0.42730496453900707,,,,,,,,,,,,,,1.0,0.6694915254237288,0.6694915254237288,719,719,0.980009453109795,0.9903260094452592,0.6694915254237288,79,118,0.42730496453900707,1446,3384,0.0,0,7
cadets13,base,declared,rasp,native,0.95,True,0,unmet,candidate_event_ceiling,0.0,,,,,,,,,,,,,,1.0,0.6694915254237288,0.6694915254237288,256,256,0.9928823643895793,0.9965555749902453,0.652542372881356,77,118,0.4107565011820331,1390,3384,0.0,0,7
cadets13,base,declared,rasp,native,0.99,False,0,unmet,candidate_event_ceiling,0.42730496453900707,,,,,,,,,,,,,,1.0,0.6694915254237288,0.6694915254237288,719,719,0.980009453109795,0.9903260094452592,0.6694915254237288,79,118,0.42730496453900707,1446,3384,0.0,0,7
cadets13,base,declared,rasp,native,0.99,True,0,unmet,candidate_event_ceiling,0.0,,,,,,,,,,,,,,1.0,0.6694915254237288,0.6694915254237288,256,256,0.9928823643895793,0.9965555749902453,0.652542372881356,77,118,0.4107565011820331,1390,3384,0.0,0,7
cadets13,base,declared,rasp,native,1.0,False,0,unmet,candidate_event_ceiling,0.42730496453900707,,,,,,,,,,,,,,1.0,0.6694915254237288,0.6694915254237288,719,719,0.980009453109795,0.9903260094452592,0.6694915254237288,79,118,0.42730496453900707,1446,3384,0.0,0,7
cadets13,base,declared,rasp,native,1.0,True,0,unmet,candidate_event_ceiling,0.0,,,,,,,,,,,,,,1.0,0.6694915254237288,0.6694915254237288,256,256,0.9928823643895793,0.9965555749902453,0.652542372881356,77,118,0.4107565011820331,1390,3384,0.0,0,7
cadets13,base,declared,rasp,augmented,0.9,False,0,unmet,candidate_event_ceiling,0.42730496453900707,,,,,,,,,,,,,,1.0,0.6694915254237288,0.6694915254237288,719,719,0.980009453109795,0.9903260094452592,0.6694915254237288,79,118,0.42730496453900707,1446,3384,0.0,0,7
cadets13,base,declared,rasp,augmented,0.9,True,0,unmet,candidate_event_ceiling,0.0,,,,,,,,,,,,,,1.0,0.6694915254237288,0.6694915254237288,256,256,0.9928823643895793,0.9965555749902453,0.652542372881356,77,118,0.4107565011820331,1390,3384,0.0,0,7
cadets13,base,declared,rasp,augmented,0.95,False,0,unmet,candidate_event_ceiling,0.42730496453900707,,,,,,,,,,,,,,1.0,0.6694915254237288,0.6694915254237288,719,719,0.980009453109795,0.9903260094452592,0.6694915254237288,79,118,0.42730496453900707,1446,3384,0.0,0,7
cadets13,base,declared,rasp,augmented,0.95,True,0,unmet,candidate_event_ceiling,0.0,,,,,,,,,,,,,,1.0,0.6694915254237288,0.6694915254237288,256,256,0.9928823643895793,0.9965555749902453,0.652542372881356,77,118,0.4107565011820331,1390,3384,0.0,0,7
cadets13,base,declared,rasp,augmented,0.99,False,0,unmet,candidate_event_ceiling,0.42730496453900707,,,,,,,,,,,,,,1.0,0.6694915254237288,0.6694915254237288,719,719,0.980009453109795,0.9903260094452592,0.6694915254237288,79,118,0.42730496453900707,1446,3384,0.0,0,7
cadets13,base,declared,rasp,augmented,0.99,True,0,unmet,candidate_event_ceiling,0.0,,,,,,,,,,,,,,1.0,0.6694915254237288,0.6694915254237288,256,256,0.9928823643895793,0.9965555749902453,0.652542372881356,77,118,0.4107565011820331,1390,3384,0.0,0,7
cadets13,base,declared,rasp,augmented,1.0,False,0,unmet,candidate_event_ceiling,0.42730496453900707,,,,,,,,,,,,,,1.0,0.6694915254237288,0.6694915254237288,719,719,0.980009453109795,0.9903260094452592,0.6694915254237288,79,118,0.42730496453900707,1446,3384,0.0,0,7
cadets13,base,declared,rasp,augmented,1.0,True,0,unmet,candidate_event_ceiling,0.0,,,,,,,,,,,,,,1.0,0.6694915254237288,0.6694915254237288,256,256,0.9928823643895793,0.9965555749902453,0.652542372881356,77,118,0.4107565011820331,1390,3384,0.0,0,7
cadets13,base,declared,context_v1,native,0.9,False,0,unmet,candidate_event_ceiling,0.42730496453900707,,,,,,,,,,,,,,1.0,0.6694915254237288,0.6694915254237288,719,719,0.980009453109795,0.9903260094452592,0.6694915254237288,79,118,0.42730496453900707,1446,3384,0.0,0,7
cadets13,base,declared,context_v1,native,0.9,True,0,unmet,candidate_event_ceiling,0.0,,,,,,,,,,,,,,1.0,0.6694915254237288,0.6694915254237288,256,256,0.9928823643895793,0.9965555749902453,0.07627118644067797,9,118,0.004137115839243499,14,3384,0.0,0,7
cadets13,base,declared,context_v1,native,0.95,False,0,unmet,candidate_event_ceiling,0.42730496453900707,,,,,,,,,,,,,,1.0,0.6694915254237288,0.6694915254237288,719,719,0.980009453109795,0.9903260094452592,0.6694915254237288,79,118,0.42730496453900707,1446,3384,0.0,0,7
cadets13,base,declared,context_v1,native,0.95,True,0,unmet,candidate_event_ceiling,0.0,,,,,,,,,,,,,,1.0,0.6694915254237288,0.6694915254237288,256,256,0.9928823643895793,0.9965555749902453,0.07627118644067797,9,118,0.004137115839243499,14,3384,0.0,0,7
cadets13,base,declared,context_v1,native,0.99,False,0,unmet,candidate_event_ceiling,0.42730496453900707,,,,,,,,,,,,,,1.0,0.6694915254237288,0.6694915254237288,719,719,0.980009453109795,0.9903260094452592,0.6694915254237288,79,118,0.42730496453900707,1446,3384,0.0,0,7
cadets13,base,declared,context_v1,native,0.99,True,0,unmet,candidate_event_ceiling,0.0,,,,,,,,,,,,,,1.0,0.6694915254237288,0.6694915254237288,256,256,0.9928823643895793,0.9965555749902453,0.07627118644067797,9,118,0.004137115839243499,14,3384,0.0,0,7
cadets13,base,declared,context_v1,native,1.0,False,0,unmet,candidate_event_ceiling,0.42730496453900707,,,,,,,,,,,,,,1.0,0.6694915254237288,0.6694915254237288,719,719,0.980009453109795,0.9903260094452592,0.6694915254237288,79,118,0.42730496453900707,1446,3384,0.0,0,7
cadets13,base,declared,context_v1,native,1.0,True,0,unmet,candidate_event_ceiling,0.0,,,,,,,,,,,,,,1.0,0.6694915254237288,0.6694915254237288,256,256,0.9928823643895793,0.9965555749902453,0.07627118644067797,9,118,0.004137115839243499,14,3384,0.0,0,7
cadets13,base,declared,context_v1,augmented,0.9,False,0,unmet,candidate_event_ceiling,0.42730496453900707,,,,,,,,,,,,,,1.0,0.6694915254237288,0.6694915254237288,719,719,0.980009453109795,0.9903260094452592,0.6694915254237288,79,118,0.42730496453900707,1446,3384,0.0,0,7
cadets13,base,declared,context_v1,augmented,0.9,True,0,unmet,candidate_event_ceiling,0.0,,,,,,,,,,,,,,1.0,0.6694915254237288,0.6694915254237288,256,256,0.9928823643895793,0.9965555749902453,0.07627118644067797,9,118,0.004137115839243499,14,3384,0.0,0,7
cadets13,base,declared,context_v1,augmented,0.95,False,0,unmet,candidate_event_ceiling,0.42730496453900707,,,,,,,,,,,,,,1.0,0.6694915254237288,0.6694915254237288,719,719,0.980009453109795,0.9903260094452592,0.6694915254237288,79,118,0.42730496453900707,1446,3384,0.0,0,7
cadets13,base,declared,context_v1,augmented,0.95,True,0,unmet,candidate_event_ceiling,0.0,,,,,,,,,,,,,,1.0,0.6694915254237288,0.6694915254237288,256,256,0.9928823643895793,0.9965555749902453,0.07627118644067797,9,118,0.004137115839243499,14,3384,0.0,0,7
cadets13,base,declared,context_v1,augmented,0.99,False,0,unmet,candidate_event_ceiling,0.42730496453900707,,,,,,,,,,,,,,1.0,0.6694915254237288,0.6694915254237288,719,719,0.980009453109795,0.9903260094452592,0.6694915254237288,79,118,0.42730496453900707,1446,3384,0.0,0,7
cadets13,base,declared,context_v1,augmented,0.99,True,0,unmet,candidate_event_ceiling,0.0,,,,,,,,,,,,,,1.0,0.6694915254237288,0.6694915254237288,256,256,0.9928823643895793,0.9965555749902453,0.07627118644067797,9,118,0.004137115839243499,14,3384,0.0,0,7
cadets13,base,declared,context_v1,augmented,1.0,False,0,unmet,candidate_event_ceiling,0.42730496453900707,,,,,,,,,,,,,,1.0,0.6694915254237288,0.6694915254237288,719,719,0.980009453109795,0.9903260094452592,0.6694915254237288,79,118,0.42730496453900707,1446,3384,0.0,0,7
cadets13,base,declared,context_v1,augmented,1.0,True,0,unmet,candidate_event_ceiling,0.0,,,,,,,,,,,,,,1.0,0.6694915254237288,0.6694915254237288,256,256,0.9928823643895793,0.9965555749902453,0.07627118644067797,9,118,0.004137115839243499,14,3384,0.0,0,7
cadets13,base,declared,reliability,native,0.9,False,0,unmet,candidate_event_ceiling,0.42730496453900707,,,,,,,,,,,,,,1.0,0.6694915254237288,0.6694915254237288,359,359,0.9900186281869492,0.9951697321152267,0.6694915254237288,79,118,0.42730496453900707,1446,3384,0.0,0,7
cadets13,base,declared,reliability,native,0.9,True,0,unmet,candidate_event_ceiling,0.0,,,,,,,,,,,,,,1.0,0.6694915254237288,0.6694915254237288,256,256,0.9928823643895793,0.9965555749902453,0.6610169491525424,78,118,0.41932624113475175,1419,3384,0.0,0,7
cadets13,base,declared,reliability,native,0.95,False,0,unmet,candidate_event_ceiling,0.42730496453900707,,,,,,,,,,,,,,1.0,0.6694915254237288,0.6694915254237288,359,359,0.9900186281869492,0.9951697321152267,0.6694915254237288,79,118,0.42730496453900707,1446,3384,0.0,0,7
cadets13,base,declared,reliability,native,0.95,True,0,unmet,candidate_event_ceiling,0.0,,,,,,,,,,,,,,1.0,0.6694915254237288,0.6694915254237288,256,256,0.9928823643895793,0.9965555749902453,0.6610169491525424,78,118,0.41932624113475175,1419,3384,0.0,0,7
cadets13,base,declared,reliability,native,0.99,False,0,unmet,candidate_event_ceiling,0.42730496453900707,,,,,,,,,,,,,,1.0,0.6694915254237288,0.6694915254237288,359,359,0.9900186281869492,0.9951697321152267,0.6694915254237288,79,118,0.42730496453900707,1446,3384,0.0,0,7
cadets13,base,declared,reliability,native,0.99,True,0,unmet,candidate_event_ceiling,0.0,,,,,,,,,,,,,,1.0,0.6694915254237288,0.6694915254237288,256,256,0.9928823643895793,0.9965555749902453,0.6610169491525424,78,118,0.41932624113475175,1419,3384,0.0,0,7
cadets13,base,declared,reliability,native,1.0,False,0,unmet,candidate_event_ceiling,0.42730496453900707,,,,,,,,,,,,,,1.0,0.6694915254237288,0.6694915254237288,359,359,0.9900186281869492,0.9951697321152267,0.6694915254237288,79,118,0.42730496453900707,1446,3384,0.0,0,7
cadets13,base,declared,reliability,native,1.0,True,0,unmet,candidate_event_ceiling,0.0,,,,,,,,,,,,,,1.0,0.6694915254237288,0.6694915254237288,256,256,0.9928823643895793,0.9965555749902453,0.6610169491525424,78,118,0.41932624113475175,1419,3384,0.0,0,7
cadets13,base,declared,reliability,augmented,0.9,False,0,unmet,candidate_event_ceiling,0.42730496453900707,,,,,,,,,,,,,,1.0,0.6694915254237288,0.6694915254237288,359,359,0.9900186281869492,0.9951697321152267,0.6694915254237288,79,118,0.42730496453900707,1446,3384,0.0,0,7
cadets13,base,declared,reliability,augmented,0.9,True,0,unmet,candidate_event_ceiling,0.0,,,,,,,,,,,,,,1.0,0.6694915254237288,0.6694915254237288,256,256,0.9928823643895793,0.9965555749902453,0.6610169491525424,78,118,0.41932624113475175,1419,3384,0.0,0,7
cadets13,base,declared,reliability,augmented,0.95,False,0,unmet,candidate_event_ceiling,0.42730496453900707,,,,,,,,,,,,,,1.0,0.6694915254237288,0.6694915254237288,359,359,0.9900186281869492,0.9951697321152267,0.6694915254237288,79,118,0.42730496453900707,1446,3384,0.0,0,7
cadets13,base,declared,reliability,augmented,0.95,True,0,unmet,candidate_event_ceiling,0.0,,,,,,,,,,,,,,1.0,0.6694915254237288,0.6694915254237288,256,256,0.9928823643895793,0.9965555749902453,0.6610169491525424,78,118,0.41932624113475175,1419,3384,0.0,0,7
cadets13,base,declared,reliability,augmented,0.99,False,0,unmet,candidate_event_ceiling,0.42730496453900707,,,,,,,,,,,,,,1.0,0.6694915254237288,0.6694915254237288,359,359,0.9900186281869492,0.9951697321152267,0.6694915254237288,79,118,0.42730496453900707,1446,3384,0.0,0,7
cadets13,base,declared,reliability,augmented,0.99,True,0,unmet,candidate_event_ceiling,0.0,,,,,,,,,,,,,,1.0,0.6694915254237288,0.6694915254237288,256,256,0.9928823643895793,0.9965555749902453,0.6610169491525424,78,118,0.41932624113475175,1419,3384,0.0,0,7
cadets13,base,declared,reliability,augmented,1.0,False,0,unmet,candidate_event_ceiling,0.42730496453900707,,,,,,,,,,,,,,1.0,0.6694915254237288,0.6694915254237288,359,359,0.9900186281869492,0.9951697321152267,0.6694915254237288,79,118,0.42730496453900707,1446,3384,0.0,0,7
cadets13,base,declared,reliability,augmented,1.0,True,0,unmet,candidate_event_ceiling,0.0,,,,,,,,,,,,,,1.0,0.6694915254237288,0.6694915254237288,256,256,0.9928823643895793,0.9965555749902453,0.6610169491525424,78,118,0.41932624113475175,1419,3384,0.0,0,7
cadets13,base,declared,adaptive_v1,native,0.9,False,0,unmet,candidate_event_ceiling,0.42730496453900707,,,,,,,,,,,,,,1.0,0.6694915254237288,0.6694915254237288,359,359,0.9900186281869492,0.9951697321152267,0.6694915254237288,79,118,0.42730496453900707,1446,3384,0.0,0,7
cadets13,base,declared,adaptive_v1,native,0.9,True,0,unmet,candidate_event_ceiling,0.0,,,,,,,,,,,,,,1.0,0.6694915254237288,0.6694915254237288,256,256,0.9928823643895793,0.9965555749902453,0.2457627118644068,29,118,0.06205673758865248,210,3384,0.0,0,7
cadets13,base,declared,adaptive_v1,native,0.95,False,0,unmet,candidate_event_ceiling,0.42730496453900707,,,,,,,,,,,,,,1.0,0.6694915254237288,0.6694915254237288,359,359,0.9900186281869492,0.9951697321152267,0.6694915254237288,79,118,0.42730496453900707,1446,3384,0.0,0,7
cadets13,base,declared,adaptive_v1,native,0.95,True,0,unmet,candidate_event_ceiling,0.0,,,,,,,,,,,,,,1.0,0.6694915254237288,0.6694915254237288,256,256,0.9928823643895793,0.9965555749902453,0.2457627118644068,29,118,0.06205673758865248,210,3384,0.0,0,7
cadets13,base,declared,adaptive_v1,native,0.99,False,0,unmet,candidate_event_ceiling,0.42730496453900707,,,,,,,,,,,,,,1.0,0.6694915254237288,0.6694915254237288,359,359,0.9900186281869492,0.9951697321152267,0.6694915254237288,79,118,0.42730496453900707,1446,3384,0.0,0,7
cadets13,base,declared,adaptive_v1,native,0.99,True,0,unmet,candidate_event_ceiling,0.0,,,,,,,,,,,,,,1.0,0.6694915254237288,0.6694915254237288,256,256,0.9928823643895793,0.9965555749902453,0.2457627118644068,29,118,0.06205673758865248,210,3384,0.0,0,7
cadets13,base,declared,adaptive_v1,native,1.0,False,0,unmet,candidate_event_ceiling,0.42730496453900707,,,,,,,,,,,,,,1.0,0.6694915254237288,0.6694915254237288,359,359,0.9900186281869492,0.9951697321152267,0.6694915254237288,79,118,0.42730496453900707,1446,3384,0.0,0,7
cadets13,base,declared,adaptive_v1,native,1.0,True,0,unmet,candidate_event_ceiling,0.0,,,,,,,,,,,,,,1.0,0.6694915254237288,0.6694915254237288,256,256,0.9928823643895793,0.9965555749902453,0.2457627118644068,29,118,0.06205673758865248,210,3384,0.0,0,7
cadets13,base,declared,adaptive_v1,augmented,0.9,False,0,unmet,candidate_event_ceiling,0.42730496453900707,,,,,,,,,,,,,,1.0,0.6694915254237288,0.6694915254237288,359,359,0.9900186281869492,0.9951697321152267,0.6694915254237288,79,118,0.42730496453900707,1446,3384,0.0,0,7
cadets13,base,declared,adaptive_v1,augmented,0.9,True,0,unmet,candidate_event_ceiling,0.0,,,,,,,,,,,,,,1.0,0.6694915254237288,0.6694915254237288,256,256,0.9928823643895793,0.9965555749902453,0.2457627118644068,29,118,0.06205673758865248,210,3384,0.0,0,7
cadets13,base,declared,adaptive_v1,augmented,0.95,False,0,unmet,candidate_event_ceiling,0.42730496453900707,,,,,,,,,,,,,,1.0,0.6694915254237288,0.6694915254237288,359,359,0.9900186281869492,0.9951697321152267,0.6694915254237288,79,118,0.42730496453900707,1446,3384,0.0,0,7
cadets13,base,declared,adaptive_v1,augmented,0.95,True,0,unmet,candidate_event_ceiling,0.0,,,,,,,,,,,,,,1.0,0.6694915254237288,0.6694915254237288,256,256,0.9928823643895793,0.9965555749902453,0.2457627118644068,29,118,0.06205673758865248,210,3384,0.0,0,7
cadets13,base,declared,adaptive_v1,augmented,0.99,False,0,unmet,candidate_event_ceiling,0.42730496453900707,,,,,,,,,,,,,,1.0,0.6694915254237288,0.6694915254237288,359,359,0.9900186281869492,0.9951697321152267,0.6694915254237288,79,118,0.42730496453900707,1446,3384,0.0,0,7
cadets13,base,declared,adaptive_v1,augmented,0.99,True,0,unmet,candidate_event_ceiling,0.0,,,,,,,,,,,,,,1.0,0.6694915254237288,0.6694915254237288,256,256,0.9928823643895793,0.9965555749902453,0.2457627118644068,29,118,0.06205673758865248,210,3384,0.0,0,7
cadets13,base,declared,adaptive_v1,augmented,1.0,False,0,unmet,candidate_event_ceiling,0.42730496453900707,,,,,,,,,,,,,,1.0,0.6694915254237288,0.6694915254237288,359,359,0.9900186281869492,0.9951697321152267,0.6694915254237288,79,118,0.42730496453900707,1446,3384,0.0,0,7
cadets13,base,declared,adaptive_v1,augmented,1.0,True,0,unmet,candidate_event_ceiling,0.0,,,,,,,,,,,,,,1.0,0.6694915254237288,0.6694915254237288,256,256,0.9928823643895793,0.9965555749902453,0.2457627118644068,29,118,0.06205673758865248,210,3384,0.0,0,7
cadets13,base,declared,reliability_chain,native,0.9,False,0,unmet,candidate_event_ceiling,0.42730496453900707,,,,,,,,,,,,,,1.0,0.6694915254237288,0.6694915254237288,359,359,0.9900186281869492,0.9951697321152267,0.6694915254237288,79,118,0.42730496453900707,1446,3384,0.0,0,7
cadets13,base,declared,reliability_chain,native,0.9,True,0,unmet,candidate_event_ceiling,0.0,,,,,,,,,,,,,,1.0,0.6694915254237288,0.6694915254237288,256,256,0.9928823643895793,0.9965555749902453,0.6610169491525424,78,118,0.41932624113475175,1419,3384,0.0,0,7
cadets13,base,declared,reliability_chain,native,0.95,False,0,unmet,candidate_event_ceiling,0.42730496453900707,,,,,,,,,,,,,,1.0,0.6694915254237288,0.6694915254237288,359,359,0.9900186281869492,0.9951697321152267,0.6694915254237288,79,118,0.42730496453900707,1446,3384,0.0,0,7
cadets13,base,declared,reliability_chain,native,0.95,True,0,unmet,candidate_event_ceiling,0.0,,,,,,,,,,,,,,1.0,0.6694915254237288,0.6694915254237288,256,256,0.9928823643895793,0.9965555749902453,0.6610169491525424,78,118,0.41932624113475175,1419,3384,0.0,0,7
cadets13,base,declared,reliability_chain,native,0.99,False,0,unmet,candidate_event_ceiling,0.42730496453900707,,,,,,,,,,,,,,1.0,0.6694915254237288,0.6694915254237288,359,359,0.9900186281869492,0.9951697321152267,0.6694915254237288,79,118,0.42730496453900707,1446,3384,0.0,0,7
cadets13,base,declared,reliability_chain,native,0.99,True,0,unmet,candidate_event_ceiling,0.0,,,,,,,,,,,,,,1.0,0.6694915254237288,0.6694915254237288,256,256,0.9928823643895793,0.9965555749902453,0.6610169491525424,78,118,0.41932624113475175,1419,3384,0.0,0,7
cadets13,base,declared,reliability_chain,native,1.0,False,0,unmet,candidate_event_ceiling,0.42730496453900707,,,,,,,,,,,,,,1.0,0.6694915254237288,0.6694915254237288,359,359,0.9900186281869492,0.9951697321152267,0.6694915254237288,79,118,0.42730496453900707,1446,3384,0.0,0,7
cadets13,base,declared,reliability_chain,native,1.0,True,0,unmet,candidate_event_ceiling,0.0,,,,,,,,,,,,,,1.0,0.6694915254237288,0.6694915254237288,256,256,0.9928823643895793,0.9965555749902453,0.6610169491525424,78,118,0.41932624113475175,1419,3384,0.0,0,7
cadets13,base,declared,reliability_chain,augmented,0.9,False,0,unmet,candidate_event_ceiling,0.42730496453900707,,,,,,,,,,,,,,1.0,0.6694915254237288,0.6694915254237288,359,359,0.9900186281869492,0.9951697321152267,0.6694915254237288,79,118,0.42730496453900707,1446,3384,0.0,0,7
cadets13,base,declared,reliability_chain,augmented,0.9,True,0,unmet,candidate_event_ceiling,0.0,,,,,,,,,,,,,,1.0,0.6694915254237288,0.6694915254237288,256,256,0.9928823643895793,0.9965555749902453,0.6610169491525424,78,118,0.41932624113475175,1419,3384,0.0,0,7
cadets13,base,declared,reliability_chain,augmented,0.95,False,0,unmet,candidate_event_ceiling,0.42730496453900707,,,,,,,,,,,,,,1.0,0.6694915254237288,0.6694915254237288,359,359,0.9900186281869492,0.9951697321152267,0.6694915254237288,79,118,0.42730496453900707,1446,3384,0.0,0,7
cadets13,base,declared,reliability_chain,augmented,0.95,True,0,unmet,candidate_event_ceiling,0.0,,,,,,,,,,,,,,1.0,0.6694915254237288,0.6694915254237288,256,256,0.9928823643895793,0.9965555749902453,0.6610169491525424,78,118,0.41932624113475175,1419,3384,0.0,0,7
cadets13,base,declared,reliability_chain,augmented,0.99,False,0,unmet,candidate_event_ceiling,0.42730496453900707,,,,,,,,,,,,,,1.0,0.6694915254237288,0.6694915254237288,359,359,0.9900186281869492,0.9951697321152267,0.6694915254237288,79,118,0.42730496453900707,1446,3384,0.0,0,7
cadets13,base,declared,reliability_chain,augmented,0.99,True,0,unmet,candidate_event_ceiling,0.0,,,,,,,,,,,,,,1.0,0.6694915254237288,0.6694915254237288,256,256,0.9928823643895793,0.9965555749902453,0.6610169491525424,78,118,0.41932624113475175,1419,3384,0.0,0,7
cadets13,base,declared,reliability_chain,augmented,1.0,False,0,unmet,candidate_event_ceiling,0.42730496453900707,,,,,,,,,,,,,,1.0,0.6694915254237288,0.6694915254237288,359,359,0.9900186281869492,0.9951697321152267,0.6694915254237288,79,118,0.42730496453900707,1446,3384,0.0,0,7
cadets13,base,declared,reliability_chain,augmented,1.0,True,0,unmet,candidate_event_ceiling,0.0,,,,,,,,,,,,,,1.0,0.6694915254237288,0.6694915254237288,256,256,0.9928823643895793,0.9965555749902453,0.6610169491525424,78,118,0.41932624113475175,1419,3384,0.0,0,7
cadets13,base,adaptive,rarity_only,native,0.9,False,0,unmet,candidate_event_ceiling,0.42730496453900707,,,,,,,,,,,,,,1.0,0.6694915254237288,0.6694915254237288,3596,3596,0.9000194622848723,0.9516165924411016,0.6694915254237288,79,118,0.42730496453900707,1446,3384,0.0,0,7
cadets13,base,adaptive,rarity_only,native,0.9,True,0,unmet,candidate_event_ceiling,0.0,,,,,,,,,,,,,,1.0,0.6694915254237288,0.6694915254237288,256,256,0.9928823643895793,0.9965555749902453,0.01694915254237288,2,118,0.0002955082742316785,1,3384,0.0,0,7
cadets13,base,adaptive,rarity_only,native,0.95,False,0,unmet,candidate_event_ceiling,0.42730496453900707,,,,,,,,,,,,,,1.0,0.6694915254237288,0.6694915254237288,3596,3596,0.9000194622848723,0.9516165924411016,0.6694915254237288,79,118,0.42730496453900707,1446,3384,0.0,0,7
cadets13,base,adaptive,rarity_only,native,0.95,True,0,unmet,candidate_event_ceiling,0.0,,,,,,,,,,,,,,1.0,0.6694915254237288,0.6694915254237288,256,256,0.9928823643895793,0.9965555749902453,0.01694915254237288,2,118,0.0002955082742316785,1,3384,0.0,0,7
cadets13,base,adaptive,rarity_only,native,0.99,False,0,unmet,candidate_event_ceiling,0.42730496453900707,,,,,,,,,,,,,,1.0,0.6694915254237288,0.6694915254237288,3596,3596,0.9000194622848723,0.9516165924411016,0.6694915254237288,79,118,0.42730496453900707,1446,3384,0.0,0,7
cadets13,base,adaptive,rarity_only,native,0.99,True,0,unmet,candidate_event_ceiling,0.0,,,,,,,,,,,,,,1.0,0.6694915254237288,0.6694915254237288,256,256,0.9928823643895793,0.9965555749902453,0.01694915254237288,2,118,0.0002955082742316785,1,3384,0.0,0,7
cadets13,base,adaptive,rarity_only,native,1.0,False,0,unmet,candidate_event_ceiling,0.42730496453900707,,,,,,,,,,,,,,1.0,0.6694915254237288,0.6694915254237288,3596,3596,0.9000194622848723,0.9516165924411016,0.6694915254237288,79,118,0.42730496453900707,1446,3384,0.0,0,7
cadets13,base,adaptive,rarity_only,native,1.0,True,0,unmet,candidate_event_ceiling,0.0,,,,,,,,,,,,,,1.0,0.6694915254237288,0.6694915254237288,256,256,0.9928823643895793,0.9965555749902453,0.01694915254237288,2,118,0.0002955082742316785,1,3384,0.0,0,7
cadets13,base,adaptive,rarity_only,augmented,0.9,False,0,unmet,candidate_event_ceiling,0.42730496453900707,,,,,,,,,,,,,,1.0,0.6694915254237288,0.6694915254237288,3596,3596,0.9000194622848723,0.9516165924411016,0.6694915254237288,79,118,0.42730496453900707,1446,3384,0.0,0,7
cadets13,base,adaptive,rarity_only,augmented,0.9,True,0,unmet,candidate_event_ceiling,0.0,,,,,,,,,,,,,,1.0,0.6694915254237288,0.6694915254237288,256,256,0.9928823643895793,0.9965555749902453,0.01694915254237288,2,118,0.0002955082742316785,1,3384,0.0,0,7
cadets13,base,adaptive,rarity_only,augmented,0.95,False,0,unmet,candidate_event_ceiling,0.42730496453900707,,,,,,,,,,,,,,1.0,0.6694915254237288,0.6694915254237288,3596,3596,0.9000194622848723,0.9516165924411016,0.6694915254237288,79,118,0.42730496453900707,1446,3384,0.0,0,7
cadets13,base,adaptive,rarity_only,augmented,0.95,True,0,unmet,candidate_event_ceiling,0.0,,,,,,,,,,,,,,1.0,0.6694915254237288,0.6694915254237288,256,256,0.9928823643895793,0.9965555749902453,0.01694915254237288,2,118,0.0002955082742316785,1,3384,0.0,0,7
cadets13,base,adaptive,rarity_only,augmented,0.99,False,0,unmet,candidate_event_ceiling,0.42730496453900707,,,,,,,,,,,,,,1.0,0.6694915254237288,0.6694915254237288,3596,3596,0.9000194622848723,0.9516165924411016,0.6694915254237288,79,118,0.42730496453900707,1446,3384,0.0,0,7
cadets13,base,adaptive,rarity_only,augmented,0.99,True,0,unmet,candidate_event_ceiling,0.0,,,,,,,,,,,,,,1.0,0.6694915254237288,0.6694915254237288,256,256,0.9928823643895793,0.9965555749902453,0.01694915254237288,2,118,0.0002955082742316785,1,3384,0.0,0,7
cadets13,base,adaptive,rarity_only,augmented,1.0,False,0,unmet,candidate_event_ceiling,0.42730496453900707,,,,,,,,,,,,,,1.0,0.6694915254237288,0.6694915254237288,3596,3596,0.9000194622848723,0.9516165924411016,0.6694915254237288,79,118,0.42730496453900707,1446,3384,0.0,0,7
cadets13,base,adaptive,rarity_only,augmented,1.0,True,0,unmet,candidate_event_ceiling,0.0,,,,,,,,,,,,,,1.0,0.6694915254237288,0.6694915254237288,256,256,0.9928823643895793,0.9965555749902453,0.01694915254237288,2,118,0.0002955082742316785,1,3384,0.0,0,7
cadets13,base,adaptive,diffusion_only,native,0.9,False,0,unmet,candidate_event_ceiling,0.42730496453900707,,,,,,,,,,,,,,1.0,0.6694915254237288,0.6694915254237288,719,719,0.980009453109795,0.9903260094452592,0.6694915254237288,79,118,0.42730496453900707,1446,3384,0.0,0,7
cadets13,base,adaptive,diffusion_only,native,0.9,True,0,unmet,candidate_event_ceiling,0.0,,,,,,,,,,,,,,1.0,0.6694915254237288,0.6694915254237288,256,256,0.9928823643895793,0.9965555749902453,0.00847457627118644,1,118,0.0,0,3384,0.0,0,7
cadets13,base,adaptive,diffusion_only,native,0.95,False,0,unmet,candidate_event_ceiling,0.42730496453900707,,,,,,,,,,,,,,1.0,0.6694915254237288,0.6694915254237288,719,719,0.980009453109795,0.9903260094452592,0.6694915254237288,79,118,0.42730496453900707,1446,3384,0.0,0,7
cadets13,base,adaptive,diffusion_only,native,0.95,True,0,unmet,candidate_event_ceiling,0.0,,,,,,,,,,,,,,1.0,0.6694915254237288,0.6694915254237288,256,256,0.9928823643895793,0.9965555749902453,0.00847457627118644,1,118,0.0,0,3384,0.0,0,7
cadets13,base,adaptive,diffusion_only,native,0.99,False,0,unmet,candidate_event_ceiling,0.42730496453900707,,,,,,,,,,,,,,1.0,0.6694915254237288,0.6694915254237288,719,719,0.980009453109795,0.9903260094452592,0.6694915254237288,79,118,0.42730496453900707,1446,3384,0.0,0,7
cadets13,base,adaptive,diffusion_only,native,0.99,True,0,unmet,candidate_event_ceiling,0.0,,,,,,,,,,,,,,1.0,0.6694915254237288,0.6694915254237288,256,256,0.9928823643895793,0.9965555749902453,0.00847457627118644,1,118,0.0,0,3384,0.0,0,7
cadets13,base,adaptive,diffusion_only,native,1.0,False,0,unmet,candidate_event_ceiling,0.42730496453900707,,,,,,,,,,,,,,1.0,0.6694915254237288,0.6694915254237288,719,719,0.980009453109795,0.9903260094452592,0.6694915254237288,79,118,0.42730496453900707,1446,3384,0.0,0,7
cadets13,base,adaptive,diffusion_only,native,1.0,True,0,unmet,candidate_event_ceiling,0.0,,,,,,,,,,,,,,1.0,0.6694915254237288,0.6694915254237288,256,256,0.9928823643895793,0.9965555749902453,0.00847457627118644,1,118,0.0,0,3384,0.0,0,7
cadets13,base,adaptive,diffusion_only,augmented,0.9,False,0,unmet,candidate_event_ceiling,0.42730496453900707,,,,,,,,,,,,,,1.0,0.6694915254237288,0.6694915254237288,719,719,0.980009453109795,0.9903260094452592,0.6694915254237288,79,118,0.42730496453900707,1446,3384,0.0,0,7
cadets13,base,adaptive,diffusion_only,augmented,0.9,True,0,unmet,candidate_event_ceiling,0.0,,,,,,,,,,,,,,1.0,0.6694915254237288,0.6694915254237288,256,256,0.9928823643895793,0.9965555749902453,0.00847457627118644,1,118,0.0,0,3384,0.0,0,7
cadets13,base,adaptive,diffusion_only,augmented,0.95,False,0,unmet,candidate_event_ceiling,0.42730496453900707,,,,,,,,,,,,,,1.0,0.6694915254237288,0.6694915254237288,719,719,0.980009453109795,0.9903260094452592,0.6694915254237288,79,118,0.42730496453900707,1446,3384,0.0,0,7
cadets13,base,adaptive,diffusion_only,augmented,0.95,True,0,unmet,candidate_event_ceiling,0.0,,,,,,,,,,,,,,1.0,0.6694915254237288,0.6694915254237288,256,256,0.9928823643895793,0.9965555749902453,0.00847457627118644,1,118,0.0,0,3384,0.0,0,7
cadets13,base,adaptive,diffusion_only,augmented,0.99,False,0,unmet,candidate_event_ceiling,0.42730496453900707,,,,,,,,,,,,,,1.0,0.6694915254237288,0.6694915254237288,719,719,0.980009453109795,0.9903260094452592,0.6694915254237288,79,118,0.42730496453900707,1446,3384,0.0,0,7
cadets13,base,adaptive,diffusion_only,augmented,0.99,True,0,unmet,candidate_event_ceiling,0.0,,,,,,,,,,,,,,1.0,0.6694915254237288,0.6694915254237288,256,256,0.9928823643895793,0.9965555749902453,0.00847457627118644,1,118,0.0,0,3384,0.0,0,7
cadets13,base,adaptive,diffusion_only,augmented,1.0,False,0,unmet,candidate_event_ceiling,0.42730496453900707,,,,,,,,,,,,,,1.0,0.6694915254237288,0.6694915254237288,719,719,0.980009453109795,0.9903260094452592,0.6694915254237288,79,118,0.42730496453900707,1446,3384,0.0,0,7
cadets13,base,adaptive,diffusion_only,augmented,1.0,True,0,unmet,candidate_event_ceiling,0.0,,,,,,,,,,,,,,1.0,0.6694915254237288,0.6694915254237288,256,256,0.9928823643895793,0.9965555749902453,0.00847457627118644,1,118,0.0,0,3384,0.0,0,7
cadets13,base,adaptive,rasp,native,0.9,False,0,unmet,candidate_event_ceiling,0.42730496453900707,,,,,,,,,,,,,,1.0,0.6694915254237288,0.6694915254237288,719,719,0.980009453109795,0.9903260094452592,0.6694915254237288,79,118,0.42730496453900707,1446,3384,0.0,0,7
cadets13,base,adaptive,rasp,native,0.9,True,0,unmet,candidate_event_ceiling,0.0,,,,,,,,,,,,,,1.0,0.6694915254237288,0.6694915254237288,256,256,0.9928823643895793,0.9965555749902453,0.00847457627118644,1,118,0.0,0,3384,0.0,0,7
cadets13,base,adaptive,rasp,native,0.95,False,0,unmet,candidate_event_ceiling,0.42730496453900707,,,,,,,,,,,,,,1.0,0.6694915254237288,0.6694915254237288,719,719,0.980009453109795,0.9903260094452592,0.6694915254237288,79,118,0.42730496453900707,1446,3384,0.0,0,7
cadets13,base,adaptive,rasp,native,0.95,True,0,unmet,candidate_event_ceiling,0.0,,,,,,,,,,,,,,1.0,0.6694915254237288,0.6694915254237288,256,256,0.9928823643895793,0.9965555749902453,0.00847457627118644,1,118,0.0,0,3384,0.0,0,7
cadets13,base,adaptive,rasp,native,0.99,False,0,unmet,candidate_event_ceiling,0.42730496453900707,,,,,,,,,,,,,,1.0,0.6694915254237288,0.6694915254237288,719,719,0.980009453109795,0.9903260094452592,0.6694915254237288,79,118,0.42730496453900707,1446,3384,0.0,0,7
cadets13,base,adaptive,rasp,native,0.99,True,0,unmet,candidate_event_ceiling,0.0,,,,,,,,,,,,,,1.0,0.6694915254237288,0.6694915254237288,256,256,0.9928823643895793,0.9965555749902453,0.00847457627118644,1,118,0.0,0,3384,0.0,0,7
cadets13,base,adaptive,rasp,native,1.0,False,0,unmet,candidate_event_ceiling,0.42730496453900707,,,,,,,,,,,,,,1.0,0.6694915254237288,0.6694915254237288,719,719,0.980009453109795,0.9903260094452592,0.6694915254237288,79,118,0.42730496453900707,1446,3384,0.0,0,7
cadets13,base,adaptive,rasp,native,1.0,True,0,unmet,candidate_event_ceiling,0.0,,,,,,,,,,,,,,1.0,0.6694915254237288,0.6694915254237288,256,256,0.9928823643895793,0.9965555749902453,0.00847457627118644,1,118,0.0,0,3384,0.0,0,7
cadets13,base,adaptive,rasp,augmented,0.9,False,0,unmet,candidate_event_ceiling,0.42730496453900707,,,,,,,,,,,,,,1.0,0.6694915254237288,0.6694915254237288,719,719,0.980009453109795,0.9903260094452592,0.6694915254237288,79,118,0.42730496453900707,1446,3384,0.0,0,7
cadets13,base,adaptive,rasp,augmented,0.9,True,0,unmet,candidate_event_ceiling,0.0,,,,,,,,,,,,,,1.0,0.6694915254237288,0.6694915254237288,256,256,0.9928823643895793,0.9965555749902453,0.00847457627118644,1,118,0.0,0,3384,0.0,0,7
cadets13,base,adaptive,rasp,augmented,0.95,False,0,unmet,candidate_event_ceiling,0.42730496453900707,,,,,,,,,,,,,,1.0,0.6694915254237288,0.6694915254237288,719,719,0.980009453109795,0.9903260094452592,0.6694915254237288,79,118,0.42730496453900707,1446,3384,0.0,0,7
cadets13,base,adaptive,rasp,augmented,0.95,True,0,unmet,candidate_event_ceiling,0.0,,,,,,,,,,,,,,1.0,0.6694915254237288,0.6694915254237288,256,256,0.9928823643895793,0.9965555749902453,0.00847457627118644,1,118,0.0,0,3384,0.0,0,7
cadets13,base,adaptive,rasp,augmented,0.99,False,0,unmet,candidate_event_ceiling,0.42730496453900707,,,,,,,,,,,,,,1.0,0.6694915254237288,0.6694915254237288,719,719,0.980009453109795,0.9903260094452592,0.6694915254237288,79,118,0.42730496453900707,1446,3384,0.0,0,7
cadets13,base,adaptive,rasp,augmented,0.99,True,0,unmet,candidate_event_ceiling,0.0,,,,,,,,,,,,,,1.0,0.6694915254237288,0.6694915254237288,256,256,0.9928823643895793,0.9965555749902453,0.00847457627118644,1,118,0.0,0,3384,0.0,0,7
cadets13,base,adaptive,rasp,augmented,1.0,False,0,unmet,candidate_event_ceiling,0.42730496453900707,,,,,,,,,,,,,,1.0,0.6694915254237288,0.6694915254237288,719,719,0.980009453109795,0.9903260094452592,0.6694915254237288,79,118,0.42730496453900707,1446,3384,0.0,0,7
cadets13,base,adaptive,rasp,augmented,1.0,True,0,unmet,candidate_event_ceiling,0.0,,,,,,,,,,,,,,1.0,0.6694915254237288,0.6694915254237288,256,256,0.9928823643895793,0.9965555749902453,0.00847457627118644,1,118,0.0,0,3384,0.0,0,7
cadets13,base,adaptive,context_v1,native,0.9,False,0,unmet,candidate_event_ceiling,0.42730496453900707,,,,,,,,,,,,,,1.0,0.6694915254237288,0.6694915254237288,1024,1024,0.9715294575583173,0.9862222999609811,0.6694915254237288,79,118,0.42730496453900707,1446,3384,0.0,0,7
cadets13,base,adaptive,context_v1,native,0.9,True,0,unmet,candidate_event_ceiling,0.0,,,,,,,,,,,,,,1.0,0.6694915254237288,0.6694915254237288,256,256,0.9928823643895793,0.9965555749902453,0.00847457627118644,1,118,0.0,0,3384,0.0,0,7
cadets13,base,adaptive,context_v1,native,0.95,False,0,unmet,candidate_event_ceiling,0.42730496453900707,,,,,,,,,,,,,,1.0,0.6694915254237288,0.6694915254237288,1024,1024,0.9715294575583173,0.9862222999609811,0.6694915254237288,79,118,0.42730496453900707,1446,3384,0.0,0,7
cadets13,base,adaptive,context_v1,native,0.95,True,0,unmet,candidate_event_ceiling,0.0,,,,,,,,,,,,,,1.0,0.6694915254237288,0.6694915254237288,256,256,0.9928823643895793,0.9965555749902453,0.00847457627118644,1,118,0.0,0,3384,0.0,0,7
cadets13,base,adaptive,context_v1,native,0.99,False,0,unmet,candidate_event_ceiling,0.42730496453900707,,,,,,,,,,,,,,1.0,0.6694915254237288,0.6694915254237288,1024,1024,0.9715294575583173,0.9862222999609811,0.6694915254237288,79,118,0.42730496453900707,1446,3384,0.0,0,7
cadets13,base,adaptive,context_v1,native,0.99,True,0,unmet,candidate_event_ceiling,0.0,,,,,,,,,,,,,,1.0,0.6694915254237288,0.6694915254237288,256,256,0.9928823643895793,0.9965555749902453,0.00847457627118644,1,118,0.0,0,3384,0.0,0,7
cadets13,base,adaptive,context_v1,native,1.0,False,0,unmet,candidate_event_ceiling,0.42730496453900707,,,,,,,,,,,,,,1.0,0.6694915254237288,0.6694915254237288,1024,1024,0.9715294575583173,0.9862222999609811,0.6694915254237288,79,118,0.42730496453900707,1446,3384,0.0,0,7
cadets13,base,adaptive,context_v1,native,1.0,True,0,unmet,candidate_event_ceiling,0.0,,,,,,,,,,,,,,1.0,0.6694915254237288,0.6694915254237288,256,256,0.9928823643895793,0.9965555749902453,0.00847457627118644,1,118,0.0,0,3384,0.0,0,7
cadets13,base,adaptive,context_v1,augmented,0.9,False,0,unmet,candidate_event_ceiling,0.42730496453900707,,,,,,,,,,,,,,1.0,0.6694915254237288,0.6694915254237288,1024,1024,0.9715294575583173,0.9862222999609811,0.6694915254237288,79,118,0.42730496453900707,1446,3384,0.0,0,7
cadets13,base,adaptive,context_v1,augmented,0.9,True,0,unmet,candidate_event_ceiling,0.0,,,,,,,,,,,,,,1.0,0.6694915254237288,0.6694915254237288,256,256,0.9928823643895793,0.9965555749902453,0.00847457627118644,1,118,0.0,0,3384,0.0,0,7
cadets13,base,adaptive,context_v1,augmented,0.95,False,0,unmet,candidate_event_ceiling,0.42730496453900707,,,,,,,,,,,,,,1.0,0.6694915254237288,0.6694915254237288,1024,1024,0.9715294575583173,0.9862222999609811,0.6694915254237288,79,118,0.42730496453900707,1446,3384,0.0,0,7
cadets13,base,adaptive,context_v1,augmented,0.95,True,0,unmet,candidate_event_ceiling,0.0,,,,,,,,,,,,,,1.0,0.6694915254237288,0.6694915254237288,256,256,0.9928823643895793,0.9965555749902453,0.00847457627118644,1,118,0.0,0,3384,0.0,0,7
cadets13,base,adaptive,context_v1,augmented,0.99,False,0,unmet,candidate_event_ceiling,0.42730496453900707,,,,,,,,,,,,,,1.0,0.6694915254237288,0.6694915254237288,1024,1024,0.9715294575583173,0.9862222999609811,0.6694915254237288,79,118,0.42730496453900707,1446,3384,0.0,0,7
cadets13,base,adaptive,context_v1,augmented,0.99,True,0,unmet,candidate_event_ceiling,0.0,,,,,,,,,,,,,,1.0,0.6694915254237288,0.6694915254237288,256,256,0.9928823643895793,0.9965555749902453,0.00847457627118644,1,118,0.0,0,3384,0.0,0,7
cadets13,base,adaptive,context_v1,augmented,1.0,False,0,unmet,candidate_event_ceiling,0.42730496453900707,,,,,,,,,,,,,,1.0,0.6694915254237288,0.6694915254237288,1024,1024,0.9715294575583173,0.9862222999609811,0.6694915254237288,79,118,0.42730496453900707,1446,3384,0.0,0,7
cadets13,base,adaptive,context_v1,augmented,1.0,True,0,unmet,candidate_event_ceiling,0.0,,,,,,,,,,,,,,1.0,0.6694915254237288,0.6694915254237288,256,256,0.9928823643895793,0.9965555749902453,0.00847457627118644,1,118,0.0,0,3384,0.0,0,7
cadets13,base,adaptive,reliability,native,0.9,False,0,unmet,candidate_event_ceiling,0.42730496453900707,,,,,,,,,,,,,,1.0,0.6694915254237288,0.6694915254237288,719,719,0.980009453109795,0.9903260094452592,0.6694915254237288,79,118,0.42730496453900707,1446,3384,0.0,0,7
cadets13,base,adaptive,reliability,native,0.9,True,0,unmet,candidate_event_ceiling,0.0,,,,,,,,,,,,,,1.0,0.6694915254237288,0.6694915254237288,256,256,0.9928823643895793,0.9965555749902453,0.00847457627118644,1,118,0.0,0,3384,0.0,0,7
cadets13,base,adaptive,reliability,native,0.95,False,0,unmet,candidate_event_ceiling,0.42730496453900707,,,,,,,,,,,,,,1.0,0.6694915254237288,0.6694915254237288,719,719,0.980009453109795,0.9903260094452592,0.6694915254237288,79,118,0.42730496453900707,1446,3384,0.0,0,7
cadets13,base,adaptive,reliability,native,0.95,True,0,unmet,candidate_event_ceiling,0.0,,,,,,,,,,,,,,1.0,0.6694915254237288,0.6694915254237288,256,256,0.9928823643895793,0.9965555749902453,0.00847457627118644,1,118,0.0,0,3384,0.0,0,7
cadets13,base,adaptive,reliability,native,0.99,False,0,unmet,candidate_event_ceiling,0.42730496453900707,,,,,,,,,,,,,,1.0,0.6694915254237288,0.6694915254237288,719,719,0.980009453109795,0.9903260094452592,0.6694915254237288,79,118,0.42730496453900707,1446,3384,0.0,0,7
cadets13,base,adaptive,reliability,native,0.99,True,0,unmet,candidate_event_ceiling,0.0,,,,,,,,,,,,,,1.0,0.6694915254237288,0.6694915254237288,256,256,0.9928823643895793,0.9965555749902453,0.00847457627118644,1,118,0.0,0,3384,0.0,0,7
cadets13,base,adaptive,reliability,native,1.0,False,0,unmet,candidate_event_ceiling,0.42730496453900707,,,,,,,,,,,,,,1.0,0.6694915254237288,0.6694915254237288,719,719,0.980009453109795,0.9903260094452592,0.6694915254237288,79,118,0.42730496453900707,1446,3384,0.0,0,7
cadets13,base,adaptive,reliability,native,1.0,True,0,unmet,candidate_event_ceiling,0.0,,,,,,,,,,,,,,1.0,0.6694915254237288,0.6694915254237288,256,256,0.9928823643895793,0.9965555749902453,0.00847457627118644,1,118,0.0,0,3384,0.0,0,7
cadets13,base,adaptive,reliability,augmented,0.9,False,0,unmet,candidate_event_ceiling,0.42730496453900707,,,,,,,,,,,,,,1.0,0.6694915254237288,0.6694915254237288,719,719,0.980009453109795,0.9903260094452592,0.6694915254237288,79,118,0.42730496453900707,1446,3384,0.0,0,7
cadets13,base,adaptive,reliability,augmented,0.9,True,0,unmet,candidate_event_ceiling,0.0,,,,,,,,,,,,,,1.0,0.6694915254237288,0.6694915254237288,256,256,0.9928823643895793,0.9965555749902453,0.00847457627118644,1,118,0.0,0,3384,0.0,0,7
cadets13,base,adaptive,reliability,augmented,0.95,False,0,unmet,candidate_event_ceiling,0.42730496453900707,,,,,,,,,,,,,,1.0,0.6694915254237288,0.6694915254237288,719,719,0.980009453109795,0.9903260094452592,0.6694915254237288,79,118,0.42730496453900707,1446,3384,0.0,0,7
cadets13,base,adaptive,reliability,augmented,0.95,True,0,unmet,candidate_event_ceiling,0.0,,,,,,,,,,,,,,1.0,0.6694915254237288,0.6694915254237288,256,256,0.9928823643895793,0.9965555749902453,0.00847457627118644,1,118,0.0,0,3384,0.0,0,7
cadets13,base,adaptive,reliability,augmented,0.99,False,0,unmet,candidate_event_ceiling,0.42730496453900707,,,,,,,,,,,,,,1.0,0.6694915254237288,0.6694915254237288,719,719,0.980009453109795,0.9903260094452592,0.6694915254237288,79,118,0.42730496453900707,1446,3384,0.0,0,7
cadets13,base,adaptive,reliability,augmented,0.99,True,0,unmet,candidate_event_ceiling,0.0,,,,,,,,,,,,,,1.0,0.6694915254237288,0.6694915254237288,256,256,0.9928823643895793,0.9965555749902453,0.00847457627118644,1,118,0.0,0,3384,0.0,0,7
cadets13,base,adaptive,reliability,augmented,1.0,False,0,unmet,candidate_event_ceiling,0.42730496453900707,,,,,,,,,,,,,,1.0,0.6694915254237288,0.6694915254237288,719,719,0.980009453109795,0.9903260094452592,0.6694915254237288,79,118,0.42730496453900707,1446,3384,0.0,0,7
cadets13,base,adaptive,reliability,augmented,1.0,True,0,unmet,candidate_event_ceiling,0.0,,,,,,,,,,,,,,1.0,0.6694915254237288,0.6694915254237288,256,256,0.9928823643895793,0.9965555749902453,0.00847457627118644,1,118,0.0,0,3384,0.0,0,7
cadets13,base,adaptive,adaptive_v1,native,0.9,False,0,unmet,candidate_event_ceiling,0.42730496453900707,,,,,,,,,,,,,,1.0,0.6694915254237288,0.6694915254237288,1024,1024,0.9715294575583173,0.9862222999609811,0.6694915254237288,79,118,0.42730496453900707,1446,3384,0.0,0,7
cadets13,base,adaptive,adaptive_v1,native,0.9,True,0,unmet,candidate_event_ceiling,0.0,,,,,,,,,,,,,,1.0,0.6694915254237288,0.6694915254237288,256,256,0.9928823643895793,0.9965555749902453,0.2457627118644068,29,118,0.06205673758865248,210,3384,0.0,0,7
cadets13,base,adaptive,adaptive_v1,native,0.95,False,0,unmet,candidate_event_ceiling,0.42730496453900707,,,,,,,,,,,,,,1.0,0.6694915254237288,0.6694915254237288,1024,1024,0.9715294575583173,0.9862222999609811,0.6694915254237288,79,118,0.42730496453900707,1446,3384,0.0,0,7
cadets13,base,adaptive,adaptive_v1,native,0.95,True,0,unmet,candidate_event_ceiling,0.0,,,,,,,,,,,,,,1.0,0.6694915254237288,0.6694915254237288,256,256,0.9928823643895793,0.9965555749902453,0.2457627118644068,29,118,0.06205673758865248,210,3384,0.0,0,7
cadets13,base,adaptive,adaptive_v1,native,0.99,False,0,unmet,candidate_event_ceiling,0.42730496453900707,,,,,,,,,,,,,,1.0,0.6694915254237288,0.6694915254237288,1024,1024,0.9715294575583173,0.9862222999609811,0.6694915254237288,79,118,0.42730496453900707,1446,3384,0.0,0,7
cadets13,base,adaptive,adaptive_v1,native,0.99,True,0,unmet,candidate_event_ceiling,0.0,,,,,,,,,,,,,,1.0,0.6694915254237288,0.6694915254237288,256,256,0.9928823643895793,0.9965555749902453,0.2457627118644068,29,118,0.06205673758865248,210,3384,0.0,0,7
cadets13,base,adaptive,adaptive_v1,native,1.0,False,0,unmet,candidate_event_ceiling,0.42730496453900707,,,,,,,,,,,,,,1.0,0.6694915254237288,0.6694915254237288,1024,1024,0.9715294575583173,0.9862222999609811,0.6694915254237288,79,118,0.42730496453900707,1446,3384,0.0,0,7
cadets13,base,adaptive,adaptive_v1,native,1.0,True,0,unmet,candidate_event_ceiling,0.0,,,,,,,,,,,,,,1.0,0.6694915254237288,0.6694915254237288,256,256,0.9928823643895793,0.9965555749902453,0.2457627118644068,29,118,0.06205673758865248,210,3384,0.0,0,7
cadets13,base,adaptive,adaptive_v1,augmented,0.9,False,0,unmet,candidate_event_ceiling,0.42730496453900707,,,,,,,,,,,,,,1.0,0.6694915254237288,0.6694915254237288,1024,1024,0.9715294575583173,0.9862222999609811,0.6694915254237288,79,118,0.42730496453900707,1446,3384,0.0,0,7
cadets13,base,adaptive,adaptive_v1,augmented,0.9,True,0,unmet,candidate_event_ceiling,0.0,,,,,,,,,,,,,,1.0,0.6694915254237288,0.6694915254237288,256,256,0.9928823643895793,0.9965555749902453,0.2457627118644068,29,118,0.06205673758865248,210,3384,0.0,0,7
cadets13,base,adaptive,adaptive_v1,augmented,0.95,False,0,unmet,candidate_event_ceiling,0.42730496453900707,,,,,,,,,,,,,,1.0,0.6694915254237288,0.6694915254237288,1024,1024,0.9715294575583173,0.9862222999609811,0.6694915254237288,79,118,0.42730496453900707,1446,3384,0.0,0,7
cadets13,base,adaptive,adaptive_v1,augmented,0.95,True,0,unmet,candidate_event_ceiling,0.0,,,,,,,,,,,,,,1.0,0.6694915254237288,0.6694915254237288,256,256,0.9928823643895793,0.9965555749902453,0.2457627118644068,29,118,0.06205673758865248,210,3384,0.0,0,7
cadets13,base,adaptive,adaptive_v1,augmented,0.99,False,0,unmet,candidate_event_ceiling,0.42730496453900707,,,,,,,,,,,,,,1.0,0.6694915254237288,0.6694915254237288,1024,1024,0.9715294575583173,0.9862222999609811,0.6694915254237288,79,118,0.42730496453900707,1446,3384,0.0,0,7
cadets13,base,adaptive,adaptive_v1,augmented,0.99,True,0,unmet,candidate_event_ceiling,0.0,,,,,,,,,,,,,,1.0,0.6694915254237288,0.6694915254237288,256,256,0.9928823643895793,0.9965555749902453,0.2457627118644068,29,118,0.06205673758865248,210,3384,0.0,0,7
cadets13,base,adaptive,adaptive_v1,augmented,1.0,False,0,unmet,candidate_event_ceiling,0.42730496453900707,,,,,,,,,,,,,,1.0,0.6694915254237288,0.6694915254237288,1024,1024,0.9715294575583173,0.9862222999609811,0.6694915254237288,79,118,0.42730496453900707,1446,3384,0.0,0,7
cadets13,base,adaptive,adaptive_v1,augmented,1.0,True,0,unmet,candidate_event_ceiling,0.0,,,,,,,,,,,,,,1.0,0.6694915254237288,0.6694915254237288,256,256,0.9928823643895793,0.9965555749902453,0.2457627118644068,29,118,0.06205673758865248,210,3384,0.0,0,7
cadets13,base,adaptive,reliability_chain,native,0.9,False,0,unmet,candidate_event_ceiling,0.42730496453900707,,,,,,,,,,,,,,1.0,0.6694915254237288,0.6694915254237288,719,719,0.980009453109795,0.9903260094452592,0.6694915254237288,79,118,0.42730496453900707,1446,3384,0.0,0,7
cadets13,base,adaptive,reliability_chain,native,0.9,True,0,unmet,candidate_event_ceiling,0.0,,,,,,,,,,,,,,1.0,0.6694915254237288,0.6694915254237288,256,256,0.9928823643895793,0.9965555749902453,0.2457627118644068,29,118,0.06205673758865248,210,3384,0.0,0,7
cadets13,base,adaptive,reliability_chain,native,0.95,False,0,unmet,candidate_event_ceiling,0.42730496453900707,,,,,,,,,,,,,,1.0,0.6694915254237288,0.6694915254237288,719,719,0.980009453109795,0.9903260094452592,0.6694915254237288,79,118,0.42730496453900707,1446,3384,0.0,0,7
cadets13,base,adaptive,reliability_chain,native,0.95,True,0,unmet,candidate_event_ceiling,0.0,,,,,,,,,,,,,,1.0,0.6694915254237288,0.6694915254237288,256,256,0.9928823643895793,0.9965555749902453,0.2457627118644068,29,118,0.06205673758865248,210,3384,0.0,0,7
cadets13,base,adaptive,reliability_chain,native,0.99,False,0,unmet,candidate_event_ceiling,0.42730496453900707,,,,,,,,,,,,,,1.0,0.6694915254237288,0.6694915254237288,719,719,0.980009453109795,0.9903260094452592,0.6694915254237288,79,118,0.42730496453900707,1446,3384,0.0,0,7
cadets13,base,adaptive,reliability_chain,native,0.99,True,0,unmet,candidate_event_ceiling,0.0,,,,,,,,,,,,,,1.0,0.6694915254237288,0.6694915254237288,256,256,0.9928823643895793,0.9965555749902453,0.2457627118644068,29,118,0.06205673758865248,210,3384,0.0,0,7
cadets13,base,adaptive,reliability_chain,native,1.0,False,0,unmet,candidate_event_ceiling,0.42730496453900707,,,,,,,,,,,,,,1.0,0.6694915254237288,0.6694915254237288,719,719,0.980009453109795,0.9903260094452592,0.6694915254237288,79,118,0.42730496453900707,1446,3384,0.0,0,7
cadets13,base,adaptive,reliability_chain,native,1.0,True,0,unmet,candidate_event_ceiling,0.0,,,,,,,,,,,,,,1.0,0.6694915254237288,0.6694915254237288,256,256,0.9928823643895793,0.9965555749902453,0.2457627118644068,29,118,0.06205673758865248,210,3384,0.0,0,7
cadets13,base,adaptive,reliability_chain,augmented,0.9,False,0,unmet,candidate_event_ceiling,0.42730496453900707,,,,,,,,,,,,,,1.0,0.6694915254237288,0.6694915254237288,719,719,0.980009453109795,0.9903260094452592,0.6694915254237288,79,118,0.42730496453900707,1446,3384,0.0,0,7
cadets13,base,adaptive,reliability_chain,augmented,0.9,True,0,unmet,candidate_event_ceiling,0.0,,,,,,,,,,,,,,1.0,0.6694915254237288,0.6694915254237288,256,256,0.9928823643895793,0.9965555749902453,0.2457627118644068,29,118,0.06205673758865248,210,3384,0.0,0,7
cadets13,base,adaptive,reliability_chain,augmented,0.95,False,0,unmet,candidate_event_ceiling,0.42730496453900707,,,,,,,,,,,,,,1.0,0.6694915254237288,0.6694915254237288,719,719,0.980009453109795,0.9903260094452592,0.6694915254237288,79,118,0.42730496453900707,1446,3384,0.0,0,7
cadets13,base,adaptive,reliability_chain,augmented,0.95,True,0,unmet,candidate_event_ceiling,0.0,,,,,,,,,,,,,,1.0,0.6694915254237288,0.6694915254237288,256,256,0.9928823643895793,0.9965555749902453,0.2457627118644068,29,118,0.06205673758865248,210,3384,0.0,0,7
cadets13,base,adaptive,reliability_chain,augmented,0.99,False,0,unmet,candidate_event_ceiling,0.42730496453900707,,,,,,,,,,,,,,1.0,0.6694915254237288,0.6694915254237288,719,719,0.980009453109795,0.9903260094452592,0.6694915254237288,79,118,0.42730496453900707,1446,3384,0.0,0,7
cadets13,base,adaptive,reliability_chain,augmented,0.99,True,0,unmet,candidate_event_ceiling,0.0,,,,,,,,,,,,,,1.0,0.6694915254237288,0.6694915254237288,256,256,0.9928823643895793,0.9965555749902453,0.2457627118644068,29,118,0.06205673758865248,210,3384,0.0,0,7
cadets13,base,adaptive,reliability_chain,augmented,1.0,False,0,unmet,candidate_event_ceiling,0.42730496453900707,,,,,,,,,,,,,,1.0,0.6694915254237288,0.6694915254237288,719,719,0.980009453109795,0.9903260094452592,0.6694915254237288,79,118,0.42730496453900707,1446,3384,0.0,0,7
cadets13,base,adaptive,reliability_chain,augmented,1.0,True,0,unmet,candidate_event_ceiling,0.0,,,,,,,,,,,,,,1.0,0.6694915254237288,0.6694915254237288,256,256,0.9928823643895793,0.9965555749902453,0.2457627118644068,29,118,0.06205673758865248,210,3384,0.0,0,7
cadets13,expanded,single,rarity_only,native,0.9,False,0,met,,,3716,3716,0.9500020182177792,0.9500020182177792,0.9576271186440678,113,118,0.9030732860520094,3056,3384,0.2857142857142857,2,7,1.0,1.0,1.0,,,,,,,,,,,,,
cadets13,expanded,single,rarity_only,native,0.9,True,0,met,,,37161,37161,0.5000067273925972,0.5000067273925972,1.0,118,118,1.0,3384,3384,1.0,7,7,1.0,1.0,1.0,,,,,,,,,,,,,
cadets13,expanded,single,rarity_only,native,0.95,False,0,met,,,37161,37161,0.5000067273925972,0.5000067273925972,1.0,118,118,1.0,3384,3384,1.0,7,7,1.0,1.0,1.0,,,,,,,,,,,,,
cadets13,expanded,single,rarity_only,native,0.95,True,0,met,,,37161,37161,0.5000067273925972,0.5000067273925972,1.0,118,118,1.0,3384,3384,1.0,7,7,1.0,1.0,1.0,,,,,,,,,,,,,
cadets13,expanded,single,rarity_only,native,0.99,False,0,met,,,37161,37161,0.5000067273925972,0.5000067273925972,1.0,118,118,1.0,3384,3384,1.0,7,7,1.0,1.0,1.0,,,,,,,,,,,,,
cadets13,expanded,single,rarity_only,native,0.99,True,0,met,,,37161,37161,0.5000067273925972,0.5000067273925972,1.0,118,118,1.0,3384,3384,1.0,7,7,1.0,1.0,1.0,,,,,,,,,,,,,
cadets13,expanded,single,rarity_only,native,1.0,False,0,met,,,37161,37161,0.5000067273925972,0.5000067273925972,1.0,118,118,1.0,3384,3384,1.0,7,7,1.0,1.0,1.0,,,,,,,,,,,,,
cadets13,expanded,single,rarity_only,native,1.0,True,0,met,,,37161,37161,0.5000067273925972,0.5000067273925972,1.0,118,118,1.0,3384,3384,1.0,7,7,1.0,1.0,1.0,,,,,,,,,,,,,
cadets13,expanded,single,rarity_only,augmented,0.9,False,0,met,,,3716,3716,0.9500020182177792,0.9500020182177792,0.9576271186440678,113,118,0.9030732860520094,3056,3384,0.2857142857142857,2,7,1.0,1.0,1.0,,,,,,,,,,,,,
cadets13,expanded,single,rarity_only,augmented,0.9,True,0,met,,,37161,37161,0.5000067273925972,0.5000067273925972,1.0,118,118,1.0,3384,3384,1.0,7,7,1.0,1.0,1.0,,,,,,,,,,,,,
cadets13,expanded,single,rarity_only,augmented,0.95,False,0,met,,,37161,37161,0.5000067273925972,0.5000067273925972,1.0,118,118,1.0,3384,3384,1.0,7,7,1.0,1.0,1.0,,,,,,,,,,,,,
cadets13,expanded,single,rarity_only,augmented,0.95,True,0,met,,,37161,37161,0.5000067273925972,0.5000067273925972,1.0,118,118,1.0,3384,3384,1.0,7,7,1.0,1.0,1.0,,,,,,,,,,,,,
cadets13,expanded,single,rarity_only,augmented,0.99,False,0,met,,,37161,37161,0.5000067273925972,0.5000067273925972,1.0,118,118,1.0,3384,3384,1.0,7,7,1.0,1.0,1.0,,,,,,,,,,,,,
cadets13,expanded,single,rarity_only,augmented,0.99,True,0,met,,,37161,37161,0.5000067273925972,0.5000067273925972,1.0,118,118,1.0,3384,3384,1.0,7,7,1.0,1.0,1.0,,,,,,,,,,,,,
cadets13,expanded,single,rarity_only,augmented,1.0,False,0,met,,,37161,37161,0.5000067273925972,0.5000067273925972,1.0,118,118,1.0,3384,3384,1.0,7,7,1.0,1.0,1.0,,,,,,,,,,,,,
cadets13,expanded,single,rarity_only,augmented,1.0,True,0,met,,,37161,37161,0.5000067273925972,0.5000067273925972,1.0,118,118,1.0,3384,3384,1.0,7,7,1.0,1.0,1.0,,,,,,,,,,,,,
cadets13,expanded,single,diffusion_only,native,0.9,False,0,met,,,3716,3716,0.9500020182177792,0.9500020182177792,1.0,118,118,1.0,3384,3384,1.0,7,7,1.0,1.0,1.0,,,,,,,,,,,,,
cadets13,expanded,single,diffusion_only,native,0.9,True,0,met,,,3716,3716,0.9500020182177792,0.9500020182177792,1.0,118,118,1.0,3384,3384,1.0,7,7,1.0,1.0,1.0,,,,,,,,,,,,,
cadets13,expanded,single,diffusion_only,native,0.95,False,0,met,,,3716,3716,0.9500020182177792,0.9500020182177792,1.0,118,118,1.0,3384,3384,1.0,7,7,1.0,1.0,1.0,,,,,,,,,,,,,
cadets13,expanded,single,diffusion_only,native,0.95,True,0,met,,,3716,3716,0.9500020182177792,0.9500020182177792,1.0,118,118,1.0,3384,3384,1.0,7,7,1.0,1.0,1.0,,,,,,,,,,,,,
cadets13,expanded,single,diffusion_only,native,0.99,False,0,met,,,3716,3716,0.9500020182177792,0.9500020182177792,1.0,118,118,1.0,3384,3384,1.0,7,7,1.0,1.0,1.0,,,,,,,,,,,,,
cadets13,expanded,single,diffusion_only,native,0.99,True,0,met,,,3716,3716,0.9500020182177792,0.9500020182177792,1.0,118,118,1.0,3384,3384,1.0,7,7,1.0,1.0,1.0,,,,,,,,,,,,,
cadets13,expanded,single,diffusion_only,native,1.0,False,0,met,,,3716,3716,0.9500020182177792,0.9500020182177792,1.0,118,118,1.0,3384,3384,1.0,7,7,1.0,1.0,1.0,,,,,,,,,,,,,
cadets13,expanded,single,diffusion_only,native,1.0,True,0,met,,,3716,3716,0.9500020182177792,0.9500020182177792,1.0,118,118,1.0,3384,3384,1.0,7,7,1.0,1.0,1.0,,,,,,,,,,,,,
cadets13,expanded,single,diffusion_only,augmented,0.9,False,0,met,,,3716,3716,0.9500020182177792,0.9500020182177792,1.0,118,118,1.0,3384,3384,1.0,7,7,1.0,1.0,1.0,,,,,,,,,,,,,
cadets13,expanded,single,diffusion_only,augmented,0.9,True,0,met,,,3716,3716,0.9500020182177792,0.9500020182177792,1.0,118,118,1.0,3384,3384,1.0,7,7,1.0,1.0,1.0,,,,,,,,,,,,,
cadets13,expanded,single,diffusion_only,augmented,0.95,False,0,met,,,3716,3716,0.9500020182177792,0.9500020182177792,1.0,118,118,1.0,3384,3384,1.0,7,7,1.0,1.0,1.0,,,,,,,,,,,,,
cadets13,expanded,single,diffusion_only,augmented,0.95,True,0,met,,,3716,3716,0.9500020182177792,0.9500020182177792,1.0,118,118,1.0,3384,3384,1.0,7,7,1.0,1.0,1.0,,,,,,,,,,,,,
cadets13,expanded,single,diffusion_only,augmented,0.99,False,0,met,,,3716,3716,0.9500020182177792,0.9500020182177792,1.0,118,118,1.0,3384,3384,1.0,7,7,1.0,1.0,1.0,,,,,,,,,,,,,
cadets13,expanded,single,diffusion_only,augmented,0.99,True,0,met,,,3716,3716,0.9500020182177792,0.9500020182177792,1.0,118,118,1.0,3384,3384,1.0,7,7,1.0,1.0,1.0,,,,,,,,,,,,,
cadets13,expanded,single,diffusion_only,augmented,1.0,False,0,met,,,3716,3716,0.9500020182177792,0.9500020182177792,1.0,118,118,1.0,3384,3384,1.0,7,7,1.0,1.0,1.0,,,,,,,,,,,,,
cadets13,expanded,single,diffusion_only,augmented,1.0,True,0,met,,,3716,3716,0.9500020182177792,0.9500020182177792,1.0,118,118,1.0,3384,3384,1.0,7,7,1.0,1.0,1.0,,,,,,,,,,,,,
cadets13,expanded,single,rasp,native,0.9,False,0,met,,,743,743,0.9900030946005947,0.9900030946005947,0.9576271186440678,113,118,0.9030732860520094,3056,3384,0.2857142857142857,2,7,1.0,1.0,1.0,,,,,,,,,,,,,
cadets13,expanded,single,rasp,native,0.9,True,0,met,,,37161,37161,0.5000067273925972,0.5000067273925972,1.0,118,118,1.0,3384,3384,1.0,7,7,1.0,1.0,1.0,,,,,,,,,,,,,
cadets13,expanded,single,rasp,native,0.95,False,0,met,,,37161,37161,0.5000067273925972,0.5000067273925972,1.0,118,118,1.0,3384,3384,1.0,7,7,1.0,1.0,1.0,,,,,,,,,,,,,
cadets13,expanded,single,rasp,native,0.95,True,0,met,,,37161,37161,0.5000067273925972,0.5000067273925972,1.0,118,118,1.0,3384,3384,1.0,7,7,1.0,1.0,1.0,,,,,,,,,,,,,
cadets13,expanded,single,rasp,native,0.99,False,0,met,,,37161,37161,0.5000067273925972,0.5000067273925972,1.0,118,118,1.0,3384,3384,1.0,7,7,1.0,1.0,1.0,,,,,,,,,,,,,
cadets13,expanded,single,rasp,native,0.99,True,0,met,,,37161,37161,0.5000067273925972,0.5000067273925972,1.0,118,118,1.0,3384,3384,1.0,7,7,1.0,1.0,1.0,,,,,,,,,,,,,
cadets13,expanded,single,rasp,native,1.0,False,0,met,,,37161,37161,0.5000067273925972,0.5000067273925972,1.0,118,118,1.0,3384,3384,1.0,7,7,1.0,1.0,1.0,,,,,,,,,,,,,
cadets13,expanded,single,rasp,native,1.0,True,0,met,,,37161,37161,0.5000067273925972,0.5000067273925972,1.0,118,118,1.0,3384,3384,1.0,7,7,1.0,1.0,1.0,,,,,,,,,,,,,
cadets13,expanded,single,rasp,augmented,0.9,False,0,met,,,743,743,0.9900030946005947,0.9900030946005947,0.9576271186440678,113,118,0.9030732860520094,3056,3384,0.2857142857142857,2,7,1.0,1.0,1.0,,,,,,,,,,,,,
cadets13,expanded,single,rasp,augmented,0.9,True,0,met,,,37161,37161,0.5000067273925972,0.5000067273925972,1.0,118,118,1.0,3384,3384,1.0,7,7,1.0,1.0,1.0,,,,,,,,,,,,,
cadets13,expanded,single,rasp,augmented,0.95,False,0,met,,,37161,37161,0.5000067273925972,0.5000067273925972,1.0,118,118,1.0,3384,3384,1.0,7,7,1.0,1.0,1.0,,,,,,,,,,,,,
cadets13,expanded,single,rasp,augmented,0.95,True,0,met,,,37161,37161,0.5000067273925972,0.5000067273925972,1.0,118,118,1.0,3384,3384,1.0,7,7,1.0,1.0,1.0,,,,,,,,,,,,,
cadets13,expanded,single,rasp,augmented,0.99,False,0,met,,,37161,37161,0.5000067273925972,0.5000067273925972,1.0,118,118,1.0,3384,3384,1.0,7,7,1.0,1.0,1.0,,,,,,,,,,,,,
cadets13,expanded,single,rasp,augmented,0.99,True,0,met,,,37161,37161,0.5000067273925972,0.5000067273925972,1.0,118,118,1.0,3384,3384,1.0,7,7,1.0,1.0,1.0,,,,,,,,,,,,,
cadets13,expanded,single,rasp,augmented,1.0,False,0,met,,,37161,37161,0.5000067273925972,0.5000067273925972,1.0,118,118,1.0,3384,3384,1.0,7,7,1.0,1.0,1.0,,,,,,,,,,,,,
cadets13,expanded,single,rasp,augmented,1.0,True,0,met,,,37161,37161,0.5000067273925972,0.5000067273925972,1.0,118,118,1.0,3384,3384,1.0,7,7,1.0,1.0,1.0,,,,,,,,,,,,,
cadets13,expanded,single,context_v1,native,0.9,False,0,met,,,3716,3716,0.9500020182177792,0.9500020182177792,0.9661016949152542,114,118,0.9219858156028369,3120,3384,0.42857142857142855,3,7,1.0,1.0,1.0,,,,,,,,,,,,,
cadets13,expanded,single,context_v1,native,0.9,True,0,met,,,37161,37161,0.5000067273925972,0.5000067273925972,1.0,118,118,1.0,3384,3384,1.0,7,7,1.0,1.0,1.0,,,,,,,,,,,,,
cadets13,expanded,single,context_v1,native,0.95,False,0,met,,,37161,37161,0.5000067273925972,0.5000067273925972,1.0,118,118,1.0,3384,3384,1.0,7,7,1.0,1.0,1.0,,,,,,,,,,,,,
cadets13,expanded,single,context_v1,native,0.95,True,0,met,,,37161,37161,0.5000067273925972,0.5000067273925972,1.0,118,118,1.0,3384,3384,1.0,7,7,1.0,1.0,1.0,,,,,,,,,,,,,
cadets13,expanded,single,context_v1,native,0.99,False,0,met,,,37161,37161,0.5000067273925972,0.5000067273925972,1.0,118,118,1.0,3384,3384,1.0,7,7,1.0,1.0,1.0,,,,,,,,,,,,,
cadets13,expanded,single,context_v1,native,0.99,True,0,met,,,37161,37161,0.5000067273925972,0.5000067273925972,1.0,118,118,1.0,3384,3384,1.0,7,7,1.0,1.0,1.0,,,,,,,,,,,,,
cadets13,expanded,single,context_v1,native,1.0,False,0,met,,,37161,37161,0.5000067273925972,0.5000067273925972,1.0,118,118,1.0,3384,3384,1.0,7,7,1.0,1.0,1.0,,,,,,,,,,,,,
cadets13,expanded,single,context_v1,native,1.0,True,0,met,,,37161,37161,0.5000067273925972,0.5000067273925972,1.0,118,118,1.0,3384,3384,1.0,7,7,1.0,1.0,1.0,,,,,,,,,,,,,
cadets13,expanded,single,context_v1,augmented,0.9,False,0,met,,,3716,3716,0.9500020182177792,0.9500020182177792,0.9661016949152542,114,118,0.9219858156028369,3120,3384,0.42857142857142855,3,7,1.0,1.0,1.0,,,,,,,,,,,,,
cadets13,expanded,single,context_v1,augmented,0.9,True,0,met,,,37161,37161,0.5000067273925972,0.5000067273925972,1.0,118,118,1.0,3384,3384,1.0,7,7,1.0,1.0,1.0,,,,,,,,,,,,,
cadets13,expanded,single,context_v1,augmented,0.95,False,0,met,,,37161,37161,0.5000067273925972,0.5000067273925972,1.0,118,118,1.0,3384,3384,1.0,7,7,1.0,1.0,1.0,,,,,,,,,,,,,
cadets13,expanded,single,context_v1,augmented,0.95,True,0,met,,,37161,37161,0.5000067273925972,0.5000067273925972,1.0,118,118,1.0,3384,3384,1.0,7,7,1.0,1.0,1.0,,,,,,,,,,,,,
cadets13,expanded,single,context_v1,augmented,0.99,False,0,met,,,37161,37161,0.5000067273925972,0.5000067273925972,1.0,118,118,1.0,3384,3384,1.0,7,7,1.0,1.0,1.0,,,,,,,,,,,,,
cadets13,expanded,single,context_v1,augmented,0.99,True,0,met,,,37161,37161,0.5000067273925972,0.5000067273925972,1.0,118,118,1.0,3384,3384,1.0,7,7,1.0,1.0,1.0,,,,,,,,,,,,,
cadets13,expanded,single,context_v1,augmented,1.0,False,0,met,,,37161,37161,0.5000067273925972,0.5000067273925972,1.0,118,118,1.0,3384,3384,1.0,7,7,1.0,1.0,1.0,,,,,,,,,,,,,
cadets13,expanded,single,context_v1,augmented,1.0,True,0,met,,,37161,37161,0.5000067273925972,0.5000067273925972,1.0,118,118,1.0,3384,3384,1.0,7,7,1.0,1.0,1.0,,,,,,,,,,,,,
cadets13,expanded,single,reliability,native,0.9,False,0,met,,,743,743,0.9900030946005947,0.9900030946005947,0.9576271186440678,113,118,0.9030732860520094,3056,3384,0.2857142857142857,2,7,1.0,1.0,1.0,,,,,,,,,,,,,
cadets13,expanded,single,reliability,native,0.9,True,0,met,,,37161,37161,0.5000067273925972,0.5000067273925972,1.0,118,118,1.0,3384,3384,1.0,7,7,1.0,1.0,1.0,,,,,,,,,,,,,
cadets13,expanded,single,reliability,native,0.95,False,0,met,,,37161,37161,0.5000067273925972,0.5000067273925972,1.0,118,118,1.0,3384,3384,1.0,7,7,1.0,1.0,1.0,,,,,,,,,,,,,
cadets13,expanded,single,reliability,native,0.95,True,0,met,,,37161,37161,0.5000067273925972,0.5000067273925972,1.0,118,118,1.0,3384,3384,1.0,7,7,1.0,1.0,1.0,,,,,,,,,,,,,
cadets13,expanded,single,reliability,native,0.99,False,0,met,,,37161,37161,0.5000067273925972,0.5000067273925972,1.0,118,118,1.0,3384,3384,1.0,7,7,1.0,1.0,1.0,,,,,,,,,,,,,
cadets13,expanded,single,reliability,native,0.99,True,0,met,,,37161,37161,0.5000067273925972,0.5000067273925972,1.0,118,118,1.0,3384,3384,1.0,7,7,1.0,1.0,1.0,,,,,,,,,,,,,
cadets13,expanded,single,reliability,native,1.0,False,0,met,,,37161,37161,0.5000067273925972,0.5000067273925972,1.0,118,118,1.0,3384,3384,1.0,7,7,1.0,1.0,1.0,,,,,,,,,,,,,
cadets13,expanded,single,reliability,native,1.0,True,0,met,,,37161,37161,0.5000067273925972,0.5000067273925972,1.0,118,118,1.0,3384,3384,1.0,7,7,1.0,1.0,1.0,,,,,,,,,,,,,
cadets13,expanded,single,reliability,augmented,0.9,False,0,met,,,743,743,0.9900030946005947,0.9900030946005947,0.9576271186440678,113,118,0.9030732860520094,3056,3384,0.2857142857142857,2,7,1.0,1.0,1.0,,,,,,,,,,,,,
cadets13,expanded,single,reliability,augmented,0.9,True,0,met,,,37161,37161,0.5000067273925972,0.5000067273925972,1.0,118,118,1.0,3384,3384,1.0,7,7,1.0,1.0,1.0,,,,,,,,,,,,,
cadets13,expanded,single,reliability,augmented,0.95,False,0,met,,,37161,37161,0.5000067273925972,0.5000067273925972,1.0,118,118,1.0,3384,3384,1.0,7,7,1.0,1.0,1.0,,,,,,,,,,,,,
cadets13,expanded,single,reliability,augmented,0.95,True,0,met,,,37161,37161,0.5000067273925972,0.5000067273925972,1.0,118,118,1.0,3384,3384,1.0,7,7,1.0,1.0,1.0,,,,,,,,,,,,,
cadets13,expanded,single,reliability,augmented,0.99,False,0,met,,,37161,37161,0.5000067273925972,0.5000067273925972,1.0,118,118,1.0,3384,3384,1.0,7,7,1.0,1.0,1.0,,,,,,,,,,,,,
cadets13,expanded,single,reliability,augmented,0.99,True,0,met,,,37161,37161,0.5000067273925972,0.5000067273925972,1.0,118,118,1.0,3384,3384,1.0,7,7,1.0,1.0,1.0,,,,,,,,,,,,,
cadets13,expanded,single,reliability,augmented,1.0,False,0,met,,,37161,37161,0.5000067273925972,0.5000067273925972,1.0,118,118,1.0,3384,3384,1.0,7,7,1.0,1.0,1.0,,,,,,,,,,,,,
cadets13,expanded,single,reliability,augmented,1.0,True,0,met,,,37161,37161,0.5000067273925972,0.5000067273925972,1.0,118,118,1.0,3384,3384,1.0,7,7,1.0,1.0,1.0,,,,,,,,,,,,,
cadets13,expanded,single,adaptive_v1,native,0.9,False,0,met,,,3716,3716,0.9500020182177792,0.9500020182177792,0.9661016949152542,114,118,0.9219858156028369,3120,3384,0.42857142857142855,3,7,1.0,1.0,1.0,,,,,,,,,,,,,
cadets13,expanded,single,adaptive_v1,native,0.9,True,0,met,,,37161,37161,0.5000067273925972,0.5000067273925972,1.0,118,118,1.0,3384,3384,1.0,7,7,1.0,1.0,1.0,,,,,,,,,,,,,
cadets13,expanded,single,adaptive_v1,native,0.95,False,0,met,,,37161,37161,0.5000067273925972,0.5000067273925972,1.0,118,118,1.0,3384,3384,1.0,7,7,1.0,1.0,1.0,,,,,,,,,,,,,
cadets13,expanded,single,adaptive_v1,native,0.95,True,0,met,,,37161,37161,0.5000067273925972,0.5000067273925972,1.0,118,118,1.0,3384,3384,1.0,7,7,1.0,1.0,1.0,,,,,,,,,,,,,
cadets13,expanded,single,adaptive_v1,native,0.99,False,0,met,,,37161,37161,0.5000067273925972,0.5000067273925972,1.0,118,118,1.0,3384,3384,1.0,7,7,1.0,1.0,1.0,,,,,,,,,,,,,
cadets13,expanded,single,adaptive_v1,native,0.99,True,0,met,,,37161,37161,0.5000067273925972,0.5000067273925972,1.0,118,118,1.0,3384,3384,1.0,7,7,1.0,1.0,1.0,,,,,,,,,,,,,
cadets13,expanded,single,adaptive_v1,native,1.0,False,0,met,,,37161,37161,0.5000067273925972,0.5000067273925972,1.0,118,118,1.0,3384,3384,1.0,7,7,1.0,1.0,1.0,,,,,,,,,,,,,
cadets13,expanded,single,adaptive_v1,native,1.0,True,0,met,,,37161,37161,0.5000067273925972,0.5000067273925972,1.0,118,118,1.0,3384,3384,1.0,7,7,1.0,1.0,1.0,,,,,,,,,,,,,
cadets13,expanded,single,adaptive_v1,augmented,0.9,False,0,met,,,3716,3716,0.9500020182177792,0.9500020182177792,0.9661016949152542,114,118,0.9219858156028369,3120,3384,0.42857142857142855,3,7,1.0,1.0,1.0,,,,,,,,,,,,,
cadets13,expanded,single,adaptive_v1,augmented,0.9,True,0,met,,,37161,37161,0.5000067273925972,0.5000067273925972,1.0,118,118,1.0,3384,3384,1.0,7,7,1.0,1.0,1.0,,,,,,,,,,,,,
cadets13,expanded,single,adaptive_v1,augmented,0.95,False,0,met,,,37161,37161,0.5000067273925972,0.5000067273925972,1.0,118,118,1.0,3384,3384,1.0,7,7,1.0,1.0,1.0,,,,,,,,,,,,,
cadets13,expanded,single,adaptive_v1,augmented,0.95,True,0,met,,,37161,37161,0.5000067273925972,0.5000067273925972,1.0,118,118,1.0,3384,3384,1.0,7,7,1.0,1.0,1.0,,,,,,,,,,,,,
cadets13,expanded,single,adaptive_v1,augmented,0.99,False,0,met,,,37161,37161,0.5000067273925972,0.5000067273925972,1.0,118,118,1.0,3384,3384,1.0,7,7,1.0,1.0,1.0,,,,,,,,,,,,,
cadets13,expanded,single,adaptive_v1,augmented,0.99,True,0,met,,,37161,37161,0.5000067273925972,0.5000067273925972,1.0,118,118,1.0,3384,3384,1.0,7,7,1.0,1.0,1.0,,,,,,,,,,,,,
cadets13,expanded,single,adaptive_v1,augmented,1.0,False,0,met,,,37161,37161,0.5000067273925972,0.5000067273925972,1.0,118,118,1.0,3384,3384,1.0,7,7,1.0,1.0,1.0,,,,,,,,,,,,,
cadets13,expanded,single,adaptive_v1,augmented,1.0,True,0,met,,,37161,37161,0.5000067273925972,0.5000067273925972,1.0,118,118,1.0,3384,3384,1.0,7,7,1.0,1.0,1.0,,,,,,,,,,,,,
cadets13,expanded,single,reliability_chain,native,0.9,False,0,met,,,743,743,0.9900030946005947,0.9900030946005947,0.9576271186440678,113,118,0.9030732860520094,3056,3384,0.2857142857142857,2,7,1.0,1.0,1.0,,,,,,,,,,,,,
cadets13,expanded,single,reliability_chain,native,0.9,True,0,met,,,37161,37161,0.5000067273925972,0.5000067273925972,1.0,118,118,1.0,3384,3384,1.0,7,7,1.0,1.0,1.0,,,,,,,,,,,,,
cadets13,expanded,single,reliability_chain,native,0.95,False,0,met,,,37161,37161,0.5000067273925972,0.5000067273925972,1.0,118,118,1.0,3384,3384,1.0,7,7,1.0,1.0,1.0,,,,,,,,,,,,,
cadets13,expanded,single,reliability_chain,native,0.95,True,0,met,,,37161,37161,0.5000067273925972,0.5000067273925972,1.0,118,118,1.0,3384,3384,1.0,7,7,1.0,1.0,1.0,,,,,,,,,,,,,
cadets13,expanded,single,reliability_chain,native,0.99,False,0,met,,,37161,37161,0.5000067273925972,0.5000067273925972,1.0,118,118,1.0,3384,3384,1.0,7,7,1.0,1.0,1.0,,,,,,,,,,,,,
cadets13,expanded,single,reliability_chain,native,0.99,True,0,met,,,37161,37161,0.5000067273925972,0.5000067273925972,1.0,118,118,1.0,3384,3384,1.0,7,7,1.0,1.0,1.0,,,,,,,,,,,,,
cadets13,expanded,single,reliability_chain,native,1.0,False,0,met,,,37161,37161,0.5000067273925972,0.5000067273925972,1.0,118,118,1.0,3384,3384,1.0,7,7,1.0,1.0,1.0,,,,,,,,,,,,,
cadets13,expanded,single,reliability_chain,native,1.0,True,0,met,,,37161,37161,0.5000067273925972,0.5000067273925972,1.0,118,118,1.0,3384,3384,1.0,7,7,1.0,1.0,1.0,,,,,,,,,,,,,
cadets13,expanded,single,reliability_chain,augmented,0.9,False,0,met,,,743,743,0.9900030946005947,0.9900030946005947,0.9576271186440678,113,118,0.9030732860520094,3056,3384,0.2857142857142857,2,7,1.0,1.0,1.0,,,,,,,,,,,,,
cadets13,expanded,single,reliability_chain,augmented,0.9,True,0,met,,,37161,37161,0.5000067273925972,0.5000067273925972,1.0,118,118,1.0,3384,3384,1.0,7,7,1.0,1.0,1.0,,,,,,,,,,,,,
cadets13,expanded,single,reliability_chain,augmented,0.95,False,0,met,,,37161,37161,0.5000067273925972,0.5000067273925972,1.0,118,118,1.0,3384,3384,1.0,7,7,1.0,1.0,1.0,,,,,,,,,,,,,
cadets13,expanded,single,reliability_chain,augmented,0.95,True,0,met,,,37161,37161,0.5000067273925972,0.5000067273925972,1.0,118,118,1.0,3384,3384,1.0,7,7,1.0,1.0,1.0,,,,,,,,,,,,,
cadets13,expanded,single,reliability_chain,augmented,0.99,False,0,met,,,37161,37161,0.5000067273925972,0.5000067273925972,1.0,118,118,1.0,3384,3384,1.0,7,7,1.0,1.0,1.0,,,,,,,,,,,,,
cadets13,expanded,single,reliability_chain,augmented,0.99,True,0,met,,,37161,37161,0.5000067273925972,0.5000067273925972,1.0,118,118,1.0,3384,3384,1.0,7,7,1.0,1.0,1.0,,,,,,,,,,,,,
cadets13,expanded,single,reliability_chain,augmented,1.0,False,0,met,,,37161,37161,0.5000067273925972,0.5000067273925972,1.0,118,118,1.0,3384,3384,1.0,7,7,1.0,1.0,1.0,,,,,,,,,,,,,
cadets13,expanded,single,reliability_chain,augmented,1.0,True,0,met,,,37161,37161,0.5000067273925972,0.5000067273925972,1.0,118,118,1.0,3384,3384,1.0,7,7,1.0,1.0,1.0,,,,,,,,,,,,,
cadets13,expanded,declared,rarity_only,native,0.9,False,0,met,,,7432,7432,0.9000040364355583,0.9000040364355583,0.9576271186440678,113,118,0.9030732860520094,3056,3384,0.2857142857142857,2,7,1.0,1.0,1.0,,,,,,,,,,,,,
cadets13,expanded,declared,rarity_only,native,0.9,True,0,met,,,74323,65336,0.12091815454166277,0.12091815454166277,1.0,118,118,1.0,3384,3384,1.0,7,7,1.0,1.0,1.0,,,,,,,,,,,,,
cadets13,expanded,declared,rarity_only,native,0.95,False,0,met,,,37161,37161,0.5000067273925972,0.5000067273925972,0.9830508474576272,116,118,0.9609929078014184,3252,3384,0.7142857142857143,5,7,1.0,1.0,1.0,,,,,,,,,,,,,
cadets13,expanded,declared,rarity_only,native,0.95,True,0,met,,,74323,65336,0.12091815454166277,0.12091815454166277,1.0,118,118,1.0,3384,3384,1.0,7,7,1.0,1.0,1.0,,,,,,,,,,,,,
cadets13,expanded,declared,rarity_only,native,0.99,False,0,met,,,74323,65336,0.12091815454166277,0.12091815454166277,1.0,118,118,1.0,3384,3384,1.0,7,7,1.0,1.0,1.0,,,,,,,,,,,,,
cadets13,expanded,declared,rarity_only,native,0.99,True,0,met,,,74323,65336,0.12091815454166277,0.12091815454166277,1.0,118,118,1.0,3384,3384,1.0,7,7,1.0,1.0,1.0,,,,,,,,,,,,,
cadets13,expanded,declared,rarity_only,native,1.0,False,0,met,,,74323,65336,0.12091815454166277,0.12091815454166277,1.0,118,118,1.0,3384,3384,1.0,7,7,1.0,1.0,1.0,,,,,,,,,,,,,
cadets13,expanded,declared,rarity_only,native,1.0,True,0,met,,,74323,65336,0.12091815454166277,0.12091815454166277,1.0,118,118,1.0,3384,3384,1.0,7,7,1.0,1.0,1.0,,,,,,,,,,,,,
cadets13,expanded,declared,rarity_only,augmented,0.9,False,0,met,,,7432,7432,0.9000040364355583,0.9000040364355583,0.9576271186440678,113,118,0.9030732860520094,3056,3384,0.2857142857142857,2,7,1.0,1.0,1.0,,,,,,,,,,,,,
cadets13,expanded,declared,rarity_only,augmented,0.9,True,0,met,,,74323,65336,0.12091815454166277,0.12091815454166277,1.0,118,118,1.0,3384,3384,1.0,7,7,1.0,1.0,1.0,,,,,,,,,,,,,
cadets13,expanded,declared,rarity_only,augmented,0.95,False,0,met,,,37161,37161,0.5000067273925972,0.5000067273925972,0.9830508474576272,116,118,0.9609929078014184,3252,3384,0.7142857142857143,5,7,1.0,1.0,1.0,,,,,,,,,,,,,
cadets13,expanded,declared,rarity_only,augmented,0.95,True,0,met,,,74323,65336,0.12091815454166277,0.12091815454166277,1.0,118,118,1.0,3384,3384,1.0,7,7,1.0,1.0,1.0,,,,,,,,,,,,,
cadets13,expanded,declared,rarity_only,augmented,0.99,False,0,met,,,74323,65336,0.12091815454166277,0.12091815454166277,1.0,118,118,1.0,3384,3384,1.0,7,7,1.0,1.0,1.0,,,,,,,,,,,,,
cadets13,expanded,declared,rarity_only,augmented,0.99,True,0,met,,,74323,65336,0.12091815454166277,0.12091815454166277,1.0,118,118,1.0,3384,3384,1.0,7,7,1.0,1.0,1.0,,,,,,,,,,,,,
cadets13,expanded,declared,rarity_only,augmented,1.0,False,0,met,,,74323,65336,0.12091815454166277,0.12091815454166277,1.0,118,118,1.0,3384,3384,1.0,7,7,1.0,1.0,1.0,,,,,,,,,,,,,
cadets13,expanded,declared,rarity_only,augmented,1.0,True,0,met,,,74323,65336,0.12091815454166277,0.12091815454166277,1.0,118,118,1.0,3384,3384,1.0,7,7,1.0,1.0,1.0,,,,,,,,,,,,,
cadets13,expanded,declared,diffusion_only,native,0.9,False,0,met,,,743,743,0.9900030946005947,0.9900030946005947,0.9915254237288136,117,118,0.9849290780141844,3333,3384,0.0,0,7,1.0,1.0,1.0,,,,,,,,,,,,,
cadets13,expanded,declared,diffusion_only,native,0.9,True,0,met,,,14864,14864,0.8000080728711166,0.8000080728711166,1.0,118,118,1.0,3384,3384,1.0,7,7,1.0,1.0,1.0,,,,,,,,,,,,,
cadets13,expanded,declared,diffusion_only,native,0.95,False,0,met,,,743,743,0.9900030946005947,0.9900030946005947,0.9915254237288136,117,118,0.9849290780141844,3333,3384,0.0,0,7,1.0,1.0,1.0,,,,,,,,,,,,,
cadets13,expanded,declared,diffusion_only,native,0.95,True,0,met,,,14864,14864,0.8000080728711166,0.8000080728711166,1.0,118,118,1.0,3384,3384,1.0,7,7,1.0,1.0,1.0,,,,,,,,,,,,,
cadets13,expanded,declared,diffusion_only,native,0.99,False,0,met,,,14864,14864,0.8000080728711166,0.8000080728711166,1.0,118,118,1.0,3384,3384,1.0,7,7,1.0,1.0,1.0,,,,,,,,,,,,,
cadets13,expanded,declared,diffusion_only,native,0.99,True,0,met,,,14864,14864,0.8000080728711166,0.8000080728711166,1.0,118,118,1.0,3384,3384,1.0,7,7,1.0,1.0,1.0,,,,,,,,,,,,,
cadets13,expanded,declared,diffusion_only,native,1.0,False,0,met,,,14864,14864,0.8000080728711166,0.8000080728711166,1.0,118,118,1.0,3384,3384,1.0,7,7,1.0,1.0,1.0,,,,,,,,,,,,,
cadets13,expanded,declared,diffusion_only,native,1.0,True,0,met,,,14864,14864,0.8000080728711166,0.8000080728711166,1.0,118,118,1.0,3384,3384,1.0,7,7,1.0,1.0,1.0,,,,,,,,,,,,,
cadets13,expanded,declared,diffusion_only,augmented,0.9,False,0,met,,,743,743,0.9900030946005947,0.9900030946005947,0.9915254237288136,117,118,0.9849290780141844,3333,3384,0.0,0,7,1.0,1.0,1.0,,,,,,,,,,,,,
cadets13,expanded,declared,diffusion_only,augmented,0.9,True,0,met,,,14864,14864,0.8000080728711166,0.8000080728711166,1.0,118,118,1.0,3384,3384,1.0,7,7,1.0,1.0,1.0,,,,,,,,,,,,,
cadets13,expanded,declared,diffusion_only,augmented,0.95,False,0,met,,,743,743,0.9900030946005947,0.9900030946005947,0.9915254237288136,117,118,0.9849290780141844,3333,3384,0.0,0,7,1.0,1.0,1.0,,,,,,,,,,,,,
cadets13,expanded,declared,diffusion_only,augmented,0.95,True,0,met,,,14864,14864,0.8000080728711166,0.8000080728711166,1.0,118,118,1.0,3384,3384,1.0,7,7,1.0,1.0,1.0,,,,,,,,,,,,,
cadets13,expanded,declared,diffusion_only,augmented,0.99,False,0,met,,,14864,14864,0.8000080728711166,0.8000080728711166,1.0,118,118,1.0,3384,3384,1.0,7,7,1.0,1.0,1.0,,,,,,,,,,,,,
cadets13,expanded,declared,diffusion_only,augmented,0.99,True,0,met,,,14864,14864,0.8000080728711166,0.8000080728711166,1.0,118,118,1.0,3384,3384,1.0,7,7,1.0,1.0,1.0,,,,,,,,,,,,,
cadets13,expanded,declared,diffusion_only,augmented,1.0,False,0,met,,,14864,14864,0.8000080728711166,0.8000080728711166,1.0,118,118,1.0,3384,3384,1.0,7,7,1.0,1.0,1.0,,,,,,,,,,,,,
cadets13,expanded,declared,diffusion_only,augmented,1.0,True,0,met,,,14864,14864,0.8000080728711166,0.8000080728711166,1.0,118,118,1.0,3384,3384,1.0,7,7,1.0,1.0,1.0,,,,,,,,,,,,,
cadets13,expanded,declared,rasp,native,0.9,False,0,met,,,743,743,0.9900030946005947,0.9900030946005947,0.9661016949152542,114,118,0.9219858156028369,3120,3384,0.42857142857142855,3,7,1.0,1.0,1.0,,,,,,,,,,,,,
cadets13,expanded,declared,rasp,native,0.9,True,0,met,,,14864,14864,0.8000080728711166,0.8000080728711166,1.0,118,118,1.0,3384,3384,1.0,7,7,1.0,1.0,1.0,,,,,,,,,,,,,
cadets13,expanded,declared,rasp,native,0.95,False,0,met,,,14864,14864,0.8000080728711166,0.8000080728711166,1.0,118,118,1.0,3384,3384,1.0,7,7,1.0,1.0,1.0,,,,,,,,,,,,,
cadets13,expanded,declared,rasp,native,0.95,True,0,met,,,14864,14864,0.8000080728711166,0.8000080728711166,1.0,118,118,1.0,3384,3384,1.0,7,7,1.0,1.0,1.0,,,,,,,,,,,,,
cadets13,expanded,declared,rasp,native,0.99,False,0,met,,,14864,14864,0.8000080728711166,0.8000080728711166,1.0,118,118,1.0,3384,3384,1.0,7,7,1.0,1.0,1.0,,,,,,,,,,,,,
cadets13,expanded,declared,rasp,native,0.99,True,0,met,,,14864,14864,0.8000080728711166,0.8000080728711166,1.0,118,118,1.0,3384,3384,1.0,7,7,1.0,1.0,1.0,,,,,,,,,,,,,
cadets13,expanded,declared,rasp,native,1.0,False,0,met,,,14864,14864,0.8000080728711166,0.8000080728711166,1.0,118,118,1.0,3384,3384,1.0,7,7,1.0,1.0,1.0,,,,,,,,,,,,,
cadets13,expanded,declared,rasp,native,1.0,True,0,met,,,14864,14864,0.8000080728711166,0.8000080728711166,1.0,118,118,1.0,3384,3384,1.0,7,7,1.0,1.0,1.0,,,,,,,,,,,,,
cadets13,expanded,declared,rasp,augmented,0.9,False,0,met,,,743,743,0.9900030946005947,0.9900030946005947,0.9661016949152542,114,118,0.9219858156028369,3120,3384,0.42857142857142855,3,7,1.0,1.0,1.0,,,,,,,,,,,,,
cadets13,expanded,declared,rasp,augmented,0.9,True,0,met,,,14864,14864,0.8000080728711166,0.8000080728711166,1.0,118,118,1.0,3384,3384,1.0,7,7,1.0,1.0,1.0,,,,,,,,,,,,,
cadets13,expanded,declared,rasp,augmented,0.95,False,0,met,,,14864,14864,0.8000080728711166,0.8000080728711166,1.0,118,118,1.0,3384,3384,1.0,7,7,1.0,1.0,1.0,,,,,,,,,,,,,
cadets13,expanded,declared,rasp,augmented,0.95,True,0,met,,,14864,14864,0.8000080728711166,0.8000080728711166,1.0,118,118,1.0,3384,3384,1.0,7,7,1.0,1.0,1.0,,,,,,,,,,,,,
cadets13,expanded,declared,rasp,augmented,0.99,False,0,met,,,14864,14864,0.8000080728711166,0.8000080728711166,1.0,118,118,1.0,3384,3384,1.0,7,7,1.0,1.0,1.0,,,,,,,,,,,,,
cadets13,expanded,declared,rasp,augmented,0.99,True,0,met,,,14864,14864,0.8000080728711166,0.8000080728711166,1.0,118,118,1.0,3384,3384,1.0,7,7,1.0,1.0,1.0,,,,,,,,,,,,,
cadets13,expanded,declared,rasp,augmented,1.0,False,0,met,,,14864,14864,0.8000080728711166,0.8000080728711166,1.0,118,118,1.0,3384,3384,1.0,7,7,1.0,1.0,1.0,,,,,,,,,,,,,
cadets13,expanded,declared,rasp,augmented,1.0,True,0,met,,,14864,14864,0.8000080728711166,0.8000080728711166,1.0,118,118,1.0,3384,3384,1.0,7,7,1.0,1.0,1.0,,,,,,,,,,,,,
cadets13,expanded,declared,context_v1,native,0.9,False,0,met,,,743,743,0.9900030946005947,0.9900030946005947,0.9661016949152542,114,118,0.9219858156028369,3120,3384,0.42857142857142855,3,7,1.0,1.0,1.0,,,,,,,,,,,,,
cadets13,expanded,declared,context_v1,native,0.9,True,0,met,,,14864,14864,0.8000080728711166,0.8000080728711166,1.0,118,118,1.0,3384,3384,1.0,7,7,1.0,1.0,1.0,,,,,,,,,,,,,
cadets13,expanded,declared,context_v1,native,0.95,False,0,met,,,14864,14864,0.8000080728711166,0.8000080728711166,1.0,118,118,1.0,3384,3384,1.0,7,7,1.0,1.0,1.0,,,,,,,,,,,,,
cadets13,expanded,declared,context_v1,native,0.95,True,0,met,,,14864,14864,0.8000080728711166,0.8000080728711166,1.0,118,118,1.0,3384,3384,1.0,7,7,1.0,1.0,1.0,,,,,,,,,,,,,
cadets13,expanded,declared,context_v1,native,0.99,False,0,met,,,14864,14864,0.8000080728711166,0.8000080728711166,1.0,118,118,1.0,3384,3384,1.0,7,7,1.0,1.0,1.0,,,,,,,,,,,,,
cadets13,expanded,declared,context_v1,native,0.99,True,0,met,,,14864,14864,0.8000080728711166,0.8000080728711166,1.0,118,118,1.0,3384,3384,1.0,7,7,1.0,1.0,1.0,,,,,,,,,,,,,
cadets13,expanded,declared,context_v1,native,1.0,False,0,met,,,14864,14864,0.8000080728711166,0.8000080728711166,1.0,118,118,1.0,3384,3384,1.0,7,7,1.0,1.0,1.0,,,,,,,,,,,,,
cadets13,expanded,declared,context_v1,native,1.0,True,0,met,,,14864,14864,0.8000080728711166,0.8000080728711166,1.0,118,118,1.0,3384,3384,1.0,7,7,1.0,1.0,1.0,,,,,,,,,,,,,
cadets13,expanded,declared,context_v1,augmented,0.9,False,0,met,,,743,743,0.9900030946005947,0.9900030946005947,0.9661016949152542,114,118,0.9219858156028369,3120,3384,0.42857142857142855,3,7,1.0,1.0,1.0,,,,,,,,,,,,,
cadets13,expanded,declared,context_v1,augmented,0.9,True,0,met,,,14864,14864,0.8000080728711166,0.8000080728711166,1.0,118,118,1.0,3384,3384,1.0,7,7,1.0,1.0,1.0,,,,,,,,,,,,,
cadets13,expanded,declared,context_v1,augmented,0.95,False,0,met,,,14864,14864,0.8000080728711166,0.8000080728711166,1.0,118,118,1.0,3384,3384,1.0,7,7,1.0,1.0,1.0,,,,,,,,,,,,,
cadets13,expanded,declared,context_v1,augmented,0.95,True,0,met,,,14864,14864,0.8000080728711166,0.8000080728711166,1.0,118,118,1.0,3384,3384,1.0,7,7,1.0,1.0,1.0,,,,,,,,,,,,,
cadets13,expanded,declared,context_v1,augmented,0.99,False,0,met,,,14864,14864,0.8000080728711166,0.8000080728711166,1.0,118,118,1.0,3384,3384,1.0,7,7,1.0,1.0,1.0,,,,,,,,,,,,,
cadets13,expanded,declared,context_v1,augmented,0.99,True,0,met,,,14864,14864,0.8000080728711166,0.8000080728711166,1.0,118,118,1.0,3384,3384,1.0,7,7,1.0,1.0,1.0,,,,,,,,,,,,,
cadets13,expanded,declared,context_v1,augmented,1.0,False,0,met,,,14864,14864,0.8000080728711166,0.8000080728711166,1.0,118,118,1.0,3384,3384,1.0,7,7,1.0,1.0,1.0,,,,,,,,,,,,,
cadets13,expanded,declared,context_v1,augmented,1.0,True,0,met,,,14864,14864,0.8000080728711166,0.8000080728711166,1.0,118,118,1.0,3384,3384,1.0,7,7,1.0,1.0,1.0,,,,,,,,,,,,,
cadets13,expanded,declared,reliability,native,0.9,False,0,met,,,743,743,0.9900030946005947,0.9900030946005947,0.9661016949152542,114,118,0.9219858156028369,3120,3384,0.42857142857142855,3,7,1.0,1.0,1.0,,,,,,,,,,,,,
cadets13,expanded,declared,reliability,native,0.9,True,0,met,,,14864,14864,0.8000080728711166,0.8000080728711166,1.0,118,118,1.0,3384,3384,1.0,7,7,1.0,1.0,1.0,,,,,,,,,,,,,
cadets13,expanded,declared,reliability,native,0.95,False,0,met,,,14864,14864,0.8000080728711166,0.8000080728711166,1.0,118,118,1.0,3384,3384,1.0,7,7,1.0,1.0,1.0,,,,,,,,,,,,,
cadets13,expanded,declared,reliability,native,0.95,True,0,met,,,14864,14864,0.8000080728711166,0.8000080728711166,1.0,118,118,1.0,3384,3384,1.0,7,7,1.0,1.0,1.0,,,,,,,,,,,,,
cadets13,expanded,declared,reliability,native,0.99,False,0,met,,,14864,14864,0.8000080728711166,0.8000080728711166,1.0,118,118,1.0,3384,3384,1.0,7,7,1.0,1.0,1.0,,,,,,,,,,,,,
cadets13,expanded,declared,reliability,native,0.99,True,0,met,,,14864,14864,0.8000080728711166,0.8000080728711166,1.0,118,118,1.0,3384,3384,1.0,7,7,1.0,1.0,1.0,,,,,,,,,,,,,
cadets13,expanded,declared,reliability,native,1.0,False,0,met,,,14864,14864,0.8000080728711166,0.8000080728711166,1.0,118,118,1.0,3384,3384,1.0,7,7,1.0,1.0,1.0,,,,,,,,,,,,,
cadets13,expanded,declared,reliability,native,1.0,True,0,met,,,14864,14864,0.8000080728711166,0.8000080728711166,1.0,118,118,1.0,3384,3384,1.0,7,7,1.0,1.0,1.0,,,,,,,,,,,,,
cadets13,expanded,declared,reliability,augmented,0.9,False,0,met,,,743,743,0.9900030946005947,0.9900030946005947,0.9661016949152542,114,118,0.9219858156028369,3120,3384,0.42857142857142855,3,7,1.0,1.0,1.0,,,,,,,,,,,,,
cadets13,expanded,declared,reliability,augmented,0.9,True,0,met,,,14864,14864,0.8000080728711166,0.8000080728711166,1.0,118,118,1.0,3384,3384,1.0,7,7,1.0,1.0,1.0,,,,,,,,,,,,,
cadets13,expanded,declared,reliability,augmented,0.95,False,0,met,,,14864,14864,0.8000080728711166,0.8000080728711166,1.0,118,118,1.0,3384,3384,1.0,7,7,1.0,1.0,1.0,,,,,,,,,,,,,
cadets13,expanded,declared,reliability,augmented,0.95,True,0,met,,,14864,14864,0.8000080728711166,0.8000080728711166,1.0,118,118,1.0,3384,3384,1.0,7,7,1.0,1.0,1.0,,,,,,,,,,,,,
cadets13,expanded,declared,reliability,augmented,0.99,False,0,met,,,14864,14864,0.8000080728711166,0.8000080728711166,1.0,118,118,1.0,3384,3384,1.0,7,7,1.0,1.0,1.0,,,,,,,,,,,,,
cadets13,expanded,declared,reliability,augmented,0.99,True,0,met,,,14864,14864,0.8000080728711166,0.8000080728711166,1.0,118,118,1.0,3384,3384,1.0,7,7,1.0,1.0,1.0,,,,,,,,,,,,,
cadets13,expanded,declared,reliability,augmented,1.0,False,0,met,,,14864,14864,0.8000080728711166,0.8000080728711166,1.0,118,118,1.0,3384,3384,1.0,7,7,1.0,1.0,1.0,,,,,,,,,,,,,
cadets13,expanded,declared,reliability,augmented,1.0,True,0,met,,,14864,14864,0.8000080728711166,0.8000080728711166,1.0,118,118,1.0,3384,3384,1.0,7,7,1.0,1.0,1.0,,,,,,,,,,,,,
cadets13,expanded,declared,adaptive_v1,native,0.9,False,0,met,,,743,743,0.9900030946005947,0.9900030946005947,0.9661016949152542,114,118,0.9219858156028369,3120,3384,0.42857142857142855,3,7,1.0,1.0,1.0,,,,,,,,,,,,,
cadets13,expanded,declared,adaptive_v1,native,0.9,True,0,met,,,14864,14864,0.8000080728711166,0.8000080728711166,1.0,118,118,1.0,3384,3384,1.0,7,7,1.0,1.0,1.0,,,,,,,,,,,,,
cadets13,expanded,declared,adaptive_v1,native,0.95,False,0,met,,,14864,14864,0.8000080728711166,0.8000080728711166,1.0,118,118,1.0,3384,3384,1.0,7,7,1.0,1.0,1.0,,,,,,,,,,,,,
cadets13,expanded,declared,adaptive_v1,native,0.95,True,0,met,,,14864,14864,0.8000080728711166,0.8000080728711166,1.0,118,118,1.0,3384,3384,1.0,7,7,1.0,1.0,1.0,,,,,,,,,,,,,
cadets13,expanded,declared,adaptive_v1,native,0.99,False,0,met,,,14864,14864,0.8000080728711166,0.8000080728711166,1.0,118,118,1.0,3384,3384,1.0,7,7,1.0,1.0,1.0,,,,,,,,,,,,,
cadets13,expanded,declared,adaptive_v1,native,0.99,True,0,met,,,14864,14864,0.8000080728711166,0.8000080728711166,1.0,118,118,1.0,3384,3384,1.0,7,7,1.0,1.0,1.0,,,,,,,,,,,,,
cadets13,expanded,declared,adaptive_v1,native,1.0,False,0,met,,,14864,14864,0.8000080728711166,0.8000080728711166,1.0,118,118,1.0,3384,3384,1.0,7,7,1.0,1.0,1.0,,,,,,,,,,,,,
cadets13,expanded,declared,adaptive_v1,native,1.0,True,0,met,,,14864,14864,0.8000080728711166,0.8000080728711166,1.0,118,118,1.0,3384,3384,1.0,7,7,1.0,1.0,1.0,,,,,,,,,,,,,
cadets13,expanded,declared,adaptive_v1,augmented,0.9,False,0,met,,,743,743,0.9900030946005947,0.9900030946005947,0.9661016949152542,114,118,0.9219858156028369,3120,3384,0.42857142857142855,3,7,1.0,1.0,1.0,,,,,,,,,,,,,
cadets13,expanded,declared,adaptive_v1,augmented,0.9,True,0,met,,,14864,14864,0.8000080728711166,0.8000080728711166,1.0,118,118,1.0,3384,3384,1.0,7,7,1.0,1.0,1.0,,,,,,,,,,,,,
cadets13,expanded,declared,adaptive_v1,augmented,0.95,False,0,met,,,14864,14864,0.8000080728711166,0.8000080728711166,1.0,118,118,1.0,3384,3384,1.0,7,7,1.0,1.0,1.0,,,,,,,,,,,,,
cadets13,expanded,declared,adaptive_v1,augmented,0.95,True,0,met,,,14864,14864,0.8000080728711166,0.8000080728711166,1.0,118,118,1.0,3384,3384,1.0,7,7,1.0,1.0,1.0,,,,,,,,,,,,,
cadets13,expanded,declared,adaptive_v1,augmented,0.99,False,0,met,,,14864,14864,0.8000080728711166,0.8000080728711166,1.0,118,118,1.0,3384,3384,1.0,7,7,1.0,1.0,1.0,,,,,,,,,,,,,
cadets13,expanded,declared,adaptive_v1,augmented,0.99,True,0,met,,,14864,14864,0.8000080728711166,0.8000080728711166,1.0,118,118,1.0,3384,3384,1.0,7,7,1.0,1.0,1.0,,,,,,,,,,,,,
cadets13,expanded,declared,adaptive_v1,augmented,1.0,False,0,met,,,14864,14864,0.8000080728711166,0.8000080728711166,1.0,118,118,1.0,3384,3384,1.0,7,7,1.0,1.0,1.0,,,,,,,,,,,,,
cadets13,expanded,declared,adaptive_v1,augmented,1.0,True,0,met,,,14864,14864,0.8000080728711166,0.8000080728711166,1.0,118,118,1.0,3384,3384,1.0,7,7,1.0,1.0,1.0,,,,,,,,,,,,,
cadets13,expanded,declared,reliability_chain,native,0.9,False,0,met,,,743,743,0.9900030946005947,0.9900030946005947,0.9661016949152542,114,118,0.9219858156028369,3120,3384,0.42857142857142855,3,7,1.0,1.0,1.0,,,,,,,,,,,,,
cadets13,expanded,declared,reliability_chain,native,0.9,True,0,met,,,14864,14864,0.8000080728711166,0.8000080728711166,1.0,118,118,1.0,3384,3384,1.0,7,7,1.0,1.0,1.0,,,,,,,,,,,,,
cadets13,expanded,declared,reliability_chain,native,0.95,False,0,met,,,14864,14864,0.8000080728711166,0.8000080728711166,1.0,118,118,1.0,3384,3384,1.0,7,7,1.0,1.0,1.0,,,,,,,,,,,,,
cadets13,expanded,declared,reliability_chain,native,0.95,True,0,met,,,14864,14864,0.8000080728711166,0.8000080728711166,1.0,118,118,1.0,3384,3384,1.0,7,7,1.0,1.0,1.0,,,,,,,,,,,,,
cadets13,expanded,declared,reliability_chain,native,0.99,False,0,met,,,14864,14864,0.8000080728711166,0.8000080728711166,1.0,118,118,1.0,3384,3384,1.0,7,7,1.0,1.0,1.0,,,,,,,,,,,,,
cadets13,expanded,declared,reliability_chain,native,0.99,True,0,met,,,14864,14864,0.8000080728711166,0.8000080728711166,1.0,118,118,1.0,3384,3384,1.0,7,7,1.0,1.0,1.0,,,,,,,,,,,,,
cadets13,expanded,declared,reliability_chain,native,1.0,False,0,met,,,14864,14864,0.8000080728711166,0.8000080728711166,1.0,118,118,1.0,3384,3384,1.0,7,7,1.0,1.0,1.0,,,,,,,,,,,,,
cadets13,expanded,declared,reliability_chain,native,1.0,True,0,met,,,14864,14864,0.8000080728711166,0.8000080728711166,1.0,118,118,1.0,3384,3384,1.0,7,7,1.0,1.0,1.0,,,,,,,,,,,,,
cadets13,expanded,declared,reliability_chain,augmented,0.9,False,0,met,,,743,743,0.9900030946005947,0.9900030946005947,0.9661016949152542,114,118,0.9219858156028369,3120,3384,0.42857142857142855,3,7,1.0,1.0,1.0,,,,,,,,,,,,,
cadets13,expanded,declared,reliability_chain,augmented,0.9,True,0,met,,,14864,14864,0.8000080728711166,0.8000080728711166,1.0,118,118,1.0,3384,3384,1.0,7,7,1.0,1.0,1.0,,,,,,,,,,,,,
cadets13,expanded,declared,reliability_chain,augmented,0.95,False,0,met,,,14864,14864,0.8000080728711166,0.8000080728711166,1.0,118,118,1.0,3384,3384,1.0,7,7,1.0,1.0,1.0,,,,,,,,,,,,,
cadets13,expanded,declared,reliability_chain,augmented,0.95,True,0,met,,,14864,14864,0.8000080728711166,0.8000080728711166,1.0,118,118,1.0,3384,3384,1.0,7,7,1.0,1.0,1.0,,,,,,,,,,,,,
cadets13,expanded,declared,reliability_chain,augmented,0.99,False,0,met,,,14864,14864,0.8000080728711166,0.8000080728711166,1.0,118,118,1.0,3384,3384,1.0,7,7,1.0,1.0,1.0,,,,,,,,,,,,,
cadets13,expanded,declared,reliability_chain,augmented,0.99,True,0,met,,,14864,14864,0.8000080728711166,0.8000080728711166,1.0,118,118,1.0,3384,3384,1.0,7,7,1.0,1.0,1.0,,,,,,,,,,,,,
cadets13,expanded,declared,reliability_chain,augmented,1.0,False,0,met,,,14864,14864,0.8000080728711166,0.8000080728711166,1.0,118,118,1.0,3384,3384,1.0,7,7,1.0,1.0,1.0,,,,,,,,,,,,,
cadets13,expanded,declared,reliability_chain,augmented,1.0,True,0,met,,,14864,14864,0.8000080728711166,0.8000080728711166,1.0,118,118,1.0,3384,3384,1.0,7,7,1.0,1.0,1.0,,,,,,,,,,,,,
cadets13,expanded,adaptive,rarity_only,native,0.9,False,0,met,,,7432,7432,0.9000040364355583,0.9000040364355583,0.9576271186440678,113,118,0.9030732860520094,3056,3384,0.2857142857142857,2,7,1.0,1.0,1.0,,,,,,,,,,,,,
cadets13,expanded,adaptive,rarity_only,native,0.9,True,0,met,,,74323,65437,0.119559221237033,0.119559221237033,1.0,118,118,1.0,3384,3384,1.0,7,7,1.0,1.0,1.0,,,,,,,,,,,,,
cadets13,expanded,adaptive,rarity_only,native,0.95,False,0,met,,,37161,37161,0.5000067273925972,0.5000067273925972,0.9830508474576272,116,118,0.9609929078014184,3252,3384,0.7142857142857143,5,7,1.0,1.0,1.0,,,,,,,,,,,,,
cadets13,expanded,adaptive,rarity_only,native,0.95,True,0,met,,,74323,65437,0.119559221237033,0.119559221237033,1.0,118,118,1.0,3384,3384,1.0,7,7,1.0,1.0,1.0,,,,,,,,,,,,,
cadets13,expanded,adaptive,rarity_only,native,0.99,False,0,met,,,74323,65437,0.119559221237033,0.119559221237033,1.0,118,118,1.0,3384,3384,1.0,7,7,1.0,1.0,1.0,,,,,,,,,,,,,
cadets13,expanded,adaptive,rarity_only,native,0.99,True,0,met,,,74323,65437,0.119559221237033,0.119559221237033,1.0,118,118,1.0,3384,3384,1.0,7,7,1.0,1.0,1.0,,,,,,,,,,,,,
cadets13,expanded,adaptive,rarity_only,native,1.0,False,0,met,,,74323,65437,0.119559221237033,0.119559221237033,1.0,118,118,1.0,3384,3384,1.0,7,7,1.0,1.0,1.0,,,,,,,,,,,,,
cadets13,expanded,adaptive,rarity_only,native,1.0,True,0,met,,,74323,65437,0.119559221237033,0.119559221237033,1.0,118,118,1.0,3384,3384,1.0,7,7,1.0,1.0,1.0,,,,,,,,,,,,,
cadets13,expanded,adaptive,rarity_only,augmented,0.9,False,0,met,,,7432,7432,0.9000040364355583,0.9000040364355583,0.9576271186440678,113,118,0.9030732860520094,3056,3384,0.2857142857142857,2,7,1.0,1.0,1.0,,,,,,,,,,,,,
cadets13,expanded,adaptive,rarity_only,augmented,0.9,True,0,met,,,74323,65437,0.119559221237033,0.119559221237033,1.0,118,118,1.0,3384,3384,1.0,7,7,1.0,1.0,1.0,,,,,,,,,,,,,
cadets13,expanded,adaptive,rarity_only,augmented,0.95,False,0,met,,,37161,37161,0.5000067273925972,0.5000067273925972,0.9830508474576272,116,118,0.9609929078014184,3252,3384,0.7142857142857143,5,7,1.0,1.0,1.0,,,,,,,,,,,,,
cadets13,expanded,adaptive,rarity_only,augmented,0.95,True,0,met,,,74323,65437,0.119559221237033,0.119559221237033,1.0,118,118,1.0,3384,3384,1.0,7,7,1.0,1.0,1.0,,,,,,,,,,,,,
cadets13,expanded,adaptive,rarity_only,augmented,0.99,False,0,met,,,74323,65437,0.119559221237033,0.119559221237033,1.0,118,118,1.0,3384,3384,1.0,7,7,1.0,1.0,1.0,,,,,,,,,,,,,
cadets13,expanded,adaptive,rarity_only,augmented,0.99,True,0,met,,,74323,65437,0.119559221237033,0.119559221237033,1.0,118,118,1.0,3384,3384,1.0,7,7,1.0,1.0,1.0,,,,,,,,,,,,,
cadets13,expanded,adaptive,rarity_only,augmented,1.0,False,0,met,,,74323,65437,0.119559221237033,0.119559221237033,1.0,118,118,1.0,3384,3384,1.0,7,7,1.0,1.0,1.0,,,,,,,,,,,,,
cadets13,expanded,adaptive,rarity_only,augmented,1.0,True,0,met,,,74323,65437,0.119559221237033,0.119559221237033,1.0,118,118,1.0,3384,3384,1.0,7,7,1.0,1.0,1.0,,,,,,,,,,,,,
cadets13,expanded,adaptive,diffusion_only,native,0.9,False,0,met,,,743,743,0.9900030946005947,0.9900030946005947,1.0,118,118,1.0,3384,3384,1.0,7,7,1.0,1.0,1.0,,,,,,,,,,,,,
cadets13,expanded,adaptive,diffusion_only,native,0.9,True,0,met,,,743,743,0.9900030946005947,0.9900030946005947,1.0,118,118,1.0,3384,3384,1.0,7,7,1.0,1.0,1.0,,,,,,,,,,,,,
cadets13,expanded,adaptive,diffusion_only,native,0.95,False,0,met,,,743,743,0.9900030946005947,0.9900030946005947,1.0,118,118,1.0,3384,3384,1.0,7,7,1.0,1.0,1.0,,,,,,,,,,,,,
cadets13,expanded,adaptive,diffusion_only,native,0.95,True,0,met,,,743,743,0.9900030946005947,0.9900030946005947,1.0,118,118,1.0,3384,3384,1.0,7,7,1.0,1.0,1.0,,,,,,,,,,,,,
cadets13,expanded,adaptive,diffusion_only,native,0.99,False,0,met,,,743,743,0.9900030946005947,0.9900030946005947,1.0,118,118,1.0,3384,3384,1.0,7,7,1.0,1.0,1.0,,,,,,,,,,,,,
cadets13,expanded,adaptive,diffusion_only,native,0.99,True,0,met,,,743,743,0.9900030946005947,0.9900030946005947,1.0,118,118,1.0,3384,3384,1.0,7,7,1.0,1.0,1.0,,,,,,,,,,,,,
cadets13,expanded,adaptive,diffusion_only,native,1.0,False,0,met,,,743,743,0.9900030946005947,0.9900030946005947,1.0,118,118,1.0,3384,3384,1.0,7,7,1.0,1.0,1.0,,,,,,,,,,,,,
cadets13,expanded,adaptive,diffusion_only,native,1.0,True,0,met,,,743,743,0.9900030946005947,0.9900030946005947,1.0,118,118,1.0,3384,3384,1.0,7,7,1.0,1.0,1.0,,,,,,,,,,,,,
cadets13,expanded,adaptive,diffusion_only,augmented,0.9,False,0,met,,,743,743,0.9900030946005947,0.9900030946005947,1.0,118,118,1.0,3384,3384,1.0,7,7,1.0,1.0,1.0,,,,,,,,,,,,,
cadets13,expanded,adaptive,diffusion_only,augmented,0.9,True,0,met,,,743,743,0.9900030946005947,0.9900030946005947,1.0,118,118,1.0,3384,3384,1.0,7,7,1.0,1.0,1.0,,,,,,,,,,,,,
cadets13,expanded,adaptive,diffusion_only,augmented,0.95,False,0,met,,,743,743,0.9900030946005947,0.9900030946005947,1.0,118,118,1.0,3384,3384,1.0,7,7,1.0,1.0,1.0,,,,,,,,,,,,,
cadets13,expanded,adaptive,diffusion_only,augmented,0.95,True,0,met,,,743,743,0.9900030946005947,0.9900030946005947,1.0,118,118,1.0,3384,3384,1.0,7,7,1.0,1.0,1.0,,,,,,,,,,,,,
cadets13,expanded,adaptive,diffusion_only,augmented,0.99,False,0,met,,,743,743,0.9900030946005947,0.9900030946005947,1.0,118,118,1.0,3384,3384,1.0,7,7,1.0,1.0,1.0,,,,,,,,,,,,,
cadets13,expanded,adaptive,diffusion_only,augmented,0.99,True,0,met,,,743,743,0.9900030946005947,0.9900030946005947,1.0,118,118,1.0,3384,3384,1.0,7,7,1.0,1.0,1.0,,,,,,,,,,,,,
cadets13,expanded,adaptive,diffusion_only,augmented,1.0,False,0,met,,,743,743,0.9900030946005947,0.9900030946005947,1.0,118,118,1.0,3384,3384,1.0,7,7,1.0,1.0,1.0,,,,,,,,,,,,,
cadets13,expanded,adaptive,diffusion_only,augmented,1.0,True,0,met,,,743,743,0.9900030946005947,0.9900030946005947,1.0,118,118,1.0,3384,3384,1.0,7,7,1.0,1.0,1.0,,,,,,,,,,,,,
cadets13,expanded,adaptive,rasp,native,0.9,False,0,met,,,743,743,0.9900030946005947,0.9900030946005947,0.9661016949152542,114,118,0.9219858156028369,3120,3384,0.42857142857142855,3,7,1.0,1.0,1.0,,,,,,,,,,,,,
cadets13,expanded,adaptive,rasp,native,0.9,True,0,met,,,37161,37161,0.5000067273925972,0.5000067273925972,1.0,118,118,1.0,3384,3384,1.0,7,7,1.0,1.0,1.0,,,,,,,,,,,,,
cadets13,expanded,adaptive,rasp,native,0.95,False,0,met,,,14864,14864,0.8000080728711166,0.8000080728711166,0.9830508474576272,116,118,0.9609929078014184,3252,3384,0.7142857142857143,5,7,1.0,1.0,1.0,,,,,,,,,,,,,
cadets13,expanded,adaptive,rasp,native,0.95,True,0,met,,,37161,37161,0.5000067273925972,0.5000067273925972,1.0,118,118,1.0,3384,3384,1.0,7,7,1.0,1.0,1.0,,,,,,,,,,,,,
cadets13,expanded,adaptive,rasp,native,0.99,False,0,met,,,37161,37161,0.5000067273925972,0.5000067273925972,1.0,118,118,1.0,3384,3384,1.0,7,7,1.0,1.0,1.0,,,,,,,,,,,,,
cadets13,expanded,adaptive,rasp,native,0.99,True,0,met,,,37161,37161,0.5000067273925972,0.5000067273925972,1.0,118,118,1.0,3384,3384,1.0,7,7,1.0,1.0,1.0,,,,,,,,,,,,,
cadets13,expanded,adaptive,rasp,native,1.0,False,0,met,,,37161,37161,0.5000067273925972,0.5000067273925972,1.0,118,118,1.0,3384,3384,1.0,7,7,1.0,1.0,1.0,,,,,,,,,,,,,
cadets13,expanded,adaptive,rasp,native,1.0,True,0,met,,,37161,37161,0.5000067273925972,0.5000067273925972,1.0,118,118,1.0,3384,3384,1.0,7,7,1.0,1.0,1.0,,,,,,,,,,,,,
cadets13,expanded,adaptive,rasp,augmented,0.9,False,0,met,,,743,743,0.9900030946005947,0.9900030946005947,0.9661016949152542,114,118,0.9219858156028369,3120,3384,0.42857142857142855,3,7,1.0,1.0,1.0,,,,,,,,,,,,,
cadets13,expanded,adaptive,rasp,augmented,0.9,True,0,met,,,37161,37161,0.5000067273925972,0.5000067273925972,1.0,118,118,1.0,3384,3384,1.0,7,7,1.0,1.0,1.0,,,,,,,,,,,,,
cadets13,expanded,adaptive,rasp,augmented,0.95,False,0,met,,,14864,14864,0.8000080728711166,0.8000080728711166,0.9830508474576272,116,118,0.9609929078014184,3252,3384,0.7142857142857143,5,7,1.0,1.0,1.0,,,,,,,,,,,,,
cadets13,expanded,adaptive,rasp,augmented,0.95,True,0,met,,,37161,37161,0.5000067273925972,0.5000067273925972,1.0,118,118,1.0,3384,3384,1.0,7,7,1.0,1.0,1.0,,,,,,,,,,,,,
cadets13,expanded,adaptive,rasp,augmented,0.99,False,0,met,,,37161,37161,0.5000067273925972,0.5000067273925972,1.0,118,118,1.0,3384,3384,1.0,7,7,1.0,1.0,1.0,,,,,,,,,,,,,
cadets13,expanded,adaptive,rasp,augmented,0.99,True,0,met,,,37161,37161,0.5000067273925972,0.5000067273925972,1.0,118,118,1.0,3384,3384,1.0,7,7,1.0,1.0,1.0,,,,,,,,,,,,,
cadets13,expanded,adaptive,rasp,augmented,1.0,False,0,met,,,37161,37161,0.5000067273925972,0.5000067273925972,1.0,118,118,1.0,3384,3384,1.0,7,7,1.0,1.0,1.0,,,,,,,,,,,,,
cadets13,expanded,adaptive,rasp,augmented,1.0,True,0,met,,,37161,37161,0.5000067273925972,0.5000067273925972,1.0,118,118,1.0,3384,3384,1.0,7,7,1.0,1.0,1.0,,,,,,,,,,,,,
cadets13,expanded,adaptive,context_v1,native,0.9,False,0,met,,,1024,1024,0.9862222999609811,0.9862222999609811,0.9661016949152542,114,118,0.9219858156028369,3120,3384,0.42857142857142855,3,7,1.0,1.0,1.0,,,,,,,,,,,,,
cadets13,expanded,adaptive,context_v1,native,0.9,True,0,met,,,14864,14864,0.8000080728711166,0.8000080728711166,1.0,118,118,1.0,3384,3384,1.0,7,7,1.0,1.0,1.0,,,,,,,,,,,,,
cadets13,expanded,adaptive,context_v1,native,0.95,False,0,met,,,14864,14864,0.8000080728711166,0.8000080728711166,1.0,118,118,1.0,3384,3384,1.0,7,7,1.0,1.0,1.0,,,,,,,,,,,,,
cadets13,expanded,adaptive,context_v1,native,0.95,True,0,met,,,14864,14864,0.8000080728711166,0.8000080728711166,1.0,118,118,1.0,3384,3384,1.0,7,7,1.0,1.0,1.0,,,,,,,,,,,,,
cadets13,expanded,adaptive,context_v1,native,0.99,False,0,met,,,14864,14864,0.8000080728711166,0.8000080728711166,1.0,118,118,1.0,3384,3384,1.0,7,7,1.0,1.0,1.0,,,,,,,,,,,,,
cadets13,expanded,adaptive,context_v1,native,0.99,True,0,met,,,14864,14864,0.8000080728711166,0.8000080728711166,1.0,118,118,1.0,3384,3384,1.0,7,7,1.0,1.0,1.0,,,,,,,,,,,,,
cadets13,expanded,adaptive,context_v1,native,1.0,False,0,met,,,14864,14864,0.8000080728711166,0.8000080728711166,1.0,118,118,1.0,3384,3384,1.0,7,7,1.0,1.0,1.0,,,,,,,,,,,,,
cadets13,expanded,adaptive,context_v1,native,1.0,True,0,met,,,14864,14864,0.8000080728711166,0.8000080728711166,1.0,118,118,1.0,3384,3384,1.0,7,7,1.0,1.0,1.0,,,,,,,,,,,,,
cadets13,expanded,adaptive,context_v1,augmented,0.9,False,0,met,,,1024,1024,0.9862222999609811,0.9862222999609811,0.9661016949152542,114,118,0.9219858156028369,3120,3384,0.42857142857142855,3,7,1.0,1.0,1.0,,,,,,,,,,,,,
cadets13,expanded,adaptive,context_v1,augmented,0.9,True,0,met,,,14864,14864,0.8000080728711166,0.8000080728711166,1.0,118,118,1.0,3384,3384,1.0,7,7,1.0,1.0,1.0,,,,,,,,,,,,,
cadets13,expanded,adaptive,context_v1,augmented,0.95,False,0,met,,,14864,14864,0.8000080728711166,0.8000080728711166,1.0,118,118,1.0,3384,3384,1.0,7,7,1.0,1.0,1.0,,,,,,,,,,,,,
cadets13,expanded,adaptive,context_v1,augmented,0.95,True,0,met,,,14864,14864,0.8000080728711166,0.8000080728711166,1.0,118,118,1.0,3384,3384,1.0,7,7,1.0,1.0,1.0,,,,,,,,,,,,,
cadets13,expanded,adaptive,context_v1,augmented,0.99,False,0,met,,,14864,14864,0.8000080728711166,0.8000080728711166,1.0,118,118,1.0,3384,3384,1.0,7,7,1.0,1.0,1.0,,,,,,,,,,,,,
cadets13,expanded,adaptive,context_v1,augmented,0.99,True,0,met,,,14864,14864,0.8000080728711166,0.8000080728711166,1.0,118,118,1.0,3384,3384,1.0,7,7,1.0,1.0,1.0,,,,,,,,,,,,,
cadets13,expanded,adaptive,context_v1,augmented,1.0,False,0,met,,,14864,14864,0.8000080728711166,0.8000080728711166,1.0,118,118,1.0,3384,3384,1.0,7,7,1.0,1.0,1.0,,,,,,,,,,,,,
cadets13,expanded,adaptive,context_v1,augmented,1.0,True,0,met,,,14864,14864,0.8000080728711166,0.8000080728711166,1.0,118,118,1.0,3384,3384,1.0,7,7,1.0,1.0,1.0,,,,,,,,,,,,,
cadets13,expanded,adaptive,reliability,native,0.9,False,0,met,,,1024,1024,0.9862222999609811,0.9862222999609811,0.9661016949152542,114,118,0.9219858156028369,3120,3384,0.42857142857142855,3,7,1.0,1.0,1.0,,,,,,,,,,,,,
cadets13,expanded,adaptive,reliability,native,0.9,True,0,met,,,37161,37161,0.5000067273925972,0.5000067273925972,1.0,118,118,1.0,3384,3384,1.0,7,7,1.0,1.0,1.0,,,,,,,,,,,,,
cadets13,expanded,adaptive,reliability,native,0.95,False,0,met,,,14864,14864,0.8000080728711166,0.8000080728711166,0.9830508474576272,116,118,0.9609929078014184,3252,3384,0.7142857142857143,5,7,1.0,1.0,1.0,,,,,,,,,,,,,
cadets13,expanded,adaptive,reliability,native,0.95,True,0,met,,,37161,37161,0.5000067273925972,0.5000067273925972,1.0,118,118,1.0,3384,3384,1.0,7,7,1.0,1.0,1.0,,,,,,,,,,,,,
cadets13,expanded,adaptive,reliability,native,0.99,False,0,met,,,37161,37161,0.5000067273925972,0.5000067273925972,1.0,118,118,1.0,3384,3384,1.0,7,7,1.0,1.0,1.0,,,,,,,,,,,,,
cadets13,expanded,adaptive,reliability,native,0.99,True,0,met,,,37161,37161,0.5000067273925972,0.5000067273925972,1.0,118,118,1.0,3384,3384,1.0,7,7,1.0,1.0,1.0,,,,,,,,,,,,,
cadets13,expanded,adaptive,reliability,native,1.0,False,0,met,,,37161,37161,0.5000067273925972,0.5000067273925972,1.0,118,118,1.0,3384,3384,1.0,7,7,1.0,1.0,1.0,,,,,,,,,,,,,
cadets13,expanded,adaptive,reliability,native,1.0,True,0,met,,,37161,37161,0.5000067273925972,0.5000067273925972,1.0,118,118,1.0,3384,3384,1.0,7,7,1.0,1.0,1.0,,,,,,,,,,,,,
cadets13,expanded,adaptive,reliability,augmented,0.9,False,0,met,,,1024,1024,0.9862222999609811,0.9862222999609811,0.9661016949152542,114,118,0.9219858156028369,3120,3384,0.42857142857142855,3,7,1.0,1.0,1.0,,,,,,,,,,,,,
cadets13,expanded,adaptive,reliability,augmented,0.9,True,0,met,,,37161,37161,0.5000067273925972,0.5000067273925972,1.0,118,118,1.0,3384,3384,1.0,7,7,1.0,1.0,1.0,,,,,,,,,,,,,
cadets13,expanded,adaptive,reliability,augmented,0.95,False,0,met,,,14864,14864,0.8000080728711166,0.8000080728711166,0.9830508474576272,116,118,0.9609929078014184,3252,3384,0.7142857142857143,5,7,1.0,1.0,1.0,,,,,,,,,,,,,
cadets13,expanded,adaptive,reliability,augmented,0.95,True,0,met,,,37161,37161,0.5000067273925972,0.5000067273925972,1.0,118,118,1.0,3384,3384,1.0,7,7,1.0,1.0,1.0,,,,,,,,,,,,,
cadets13,expanded,adaptive,reliability,augmented,0.99,False,0,met,,,37161,37161,0.5000067273925972,0.5000067273925972,1.0,118,118,1.0,3384,3384,1.0,7,7,1.0,1.0,1.0,,,,,,,,,,,,,
cadets13,expanded,adaptive,reliability,augmented,0.99,True,0,met,,,37161,37161,0.5000067273925972,0.5000067273925972,1.0,118,118,1.0,3384,3384,1.0,7,7,1.0,1.0,1.0,,,,,,,,,,,,,
cadets13,expanded,adaptive,reliability,augmented,1.0,False,0,met,,,37161,37161,0.5000067273925972,0.5000067273925972,1.0,118,118,1.0,3384,3384,1.0,7,7,1.0,1.0,1.0,,,,,,,,,,,,,
cadets13,expanded,adaptive,reliability,augmented,1.0,True,0,met,,,37161,37161,0.5000067273925972,0.5000067273925972,1.0,118,118,1.0,3384,3384,1.0,7,7,1.0,1.0,1.0,,,,,,,,,,,,,
cadets13,expanded,adaptive,adaptive_v1,native,0.9,False,0,met,,,1024,1024,0.9862222999609811,0.9862222999609811,0.9661016949152542,114,118,0.9219858156028369,3120,3384,0.42857142857142855,3,7,1.0,1.0,1.0,,,,,,,,,,,,,
cadets13,expanded,adaptive,adaptive_v1,native,0.9,True,0,met,,,14864,14864,0.8000080728711166,0.8000080728711166,1.0,118,118,1.0,3384,3384,1.0,7,7,1.0,1.0,1.0,,,,,,,,,,,,,
cadets13,expanded,adaptive,adaptive_v1,native,0.95,False,0,met,,,14864,14864,0.8000080728711166,0.8000080728711166,1.0,118,118,1.0,3384,3384,1.0,7,7,1.0,1.0,1.0,,,,,,,,,,,,,
cadets13,expanded,adaptive,adaptive_v1,native,0.95,True,0,met,,,14864,14864,0.8000080728711166,0.8000080728711166,1.0,118,118,1.0,3384,3384,1.0,7,7,1.0,1.0,1.0,,,,,,,,,,,,,
cadets13,expanded,adaptive,adaptive_v1,native,0.99,False,0,met,,,14864,14864,0.8000080728711166,0.8000080728711166,1.0,118,118,1.0,3384,3384,1.0,7,7,1.0,1.0,1.0,,,,,,,,,,,,,
cadets13,expanded,adaptive,adaptive_v1,native,0.99,True,0,met,,,14864,14864,0.8000080728711166,0.8000080728711166,1.0,118,118,1.0,3384,3384,1.0,7,7,1.0,1.0,1.0,,,,,,,,,,,,,
cadets13,expanded,adaptive,adaptive_v1,native,1.0,False,0,met,,,14864,14864,0.8000080728711166,0.8000080728711166,1.0,118,118,1.0,3384,3384,1.0,7,7,1.0,1.0,1.0,,,,,,,,,,,,,
cadets13,expanded,adaptive,adaptive_v1,native,1.0,True,0,met,,,14864,14864,0.8000080728711166,0.8000080728711166,1.0,118,118,1.0,3384,3384,1.0,7,7,1.0,1.0,1.0,,,,,,,,,,,,,
cadets13,expanded,adaptive,adaptive_v1,augmented,0.9,False,0,met,,,1024,1024,0.9862222999609811,0.9862222999609811,0.9661016949152542,114,118,0.9219858156028369,3120,3384,0.42857142857142855,3,7,1.0,1.0,1.0,,,,,,,,,,,,,
cadets13,expanded,adaptive,adaptive_v1,augmented,0.9,True,0,met,,,14864,14864,0.8000080728711166,0.8000080728711166,1.0,118,118,1.0,3384,3384,1.0,7,7,1.0,1.0,1.0,,,,,,,,,,,,,
cadets13,expanded,adaptive,adaptive_v1,augmented,0.95,False,0,met,,,14864,14864,0.8000080728711166,0.8000080728711166,1.0,118,118,1.0,3384,3384,1.0,7,7,1.0,1.0,1.0,,,,,,,,,,,,,
cadets13,expanded,adaptive,adaptive_v1,augmented,0.95,True,0,met,,,14864,14864,0.8000080728711166,0.8000080728711166,1.0,118,118,1.0,3384,3384,1.0,7,7,1.0,1.0,1.0,,,,,,,,,,,,,
cadets13,expanded,adaptive,adaptive_v1,augmented,0.99,False,0,met,,,14864,14864,0.8000080728711166,0.8000080728711166,1.0,118,118,1.0,3384,3384,1.0,7,7,1.0,1.0,1.0,,,,,,,,,,,,,
cadets13,expanded,adaptive,adaptive_v1,augmented,0.99,True,0,met,,,14864,14864,0.8000080728711166,0.8000080728711166,1.0,118,118,1.0,3384,3384,1.0,7,7,1.0,1.0,1.0,,,,,,,,,,,,,
cadets13,expanded,adaptive,adaptive_v1,augmented,1.0,False,0,met,,,14864,14864,0.8000080728711166,0.8000080728711166,1.0,118,118,1.0,3384,3384,1.0,7,7,1.0,1.0,1.0,,,,,,,,,,,,,
cadets13,expanded,adaptive,adaptive_v1,augmented,1.0,True,0,met,,,14864,14864,0.8000080728711166,0.8000080728711166,1.0,118,118,1.0,3384,3384,1.0,7,7,1.0,1.0,1.0,,,,,,,,,,,,,
cadets13,expanded,adaptive,reliability_chain,native,0.9,False,0,met,,,1024,1024,0.9862222999609811,0.9862222999609811,0.9661016949152542,114,118,0.9219858156028369,3120,3384,0.42857142857142855,3,7,1.0,1.0,1.0,,,,,,,,,,,,,
cadets13,expanded,adaptive,reliability_chain,native,0.9,True,0,met,,,37161,37161,0.5000067273925972,0.5000067273925972,1.0,118,118,1.0,3384,3384,1.0,7,7,1.0,1.0,1.0,,,,,,,,,,,,,
cadets13,expanded,adaptive,reliability_chain,native,0.95,False,0,met,,,14864,14864,0.8000080728711166,0.8000080728711166,0.9830508474576272,116,118,0.9609929078014184,3252,3384,0.7142857142857143,5,7,1.0,1.0,1.0,,,,,,,,,,,,,
cadets13,expanded,adaptive,reliability_chain,native,0.95,True,0,met,,,37161,37161,0.5000067273925972,0.5000067273925972,1.0,118,118,1.0,3384,3384,1.0,7,7,1.0,1.0,1.0,,,,,,,,,,,,,
cadets13,expanded,adaptive,reliability_chain,native,0.99,False,0,met,,,37161,37161,0.5000067273925972,0.5000067273925972,1.0,118,118,1.0,3384,3384,1.0,7,7,1.0,1.0,1.0,,,,,,,,,,,,,
cadets13,expanded,adaptive,reliability_chain,native,0.99,True,0,met,,,37161,37161,0.5000067273925972,0.5000067273925972,1.0,118,118,1.0,3384,3384,1.0,7,7,1.0,1.0,1.0,,,,,,,,,,,,,
cadets13,expanded,adaptive,reliability_chain,native,1.0,False,0,met,,,37161,37161,0.5000067273925972,0.5000067273925972,1.0,118,118,1.0,3384,3384,1.0,7,7,1.0,1.0,1.0,,,,,,,,,,,,,
cadets13,expanded,adaptive,reliability_chain,native,1.0,True,0,met,,,37161,37161,0.5000067273925972,0.5000067273925972,1.0,118,118,1.0,3384,3384,1.0,7,7,1.0,1.0,1.0,,,,,,,,,,,,,
cadets13,expanded,adaptive,reliability_chain,augmented,0.9,False,0,met,,,1024,1024,0.9862222999609811,0.9862222999609811,0.9661016949152542,114,118,0.9219858156028369,3120,3384,0.42857142857142855,3,7,1.0,1.0,1.0,,,,,,,,,,,,,
cadets13,expanded,adaptive,reliability_chain,augmented,0.9,True,0,met,,,37161,37161,0.5000067273925972,0.5000067273925972,1.0,118,118,1.0,3384,3384,1.0,7,7,1.0,1.0,1.0,,,,,,,,,,,,,
cadets13,expanded,adaptive,reliability_chain,augmented,0.95,False,0,met,,,14864,14864,0.8000080728711166,0.8000080728711166,0.9830508474576272,116,118,0.9609929078014184,3252,3384,0.7142857142857143,5,7,1.0,1.0,1.0,,,,,,,,,,,,,
cadets13,expanded,adaptive,reliability_chain,augmented,0.95,True,0,met,,,37161,37161,0.5000067273925972,0.5000067273925972,1.0,118,118,1.0,3384,3384,1.0,7,7,1.0,1.0,1.0,,,,,,,,,,,,,
cadets13,expanded,adaptive,reliability_chain,augmented,0.99,False,0,met,,,37161,37161,0.5000067273925972,0.5000067273925972,1.0,118,118,1.0,3384,3384,1.0,7,7,1.0,1.0,1.0,,,,,,,,,,,,,
cadets13,expanded,adaptive,reliability_chain,augmented,0.99,True,0,met,,,37161,37161,0.5000067273925972,0.5000067273925972,1.0,118,118,1.0,3384,3384,1.0,7,7,1.0,1.0,1.0,,,,,,,,,,,,,
cadets13,expanded,adaptive,reliability_chain,augmented,1.0,False,0,met,,,37161,37161,0.5000067273925972,0.5000067273925972,1.0,118,118,1.0,3384,3384,1.0,7,7,1.0,1.0,1.0,,,,,,,,,,,,,
cadets13,expanded,adaptive,reliability_chain,augmented,1.0,True,0,met,,,37161,37161,0.5000067273925972,0.5000067273925972,1.0,118,118,1.0,3384,3384,1.0,7,7,1.0,1.0,1.0,,,,,,,,,,,,,
fivedirections-case1,base,single,rarity_only,native,0.9,False,0,met,,,233128,233128,0.500001072369959,0.500001072369959,1.0,37,37,1.0,121,121,1.0,79,79,1.0,1.0,1.0,,,,,,,,,,,,,
fivedirections-case1,base,single,rarity_only,native,0.9,True,0,met,,,233128,233128,0.500001072369959,0.500001072369959,1.0,37,37,1.0,121,121,1.0,79,79,1.0,1.0,1.0,,,,,,,,,,,,,
fivedirections-case1,base,single,rarity_only,native,0.95,False,0,met,,,233128,233128,0.500001072369959,0.500001072369959,1.0,37,37,1.0,121,121,1.0,79,79,1.0,1.0,1.0,,,,,,,,,,,,,
fivedirections-case1,base,single,rarity_only,native,0.95,True,0,met,,,233128,233128,0.500001072369959,0.500001072369959,1.0,37,37,1.0,121,121,1.0,79,79,1.0,1.0,1.0,,,,,,,,,,,,,
fivedirections-case1,base,single,rarity_only,native,0.99,False,0,met,,,233128,233128,0.500001072369959,0.500001072369959,1.0,37,37,1.0,121,121,1.0,79,79,1.0,1.0,1.0,,,,,,,,,,,,,
fivedirections-case1,base,single,rarity_only,native,0.99,True,0,met,,,233128,233128,0.500001072369959,0.500001072369959,1.0,37,37,1.0,121,121,1.0,79,79,1.0,1.0,1.0,,,,,,,,,,,,,
fivedirections-case1,base,single,rarity_only,native,1.0,False,0,met,,,233128,233128,0.500001072369959,0.500001072369959,1.0,37,37,1.0,121,121,1.0,79,79,1.0,1.0,1.0,,,,,,,,,,,,,
fivedirections-case1,base,single,rarity_only,native,1.0,True,0,met,,,233128,233128,0.500001072369959,0.500001072369959,1.0,37,37,1.0,121,121,1.0,79,79,1.0,1.0,1.0,,,,,,,,,,,,,
fivedirections-case1,base,single,rarity_only,augmented,0.9,False,0,met,,,233128,233128,0.500001072369959,0.500001072369959,1.0,38,38,1.0,135,135,1.0,81,81,1.0,1.0,1.0,,,,,,,,,,,,,
fivedirections-case1,base,single,rarity_only,augmented,0.9,True,0,met,,,233128,233128,0.500001072369959,0.500001072369959,1.0,38,38,1.0,135,135,1.0,81,81,1.0,1.0,1.0,,,,,,,,,,,,,
fivedirections-case1,base,single,rarity_only,augmented,0.95,False,0,met,,,233128,233128,0.500001072369959,0.500001072369959,1.0,38,38,1.0,135,135,1.0,81,81,1.0,1.0,1.0,,,,,,,,,,,,,
fivedirections-case1,base,single,rarity_only,augmented,0.95,True,0,met,,,233128,233128,0.500001072369959,0.500001072369959,1.0,38,38,1.0,135,135,1.0,81,81,1.0,1.0,1.0,,,,,,,,,,,,,
fivedirections-case1,base,single,rarity_only,augmented,0.99,False,0,met,,,233128,233128,0.500001072369959,0.500001072369959,1.0,38,38,1.0,135,135,1.0,81,81,1.0,1.0,1.0,,,,,,,,,,,,,
fivedirections-case1,base,single,rarity_only,augmented,0.99,True,0,met,,,233128,233128,0.500001072369959,0.500001072369959,1.0,38,38,1.0,135,135,1.0,81,81,1.0,1.0,1.0,,,,,,,,,,,,,
fivedirections-case1,base,single,rarity_only,augmented,1.0,False,0,met,,,233128,233128,0.500001072369959,0.500001072369959,1.0,38,38,1.0,135,135,1.0,81,81,1.0,1.0,1.0,,,,,,,,,,,,,
fivedirections-case1,base,single,rarity_only,augmented,1.0,True,0,met,,,233128,233128,0.500001072369959,0.500001072369959,1.0,38,38,1.0,135,135,1.0,81,81,1.0,1.0,1.0,,,,,,,,,,,,,
fivedirections-case1,base,single,diffusion_only,native,0.9,False,0,met,,,466257,373521,0.19889460104620416,0.19889460104620416,1.0,37,37,1.0,121,121,1.0,79,79,1.0,1.0,1.0,,,,,,,,,,,,,
fivedirections-case1,base,single,diffusion_only,native,0.9,True,0,met,,,466257,373521,0.19889460104620416,0.19889460104620416,1.0,37,37,1.0,121,121,1.0,79,79,1.0,1.0,1.0,,,,,,,,,,,,,
fivedirections-case1,base,single,diffusion_only,native,0.95,False,0,met,,,466257,373521,0.19889460104620416,0.19889460104620416,1.0,37,37,1.0,121,121,1.0,79,79,1.0,1.0,1.0,,,,,,,,,,,,,
fivedirections-case1,base,single,diffusion_only,native,0.95,True,0,met,,,466257,373521,0.19889460104620416,0.19889460104620416,1.0,37,37,1.0,121,121,1.0,79,79,1.0,1.0,1.0,,,,,,,,,,,,,
fivedirections-case1,base,single,diffusion_only,native,0.99,False,0,met,,,466257,373521,0.19889460104620416,0.19889460104620416,1.0,37,37,1.0,121,121,1.0,79,79,1.0,1.0,1.0,,,,,,,,,,,,,
fivedirections-case1,base,single,diffusion_only,native,0.99,True,0,met,,,466257,373521,0.19889460104620416,0.19889460104620416,1.0,37,37,1.0,121,121,1.0,79,79,1.0,1.0,1.0,,,,,,,,,,,,,
fivedirections-case1,base,single,diffusion_only,native,1.0,False,0,met,,,466257,373521,0.19889460104620416,0.19889460104620416,1.0,37,37,1.0,121,121,1.0,79,79,1.0,1.0,1.0,,,,,,,,,,,,,
fivedirections-case1,base,single,diffusion_only,native,1.0,True,0,met,,,466257,373521,0.19889460104620416,0.19889460104620416,1.0,37,37,1.0,121,121,1.0,79,79,1.0,1.0,1.0,,,,,,,,,,,,,
fivedirections-case1,base,single,diffusion_only,augmented,0.9,False,0,met,,,466257,373521,0.19889460104620416,0.19889460104620416,1.0,38,38,1.0,135,135,1.0,81,81,1.0,1.0,1.0,,,,,,,,,,,,,
fivedirections-case1,base,single,diffusion_only,augmented,0.9,True,0,met,,,466257,373521,0.19889460104620416,0.19889460104620416,1.0,38,38,1.0,135,135,1.0,81,81,1.0,1.0,1.0,,,,,,,,,,,,,
fivedirections-case1,base,single,diffusion_only,augmented,0.95,False,0,met,,,466257,373521,0.19889460104620416,0.19889460104620416,1.0,38,38,1.0,135,135,1.0,81,81,1.0,1.0,1.0,,,,,,,,,,,,,
fivedirections-case1,base,single,diffusion_only,augmented,0.95,True,0,met,,,466257,373521,0.19889460104620416,0.19889460104620416,1.0,38,38,1.0,135,135,1.0,81,81,1.0,1.0,1.0,,,,,,,,,,,,,
fivedirections-case1,base,single,diffusion_only,augmented,0.99,False,0,met,,,466257,373521,0.19889460104620416,0.19889460104620416,1.0,38,38,1.0,135,135,1.0,81,81,1.0,1.0,1.0,,,,,,,,,,,,,
fivedirections-case1,base,single,diffusion_only,augmented,0.99,True,0,met,,,466257,373521,0.19889460104620416,0.19889460104620416,1.0,38,38,1.0,135,135,1.0,81,81,1.0,1.0,1.0,,,,,,,,,,,,,
fivedirections-case1,base,single,diffusion_only,augmented,1.0,False,0,met,,,466257,373521,0.19889460104620416,0.19889460104620416,1.0,38,38,1.0,135,135,1.0,81,81,1.0,1.0,1.0,,,,,,,,,,,,,
fivedirections-case1,base,single,diffusion_only,augmented,1.0,True,0,met,,,466257,373521,0.19889460104620416,0.19889460104620416,1.0,38,38,1.0,135,135,1.0,81,81,1.0,1.0,1.0,,,,,,,,,,,,,
fivedirections-case1,base,single,rasp,native,0.9,False,0,met,,,233128,233128,0.500001072369959,0.500001072369959,1.0,37,37,1.0,121,121,1.0,79,79,1.0,1.0,1.0,,,,,,,,,,,,,
fivedirections-case1,base,single,rasp,native,0.9,True,0,met,,,233128,233128,0.500001072369959,0.500001072369959,1.0,37,37,1.0,121,121,1.0,79,79,1.0,1.0,1.0,,,,,,,,,,,,,
fivedirections-case1,base,single,rasp,native,0.95,False,0,met,,,233128,233128,0.500001072369959,0.500001072369959,1.0,37,37,1.0,121,121,1.0,79,79,1.0,1.0,1.0,,,,,,,,,,,,,
fivedirections-case1,base,single,rasp,native,0.95,True,0,met,,,233128,233128,0.500001072369959,0.500001072369959,1.0,37,37,1.0,121,121,1.0,79,79,1.0,1.0,1.0,,,,,,,,,,,,,
fivedirections-case1,base,single,rasp,native,0.99,False,0,met,,,233128,233128,0.500001072369959,0.500001072369959,1.0,37,37,1.0,121,121,1.0,79,79,1.0,1.0,1.0,,,,,,,,,,,,,
fivedirections-case1,base,single,rasp,native,0.99,True,0,met,,,233128,233128,0.500001072369959,0.500001072369959,1.0,37,37,1.0,121,121,1.0,79,79,1.0,1.0,1.0,,,,,,,,,,,,,
fivedirections-case1,base,single,rasp,native,1.0,False,0,met,,,233128,233128,0.500001072369959,0.500001072369959,1.0,37,37,1.0,121,121,1.0,79,79,1.0,1.0,1.0,,,,,,,,,,,,,
fivedirections-case1,base,single,rasp,native,1.0,True,0,met,,,233128,233128,0.500001072369959,0.500001072369959,1.0,37,37,1.0,121,121,1.0,79,79,1.0,1.0,1.0,,,,,,,,,,,,,
fivedirections-case1,base,single,rasp,augmented,0.9,False,0,met,,,233128,233128,0.500001072369959,0.500001072369959,1.0,38,38,1.0,135,135,1.0,81,81,1.0,1.0,1.0,,,,,,,,,,,,,
fivedirections-case1,base,single,rasp,augmented,0.9,True,0,met,,,233128,233128,0.500001072369959,0.500001072369959,1.0,38,38,1.0,135,135,1.0,81,81,1.0,1.0,1.0,,,,,,,,,,,,,
fivedirections-case1,base,single,rasp,augmented,0.95,False,0,met,,,233128,233128,0.500001072369959,0.500001072369959,1.0,38,38,1.0,135,135,1.0,81,81,1.0,1.0,1.0,,,,,,,,,,,,,
fivedirections-case1,base,single,rasp,augmented,0.95,True,0,met,,,233128,233128,0.500001072369959,0.500001072369959,1.0,38,38,1.0,135,135,1.0,81,81,1.0,1.0,1.0,,,,,,,,,,,,,
fivedirections-case1,base,single,rasp,augmented,0.99,False,0,met,,,233128,233128,0.500001072369959,0.500001072369959,1.0,38,38,1.0,135,135,1.0,81,81,1.0,1.0,1.0,,,,,,,,,,,,,
fivedirections-case1,base,single,rasp,augmented,0.99,True,0,met,,,233128,233128,0.500001072369959,0.500001072369959,1.0,38,38,1.0,135,135,1.0,81,81,1.0,1.0,1.0,,,,,,,,,,,,,
fivedirections-case1,base,single,rasp,augmented,1.0,False,0,met,,,233128,233128,0.500001072369959,0.500001072369959,1.0,38,38,1.0,135,135,1.0,81,81,1.0,1.0,1.0,,,,,,,,,,,,,
fivedirections-case1,base,single,rasp,augmented,1.0,True,0,met,,,233128,233128,0.500001072369959,0.500001072369959,1.0,38,38,1.0,135,135,1.0,81,81,1.0,1.0,1.0,,,,,,,,,,,,,
fivedirections-case1,base,single,context_v1,native,0.9,False,0,met,,,233128,233128,0.500001072369959,0.500001072369959,0.918918918918919,34,37,0.9586776859504132,116,121,1.0,79,79,1.0,1.0,1.0,,,,,,,,,,,,,
fivedirections-case1,base,single,context_v1,native,0.9,True,0,met,,,233128,233128,0.500001072369959,0.500001072369959,0.918918918918919,34,37,0.9586776859504132,116,121,1.0,79,79,1.0,1.0,1.0,,,,,,,,,,,,,
fivedirections-case1,base,single,context_v1,native,0.95,False,0,met,,,466257,373521,0.19889460104620416,0.19889460104620416,1.0,37,37,1.0,121,121,1.0,79,79,1.0,1.0,1.0,,,,,,,,,,,,,
fivedirections-case1,base,single,context_v1,native,0.95,True,0,met,,,466257,373521,0.19889460104620416,0.19889460104620416,1.0,37,37,1.0,121,121,1.0,79,79,1.0,1.0,1.0,,,,,,,,,,,,,
fivedirections-case1,base,single,context_v1,native,0.99,False,0,met,,,466257,373521,0.19889460104620416,0.19889460104620416,1.0,37,37,1.0,121,121,1.0,79,79,1.0,1.0,1.0,,,,,,,,,,,,,
fivedirections-case1,base,single,context_v1,native,0.99,True,0,met,,,466257,373521,0.19889460104620416,0.19889460104620416,1.0,37,37,1.0,121,121,1.0,79,79,1.0,1.0,1.0,,,,,,,,,,,,,
fivedirections-case1,base,single,context_v1,native,1.0,False,0,met,,,466257,373521,0.19889460104620416,0.19889460104620416,1.0,37,37,1.0,121,121,1.0,79,79,1.0,1.0,1.0,,,,,,,,,,,,,
fivedirections-case1,base,single,context_v1,native,1.0,True,0,met,,,466257,373521,0.19889460104620416,0.19889460104620416,1.0,37,37,1.0,121,121,1.0,79,79,1.0,1.0,1.0,,,,,,,,,,,,,
fivedirections-case1,base,single,context_v1,augmented,0.9,False,0,met,,,233128,233128,0.500001072369959,0.500001072369959,0.9210526315789473,35,38,0.9555555555555556,129,135,1.0,81,81,1.0,1.0,1.0,,,,,,,,,,,,,
fivedirections-case1,base,single,context_v1,augmented,0.9,True,0,met,,,233128,233128,0.500001072369959,0.500001072369959,0.9210526315789473,35,38,0.9555555555555556,129,135,1.0,81,81,1.0,1.0,1.0,,,,,,,,,,,,,
fivedirections-case1,base,single,context_v1,augmented,0.95,False,0,met,,,466257,373521,0.19889460104620416,0.19889460104620416,1.0,38,38,1.0,135,135,1.0,81,81,1.0,1.0,1.0,,,,,,,,,,,,,
fivedirections-case1,base,single,context_v1,augmented,0.95,True,0,met,,,466257,373521,0.19889460104620416,0.19889460104620416,1.0,38,38,1.0,135,135,1.0,81,81,1.0,1.0,1.0,,,,,,,,,,,,,
fivedirections-case1,base,single,context_v1,augmented,0.99,False,0,met,,,466257,373521,0.19889460104620416,0.19889460104620416,1.0,38,38,1.0,135,135,1.0,81,81,1.0,1.0,1.0,,,,,,,,,,,,,
fivedirections-case1,base,single,context_v1,augmented,0.99,True,0,met,,,466257,373521,0.19889460104620416,0.19889460104620416,1.0,38,38,1.0,135,135,1.0,81,81,1.0,1.0,1.0,,,,,,,,,,,,,
fivedirections-case1,base,single,context_v1,augmented,1.0,False,0,met,,,466257,373521,0.19889460104620416,0.19889460104620416,1.0,38,38,1.0,135,135,1.0,81,81,1.0,1.0,1.0,,,,,,,,,,,,,
fivedirections-case1,base,single,context_v1,augmented,1.0,True,0,met,,,466257,373521,0.19889460104620416,0.19889460104620416,1.0,38,38,1.0,135,135,1.0,81,81,1.0,1.0,1.0,,,,,,,,,,,,,
fivedirections-case1,base,single,reliability,native,0.9,False,0,met,,,233128,233128,0.500001072369959,0.500001072369959,1.0,37,37,1.0,121,121,1.0,79,79,1.0,1.0,1.0,,,,,,,,,,,,,
fivedirections-case1,base,single,reliability,native,0.9,True,0,met,,,233128,233128,0.500001072369959,0.500001072369959,1.0,37,37,1.0,121,121,1.0,79,79,1.0,1.0,1.0,,,,,,,,,,,,,
fivedirections-case1,base,single,reliability,native,0.95,False,0,met,,,233128,233128,0.500001072369959,0.500001072369959,1.0,37,37,1.0,121,121,1.0,79,79,1.0,1.0,1.0,,,,,,,,,,,,,
fivedirections-case1,base,single,reliability,native,0.95,True,0,met,,,233128,233128,0.500001072369959,0.500001072369959,1.0,37,37,1.0,121,121,1.0,79,79,1.0,1.0,1.0,,,,,,,,,,,,,
fivedirections-case1,base,single,reliability,native,0.99,False,0,met,,,233128,233128,0.500001072369959,0.500001072369959,1.0,37,37,1.0,121,121,1.0,79,79,1.0,1.0,1.0,,,,,,,,,,,,,
fivedirections-case1,base,single,reliability,native,0.99,True,0,met,,,233128,233128,0.500001072369959,0.500001072369959,1.0,37,37,1.0,121,121,1.0,79,79,1.0,1.0,1.0,,,,,,,,,,,,,
fivedirections-case1,base,single,reliability,native,1.0,False,0,met,,,233128,233128,0.500001072369959,0.500001072369959,1.0,37,37,1.0,121,121,1.0,79,79,1.0,1.0,1.0,,,,,,,,,,,,,
fivedirections-case1,base,single,reliability,native,1.0,True,0,met,,,233128,233128,0.500001072369959,0.500001072369959,1.0,37,37,1.0,121,121,1.0,79,79,1.0,1.0,1.0,,,,,,,,,,,,,
fivedirections-case1,base,single,reliability,augmented,0.9,False,0,met,,,233128,233128,0.500001072369959,0.500001072369959,1.0,38,38,1.0,135,135,1.0,81,81,1.0,1.0,1.0,,,,,,,,,,,,,
fivedirections-case1,base,single,reliability,augmented,0.9,True,0,met,,,233128,233128,0.500001072369959,0.500001072369959,1.0,38,38,1.0,135,135,1.0,81,81,1.0,1.0,1.0,,,,,,,,,,,,,
fivedirections-case1,base,single,reliability,augmented,0.95,False,0,met,,,233128,233128,0.500001072369959,0.500001072369959,1.0,38,38,1.0,135,135,1.0,81,81,1.0,1.0,1.0,,,,,,,,,,,,,
fivedirections-case1,base,single,reliability,augmented,0.95,True,0,met,,,233128,233128,0.500001072369959,0.500001072369959,1.0,38,38,1.0,135,135,1.0,81,81,1.0,1.0,1.0,,,,,,,,,,,,,
fivedirections-case1,base,single,reliability,augmented,0.99,False,0,met,,,233128,233128,0.500001072369959,0.500001072369959,1.0,38,38,1.0,135,135,1.0,81,81,1.0,1.0,1.0,,,,,,,,,,,,,
fivedirections-case1,base,single,reliability,augmented,0.99,True,0,met,,,233128,233128,0.500001072369959,0.500001072369959,1.0,38,38,1.0,135,135,1.0,81,81,1.0,1.0,1.0,,,,,,,,,,,,,
fivedirections-case1,base,single,reliability,augmented,1.0,False,0,met,,,233128,233128,0.500001072369959,0.500001072369959,1.0,38,38,1.0,135,135,1.0,81,81,1.0,1.0,1.0,,,,,,,,,,,,,
fivedirections-case1,base,single,reliability,augmented,1.0,True,0,met,,,233128,233128,0.500001072369959,0.500001072369959,1.0,38,38,1.0,135,135,1.0,81,81,1.0,1.0,1.0,,,,,,,,,,,,,
fivedirections-case1,base,single,adaptive_v1,native,0.9,False,0,met,,,233128,233128,0.500001072369959,0.500001072369959,0.918918918918919,34,37,0.9586776859504132,116,121,1.0,79,79,1.0,1.0,1.0,,,,,,,,,,,,,
fivedirections-case1,base,single,adaptive_v1,native,0.9,True,0,met,,,233128,233128,0.500001072369959,0.500001072369959,0.918918918918919,34,37,0.9586776859504132,116,121,1.0,79,79,1.0,1.0,1.0,,,,,,,,,,,,,
fivedirections-case1,base,single,adaptive_v1,native,0.95,False,0,met,,,466257,373521,0.19889460104620416,0.19889460104620416,1.0,37,37,1.0,121,121,1.0,79,79,1.0,1.0,1.0,,,,,,,,,,,,,
fivedirections-case1,base,single,adaptive_v1,native,0.95,True,0,met,,,466257,373521,0.19889460104620416,0.19889460104620416,1.0,37,37,1.0,121,121,1.0,79,79,1.0,1.0,1.0,,,,,,,,,,,,,
fivedirections-case1,base,single,adaptive_v1,native,0.99,False,0,met,,,466257,373521,0.19889460104620416,0.19889460104620416,1.0,37,37,1.0,121,121,1.0,79,79,1.0,1.0,1.0,,,,,,,,,,,,,
fivedirections-case1,base,single,adaptive_v1,native,0.99,True,0,met,,,466257,373521,0.19889460104620416,0.19889460104620416,1.0,37,37,1.0,121,121,1.0,79,79,1.0,1.0,1.0,,,,,,,,,,,,,
fivedirections-case1,base,single,adaptive_v1,native,1.0,False,0,met,,,466257,373521,0.19889460104620416,0.19889460104620416,1.0,37,37,1.0,121,121,1.0,79,79,1.0,1.0,1.0,,,,,,,,,,,,,
fivedirections-case1,base,single,adaptive_v1,native,1.0,True,0,met,,,466257,373521,0.19889460104620416,0.19889460104620416,1.0,37,37,1.0,121,121,1.0,79,79,1.0,1.0,1.0,,,,,,,,,,,,,
fivedirections-case1,base,single,adaptive_v1,augmented,0.9,False,0,met,,,233128,233128,0.500001072369959,0.500001072369959,0.9210526315789473,35,38,0.9555555555555556,129,135,1.0,81,81,1.0,1.0,1.0,,,,,,,,,,,,,
fivedirections-case1,base,single,adaptive_v1,augmented,0.9,True,0,met,,,233128,233128,0.500001072369959,0.500001072369959,0.9210526315789473,35,38,0.9555555555555556,129,135,1.0,81,81,1.0,1.0,1.0,,,,,,,,,,,,,
fivedirections-case1,base,single,adaptive_v1,augmented,0.95,False,0,met,,,466257,373521,0.19889460104620416,0.19889460104620416,1.0,38,38,1.0,135,135,1.0,81,81,1.0,1.0,1.0,,,,,,,,,,,,,
fivedirections-case1,base,single,adaptive_v1,augmented,0.95,True,0,met,,,466257,373521,0.19889460104620416,0.19889460104620416,1.0,38,38,1.0,135,135,1.0,81,81,1.0,1.0,1.0,,,,,,,,,,,,,
fivedirections-case1,base,single,adaptive_v1,augmented,0.99,False,0,met,,,466257,373521,0.19889460104620416,0.19889460104620416,1.0,38,38,1.0,135,135,1.0,81,81,1.0,1.0,1.0,,,,,,,,,,,,,
fivedirections-case1,base,single,adaptive_v1,augmented,0.99,True,0,met,,,466257,373521,0.19889460104620416,0.19889460104620416,1.0,38,38,1.0,135,135,1.0,81,81,1.0,1.0,1.0,,,,,,,,,,,,,
fivedirections-case1,base,single,adaptive_v1,augmented,1.0,False,0,met,,,466257,373521,0.19889460104620416,0.19889460104620416,1.0,38,38,1.0,135,135,1.0,81,81,1.0,1.0,1.0,,,,,,,,,,,,,
fivedirections-case1,base,single,adaptive_v1,augmented,1.0,True,0,met,,,466257,373521,0.19889460104620416,0.19889460104620416,1.0,38,38,1.0,135,135,1.0,81,81,1.0,1.0,1.0,,,,,,,,,,,,,
fivedirections-case1,base,single,reliability_chain,native,0.9,False,0,met,,,233128,233128,0.500001072369959,0.500001072369959,1.0,37,37,1.0,121,121,1.0,79,79,1.0,1.0,1.0,,,,,,,,,,,,,
fivedirections-case1,base,single,reliability_chain,native,0.9,True,0,met,,,233128,233128,0.500001072369959,0.500001072369959,1.0,37,37,1.0,121,121,1.0,79,79,1.0,1.0,1.0,,,,,,,,,,,,,
fivedirections-case1,base,single,reliability_chain,native,0.95,False,0,met,,,233128,233128,0.500001072369959,0.500001072369959,1.0,37,37,1.0,121,121,1.0,79,79,1.0,1.0,1.0,,,,,,,,,,,,,
fivedirections-case1,base,single,reliability_chain,native,0.95,True,0,met,,,233128,233128,0.500001072369959,0.500001072369959,1.0,37,37,1.0,121,121,1.0,79,79,1.0,1.0,1.0,,,,,,,,,,,,,
fivedirections-case1,base,single,reliability_chain,native,0.99,False,0,met,,,233128,233128,0.500001072369959,0.500001072369959,1.0,37,37,1.0,121,121,1.0,79,79,1.0,1.0,1.0,,,,,,,,,,,,,
fivedirections-case1,base,single,reliability_chain,native,0.99,True,0,met,,,233128,233128,0.500001072369959,0.500001072369959,1.0,37,37,1.0,121,121,1.0,79,79,1.0,1.0,1.0,,,,,,,,,,,,,
fivedirections-case1,base,single,reliability_chain,native,1.0,False,0,met,,,233128,233128,0.500001072369959,0.500001072369959,1.0,37,37,1.0,121,121,1.0,79,79,1.0,1.0,1.0,,,,,,,,,,,,,
fivedirections-case1,base,single,reliability_chain,native,1.0,True,0,met,,,233128,233128,0.500001072369959,0.500001072369959,1.0,37,37,1.0,121,121,1.0,79,79,1.0,1.0,1.0,,,,,,,,,,,,,
fivedirections-case1,base,single,reliability_chain,augmented,0.9,False,0,met,,,233128,233128,0.500001072369959,0.500001072369959,1.0,38,38,1.0,135,135,1.0,81,81,1.0,1.0,1.0,,,,,,,,,,,,,
fivedirections-case1,base,single,reliability_chain,augmented,0.9,True,0,met,,,233128,233128,0.500001072369959,0.500001072369959,1.0,38,38,1.0,135,135,1.0,81,81,1.0,1.0,1.0,,,,,,,,,,,,,
fivedirections-case1,base,single,reliability_chain,augmented,0.95,False,0,met,,,233128,233128,0.500001072369959,0.500001072369959,1.0,38,38,1.0,135,135,1.0,81,81,1.0,1.0,1.0,,,,,,,,,,,,,
fivedirections-case1,base,single,reliability_chain,augmented,0.95,True,0,met,,,233128,233128,0.500001072369959,0.500001072369959,1.0,38,38,1.0,135,135,1.0,81,81,1.0,1.0,1.0,,,,,,,,,,,,,
fivedirections-case1,base,single,reliability_chain,augmented,0.99,False,0,met,,,233128,233128,0.500001072369959,0.500001072369959,1.0,38,38,1.0,135,135,1.0,81,81,1.0,1.0,1.0,,,,,,,,,,,,,
fivedirections-case1,base,single,reliability_chain,augmented,0.99,True,0,met,,,233128,233128,0.500001072369959,0.500001072369959,1.0,38,38,1.0,135,135,1.0,81,81,1.0,1.0,1.0,,,,,,,,,,,,,
fivedirections-case1,base,single,reliability_chain,augmented,1.0,False,0,met,,,233128,233128,0.500001072369959,0.500001072369959,1.0,38,38,1.0,135,135,1.0,81,81,1.0,1.0,1.0,,,,,,,,,,,,,
fivedirections-case1,base,single,reliability_chain,augmented,1.0,True,0,met,,,233128,233128,0.500001072369959,0.500001072369959,1.0,38,38,1.0,135,135,1.0,81,81,1.0,1.0,1.0,,,,,,,,,,,,,
fivedirections-case1,base,declared,rarity_only,native,0.9,False,0,met,,,233128,233128,0.500001072369959,0.500001072369959,1.0,37,37,1.0,121,121,1.0,79,79,1.0,1.0,1.0,,,,,,,,,,,,,
fivedirections-case1,base,declared,rarity_only,native,0.9,True,0,met,,,233128,233128,0.500001072369959,0.500001072369959,1.0,37,37,1.0,121,121,1.0,79,79,1.0,1.0,1.0,,,,,,,,,,,,,
fivedirections-case1,base,declared,rarity_only,native,0.95,False,0,met,,,233128,233128,0.500001072369959,0.500001072369959,1.0,37,37,1.0,121,121,1.0,79,79,1.0,1.0,1.0,,,,,,,,,,,,,
fivedirections-case1,base,declared,rarity_only,native,0.95,True,0,met,,,233128,233128,0.500001072369959,0.500001072369959,1.0,37,37,1.0,121,121,1.0,79,79,1.0,1.0,1.0,,,,,,,,,,,,,
fivedirections-case1,base,declared,rarity_only,native,0.99,False,0,met,,,233128,233128,0.500001072369959,0.500001072369959,1.0,37,37,1.0,121,121,1.0,79,79,1.0,1.0,1.0,,,,,,,,,,,,,
fivedirections-case1,base,declared,rarity_only,native,0.99,True,0,met,,,233128,233128,0.500001072369959,0.500001072369959,1.0,37,37,1.0,121,121,1.0,79,79,1.0,1.0,1.0,,,,,,,,,,,,,
fivedirections-case1,base,declared,rarity_only,native,1.0,False,0,met,,,233128,233128,0.500001072369959,0.500001072369959,1.0,37,37,1.0,121,121,1.0,79,79,1.0,1.0,1.0,,,,,,,,,,,,,
fivedirections-case1,base,declared,rarity_only,native,1.0,True,0,met,,,233128,233128,0.500001072369959,0.500001072369959,1.0,37,37,1.0,121,121,1.0,79,79,1.0,1.0,1.0,,,,,,,,,,,,,
fivedirections-case1,base,declared,rarity_only,augmented,0.9,False,0,met,,,233128,233128,0.500001072369959,0.500001072369959,1.0,38,38,1.0,135,135,1.0,81,81,1.0,1.0,1.0,,,,,,,,,,,,,
fivedirections-case1,base,declared,rarity_only,augmented,0.9,True,0,met,,,233128,233128,0.500001072369959,0.500001072369959,1.0,38,38,1.0,135,135,1.0,81,81,1.0,1.0,1.0,,,,,,,,,,,,,
fivedirections-case1,base,declared,rarity_only,augmented,0.95,False,0,met,,,233128,233128,0.500001072369959,0.500001072369959,1.0,38,38,1.0,135,135,1.0,81,81,1.0,1.0,1.0,,,,,,,,,,,,,
fivedirections-case1,base,declared,rarity_only,augmented,0.95,True,0,met,,,233128,233128,0.500001072369959,0.500001072369959,1.0,38,38,1.0,135,135,1.0,81,81,1.0,1.0,1.0,,,,,,,,,,,,,
fivedirections-case1,base,declared,rarity_only,augmented,0.99,False,0,met,,,233128,233128,0.500001072369959,0.500001072369959,1.0,38,38,1.0,135,135,1.0,81,81,1.0,1.0,1.0,,,,,,,,,,,,,
fivedirections-case1,base,declared,rarity_only,augmented,0.99,True,0,met,,,233128,233128,0.500001072369959,0.500001072369959,1.0,38,38,1.0,135,135,1.0,81,81,1.0,1.0,1.0,,,,,,,,,,,,,
fivedirections-case1,base,declared,rarity_only,augmented,1.0,False,0,met,,,233128,233128,0.500001072369959,0.500001072369959,1.0,38,38,1.0,135,135,1.0,81,81,1.0,1.0,1.0,,,,,,,,,,,,,
fivedirections-case1,base,declared,rarity_only,augmented,1.0,True,0,met,,,233128,233128,0.500001072369959,0.500001072369959,1.0,38,38,1.0,135,135,1.0,81,81,1.0,1.0,1.0,,,,,,,,,,,,,
fivedirections-case1,base,declared,diffusion_only,native,0.9,False,0,met,,,466257,373521,0.19889460104620416,0.19889460104620416,1.0,37,37,1.0,121,121,1.0,79,79,1.0,1.0,1.0,,,,,,,,,,,,,
fivedirections-case1,base,declared,diffusion_only,native,0.9,True,0,met,,,466257,373521,0.19889460104620416,0.19889460104620416,1.0,37,37,1.0,121,121,1.0,79,79,1.0,1.0,1.0,,,,,,,,,,,,,
fivedirections-case1,base,declared,diffusion_only,native,0.95,False,0,met,,,466257,373521,0.19889460104620416,0.19889460104620416,1.0,37,37,1.0,121,121,1.0,79,79,1.0,1.0,1.0,,,,,,,,,,,,,
fivedirections-case1,base,declared,diffusion_only,native,0.95,True,0,met,,,466257,373521,0.19889460104620416,0.19889460104620416,1.0,37,37,1.0,121,121,1.0,79,79,1.0,1.0,1.0,,,,,,,,,,,,,
fivedirections-case1,base,declared,diffusion_only,native,0.99,False,0,met,,,466257,373521,0.19889460104620416,0.19889460104620416,1.0,37,37,1.0,121,121,1.0,79,79,1.0,1.0,1.0,,,,,,,,,,,,,
fivedirections-case1,base,declared,diffusion_only,native,0.99,True,0,met,,,466257,373521,0.19889460104620416,0.19889460104620416,1.0,37,37,1.0,121,121,1.0,79,79,1.0,1.0,1.0,,,,,,,,,,,,,
fivedirections-case1,base,declared,diffusion_only,native,1.0,False,0,met,,,466257,373521,0.19889460104620416,0.19889460104620416,1.0,37,37,1.0,121,121,1.0,79,79,1.0,1.0,1.0,,,,,,,,,,,,,
fivedirections-case1,base,declared,diffusion_only,native,1.0,True,0,met,,,466257,373521,0.19889460104620416,0.19889460104620416,1.0,37,37,1.0,121,121,1.0,79,79,1.0,1.0,1.0,,,,,,,,,,,,,
fivedirections-case1,base,declared,diffusion_only,augmented,0.9,False,0,met,,,466257,373521,0.19889460104620416,0.19889460104620416,1.0,38,38,1.0,135,135,1.0,81,81,1.0,1.0,1.0,,,,,,,,,,,,,
fivedirections-case1,base,declared,diffusion_only,augmented,0.9,True,0,met,,,466257,373521,0.19889460104620416,0.19889460104620416,1.0,38,38,1.0,135,135,1.0,81,81,1.0,1.0,1.0,,,,,,,,,,,,,
fivedirections-case1,base,declared,diffusion_only,augmented,0.95,False,0,met,,,466257,373521,0.19889460104620416,0.19889460104620416,1.0,38,38,1.0,135,135,1.0,81,81,1.0,1.0,1.0,,,,,,,,,,,,,
fivedirections-case1,base,declared,diffusion_only,augmented,0.95,True,0,met,,,466257,373521,0.19889460104620416,0.19889460104620416,1.0,38,38,1.0,135,135,1.0,81,81,1.0,1.0,1.0,,,,,,,,,,,,,
fivedirections-case1,base,declared,diffusion_only,augmented,0.99,False,0,met,,,466257,373521,0.19889460104620416,0.19889460104620416,1.0,38,38,1.0,135,135,1.0,81,81,1.0,1.0,1.0,,,,,,,,,,,,,
fivedirections-case1,base,declared,diffusion_only,augmented,0.99,True,0,met,,,466257,373521,0.19889460104620416,0.19889460104620416,1.0,38,38,1.0,135,135,1.0,81,81,1.0,1.0,1.0,,,,,,,,,,,,,
fivedirections-case1,base,declared,diffusion_only,augmented,1.0,False,0,met,,,466257,373521,0.19889460104620416,0.19889460104620416,1.0,38,38,1.0,135,135,1.0,81,81,1.0,1.0,1.0,,,,,,,,,,,,,
fivedirections-case1,base,declared,diffusion_only,augmented,1.0,True,0,met,,,466257,373521,0.19889460104620416,0.19889460104620416,1.0,38,38,1.0,135,135,1.0,81,81,1.0,1.0,1.0,,,,,,,,,,,,,
fivedirections-case1,base,declared,rasp,native,0.9,False,0,met,,,233128,233128,0.500001072369959,0.500001072369959,1.0,37,37,1.0,121,121,1.0,79,79,1.0,1.0,1.0,,,,,,,,,,,,,
fivedirections-case1,base,declared,rasp,native,0.9,True,0,met,,,233128,233128,0.500001072369959,0.500001072369959,1.0,37,37,1.0,121,121,1.0,79,79,1.0,1.0,1.0,,,,,,,,,,,,,
fivedirections-case1,base,declared,rasp,native,0.95,False,0,met,,,233128,233128,0.500001072369959,0.500001072369959,1.0,37,37,1.0,121,121,1.0,79,79,1.0,1.0,1.0,,,,,,,,,,,,,
fivedirections-case1,base,declared,rasp,native,0.95,True,0,met,,,233128,233128,0.500001072369959,0.500001072369959,1.0,37,37,1.0,121,121,1.0,79,79,1.0,1.0,1.0,,,,,,,,,,,,,
fivedirections-case1,base,declared,rasp,native,0.99,False,0,met,,,233128,233128,0.500001072369959,0.500001072369959,1.0,37,37,1.0,121,121,1.0,79,79,1.0,1.0,1.0,,,,,,,,,,,,,
fivedirections-case1,base,declared,rasp,native,0.99,True,0,met,,,233128,233128,0.500001072369959,0.500001072369959,1.0,37,37,1.0,121,121,1.0,79,79,1.0,1.0,1.0,,,,,,,,,,,,,
fivedirections-case1,base,declared,rasp,native,1.0,False,0,met,,,233128,233128,0.500001072369959,0.500001072369959,1.0,37,37,1.0,121,121,1.0,79,79,1.0,1.0,1.0,,,,,,,,,,,,,
fivedirections-case1,base,declared,rasp,native,1.0,True,0,met,,,233128,233128,0.500001072369959,0.500001072369959,1.0,37,37,1.0,121,121,1.0,79,79,1.0,1.0,1.0,,,,,,,,,,,,,
fivedirections-case1,base,declared,rasp,augmented,0.9,False,0,met,,,233128,233128,0.500001072369959,0.500001072369959,1.0,38,38,1.0,135,135,1.0,81,81,1.0,1.0,1.0,,,,,,,,,,,,,
fivedirections-case1,base,declared,rasp,augmented,0.9,True,0,met,,,233128,233128,0.500001072369959,0.500001072369959,1.0,38,38,1.0,135,135,1.0,81,81,1.0,1.0,1.0,,,,,,,,,,,,,
fivedirections-case1,base,declared,rasp,augmented,0.95,False,0,met,,,233128,233128,0.500001072369959,0.500001072369959,1.0,38,38,1.0,135,135,1.0,81,81,1.0,1.0,1.0,,,,,,,,,,,,,
fivedirections-case1,base,declared,rasp,augmented,0.95,True,0,met,,,233128,233128,0.500001072369959,0.500001072369959,1.0,38,38,1.0,135,135,1.0,81,81,1.0,1.0,1.0,,,,,,,,,,,,,
fivedirections-case1,base,declared,rasp,augmented,0.99,False,0,met,,,233128,233128,0.500001072369959,0.500001072369959,1.0,38,38,1.0,135,135,1.0,81,81,1.0,1.0,1.0,,,,,,,,,,,,,
fivedirections-case1,base,declared,rasp,augmented,0.99,True,0,met,,,233128,233128,0.500001072369959,0.500001072369959,1.0,38,38,1.0,135,135,1.0,81,81,1.0,1.0,1.0,,,,,,,,,,,,,
fivedirections-case1,base,declared,rasp,augmented,1.0,False,0,met,,,233128,233128,0.500001072369959,0.500001072369959,1.0,38,38,1.0,135,135,1.0,81,81,1.0,1.0,1.0,,,,,,,,,,,,,
fivedirections-case1,base,declared,rasp,augmented,1.0,True,0,met,,,233128,233128,0.500001072369959,0.500001072369959,1.0,38,38,1.0,135,135,1.0,81,81,1.0,1.0,1.0,,,,,,,,,,,,,
fivedirections-case1,base,declared,context_v1,native,0.9,False,0,met,,,233128,233128,0.500001072369959,0.500001072369959,0.918918918918919,34,37,0.9586776859504132,116,121,1.0,79,79,1.0,1.0,1.0,,,,,,,,,,,,,
fivedirections-case1,base,declared,context_v1,native,0.9,True,0,met,,,233128,233128,0.500001072369959,0.500001072369959,0.918918918918919,34,37,0.9586776859504132,116,121,1.0,79,79,1.0,1.0,1.0,,,,,,,,,,,,,
fivedirections-case1,base,declared,context_v1,native,0.95,False,0,met,,,466257,373521,0.19889460104620416,0.19889460104620416,1.0,37,37,1.0,121,121,1.0,79,79,1.0,1.0,1.0,,,,,,,,,,,,,
fivedirections-case1,base,declared,context_v1,native,0.95,True,0,met,,,466257,373521,0.19889460104620416,0.19889460104620416,1.0,37,37,1.0,121,121,1.0,79,79,1.0,1.0,1.0,,,,,,,,,,,,,
fivedirections-case1,base,declared,context_v1,native,0.99,False,0,met,,,466257,373521,0.19889460104620416,0.19889460104620416,1.0,37,37,1.0,121,121,1.0,79,79,1.0,1.0,1.0,,,,,,,,,,,,,
fivedirections-case1,base,declared,context_v1,native,0.99,True,0,met,,,466257,373521,0.19889460104620416,0.19889460104620416,1.0,37,37,1.0,121,121,1.0,79,79,1.0,1.0,1.0,,,,,,,,,,,,,
fivedirections-case1,base,declared,context_v1,native,1.0,False,0,met,,,466257,373521,0.19889460104620416,0.19889460104620416,1.0,37,37,1.0,121,121,1.0,79,79,1.0,1.0,1.0,,,,,,,,,,,,,
fivedirections-case1,base,declared,context_v1,native,1.0,True,0,met,,,466257,373521,0.19889460104620416,0.19889460104620416,1.0,37,37,1.0,121,121,1.0,79,79,1.0,1.0,1.0,,,,,,,,,,,,,
fivedirections-case1,base,declared,context_v1,augmented,0.9,False,0,met,,,233128,233128,0.500001072369959,0.500001072369959,0.9210526315789473,35,38,0.9555555555555556,129,135,1.0,81,81,1.0,1.0,1.0,,,,,,,,,,,,,
fivedirections-case1,base,declared,context_v1,augmented,0.9,True,0,met,,,233128,233128,0.500001072369959,0.500001072369959,0.9210526315789473,35,38,0.9555555555555556,129,135,1.0,81,81,1.0,1.0,1.0,,,,,,,,,,,,,
fivedirections-case1,base,declared,context_v1,augmented,0.95,False,0,met,,,466257,373521,0.19889460104620416,0.19889460104620416,1.0,38,38,1.0,135,135,1.0,81,81,1.0,1.0,1.0,,,,,,,,,,,,,
fivedirections-case1,base,declared,context_v1,augmented,0.95,True,0,met,,,466257,373521,0.19889460104620416,0.19889460104620416,1.0,38,38,1.0,135,135,1.0,81,81,1.0,1.0,1.0,,,,,,,,,,,,,
fivedirections-case1,base,declared,context_v1,augmented,0.99,False,0,met,,,466257,373521,0.19889460104620416,0.19889460104620416,1.0,38,38,1.0,135,135,1.0,81,81,1.0,1.0,1.0,,,,,,,,,,,,,
fivedirections-case1,base,declared,context_v1,augmented,0.99,True,0,met,,,466257,373521,0.19889460104620416,0.19889460104620416,1.0,38,38,1.0,135,135,1.0,81,81,1.0,1.0,1.0,,,,,,,,,,,,,
fivedirections-case1,base,declared,context_v1,augmented,1.0,False,0,met,,,466257,373521,0.19889460104620416,0.19889460104620416,1.0,38,38,1.0,135,135,1.0,81,81,1.0,1.0,1.0,,,,,,,,,,,,,
fivedirections-case1,base,declared,context_v1,augmented,1.0,True,0,met,,,466257,373521,0.19889460104620416,0.19889460104620416,1.0,38,38,1.0,135,135,1.0,81,81,1.0,1.0,1.0,,,,,,,,,,,,,
fivedirections-case1,base,declared,reliability,native,0.9,False,0,met,,,233128,233128,0.500001072369959,0.500001072369959,1.0,37,37,1.0,121,121,1.0,79,79,1.0,1.0,1.0,,,,,,,,,,,,,
fivedirections-case1,base,declared,reliability,native,0.9,True,0,met,,,233128,233128,0.500001072369959,0.500001072369959,1.0,37,37,1.0,121,121,1.0,79,79,1.0,1.0,1.0,,,,,,,,,,,,,
fivedirections-case1,base,declared,reliability,native,0.95,False,0,met,,,233128,233128,0.500001072369959,0.500001072369959,1.0,37,37,1.0,121,121,1.0,79,79,1.0,1.0,1.0,,,,,,,,,,,,,
fivedirections-case1,base,declared,reliability,native,0.95,True,0,met,,,233128,233128,0.500001072369959,0.500001072369959,1.0,37,37,1.0,121,121,1.0,79,79,1.0,1.0,1.0,,,,,,,,,,,,,
fivedirections-case1,base,declared,reliability,native,0.99,False,0,met,,,233128,233128,0.500001072369959,0.500001072369959,1.0,37,37,1.0,121,121,1.0,79,79,1.0,1.0,1.0,,,,,,,,,,,,,
fivedirections-case1,base,declared,reliability,native,0.99,True,0,met,,,233128,233128,0.500001072369959,0.500001072369959,1.0,37,37,1.0,121,121,1.0,79,79,1.0,1.0,1.0,,,,,,,,,,,,,
fivedirections-case1,base,declared,reliability,native,1.0,False,0,met,,,233128,233128,0.500001072369959,0.500001072369959,1.0,37,37,1.0,121,121,1.0,79,79,1.0,1.0,1.0,,,,,,,,,,,,,
fivedirections-case1,base,declared,reliability,native,1.0,True,0,met,,,233128,233128,0.500001072369959,0.500001072369959,1.0,37,37,1.0,121,121,1.0,79,79,1.0,1.0,1.0,,,,,,,,,,,,,
fivedirections-case1,base,declared,reliability,augmented,0.9,False,0,met,,,233128,233128,0.500001072369959,0.500001072369959,1.0,38,38,1.0,135,135,1.0,81,81,1.0,1.0,1.0,,,,,,,,,,,,,
fivedirections-case1,base,declared,reliability,augmented,0.9,True,0,met,,,233128,233128,0.500001072369959,0.500001072369959,1.0,38,38,1.0,135,135,1.0,81,81,1.0,1.0,1.0,,,,,,,,,,,,,
fivedirections-case1,base,declared,reliability,augmented,0.95,False,0,met,,,233128,233128,0.500001072369959,0.500001072369959,1.0,38,38,1.0,135,135,1.0,81,81,1.0,1.0,1.0,,,,,,,,,,,,,
fivedirections-case1,base,declared,reliability,augmented,0.95,True,0,met,,,233128,233128,0.500001072369959,0.500001072369959,1.0,38,38,1.0,135,135,1.0,81,81,1.0,1.0,1.0,,,,,,,,,,,,,
fivedirections-case1,base,declared,reliability,augmented,0.99,False,0,met,,,233128,233128,0.500001072369959,0.500001072369959,1.0,38,38,1.0,135,135,1.0,81,81,1.0,1.0,1.0,,,,,,,,,,,,,
fivedirections-case1,base,declared,reliability,augmented,0.99,True,0,met,,,233128,233128,0.500001072369959,0.500001072369959,1.0,38,38,1.0,135,135,1.0,81,81,1.0,1.0,1.0,,,,,,,,,,,,,
fivedirections-case1,base,declared,reliability,augmented,1.0,False,0,met,,,233128,233128,0.500001072369959,0.500001072369959,1.0,38,38,1.0,135,135,1.0,81,81,1.0,1.0,1.0,,,,,,,,,,,,,
fivedirections-case1,base,declared,reliability,augmented,1.0,True,0,met,,,233128,233128,0.500001072369959,0.500001072369959,1.0,38,38,1.0,135,135,1.0,81,81,1.0,1.0,1.0,,,,,,,,,,,,,
fivedirections-case1,base,declared,adaptive_v1,native,0.9,False,0,met,,,233128,233128,0.500001072369959,0.500001072369959,0.918918918918919,34,37,0.9586776859504132,116,121,1.0,79,79,1.0,1.0,1.0,,,,,,,,,,,,,
fivedirections-case1,base,declared,adaptive_v1,native,0.9,True,0,met,,,233128,233128,0.500001072369959,0.500001072369959,0.918918918918919,34,37,0.9586776859504132,116,121,1.0,79,79,1.0,1.0,1.0,,,,,,,,,,,,,
fivedirections-case1,base,declared,adaptive_v1,native,0.95,False,0,met,,,466257,373521,0.19889460104620416,0.19889460104620416,1.0,37,37,1.0,121,121,1.0,79,79,1.0,1.0,1.0,,,,,,,,,,,,,
fivedirections-case1,base,declared,adaptive_v1,native,0.95,True,0,met,,,466257,373521,0.19889460104620416,0.19889460104620416,1.0,37,37,1.0,121,121,1.0,79,79,1.0,1.0,1.0,,,,,,,,,,,,,
fivedirections-case1,base,declared,adaptive_v1,native,0.99,False,0,met,,,466257,373521,0.19889460104620416,0.19889460104620416,1.0,37,37,1.0,121,121,1.0,79,79,1.0,1.0,1.0,,,,,,,,,,,,,
fivedirections-case1,base,declared,adaptive_v1,native,0.99,True,0,met,,,466257,373521,0.19889460104620416,0.19889460104620416,1.0,37,37,1.0,121,121,1.0,79,79,1.0,1.0,1.0,,,,,,,,,,,,,
fivedirections-case1,base,declared,adaptive_v1,native,1.0,False,0,met,,,466257,373521,0.19889460104620416,0.19889460104620416,1.0,37,37,1.0,121,121,1.0,79,79,1.0,1.0,1.0,,,,,,,,,,,,,
fivedirections-case1,base,declared,adaptive_v1,native,1.0,True,0,met,,,466257,373521,0.19889460104620416,0.19889460104620416,1.0,37,37,1.0,121,121,1.0,79,79,1.0,1.0,1.0,,,,,,,,,,,,,
fivedirections-case1,base,declared,adaptive_v1,augmented,0.9,False,0,met,,,233128,233128,0.500001072369959,0.500001072369959,0.9210526315789473,35,38,0.9555555555555556,129,135,1.0,81,81,1.0,1.0,1.0,,,,,,,,,,,,,
fivedirections-case1,base,declared,adaptive_v1,augmented,0.9,True,0,met,,,233128,233128,0.500001072369959,0.500001072369959,0.9210526315789473,35,38,0.9555555555555556,129,135,1.0,81,81,1.0,1.0,1.0,,,,,,,,,,,,,
fivedirections-case1,base,declared,adaptive_v1,augmented,0.95,False,0,met,,,466257,373521,0.19889460104620416,0.19889460104620416,1.0,38,38,1.0,135,135,1.0,81,81,1.0,1.0,1.0,,,,,,,,,,,,,
fivedirections-case1,base,declared,adaptive_v1,augmented,0.95,True,0,met,,,466257,373521,0.19889460104620416,0.19889460104620416,1.0,38,38,1.0,135,135,1.0,81,81,1.0,1.0,1.0,,,,,,,,,,,,,
fivedirections-case1,base,declared,adaptive_v1,augmented,0.99,False,0,met,,,466257,373521,0.19889460104620416,0.19889460104620416,1.0,38,38,1.0,135,135,1.0,81,81,1.0,1.0,1.0,,,,,,,,,,,,,
fivedirections-case1,base,declared,adaptive_v1,augmented,0.99,True,0,met,,,466257,373521,0.19889460104620416,0.19889460104620416,1.0,38,38,1.0,135,135,1.0,81,81,1.0,1.0,1.0,,,,,,,,,,,,,
fivedirections-case1,base,declared,adaptive_v1,augmented,1.0,False,0,met,,,466257,373521,0.19889460104620416,0.19889460104620416,1.0,38,38,1.0,135,135,1.0,81,81,1.0,1.0,1.0,,,,,,,,,,,,,
fivedirections-case1,base,declared,adaptive_v1,augmented,1.0,True,0,met,,,466257,373521,0.19889460104620416,0.19889460104620416,1.0,38,38,1.0,135,135,1.0,81,81,1.0,1.0,1.0,,,,,,,,,,,,,
fivedirections-case1,base,declared,reliability_chain,native,0.9,False,0,met,,,233128,233128,0.500001072369959,0.500001072369959,1.0,37,37,1.0,121,121,1.0,79,79,1.0,1.0,1.0,,,,,,,,,,,,,
fivedirections-case1,base,declared,reliability_chain,native,0.9,True,0,met,,,233128,233128,0.500001072369959,0.500001072369959,1.0,37,37,1.0,121,121,1.0,79,79,1.0,1.0,1.0,,,,,,,,,,,,,
fivedirections-case1,base,declared,reliability_chain,native,0.95,False,0,met,,,233128,233128,0.500001072369959,0.500001072369959,1.0,37,37,1.0,121,121,1.0,79,79,1.0,1.0,1.0,,,,,,,,,,,,,
fivedirections-case1,base,declared,reliability_chain,native,0.95,True,0,met,,,233128,233128,0.500001072369959,0.500001072369959,1.0,37,37,1.0,121,121,1.0,79,79,1.0,1.0,1.0,,,,,,,,,,,,,
fivedirections-case1,base,declared,reliability_chain,native,0.99,False,0,met,,,233128,233128,0.500001072369959,0.500001072369959,1.0,37,37,1.0,121,121,1.0,79,79,1.0,1.0,1.0,,,,,,,,,,,,,
fivedirections-case1,base,declared,reliability_chain,native,0.99,True,0,met,,,233128,233128,0.500001072369959,0.500001072369959,1.0,37,37,1.0,121,121,1.0,79,79,1.0,1.0,1.0,,,,,,,,,,,,,
fivedirections-case1,base,declared,reliability_chain,native,1.0,False,0,met,,,233128,233128,0.500001072369959,0.500001072369959,1.0,37,37,1.0,121,121,1.0,79,79,1.0,1.0,1.0,,,,,,,,,,,,,
fivedirections-case1,base,declared,reliability_chain,native,1.0,True,0,met,,,233128,233128,0.500001072369959,0.500001072369959,1.0,37,37,1.0,121,121,1.0,79,79,1.0,1.0,1.0,,,,,,,,,,,,,
fivedirections-case1,base,declared,reliability_chain,augmented,0.9,False,0,met,,,233128,233128,0.500001072369959,0.500001072369959,1.0,38,38,1.0,135,135,1.0,81,81,1.0,1.0,1.0,,,,,,,,,,,,,
fivedirections-case1,base,declared,reliability_chain,augmented,0.9,True,0,met,,,233128,233128,0.500001072369959,0.500001072369959,1.0,38,38,1.0,135,135,1.0,81,81,1.0,1.0,1.0,,,,,,,,,,,,,
fivedirections-case1,base,declared,reliability_chain,augmented,0.95,False,0,met,,,233128,233128,0.500001072369959,0.500001072369959,1.0,38,38,1.0,135,135,1.0,81,81,1.0,1.0,1.0,,,,,,,,,,,,,
fivedirections-case1,base,declared,reliability_chain,augmented,0.95,True,0,met,,,233128,233128,0.500001072369959,0.500001072369959,1.0,38,38,1.0,135,135,1.0,81,81,1.0,1.0,1.0,,,,,,,,,,,,,
fivedirections-case1,base,declared,reliability_chain,augmented,0.99,False,0,met,,,233128,233128,0.500001072369959,0.500001072369959,1.0,38,38,1.0,135,135,1.0,81,81,1.0,1.0,1.0,,,,,,,,,,,,,
fivedirections-case1,base,declared,reliability_chain,augmented,0.99,True,0,met,,,233128,233128,0.500001072369959,0.500001072369959,1.0,38,38,1.0,135,135,1.0,81,81,1.0,1.0,1.0,,,,,,,,,,,,,
fivedirections-case1,base,declared,reliability_chain,augmented,1.0,False,0,met,,,233128,233128,0.500001072369959,0.500001072369959,1.0,38,38,1.0,135,135,1.0,81,81,1.0,1.0,1.0,,,,,,,,,,,,,
fivedirections-case1,base,declared,reliability_chain,augmented,1.0,True,0,met,,,233128,233128,0.500001072369959,0.500001072369959,1.0,38,38,1.0,135,135,1.0,81,81,1.0,1.0,1.0,,,,,,,,,,,,,
fivedirections-case1,base,adaptive,rarity_only,native,0.9,False,0,met,,,233128,233128,0.500001072369959,0.500001072369959,1.0,37,37,1.0,121,121,1.0,79,79,1.0,1.0,1.0,,,,,,,,,,,,,
fivedirections-case1,base,adaptive,rarity_only,native,0.9,True,0,met,,,233128,233128,0.500001072369959,0.500001072369959,1.0,37,37,1.0,121,121,1.0,79,79,1.0,1.0,1.0,,,,,,,,,,,,,
fivedirections-case1,base,adaptive,rarity_only,native,0.95,False,0,met,,,233128,233128,0.500001072369959,0.500001072369959,1.0,37,37,1.0,121,121,1.0,79,79,1.0,1.0,1.0,,,,,,,,,,,,,
fivedirections-case1,base,adaptive,rarity_only,native,0.95,True,0,met,,,233128,233128,0.500001072369959,0.500001072369959,1.0,37,37,1.0,121,121,1.0,79,79,1.0,1.0,1.0,,,,,,,,,,,,,
fivedirections-case1,base,adaptive,rarity_only,native,0.99,False,0,met,,,233128,233128,0.500001072369959,0.500001072369959,1.0,37,37,1.0,121,121,1.0,79,79,1.0,1.0,1.0,,,,,,,,,,,,,
fivedirections-case1,base,adaptive,rarity_only,native,0.99,True,0,met,,,233128,233128,0.500001072369959,0.500001072369959,1.0,37,37,1.0,121,121,1.0,79,79,1.0,1.0,1.0,,,,,,,,,,,,,
fivedirections-case1,base,adaptive,rarity_only,native,1.0,False,0,met,,,233128,233128,0.500001072369959,0.500001072369959,1.0,37,37,1.0,121,121,1.0,79,79,1.0,1.0,1.0,,,,,,,,,,,,,
fivedirections-case1,base,adaptive,rarity_only,native,1.0,True,0,met,,,233128,233128,0.500001072369959,0.500001072369959,1.0,37,37,1.0,121,121,1.0,79,79,1.0,1.0,1.0,,,,,,,,,,,,,
fivedirections-case1,base,adaptive,rarity_only,augmented,0.9,False,0,met,,,233128,233128,0.500001072369959,0.500001072369959,1.0,38,38,1.0,135,135,1.0,81,81,1.0,1.0,1.0,,,,,,,,,,,,,
fivedirections-case1,base,adaptive,rarity_only,augmented,0.9,True,0,met,,,233128,233128,0.500001072369959,0.500001072369959,1.0,38,38,1.0,135,135,1.0,81,81,1.0,1.0,1.0,,,,,,,,,,,,,
fivedirections-case1,base,adaptive,rarity_only,augmented,0.95,False,0,met,,,233128,233128,0.500001072369959,0.500001072369959,1.0,38,38,1.0,135,135,1.0,81,81,1.0,1.0,1.0,,,,,,,,,,,,,
fivedirections-case1,base,adaptive,rarity_only,augmented,0.95,True,0,met,,,233128,233128,0.500001072369959,0.500001072369959,1.0,38,38,1.0,135,135,1.0,81,81,1.0,1.0,1.0,,,,,,,,,,,,,
fivedirections-case1,base,adaptive,rarity_only,augmented,0.99,False,0,met,,,233128,233128,0.500001072369959,0.500001072369959,1.0,38,38,1.0,135,135,1.0,81,81,1.0,1.0,1.0,,,,,,,,,,,,,
fivedirections-case1,base,adaptive,rarity_only,augmented,0.99,True,0,met,,,233128,233128,0.500001072369959,0.500001072369959,1.0,38,38,1.0,135,135,1.0,81,81,1.0,1.0,1.0,,,,,,,,,,,,,
fivedirections-case1,base,adaptive,rarity_only,augmented,1.0,False,0,met,,,233128,233128,0.500001072369959,0.500001072369959,1.0,38,38,1.0,135,135,1.0,81,81,1.0,1.0,1.0,,,,,,,,,,,,,
fivedirections-case1,base,adaptive,rarity_only,augmented,1.0,True,0,met,,,233128,233128,0.500001072369959,0.500001072369959,1.0,38,38,1.0,135,135,1.0,81,81,1.0,1.0,1.0,,,,,,,,,,,,,
fivedirections-case1,base,adaptive,diffusion_only,native,0.9,False,0,met,,,466257,375067,0.1955788331328001,0.1955788331328001,1.0,37,37,1.0,121,121,1.0,79,79,1.0,1.0,1.0,,,,,,,,,,,,,
fivedirections-case1,base,adaptive,diffusion_only,native,0.9,True,0,met,,,466257,375067,0.1955788331328001,0.1955788331328001,1.0,37,37,1.0,121,121,1.0,79,79,1.0,1.0,1.0,,,,,,,,,,,,,
fivedirections-case1,base,adaptive,diffusion_only,native,0.95,False,0,met,,,466257,375067,0.1955788331328001,0.1955788331328001,1.0,37,37,1.0,121,121,1.0,79,79,1.0,1.0,1.0,,,,,,,,,,,,,
fivedirections-case1,base,adaptive,diffusion_only,native,0.95,True,0,met,,,466257,375067,0.1955788331328001,0.1955788331328001,1.0,37,37,1.0,121,121,1.0,79,79,1.0,1.0,1.0,,,,,,,,,,,,,
fivedirections-case1,base,adaptive,diffusion_only,native,0.99,False,0,met,,,466257,375067,0.1955788331328001,0.1955788331328001,1.0,37,37,1.0,121,121,1.0,79,79,1.0,1.0,1.0,,,,,,,,,,,,,
fivedirections-case1,base,adaptive,diffusion_only,native,0.99,True,0,met,,,466257,375067,0.1955788331328001,0.1955788331328001,1.0,37,37,1.0,121,121,1.0,79,79,1.0,1.0,1.0,,,,,,,,,,,,,
fivedirections-case1,base,adaptive,diffusion_only,native,1.0,False,0,met,,,466257,375067,0.1955788331328001,0.1955788331328001,1.0,37,37,1.0,121,121,1.0,79,79,1.0,1.0,1.0,,,,,,,,,,,,,
fivedirections-case1,base,adaptive,diffusion_only,native,1.0,True,0,met,,,466257,375067,0.1955788331328001,0.1955788331328001,1.0,37,37,1.0,121,121,1.0,79,79,1.0,1.0,1.0,,,,,,,,,,,,,
fivedirections-case1,base,adaptive,diffusion_only,augmented,0.9,False,0,met,,,466257,375067,0.1955788331328001,0.1955788331328001,1.0,38,38,1.0,135,135,1.0,81,81,1.0,1.0,1.0,,,,,,,,,,,,,
fivedirections-case1,base,adaptive,diffusion_only,augmented,0.9,True,0,met,,,466257,375067,0.1955788331328001,0.1955788331328001,1.0,38,38,1.0,135,135,1.0,81,81,1.0,1.0,1.0,,,,,,,,,,,,,
fivedirections-case1,base,adaptive,diffusion_only,augmented,0.95,False,0,met,,,466257,375067,0.1955788331328001,0.1955788331328001,1.0,38,38,1.0,135,135,1.0,81,81,1.0,1.0,1.0,,,,,,,,,,,,,
fivedirections-case1,base,adaptive,diffusion_only,augmented,0.95,True,0,met,,,466257,375067,0.1955788331328001,0.1955788331328001,1.0,38,38,1.0,135,135,1.0,81,81,1.0,1.0,1.0,,,,,,,,,,,,,
fivedirections-case1,base,adaptive,diffusion_only,augmented,0.99,False,0,met,,,466257,375067,0.1955788331328001,0.1955788331328001,1.0,38,38,1.0,135,135,1.0,81,81,1.0,1.0,1.0,,,,,,,,,,,,,
fivedirections-case1,base,adaptive,diffusion_only,augmented,0.99,True,0,met,,,466257,375067,0.1955788331328001,0.1955788331328001,1.0,38,38,1.0,135,135,1.0,81,81,1.0,1.0,1.0,,,,,,,,,,,,,
fivedirections-case1,base,adaptive,diffusion_only,augmented,1.0,False,0,met,,,466257,375067,0.1955788331328001,0.1955788331328001,1.0,38,38,1.0,135,135,1.0,81,81,1.0,1.0,1.0,,,,,,,,,,,,,
fivedirections-case1,base,adaptive,diffusion_only,augmented,1.0,True,0,met,,,466257,375067,0.1955788331328001,0.1955788331328001,1.0,38,38,1.0,135,135,1.0,81,81,1.0,1.0,1.0,,,,,,,,,,,,,
fivedirections-case1,base,adaptive,rasp,native,0.9,False,0,met,,,466257,375067,0.1955788331328001,0.1955788331328001,1.0,37,37,1.0,121,121,1.0,79,79,1.0,1.0,1.0,,,,,,,,,,,,,
fivedirections-case1,base,adaptive,rasp,native,0.9,True,0,met,,,466257,375067,0.1955788331328001,0.1955788331328001,1.0,37,37,1.0,121,121,1.0,79,79,1.0,1.0,1.0,,,,,,,,,,,,,
fivedirections-case1,base,adaptive,rasp,native,0.95,False,0,met,,,466257,375067,0.1955788331328001,0.1955788331328001,1.0,37,37,1.0,121,121,1.0,79,79,1.0,1.0,1.0,,,,,,,,,,,,,
fivedirections-case1,base,adaptive,rasp,native,0.95,True,0,met,,,466257,375067,0.1955788331328001,0.1955788331328001,1.0,37,37,1.0,121,121,1.0,79,79,1.0,1.0,1.0,,,,,,,,,,,,,
fivedirections-case1,base,adaptive,rasp,native,0.99,False,0,met,,,466257,375067,0.1955788331328001,0.1955788331328001,1.0,37,37,1.0,121,121,1.0,79,79,1.0,1.0,1.0,,,,,,,,,,,,,
fivedirections-case1,base,adaptive,rasp,native,0.99,True,0,met,,,466257,375067,0.1955788331328001,0.1955788331328001,1.0,37,37,1.0,121,121,1.0,79,79,1.0,1.0,1.0,,,,,,,,,,,,,
fivedirections-case1,base,adaptive,rasp,native,1.0,False,0,met,,,466257,375067,0.1955788331328001,0.1955788331328001,1.0,37,37,1.0,121,121,1.0,79,79,1.0,1.0,1.0,,,,,,,,,,,,,
fivedirections-case1,base,adaptive,rasp,native,1.0,True,0,met,,,466257,375067,0.1955788331328001,0.1955788331328001,1.0,37,37,1.0,121,121,1.0,79,79,1.0,1.0,1.0,,,,,,,,,,,,,
fivedirections-case1,base,adaptive,rasp,augmented,0.9,False,0,met,,,466257,375067,0.1955788331328001,0.1955788331328001,1.0,38,38,1.0,135,135,1.0,81,81,1.0,1.0,1.0,,,,,,,,,,,,,
fivedirections-case1,base,adaptive,rasp,augmented,0.9,True,0,met,,,466257,375067,0.1955788331328001,0.1955788331328001,1.0,38,38,1.0,135,135,1.0,81,81,1.0,1.0,1.0,,,,,,,,,,,,,
fivedirections-case1,base,adaptive,rasp,augmented,0.95,False,0,met,,,466257,375067,0.1955788331328001,0.1955788331328001,1.0,38,38,1.0,135,135,1.0,81,81,1.0,1.0,1.0,,,,,,,,,,,,,
fivedirections-case1,base,adaptive,rasp,augmented,0.95,True,0,met,,,466257,375067,0.1955788331328001,0.1955788331328001,1.0,38,38,1.0,135,135,1.0,81,81,1.0,1.0,1.0,,,,,,,,,,,,,
fivedirections-case1,base,adaptive,rasp,augmented,0.99,False,0,met,,,466257,375067,0.1955788331328001,0.1955788331328001,1.0,38,38,1.0,135,135,1.0,81,81,1.0,1.0,1.0,,,,,,,,,,,,,
fivedirections-case1,base,adaptive,rasp,augmented,0.99,True,0,met,,,466257,375067,0.1955788331328001,0.1955788331328001,1.0,38,38,1.0,135,135,1.0,81,81,1.0,1.0,1.0,,,,,,,,,,,,,
fivedirections-case1,base,adaptive,rasp,augmented,1.0,False,0,met,,,466257,375067,0.1955788331328001,0.1955788331328001,1.0,38,38,1.0,135,135,1.0,81,81,1.0,1.0,1.0,,,,,,,,,,,,,
fivedirections-case1,base,adaptive,rasp,augmented,1.0,True,0,met,,,466257,375067,0.1955788331328001,0.1955788331328001,1.0,38,38,1.0,135,135,1.0,81,81,1.0,1.0,1.0,,,,,,,,,,,,,
fivedirections-case1,base,adaptive,context_v1,native,0.9,False,0,met,,,466257,375067,0.1955788331328001,0.1955788331328001,1.0,37,37,1.0,121,121,1.0,79,79,1.0,1.0,1.0,,,,,,,,,,,,,
fivedirections-case1,base,adaptive,context_v1,native,0.9,True,0,met,,,466257,375067,0.1955788331328001,0.1955788331328001,1.0,37,37,1.0,121,121,1.0,79,79,1.0,1.0,1.0,,,,,,,,,,,,,
fivedirections-case1,base,adaptive,context_v1,native,0.95,False,0,met,,,466257,375067,0.1955788331328001,0.1955788331328001,1.0,37,37,1.0,121,121,1.0,79,79,1.0,1.0,1.0,,,,,,,,,,,,,
fivedirections-case1,base,adaptive,context_v1,native,0.95,True,0,met,,,466257,375067,0.1955788331328001,0.1955788331328001,1.0,37,37,1.0,121,121,1.0,79,79,1.0,1.0,1.0,,,,,,,,,,,,,
fivedirections-case1,base,adaptive,context_v1,native,0.99,False,0,met,,,466257,375067,0.1955788331328001,0.1955788331328001,1.0,37,37,1.0,121,121,1.0,79,79,1.0,1.0,1.0,,,,,,,,,,,,,
fivedirections-case1,base,adaptive,context_v1,native,0.99,True,0,met,,,466257,375067,0.1955788331328001,0.1955788331328001,1.0,37,37,1.0,121,121,1.0,79,79,1.0,1.0,1.0,,,,,,,,,,,,,
fivedirections-case1,base,adaptive,context_v1,native,1.0,False,0,met,,,466257,375067,0.1955788331328001,0.1955788331328001,1.0,37,37,1.0,121,121,1.0,79,79,1.0,1.0,1.0,,,,,,,,,,,,,
fivedirections-case1,base,adaptive,context_v1,native,1.0,True,0,met,,,466257,375067,0.1955788331328001,0.1955788331328001,1.0,37,37,1.0,121,121,1.0,79,79,1.0,1.0,1.0,,,,,,,,,,,,,
fivedirections-case1,base,adaptive,context_v1,augmented,0.9,False,0,met,,,466257,375067,0.1955788331328001,0.1955788331328001,1.0,38,38,1.0,135,135,1.0,81,81,1.0,1.0,1.0,,,,,,,,,,,,,
fivedirections-case1,base,adaptive,context_v1,augmented,0.9,True,0,met,,,466257,375067,0.1955788331328001,0.1955788331328001,1.0,38,38,1.0,135,135,1.0,81,81,1.0,1.0,1.0,,,,,,,,,,,,,
fivedirections-case1,base,adaptive,context_v1,augmented,0.95,False,0,met,,,466257,375067,0.1955788331328001,0.1955788331328001,1.0,38,38,1.0,135,135,1.0,81,81,1.0,1.0,1.0,,,,,,,,,,,,,
fivedirections-case1,base,adaptive,context_v1,augmented,0.95,True,0,met,,,466257,375067,0.1955788331328001,0.1955788331328001,1.0,38,38,1.0,135,135,1.0,81,81,1.0,1.0,1.0,,,,,,,,,,,,,
fivedirections-case1,base,adaptive,context_v1,augmented,0.99,False,0,met,,,466257,375067,0.1955788331328001,0.1955788331328001,1.0,38,38,1.0,135,135,1.0,81,81,1.0,1.0,1.0,,,,,,,,,,,,,
fivedirections-case1,base,adaptive,context_v1,augmented,0.99,True,0,met,,,466257,375067,0.1955788331328001,0.1955788331328001,1.0,38,38,1.0,135,135,1.0,81,81,1.0,1.0,1.0,,,,,,,,,,,,,
fivedirections-case1,base,adaptive,context_v1,augmented,1.0,False,0,met,,,466257,375067,0.1955788331328001,0.1955788331328001,1.0,38,38,1.0,135,135,1.0,81,81,1.0,1.0,1.0,,,,,,,,,,,,,
fivedirections-case1,base,adaptive,context_v1,augmented,1.0,True,0,met,,,466257,375067,0.1955788331328001,0.1955788331328001,1.0,38,38,1.0,135,135,1.0,81,81,1.0,1.0,1.0,,,,,,,,,,,,,
fivedirections-case1,base,adaptive,reliability,native,0.9,False,0,met,,,466257,375067,0.1955788331328001,0.1955788331328001,1.0,37,37,1.0,121,121,1.0,79,79,1.0,1.0,1.0,,,,,,,,,,,,,
fivedirections-case1,base,adaptive,reliability,native,0.9,True,0,met,,,466257,375067,0.1955788331328001,0.1955788331328001,1.0,37,37,1.0,121,121,1.0,79,79,1.0,1.0,1.0,,,,,,,,,,,,,
fivedirections-case1,base,adaptive,reliability,native,0.95,False,0,met,,,466257,375067,0.1955788331328001,0.1955788331328001,1.0,37,37,1.0,121,121,1.0,79,79,1.0,1.0,1.0,,,,,,,,,,,,,
fivedirections-case1,base,adaptive,reliability,native,0.95,True,0,met,,,466257,375067,0.1955788331328001,0.1955788331328001,1.0,37,37,1.0,121,121,1.0,79,79,1.0,1.0,1.0,,,,,,,,,,,,,
fivedirections-case1,base,adaptive,reliability,native,0.99,False,0,met,,,466257,375067,0.1955788331328001,0.1955788331328001,1.0,37,37,1.0,121,121,1.0,79,79,1.0,1.0,1.0,,,,,,,,,,,,,
fivedirections-case1,base,adaptive,reliability,native,0.99,True,0,met,,,466257,375067,0.1955788331328001,0.1955788331328001,1.0,37,37,1.0,121,121,1.0,79,79,1.0,1.0,1.0,,,,,,,,,,,,,
fivedirections-case1,base,adaptive,reliability,native,1.0,False,0,met,,,466257,375067,0.1955788331328001,0.1955788331328001,1.0,37,37,1.0,121,121,1.0,79,79,1.0,1.0,1.0,,,,,,,,,,,,,
fivedirections-case1,base,adaptive,reliability,native,1.0,True,0,met,,,466257,375067,0.1955788331328001,0.1955788331328001,1.0,37,37,1.0,121,121,1.0,79,79,1.0,1.0,1.0,,,,,,,,,,,,,
fivedirections-case1,base,adaptive,reliability,augmented,0.9,False,0,met,,,466257,375067,0.1955788331328001,0.1955788331328001,1.0,38,38,1.0,135,135,1.0,81,81,1.0,1.0,1.0,,,,,,,,,,,,,
fivedirections-case1,base,adaptive,reliability,augmented,0.9,True,0,met,,,466257,375067,0.1955788331328001,0.1955788331328001,1.0,38,38,1.0,135,135,1.0,81,81,1.0,1.0,1.0,,,,,,,,,,,,,
fivedirections-case1,base,adaptive,reliability,augmented,0.95,False,0,met,,,466257,375067,0.1955788331328001,0.1955788331328001,1.0,38,38,1.0,135,135,1.0,81,81,1.0,1.0,1.0,,,,,,,,,,,,,
fivedirections-case1,base,adaptive,reliability,augmented,0.95,True,0,met,,,466257,375067,0.1955788331328001,0.1955788331328001,1.0,38,38,1.0,135,135,1.0,81,81,1.0,1.0,1.0,,,,,,,,,,,,,
fivedirections-case1,base,adaptive,reliability,augmented,0.99,False,0,met,,,466257,375067,0.1955788331328001,0.1955788331328001,1.0,38,38,1.0,135,135,1.0,81,81,1.0,1.0,1.0,,,,,,,,,,,,,
fivedirections-case1,base,adaptive,reliability,augmented,0.99,True,0,met,,,466257,375067,0.1955788331328001,0.1955788331328001,1.0,38,38,1.0,135,135,1.0,81,81,1.0,1.0,1.0,,,,,,,,,,,,,
fivedirections-case1,base,adaptive,reliability,augmented,1.0,False,0,met,,,466257,375067,0.1955788331328001,0.1955788331328001,1.0,38,38,1.0,135,135,1.0,81,81,1.0,1.0,1.0,,,,,,,,,,,,,
fivedirections-case1,base,adaptive,reliability,augmented,1.0,True,0,met,,,466257,375067,0.1955788331328001,0.1955788331328001,1.0,38,38,1.0,135,135,1.0,81,81,1.0,1.0,1.0,,,,,,,,,,,,,
fivedirections-case1,base,adaptive,adaptive_v1,native,0.9,False,0,met,,,466257,375067,0.1955788331328001,0.1955788331328001,1.0,37,37,1.0,121,121,1.0,79,79,1.0,1.0,1.0,,,,,,,,,,,,,
fivedirections-case1,base,adaptive,adaptive_v1,native,0.9,True,0,met,,,466257,375067,0.1955788331328001,0.1955788331328001,1.0,37,37,1.0,121,121,1.0,79,79,1.0,1.0,1.0,,,,,,,,,,,,,
fivedirections-case1,base,adaptive,adaptive_v1,native,0.95,False,0,met,,,466257,375067,0.1955788331328001,0.1955788331328001,1.0,37,37,1.0,121,121,1.0,79,79,1.0,1.0,1.0,,,,,,,,,,,,,
fivedirections-case1,base,adaptive,adaptive_v1,native,0.95,True,0,met,,,466257,375067,0.1955788331328001,0.1955788331328001,1.0,37,37,1.0,121,121,1.0,79,79,1.0,1.0,1.0,,,,,,,,,,,,,
fivedirections-case1,base,adaptive,adaptive_v1,native,0.99,False,0,met,,,466257,375067,0.1955788331328001,0.1955788331328001,1.0,37,37,1.0,121,121,1.0,79,79,1.0,1.0,1.0,,,,,,,,,,,,,
fivedirections-case1,base,adaptive,adaptive_v1,native,0.99,True,0,met,,,466257,375067,0.1955788331328001,0.1955788331328001,1.0,37,37,1.0,121,121,1.0,79,79,1.0,1.0,1.0,,,,,,,,,,,,,
fivedirections-case1,base,adaptive,adaptive_v1,native,1.0,False,0,met,,,466257,375067,0.1955788331328001,0.1955788331328001,1.0,37,37,1.0,121,121,1.0,79,79,1.0,1.0,1.0,,,,,,,,,,,,,
fivedirections-case1,base,adaptive,adaptive_v1,native,1.0,True,0,met,,,466257,375067,0.1955788331328001,0.1955788331328001,1.0,37,37,1.0,121,121,1.0,79,79,1.0,1.0,1.0,,,,,,,,,,,,,
fivedirections-case1,base,adaptive,adaptive_v1,augmented,0.9,False,0,met,,,466257,375067,0.1955788331328001,0.1955788331328001,1.0,38,38,1.0,135,135,1.0,81,81,1.0,1.0,1.0,,,,,,,,,,,,,
fivedirections-case1,base,adaptive,adaptive_v1,augmented,0.9,True,0,met,,,466257,375067,0.1955788331328001,0.1955788331328001,1.0,38,38,1.0,135,135,1.0,81,81,1.0,1.0,1.0,,,,,,,,,,,,,
fivedirections-case1,base,adaptive,adaptive_v1,augmented,0.95,False,0,met,,,466257,375067,0.1955788331328001,0.1955788331328001,1.0,38,38,1.0,135,135,1.0,81,81,1.0,1.0,1.0,,,,,,,,,,,,,
fivedirections-case1,base,adaptive,adaptive_v1,augmented,0.95,True,0,met,,,466257,375067,0.1955788331328001,0.1955788331328001,1.0,38,38,1.0,135,135,1.0,81,81,1.0,1.0,1.0,,,,,,,,,,,,,
fivedirections-case1,base,adaptive,adaptive_v1,augmented,0.99,False,0,met,,,466257,375067,0.1955788331328001,0.1955788331328001,1.0,38,38,1.0,135,135,1.0,81,81,1.0,1.0,1.0,,,,,,,,,,,,,
fivedirections-case1,base,adaptive,adaptive_v1,augmented,0.99,True,0,met,,,466257,375067,0.1955788331328001,0.1955788331328001,1.0,38,38,1.0,135,135,1.0,81,81,1.0,1.0,1.0,,,,,,,,,,,,,
fivedirections-case1,base,adaptive,adaptive_v1,augmented,1.0,False,0,met,,,466257,375067,0.1955788331328001,0.1955788331328001,1.0,38,38,1.0,135,135,1.0,81,81,1.0,1.0,1.0,,,,,,,,,,,,,
fivedirections-case1,base,adaptive,adaptive_v1,augmented,1.0,True,0,met,,,466257,375067,0.1955788331328001,0.1955788331328001,1.0,38,38,1.0,135,135,1.0,81,81,1.0,1.0,1.0,,,,,,,,,,,,,
fivedirections-case1,base,adaptive,reliability_chain,native,0.9,False,0,met,,,466257,375067,0.1955788331328001,0.1955788331328001,1.0,37,37,1.0,121,121,1.0,79,79,1.0,1.0,1.0,,,,,,,,,,,,,
fivedirections-case1,base,adaptive,reliability_chain,native,0.9,True,0,met,,,466257,375067,0.1955788331328001,0.1955788331328001,1.0,37,37,1.0,121,121,1.0,79,79,1.0,1.0,1.0,,,,,,,,,,,,,
fivedirections-case1,base,adaptive,reliability_chain,native,0.95,False,0,met,,,466257,375067,0.1955788331328001,0.1955788331328001,1.0,37,37,1.0,121,121,1.0,79,79,1.0,1.0,1.0,,,,,,,,,,,,,
fivedirections-case1,base,adaptive,reliability_chain,native,0.95,True,0,met,,,466257,375067,0.1955788331328001,0.1955788331328001,1.0,37,37,1.0,121,121,1.0,79,79,1.0,1.0,1.0,,,,,,,,,,,,,
fivedirections-case1,base,adaptive,reliability_chain,native,0.99,False,0,met,,,466257,375067,0.1955788331328001,0.1955788331328001,1.0,37,37,1.0,121,121,1.0,79,79,1.0,1.0,1.0,,,,,,,,,,,,,
fivedirections-case1,base,adaptive,reliability_chain,native,0.99,True,0,met,,,466257,375067,0.1955788331328001,0.1955788331328001,1.0,37,37,1.0,121,121,1.0,79,79,1.0,1.0,1.0,,,,,,,,,,,,,
fivedirections-case1,base,adaptive,reliability_chain,native,1.0,False,0,met,,,466257,375067,0.1955788331328001,0.1955788331328001,1.0,37,37,1.0,121,121,1.0,79,79,1.0,1.0,1.0,,,,,,,,,,,,,
fivedirections-case1,base,adaptive,reliability_chain,native,1.0,True,0,met,,,466257,375067,0.1955788331328001,0.1955788331328001,1.0,37,37,1.0,121,121,1.0,79,79,1.0,1.0,1.0,,,,,,,,,,,,,
fivedirections-case1,base,adaptive,reliability_chain,augmented,0.9,False,0,met,,,466257,375067,0.1955788331328001,0.1955788331328001,1.0,38,38,1.0,135,135,1.0,81,81,1.0,1.0,1.0,,,,,,,,,,,,,
fivedirections-case1,base,adaptive,reliability_chain,augmented,0.9,True,0,met,,,466257,375067,0.1955788331328001,0.1955788331328001,1.0,38,38,1.0,135,135,1.0,81,81,1.0,1.0,1.0,,,,,,,,,,,,,
fivedirections-case1,base,adaptive,reliability_chain,augmented,0.95,False,0,met,,,466257,375067,0.1955788331328001,0.1955788331328001,1.0,38,38,1.0,135,135,1.0,81,81,1.0,1.0,1.0,,,,,,,,,,,,,
fivedirections-case1,base,adaptive,reliability_chain,augmented,0.95,True,0,met,,,466257,375067,0.1955788331328001,0.1955788331328001,1.0,38,38,1.0,135,135,1.0,81,81,1.0,1.0,1.0,,,,,,,,,,,,,
fivedirections-case1,base,adaptive,reliability_chain,augmented,0.99,False,0,met,,,466257,375067,0.1955788331328001,0.1955788331328001,1.0,38,38,1.0,135,135,1.0,81,81,1.0,1.0,1.0,,,,,,,,,,,,,
fivedirections-case1,base,adaptive,reliability_chain,augmented,0.99,True,0,met,,,466257,375067,0.1955788331328001,0.1955788331328001,1.0,38,38,1.0,135,135,1.0,81,81,1.0,1.0,1.0,,,,,,,,,,,,,
fivedirections-case1,base,adaptive,reliability_chain,augmented,1.0,False,0,met,,,466257,375067,0.1955788331328001,0.1955788331328001,1.0,38,38,1.0,135,135,1.0,81,81,1.0,1.0,1.0,,,,,,,,,,,,,
fivedirections-case1,base,adaptive,reliability_chain,augmented,1.0,True,0,met,,,466257,375067,0.1955788331328001,0.1955788331328001,1.0,38,38,1.0,135,135,1.0,81,81,1.0,1.0,1.0,,,,,,,,,,,,,
fivedirections-case3,base,single,rarity_only,native,0.9,False,0,met,,,424245,265852,0.37335266178741056,0.37335266178741056,0.9285714285714286,13,14,1.0,16,16,1.0,16,16,1.0,1.0,0.9285714285714286,,,,,,,,,,,,,
fivedirections-case3,base,single,rarity_only,native,0.9,True,0,met,,,424245,265852,0.37335266178741056,0.37335266178741056,0.9285714285714286,13,14,1.0,16,16,1.0,16,16,1.0,1.0,0.9285714285714286,,,,,,,,,,,,,
fivedirections-case3,base,single,rarity_only,native,0.95,False,0,unmet,temporal_event_ceiling,0.9285714285714286,,,,,,,,,,,,,,1.0,1.0,0.9285714285714286,424245,265852,0.37335266178741056,0.37335266178741056,0.9285714285714286,13,14,1.0,16,16,1.0,16,16
fivedirections-case3,base,single,rarity_only,native,0.95,True,0,unmet,temporal_event_ceiling,0.9285714285714286,,,,,,,,,,,,,,1.0,1.0,0.9285714285714286,424245,265852,0.37335266178741056,0.37335266178741056,0.9285714285714286,13,14,1.0,16,16,1.0,16,16
fivedirections-case3,base,single,rarity_only,native,0.99,False,0,unmet,temporal_event_ceiling,0.9285714285714286,,,,,,,,,,,,,,1.0,1.0,0.9285714285714286,424245,265852,0.37335266178741056,0.37335266178741056,0.9285714285714286,13,14,1.0,16,16,1.0,16,16
fivedirections-case3,base,single,rarity_only,native,0.99,True,0,unmet,temporal_event_ceiling,0.9285714285714286,,,,,,,,,,,,,,1.0,1.0,0.9285714285714286,424245,265852,0.37335266178741056,0.37335266178741056,0.9285714285714286,13,14,1.0,16,16,1.0,16,16
fivedirections-case3,base,single,rarity_only,native,1.0,False,0,unmet,temporal_event_ceiling,0.9285714285714286,,,,,,,,,,,,,,1.0,1.0,0.9285714285714286,424245,265852,0.37335266178741056,0.37335266178741056,0.9285714285714286,13,14,1.0,16,16,1.0,16,16
fivedirections-case3,base,single,rarity_only,native,1.0,True,0,unmet,temporal_event_ceiling,0.9285714285714286,,,,,,,,,,,,,,1.0,1.0,0.9285714285714286,424245,265852,0.37335266178741056,0.37335266178741056,0.9285714285714286,13,14,1.0,16,16,1.0,16,16
fivedirections-case3,base,single,rarity_only,augmented,0.9,False,0,met,,,424245,265852,0.37335266178741056,0.37335266178741056,0.9333333333333333,14,15,1.0,16,16,1.0,16,16,1.0,1.0,0.9333333333333333,,,,,,,,,,,,,
fivedirections-case3,base,single,rarity_only,augmented,0.9,True,0,met,,,424245,265852,0.37335266178741056,0.37335266178741056,0.9333333333333333,14,15,1.0,16,16,1.0,16,16,1.0,1.0,0.9333333333333333,,,,,,,,,,,,,
fivedirections-case3,base,single,rarity_only,augmented,0.95,False,0,unmet,temporal_event_ceiling,0.9333333333333333,,,,,,,,,,,,,,1.0,1.0,0.9333333333333333,424245,265852,0.37335266178741056,0.37335266178741056,0.9333333333333333,14,15,1.0,16,16,1.0,16,16
fivedirections-case3,base,single,rarity_only,augmented,0.95,True,0,unmet,temporal_event_ceiling,0.9333333333333333,,,,,,,,,,,,,,1.0,1.0,0.9333333333333333,424245,265852,0.37335266178741056,0.37335266178741056,0.9333333333333333,14,15,1.0,16,16,1.0,16,16
fivedirections-case3,base,single,rarity_only,augmented,0.99,False,0,unmet,temporal_event_ceiling,0.9333333333333333,,,,,,,,,,,,,,1.0,1.0,0.9333333333333333,424245,265852,0.37335266178741056,0.37335266178741056,0.9333333333333333,14,15,1.0,16,16,1.0,16,16
fivedirections-case3,base,single,rarity_only,augmented,0.99,True,0,unmet,temporal_event_ceiling,0.9333333333333333,,,,,,,,,,,,,,1.0,1.0,0.9333333333333333,424245,265852,0.37335266178741056,0.37335266178741056,0.9333333333333333,14,15,1.0,16,16,1.0,16,16
fivedirections-case3,base,single,rarity_only,augmented,1.0,False,0,unmet,temporal_event_ceiling,0.9333333333333333,,,,,,,,,,,,,,1.0,1.0,0.9333333333333333,424245,265852,0.37335266178741056,0.37335266178741056,0.9333333333333333,14,15,1.0,16,16,1.0,16,16
fivedirections-case3,base,single,rarity_only,augmented,1.0,True,0,unmet,temporal_event_ceiling,0.9333333333333333,,,,,,,,,,,,,,1.0,1.0,0.9333333333333333,424245,265852,0.37335266178741056,0.37335266178741056,0.9333333333333333,14,15,1.0,16,16,1.0,16,16
fivedirections-case3,base,single,diffusion_only,native,0.9,False,0,met,,,42424,42424,0.900001178564273,0.900001178564273,0.9285714285714286,13,14,1.0,16,16,1.0,16,16,1.0,1.0,0.9285714285714286,,,,,,,,,,,,,
fivedirections-case3,base,single,diffusion_only,native,0.9,True,0,met,,,42424,42424,0.900001178564273,0.900001178564273,0.9285714285714286,13,14,1.0,16,16,1.0,16,16,1.0,1.0,0.9285714285714286,,,,,,,,,,,,,
fivedirections-case3,base,single,diffusion_only,native,0.95,False,0,unmet,temporal_event_ceiling,0.9285714285714286,,,,,,,,,,,,,,1.0,1.0,0.9285714285714286,42424,42424,0.900001178564273,0.900001178564273,0.9285714285714286,13,14,1.0,16,16,1.0,16,16
fivedirections-case3,base,single,diffusion_only,native,0.95,True,0,unmet,temporal_event_ceiling,0.9285714285714286,,,,,,,,,,,,,,1.0,1.0,0.9285714285714286,42424,42424,0.900001178564273,0.900001178564273,0.9285714285714286,13,14,1.0,16,16,1.0,16,16
fivedirections-case3,base,single,diffusion_only,native,0.99,False,0,unmet,temporal_event_ceiling,0.9285714285714286,,,,,,,,,,,,,,1.0,1.0,0.9285714285714286,42424,42424,0.900001178564273,0.900001178564273,0.9285714285714286,13,14,1.0,16,16,1.0,16,16
fivedirections-case3,base,single,diffusion_only,native,0.99,True,0,unmet,temporal_event_ceiling,0.9285714285714286,,,,,,,,,,,,,,1.0,1.0,0.9285714285714286,42424,42424,0.900001178564273,0.900001178564273,0.9285714285714286,13,14,1.0,16,16,1.0,16,16
fivedirections-case3,base,single,diffusion_only,native,1.0,False,0,unmet,temporal_event_ceiling,0.9285714285714286,,,,,,,,,,,,,,1.0,1.0,0.9285714285714286,42424,42424,0.900001178564273,0.900001178564273,0.9285714285714286,13,14,1.0,16,16,1.0,16,16
fivedirections-case3,base,single,diffusion_only,native,1.0,True,0,unmet,temporal_event_ceiling,0.9285714285714286,,,,,,,,,,,,,,1.0,1.0,0.9285714285714286,42424,42424,0.900001178564273,0.900001178564273,0.9285714285714286,13,14,1.0,16,16,1.0,16,16
fivedirections-case3,base,single,diffusion_only,augmented,0.9,False,0,met,,,42424,42424,0.900001178564273,0.900001178564273,0.9333333333333333,14,15,1.0,16,16,1.0,16,16,1.0,1.0,0.9333333333333333,,,,,,,,,,,,,
fivedirections-case3,base,single,diffusion_only,augmented,0.9,True,0,met,,,42424,42424,0.900001178564273,0.900001178564273,0.9333333333333333,14,15,1.0,16,16,1.0,16,16,1.0,1.0,0.9333333333333333,,,,,,,,,,,,,
fivedirections-case3,base,single,diffusion_only,augmented,0.95,False,0,unmet,temporal_event_ceiling,0.9333333333333333,,,,,,,,,,,,,,1.0,1.0,0.9333333333333333,42424,42424,0.900001178564273,0.900001178564273,0.9333333333333333,14,15,1.0,16,16,1.0,16,16
fivedirections-case3,base,single,diffusion_only,augmented,0.95,True,0,unmet,temporal_event_ceiling,0.9333333333333333,,,,,,,,,,,,,,1.0,1.0,0.9333333333333333,42424,42424,0.900001178564273,0.900001178564273,0.9333333333333333,14,15,1.0,16,16,1.0,16,16
fivedirections-case3,base,single,diffusion_only,augmented,0.99,False,0,unmet,temporal_event_ceiling,0.9333333333333333,,,,,,,,,,,,,,1.0,1.0,0.9333333333333333,42424,42424,0.900001178564273,0.900001178564273,0.9333333333333333,14,15,1.0,16,16,1.0,16,16
fivedirections-case3,base,single,diffusion_only,augmented,0.99,True,0,unmet,temporal_event_ceiling,0.9333333333333333,,,,,,,,,,,,,,1.0,1.0,0.9333333333333333,42424,42424,0.900001178564273,0.900001178564273,0.9333333333333333,14,15,1.0,16,16,1.0,16,16
fivedirections-case3,base,single,diffusion_only,augmented,1.0,False,0,unmet,temporal_event_ceiling,0.9333333333333333,,,,,,,,,,,,,,1.0,1.0,0.9333333333333333,42424,42424,0.900001178564273,0.900001178564273,0.9333333333333333,14,15,1.0,16,16,1.0,16,16
fivedirections-case3,base,single,diffusion_only,augmented,1.0,True,0,unmet,temporal_event_ceiling,0.9333333333333333,,,,,,,,,,,,,,1.0,1.0,0.9333333333333333,42424,42424,0.900001178564273,0.900001178564273,0.9333333333333333,14,15,1.0,16,16,1.0,16,16
fivedirections-case3,base,single,rasp,native,0.9,False,0,met,,,84849,84849,0.8,0.8,0.9285714285714286,13,14,1.0,16,16,1.0,16,16,1.0,1.0,0.9285714285714286,,,,,,,,,,,,,
fivedirections-case3,base,single,rasp,native,0.9,True,0,met,,,84849,84849,0.8,0.8,0.9285714285714286,13,14,1.0,16,16,1.0,16,16,1.0,1.0,0.9285714285714286,,,,,,,,,,,,,
fivedirections-case3,base,single,rasp,native,0.95,False,0,unmet,temporal_event_ceiling,0.9285714285714286,,,,,,,,,,,,,,1.0,1.0,0.9285714285714286,84849,84849,0.8,0.8,0.9285714285714286,13,14,1.0,16,16,1.0,16,16
fivedirections-case3,base,single,rasp,native,0.95,True,0,unmet,temporal_event_ceiling,0.9285714285714286,,,,,,,,,,,,,,1.0,1.0,0.9285714285714286,84849,84849,0.8,0.8,0.9285714285714286,13,14,1.0,16,16,1.0,16,16
fivedirections-case3,base,single,rasp,native,0.99,False,0,unmet,temporal_event_ceiling,0.9285714285714286,,,,,,,,,,,,,,1.0,1.0,0.9285714285714286,84849,84849,0.8,0.8,0.9285714285714286,13,14,1.0,16,16,1.0,16,16
fivedirections-case3,base,single,rasp,native,0.99,True,0,unmet,temporal_event_ceiling,0.9285714285714286,,,,,,,,,,,,,,1.0,1.0,0.9285714285714286,84849,84849,0.8,0.8,0.9285714285714286,13,14,1.0,16,16,1.0,16,16
fivedirections-case3,base,single,rasp,native,1.0,False,0,unmet,temporal_event_ceiling,0.9285714285714286,,,,,,,,,,,,,,1.0,1.0,0.9285714285714286,84849,84849,0.8,0.8,0.9285714285714286,13,14,1.0,16,16,1.0,16,16
fivedirections-case3,base,single,rasp,native,1.0,True,0,unmet,temporal_event_ceiling,0.9285714285714286,,,,,,,,,,,,,,1.0,1.0,0.9285714285714286,84849,84849,0.8,0.8,0.9285714285714286,13,14,1.0,16,16,1.0,16,16
fivedirections-case3,base,single,rasp,augmented,0.9,False,0,met,,,84849,84849,0.8,0.8,0.9333333333333333,14,15,1.0,16,16,1.0,16,16,1.0,1.0,0.9333333333333333,,,,,,,,,,,,,
fivedirections-case3,base,single,rasp,augmented,0.9,True,0,met,,,84849,84849,0.8,0.8,0.9333333333333333,14,15,1.0,16,16,1.0,16,16,1.0,1.0,0.9333333333333333,,,,,,,,,,,,,
fivedirections-case3,base,single,rasp,augmented,0.95,False,0,unmet,temporal_event_ceiling,0.9333333333333333,,,,,,,,,,,,,,1.0,1.0,0.9333333333333333,84849,84849,0.8,0.8,0.9333333333333333,14,15,1.0,16,16,1.0,16,16
fivedirections-case3,base,single,rasp,augmented,0.95,True,0,unmet,temporal_event_ceiling,0.9333333333333333,,,,,,,,,,,,,,1.0,1.0,0.9333333333333333,84849,84849,0.8,0.8,0.9333333333333333,14,15,1.0,16,16,1.0,16,16
fivedirections-case3,base,single,rasp,augmented,0.99,False,0,unmet,temporal_event_ceiling,0.9333333333333333,,,,,,,,,,,,,,1.0,1.0,0.9333333333333333,84849,84849,0.8,0.8,0.9333333333333333,14,15,1.0,16,16,1.0,16,16
fivedirections-case3,base,single,rasp,augmented,0.99,True,0,unmet,temporal_event_ceiling,0.9333333333333333,,,,,,,,,,,,,,1.0,1.0,0.9333333333333333,84849,84849,0.8,0.8,0.9333333333333333,14,15,1.0,16,16,1.0,16,16
fivedirections-case3,base,single,rasp,augmented,1.0,False,0,unmet,temporal_event_ceiling,0.9333333333333333,,,,,,,,,,,,,,1.0,1.0,0.9333333333333333,84849,84849,0.8,0.8,0.9333333333333333,14,15,1.0,16,16,1.0,16,16
fivedirections-case3,base,single,rasp,augmented,1.0,True,0,unmet,temporal_event_ceiling,0.9333333333333333,,,,,,,,,,,,,,1.0,1.0,0.9333333333333333,84849,84849,0.8,0.8,0.9333333333333333,14,15,1.0,16,16,1.0,16,16
fivedirections-case3,base,single,context_v1,native,0.9,False,0,met,,,84849,84849,0.8,0.8,0.9285714285714286,13,14,1.0,16,16,1.0,16,16,1.0,1.0,0.9285714285714286,,,,,,,,,,,,,
fivedirections-case3,base,single,context_v1,native,0.9,True,0,met,,,84849,84849,0.8,0.8,0.9285714285714286,13,14,1.0,16,16,1.0,16,16,1.0,1.0,0.9285714285714286,,,,,,,,,,,,,
fivedirections-case3,base,single,context_v1,native,0.95,False,0,unmet,temporal_event_ceiling,0.9285714285714286,,,,,,,,,,,,,,1.0,1.0,0.9285714285714286,84849,84849,0.8,0.8,0.9285714285714286,13,14,1.0,16,16,1.0,16,16
fivedirections-case3,base,single,context_v1,native,0.95,True,0,unmet,temporal_event_ceiling,0.9285714285714286,,,,,,,,,,,,,,1.0,1.0,0.9285714285714286,84849,84849,0.8,0.8,0.9285714285714286,13,14,1.0,16,16,1.0,16,16
fivedirections-case3,base,single,context_v1,native,0.99,False,0,unmet,temporal_event_ceiling,0.9285714285714286,,,,,,,,,,,,,,1.0,1.0,0.9285714285714286,84849,84849,0.8,0.8,0.9285714285714286,13,14,1.0,16,16,1.0,16,16
fivedirections-case3,base,single,context_v1,native,0.99,True,0,unmet,temporal_event_ceiling,0.9285714285714286,,,,,,,,,,,,,,1.0,1.0,0.9285714285714286,84849,84849,0.8,0.8,0.9285714285714286,13,14,1.0,16,16,1.0,16,16
fivedirections-case3,base,single,context_v1,native,1.0,False,0,unmet,temporal_event_ceiling,0.9285714285714286,,,,,,,,,,,,,,1.0,1.0,0.9285714285714286,84849,84849,0.8,0.8,0.9285714285714286,13,14,1.0,16,16,1.0,16,16
fivedirections-case3,base,single,context_v1,native,1.0,True,0,unmet,temporal_event_ceiling,0.9285714285714286,,,,,,,,,,,,,,1.0,1.0,0.9285714285714286,84849,84849,0.8,0.8,0.9285714285714286,13,14,1.0,16,16,1.0,16,16
fivedirections-case3,base,single,context_v1,augmented,0.9,False,0,met,,,84849,84849,0.8,0.8,0.9333333333333333,14,15,1.0,16,16,1.0,16,16,1.0,1.0,0.9333333333333333,,,,,,,,,,,,,
fivedirections-case3,base,single,context_v1,augmented,0.9,True,0,met,,,84849,84849,0.8,0.8,0.9333333333333333,14,15,1.0,16,16,1.0,16,16,1.0,1.0,0.9333333333333333,,,,,,,,,,,,,
fivedirections-case3,base,single,context_v1,augmented,0.95,False,0,unmet,temporal_event_ceiling,0.9333333333333333,,,,,,,,,,,,,,1.0,1.0,0.9333333333333333,84849,84849,0.8,0.8,0.9333333333333333,14,15,1.0,16,16,1.0,16,16
fivedirections-case3,base,single,context_v1,augmented,0.95,True,0,unmet,temporal_event_ceiling,0.9333333333333333,,,,,,,,,,,,,,1.0,1.0,0.9333333333333333,84849,84849,0.8,0.8,0.9333333333333333,14,15,1.0,16,16,1.0,16,16
fivedirections-case3,base,single,context_v1,augmented,0.99,False,0,unmet,temporal_event_ceiling,0.9333333333333333,,,,,,,,,,,,,,1.0,1.0,0.9333333333333333,84849,84849,0.8,0.8,0.9333333333333333,14,15,1.0,16,16,1.0,16,16
fivedirections-case3,base,single,context_v1,augmented,0.99,True,0,unmet,temporal_event_ceiling,0.9333333333333333,,,,,,,,,,,,,,1.0,1.0,0.9333333333333333,84849,84849,0.8,0.8,0.9333333333333333,14,15,1.0,16,16,1.0,16,16
fivedirections-case3,base,single,context_v1,augmented,1.0,False,0,unmet,temporal_event_ceiling,0.9333333333333333,,,,,,,,,,,,,,1.0,1.0,0.9333333333333333,84849,84849,0.8,0.8,0.9333333333333333,14,15,1.0,16,16,1.0,16,16
fivedirections-case3,base,single,context_v1,augmented,1.0,True,0,unmet,temporal_event_ceiling,0.9333333333333333,,,,,,,,,,,,,,1.0,1.0,0.9333333333333333,84849,84849,0.8,0.8,0.9333333333333333,14,15,1.0,16,16,1.0,16,16
fivedirections-case3,base,single,reliability,native,0.9,False,0,met,,,84849,84849,0.8,0.8,0.9285714285714286,13,14,1.0,16,16,1.0,16,16,1.0,1.0,0.9285714285714286,,,,,,,,,,,,,
fivedirections-case3,base,single,reliability,native,0.9,True,0,met,,,84849,84849,0.8,0.8,0.9285714285714286,13,14,1.0,16,16,1.0,16,16,1.0,1.0,0.9285714285714286,,,,,,,,,,,,,
fivedirections-case3,base,single,reliability,native,0.95,False,0,unmet,temporal_event_ceiling,0.9285714285714286,,,,,,,,,,,,,,1.0,1.0,0.9285714285714286,84849,84849,0.8,0.8,0.9285714285714286,13,14,1.0,16,16,1.0,16,16
fivedirections-case3,base,single,reliability,native,0.95,True,0,unmet,temporal_event_ceiling,0.9285714285714286,,,,,,,,,,,,,,1.0,1.0,0.9285714285714286,84849,84849,0.8,0.8,0.9285714285714286,13,14,1.0,16,16,1.0,16,16
fivedirections-case3,base,single,reliability,native,0.99,False,0,unmet,temporal_event_ceiling,0.9285714285714286,,,,,,,,,,,,,,1.0,1.0,0.9285714285714286,84849,84849,0.8,0.8,0.9285714285714286,13,14,1.0,16,16,1.0,16,16
fivedirections-case3,base,single,reliability,native,0.99,True,0,unmet,temporal_event_ceiling,0.9285714285714286,,,,,,,,,,,,,,1.0,1.0,0.9285714285714286,84849,84849,0.8,0.8,0.9285714285714286,13,14,1.0,16,16,1.0,16,16
fivedirections-case3,base,single,reliability,native,1.0,False,0,unmet,temporal_event_ceiling,0.9285714285714286,,,,,,,,,,,,,,1.0,1.0,0.9285714285714286,84849,84849,0.8,0.8,0.9285714285714286,13,14,1.0,16,16,1.0,16,16
fivedirections-case3,base,single,reliability,native,1.0,True,0,unmet,temporal_event_ceiling,0.9285714285714286,,,,,,,,,,,,,,1.0,1.0,0.9285714285714286,84849,84849,0.8,0.8,0.9285714285714286,13,14,1.0,16,16,1.0,16,16
fivedirections-case3,base,single,reliability,augmented,0.9,False,0,met,,,84849,84849,0.8,0.8,0.9333333333333333,14,15,1.0,16,16,1.0,16,16,1.0,1.0,0.9333333333333333,,,,,,,,,,,,,
fivedirections-case3,base,single,reliability,augmented,0.9,True,0,met,,,84849,84849,0.8,0.8,0.9333333333333333,14,15,1.0,16,16,1.0,16,16,1.0,1.0,0.9333333333333333,,,,,,,,,,,,,
fivedirections-case3,base,single,reliability,augmented,0.95,False,0,unmet,temporal_event_ceiling,0.9333333333333333,,,,,,,,,,,,,,1.0,1.0,0.9333333333333333,84849,84849,0.8,0.8,0.9333333333333333,14,15,1.0,16,16,1.0,16,16
fivedirections-case3,base,single,reliability,augmented,0.95,True,0,unmet,temporal_event_ceiling,0.9333333333333333,,,,,,,,,,,,,,1.0,1.0,0.9333333333333333,84849,84849,0.8,0.8,0.9333333333333333,14,15,1.0,16,16,1.0,16,16
fivedirections-case3,base,single,reliability,augmented,0.99,False,0,unmet,temporal_event_ceiling,0.9333333333333333,,,,,,,,,,,,,,1.0,1.0,0.9333333333333333,84849,84849,0.8,0.8,0.9333333333333333,14,15,1.0,16,16,1.0,16,16
fivedirections-case3,base,single,reliability,augmented,0.99,True,0,unmet,temporal_event_ceiling,0.9333333333333333,,,,,,,,,,,,,,1.0,1.0,0.9333333333333333,84849,84849,0.8,0.8,0.9333333333333333,14,15,1.0,16,16,1.0,16,16
fivedirections-case3,base,single,reliability,augmented,1.0,False,0,unmet,temporal_event_ceiling,0.9333333333333333,,,,,,,,,,,,,,1.0,1.0,0.9333333333333333,84849,84849,0.8,0.8,0.9333333333333333,14,15,1.0,16,16,1.0,16,16
fivedirections-case3,base,single,reliability,augmented,1.0,True,0,unmet,temporal_event_ceiling,0.9333333333333333,,,,,,,,,,,,,,1.0,1.0,0.9333333333333333,84849,84849,0.8,0.8,0.9333333333333333,14,15,1.0,16,16,1.0,16,16
fivedirections-case3,base,single,adaptive_v1,native,0.9,False,0,met,,,84849,84849,0.8,0.8,0.9285714285714286,13,14,1.0,16,16,1.0,16,16,1.0,1.0,0.9285714285714286,,,,,,,,,,,,,
fivedirections-case3,base,single,adaptive_v1,native,0.9,True,0,met,,,84849,84849,0.8,0.8,0.9285714285714286,13,14,1.0,16,16,1.0,16,16,1.0,1.0,0.9285714285714286,,,,,,,,,,,,,
fivedirections-case3,base,single,adaptive_v1,native,0.95,False,0,unmet,temporal_event_ceiling,0.9285714285714286,,,,,,,,,,,,,,1.0,1.0,0.9285714285714286,84849,84849,0.8,0.8,0.9285714285714286,13,14,1.0,16,16,1.0,16,16
fivedirections-case3,base,single,adaptive_v1,native,0.95,True,0,unmet,temporal_event_ceiling,0.9285714285714286,,,,,,,,,,,,,,1.0,1.0,0.9285714285714286,84849,84849,0.8,0.8,0.9285714285714286,13,14,1.0,16,16,1.0,16,16
fivedirections-case3,base,single,adaptive_v1,native,0.99,False,0,unmet,temporal_event_ceiling,0.9285714285714286,,,,,,,,,,,,,,1.0,1.0,0.9285714285714286,84849,84849,0.8,0.8,0.9285714285714286,13,14,1.0,16,16,1.0,16,16
fivedirections-case3,base,single,adaptive_v1,native,0.99,True,0,unmet,temporal_event_ceiling,0.9285714285714286,,,,,,,,,,,,,,1.0,1.0,0.9285714285714286,84849,84849,0.8,0.8,0.9285714285714286,13,14,1.0,16,16,1.0,16,16
fivedirections-case3,base,single,adaptive_v1,native,1.0,False,0,unmet,temporal_event_ceiling,0.9285714285714286,,,,,,,,,,,,,,1.0,1.0,0.9285714285714286,84849,84849,0.8,0.8,0.9285714285714286,13,14,1.0,16,16,1.0,16,16
fivedirections-case3,base,single,adaptive_v1,native,1.0,True,0,unmet,temporal_event_ceiling,0.9285714285714286,,,,,,,,,,,,,,1.0,1.0,0.9285714285714286,84849,84849,0.8,0.8,0.9285714285714286,13,14,1.0,16,16,1.0,16,16
fivedirections-case3,base,single,adaptive_v1,augmented,0.9,False,0,met,,,84849,84849,0.8,0.8,0.9333333333333333,14,15,1.0,16,16,1.0,16,16,1.0,1.0,0.9333333333333333,,,,,,,,,,,,,
fivedirections-case3,base,single,adaptive_v1,augmented,0.9,True,0,met,,,84849,84849,0.8,0.8,0.9333333333333333,14,15,1.0,16,16,1.0,16,16,1.0,1.0,0.9333333333333333,,,,,,,,,,,,,
fivedirections-case3,base,single,adaptive_v1,augmented,0.95,False,0,unmet,temporal_event_ceiling,0.9333333333333333,,,,,,,,,,,,,,1.0,1.0,0.9333333333333333,84849,84849,0.8,0.8,0.9333333333333333,14,15,1.0,16,16,1.0,16,16
fivedirections-case3,base,single,adaptive_v1,augmented,0.95,True,0,unmet,temporal_event_ceiling,0.9333333333333333,,,,,,,,,,,,,,1.0,1.0,0.9333333333333333,84849,84849,0.8,0.8,0.9333333333333333,14,15,1.0,16,16,1.0,16,16
fivedirections-case3,base,single,adaptive_v1,augmented,0.99,False,0,unmet,temporal_event_ceiling,0.9333333333333333,,,,,,,,,,,,,,1.0,1.0,0.9333333333333333,84849,84849,0.8,0.8,0.9333333333333333,14,15,1.0,16,16,1.0,16,16
fivedirections-case3,base,single,adaptive_v1,augmented,0.99,True,0,unmet,temporal_event_ceiling,0.9333333333333333,,,,,,,,,,,,,,1.0,1.0,0.9333333333333333,84849,84849,0.8,0.8,0.9333333333333333,14,15,1.0,16,16,1.0,16,16
fivedirections-case3,base,single,adaptive_v1,augmented,1.0,False,0,unmet,temporal_event_ceiling,0.9333333333333333,,,,,,,,,,,,,,1.0,1.0,0.9333333333333333,84849,84849,0.8,0.8,0.9333333333333333,14,15,1.0,16,16,1.0,16,16
fivedirections-case3,base,single,adaptive_v1,augmented,1.0,True,0,unmet,temporal_event_ceiling,0.9333333333333333,,,,,,,,,,,,,,1.0,1.0,0.9333333333333333,84849,84849,0.8,0.8,0.9333333333333333,14,15,1.0,16,16,1.0,16,16
fivedirections-case3,base,single,reliability_chain,native,0.9,False,0,met,,,84849,84849,0.8,0.8,0.9285714285714286,13,14,1.0,16,16,1.0,16,16,1.0,1.0,0.9285714285714286,,,,,,,,,,,,,
fivedirections-case3,base,single,reliability_chain,native,0.9,True,0,met,,,84849,84849,0.8,0.8,0.9285714285714286,13,14,1.0,16,16,1.0,16,16,1.0,1.0,0.9285714285714286,,,,,,,,,,,,,
fivedirections-case3,base,single,reliability_chain,native,0.95,False,0,unmet,temporal_event_ceiling,0.9285714285714286,,,,,,,,,,,,,,1.0,1.0,0.9285714285714286,84849,84849,0.8,0.8,0.9285714285714286,13,14,1.0,16,16,1.0,16,16
fivedirections-case3,base,single,reliability_chain,native,0.95,True,0,unmet,temporal_event_ceiling,0.9285714285714286,,,,,,,,,,,,,,1.0,1.0,0.9285714285714286,84849,84849,0.8,0.8,0.9285714285714286,13,14,1.0,16,16,1.0,16,16
fivedirections-case3,base,single,reliability_chain,native,0.99,False,0,unmet,temporal_event_ceiling,0.9285714285714286,,,,,,,,,,,,,,1.0,1.0,0.9285714285714286,84849,84849,0.8,0.8,0.9285714285714286,13,14,1.0,16,16,1.0,16,16
fivedirections-case3,base,single,reliability_chain,native,0.99,True,0,unmet,temporal_event_ceiling,0.9285714285714286,,,,,,,,,,,,,,1.0,1.0,0.9285714285714286,84849,84849,0.8,0.8,0.9285714285714286,13,14,1.0,16,16,1.0,16,16
fivedirections-case3,base,single,reliability_chain,native,1.0,False,0,unmet,temporal_event_ceiling,0.9285714285714286,,,,,,,,,,,,,,1.0,1.0,0.9285714285714286,84849,84849,0.8,0.8,0.9285714285714286,13,14,1.0,16,16,1.0,16,16
fivedirections-case3,base,single,reliability_chain,native,1.0,True,0,unmet,temporal_event_ceiling,0.9285714285714286,,,,,,,,,,,,,,1.0,1.0,0.9285714285714286,84849,84849,0.8,0.8,0.9285714285714286,13,14,1.0,16,16,1.0,16,16
fivedirections-case3,base,single,reliability_chain,augmented,0.9,False,0,met,,,84849,84849,0.8,0.8,0.9333333333333333,14,15,1.0,16,16,1.0,16,16,1.0,1.0,0.9333333333333333,,,,,,,,,,,,,
fivedirections-case3,base,single,reliability_chain,augmented,0.9,True,0,met,,,84849,84849,0.8,0.8,0.9333333333333333,14,15,1.0,16,16,1.0,16,16,1.0,1.0,0.9333333333333333,,,,,,,,,,,,,
fivedirections-case3,base,single,reliability_chain,augmented,0.95,False,0,unmet,temporal_event_ceiling,0.9333333333333333,,,,,,,,,,,,,,1.0,1.0,0.9333333333333333,84849,84849,0.8,0.8,0.9333333333333333,14,15,1.0,16,16,1.0,16,16
fivedirections-case3,base,single,reliability_chain,augmented,0.95,True,0,unmet,temporal_event_ceiling,0.9333333333333333,,,,,,,,,,,,,,1.0,1.0,0.9333333333333333,84849,84849,0.8,0.8,0.9333333333333333,14,15,1.0,16,16,1.0,16,16
fivedirections-case3,base,single,reliability_chain,augmented,0.99,False,0,unmet,temporal_event_ceiling,0.9333333333333333,,,,,,,,,,,,,,1.0,1.0,0.9333333333333333,84849,84849,0.8,0.8,0.9333333333333333,14,15,1.0,16,16,1.0,16,16
fivedirections-case3,base,single,reliability_chain,augmented,0.99,True,0,unmet,temporal_event_ceiling,0.9333333333333333,,,,,,,,,,,,,,1.0,1.0,0.9333333333333333,84849,84849,0.8,0.8,0.9333333333333333,14,15,1.0,16,16,1.0,16,16
fivedirections-case3,base,single,reliability_chain,augmented,1.0,False,0,unmet,temporal_event_ceiling,0.9333333333333333,,,,,,,,,,,,,,1.0,1.0,0.9333333333333333,84849,84849,0.8,0.8,0.9333333333333333,14,15,1.0,16,16,1.0,16,16
fivedirections-case3,base,single,reliability_chain,augmented,1.0,True,0,unmet,temporal_event_ceiling,0.9333333333333333,,,,,,,,,,,,,,1.0,1.0,0.9333333333333333,84849,84849,0.8,0.8,0.9333333333333333,14,15,1.0,16,16,1.0,16,16
fivedirections-case3,base,declared,rarity_only,native,0.9,False,0,met,,,424245,274262,0.35352921071550636,0.35352921071550636,0.9285714285714286,13,14,1.0,16,16,1.0,16,16,1.0,1.0,0.9285714285714286,,,,,,,,,,,,,
fivedirections-case3,base,declared,rarity_only,native,0.9,True,0,met,,,424245,274262,0.35352921071550636,0.35352921071550636,0.9285714285714286,13,14,1.0,16,16,1.0,16,16,1.0,1.0,0.9285714285714286,,,,,,,,,,,,,
fivedirections-case3,base,declared,rarity_only,native,0.95,False,0,unmet,temporal_event_ceiling,0.9285714285714286,,,,,,,,,,,,,,1.0,1.0,0.9285714285714286,424245,274262,0.35352921071550636,0.35352921071550636,0.9285714285714286,13,14,1.0,16,16,1.0,16,16
fivedirections-case3,base,declared,rarity_only,native,0.95,True,0,unmet,temporal_event_ceiling,0.9285714285714286,,,,,,,,,,,,,,1.0,1.0,0.9285714285714286,424245,274262,0.35352921071550636,0.35352921071550636,0.9285714285714286,13,14,1.0,16,16,1.0,16,16
fivedirections-case3,base,declared,rarity_only,native,0.99,False,0,unmet,temporal_event_ceiling,0.9285714285714286,,,,,,,,,,,,,,1.0,1.0,0.9285714285714286,424245,274262,0.35352921071550636,0.35352921071550636,0.9285714285714286,13,14,1.0,16,16,1.0,16,16
fivedirections-case3,base,declared,rarity_only,native,0.99,True,0,unmet,temporal_event_ceiling,0.9285714285714286,,,,,,,,,,,,,,1.0,1.0,0.9285714285714286,424245,274262,0.35352921071550636,0.35352921071550636,0.9285714285714286,13,14,1.0,16,16,1.0,16,16
fivedirections-case3,base,declared,rarity_only,native,1.0,False,0,unmet,temporal_event_ceiling,0.9285714285714286,,,,,,,,,,,,,,1.0,1.0,0.9285714285714286,424245,274262,0.35352921071550636,0.35352921071550636,0.9285714285714286,13,14,1.0,16,16,1.0,16,16
fivedirections-case3,base,declared,rarity_only,native,1.0,True,0,unmet,temporal_event_ceiling,0.9285714285714286,,,,,,,,,,,,,,1.0,1.0,0.9285714285714286,424245,274262,0.35352921071550636,0.35352921071550636,0.9285714285714286,13,14,1.0,16,16,1.0,16,16
fivedirections-case3,base,declared,rarity_only,augmented,0.9,False,0,met,,,424245,274262,0.35352921071550636,0.35352921071550636,0.9333333333333333,14,15,1.0,16,16,1.0,16,16,1.0,1.0,0.9333333333333333,,,,,,,,,,,,,
fivedirections-case3,base,declared,rarity_only,augmented,0.9,True,0,met,,,424245,274262,0.35352921071550636,0.35352921071550636,0.9333333333333333,14,15,1.0,16,16,1.0,16,16,1.0,1.0,0.9333333333333333,,,,,,,,,,,,,
fivedirections-case3,base,declared,rarity_only,augmented,0.95,False,0,unmet,temporal_event_ceiling,0.9333333333333333,,,,,,,,,,,,,,1.0,1.0,0.9333333333333333,424245,274262,0.35352921071550636,0.35352921071550636,0.9333333333333333,14,15,1.0,16,16,1.0,16,16
fivedirections-case3,base,declared,rarity_only,augmented,0.95,True,0,unmet,temporal_event_ceiling,0.9333333333333333,,,,,,,,,,,,,,1.0,1.0,0.9333333333333333,424245,274262,0.35352921071550636,0.35352921071550636,0.9333333333333333,14,15,1.0,16,16,1.0,16,16
fivedirections-case3,base,declared,rarity_only,augmented,0.99,False,0,unmet,temporal_event_ceiling,0.9333333333333333,,,,,,,,,,,,,,1.0,1.0,0.9333333333333333,424245,274262,0.35352921071550636,0.35352921071550636,0.9333333333333333,14,15,1.0,16,16,1.0,16,16
fivedirections-case3,base,declared,rarity_only,augmented,0.99,True,0,unmet,temporal_event_ceiling,0.9333333333333333,,,,,,,,,,,,,,1.0,1.0,0.9333333333333333,424245,274262,0.35352921071550636,0.35352921071550636,0.9333333333333333,14,15,1.0,16,16,1.0,16,16
fivedirections-case3,base,declared,rarity_only,augmented,1.0,False,0,unmet,temporal_event_ceiling,0.9333333333333333,,,,,,,,,,,,,,1.0,1.0,0.9333333333333333,424245,274262,0.35352921071550636,0.35352921071550636,0.9333333333333333,14,15,1.0,16,16,1.0,16,16
fivedirections-case3,base,declared,rarity_only,augmented,1.0,True,0,unmet,temporal_event_ceiling,0.9333333333333333,,,,,,,,,,,,,,1.0,1.0,0.9333333333333333,424245,274262,0.35352921071550636,0.35352921071550636,0.9333333333333333,14,15,1.0,16,16,1.0,16,16
fivedirections-case3,base,declared,diffusion_only,native,0.9,False,0,met,,,4096,4096,0.9903452014755625,0.9903452014755625,0.9285714285714286,13,14,1.0,16,16,1.0,16,16,1.0,1.0,0.9285714285714286,,,,,,,,,,,,,
fivedirections-case3,base,declared,diffusion_only,native,0.9,True,0,met,,,4096,4096,0.9903452014755625,0.9903452014755625,0.9285714285714286,13,14,1.0,16,16,1.0,16,16,1.0,1.0,0.9285714285714286,,,,,,,,,,,,,
fivedirections-case3,base,declared,diffusion_only,native,0.95,False,0,unmet,temporal_event_ceiling,0.9285714285714286,,,,,,,,,,,,,,1.0,1.0,0.9285714285714286,4096,4096,0.9903452014755625,0.9903452014755625,0.9285714285714286,13,14,1.0,16,16,1.0,16,16
fivedirections-case3,base,declared,diffusion_only,native,0.95,True,0,unmet,temporal_event_ceiling,0.9285714285714286,,,,,,,,,,,,,,1.0,1.0,0.9285714285714286,4096,4096,0.9903452014755625,0.9903452014755625,0.9285714285714286,13,14,1.0,16,16,1.0,16,16
fivedirections-case3,base,declared,diffusion_only,native,0.99,False,0,unmet,temporal_event_ceiling,0.9285714285714286,,,,,,,,,,,,,,1.0,1.0,0.9285714285714286,4096,4096,0.9903452014755625,0.9903452014755625,0.9285714285714286,13,14,1.0,16,16,1.0,16,16
fivedirections-case3,base,declared,diffusion_only,native,0.99,True,0,unmet,temporal_event_ceiling,0.9285714285714286,,,,,,,,,,,,,,1.0,1.0,0.9285714285714286,4096,4096,0.9903452014755625,0.9903452014755625,0.9285714285714286,13,14,1.0,16,16,1.0,16,16
fivedirections-case3,base,declared,diffusion_only,native,1.0,False,0,unmet,temporal_event_ceiling,0.9285714285714286,,,,,,,,,,,,,,1.0,1.0,0.9285714285714286,4096,4096,0.9903452014755625,0.9903452014755625,0.9285714285714286,13,14,1.0,16,16,1.0,16,16
fivedirections-case3,base,declared,diffusion_only,native,1.0,True,0,unmet,temporal_event_ceiling,0.9285714285714286,,,,,,,,,,,,,,1.0,1.0,0.9285714285714286,4096,4096,0.9903452014755625,0.9903452014755625,0.9285714285714286,13,14,1.0,16,16,1.0,16,16
fivedirections-case3,base,declared,diffusion_only,augmented,0.9,False,0,met,,,21212,21212,0.9500005892821365,0.9500005892821365,0.9333333333333333,14,15,1.0,16,16,1.0,16,16,1.0,1.0,0.9333333333333333,,,,,,,,,,,,,
fivedirections-case3,base,declared,diffusion_only,augmented,0.9,True,0,met,,,21212,21212,0.9500005892821365,0.9500005892821365,0.9333333333333333,14,15,1.0,16,16,1.0,16,16,1.0,1.0,0.9333333333333333,,,,,,,,,,,,,
fivedirections-case3,base,declared,diffusion_only,augmented,0.95,False,0,unmet,temporal_event_ceiling,0.9333333333333333,,,,,,,,,,,,,,1.0,1.0,0.9333333333333333,21212,21212,0.9500005892821365,0.9500005892821365,0.9333333333333333,14,15,1.0,16,16,1.0,16,16
fivedirections-case3,base,declared,diffusion_only,augmented,0.95,True,0,unmet,temporal_event_ceiling,0.9333333333333333,,,,,,,,,,,,,,1.0,1.0,0.9333333333333333,21212,21212,0.9500005892821365,0.9500005892821365,0.9333333333333333,14,15,1.0,16,16,1.0,16,16
fivedirections-case3,base,declared,diffusion_only,augmented,0.99,False,0,unmet,temporal_event_ceiling,0.9333333333333333,,,,,,,,,,,,,,1.0,1.0,0.9333333333333333,21212,21212,0.9500005892821365,0.9500005892821365,0.9333333333333333,14,15,1.0,16,16,1.0,16,16
fivedirections-case3,base,declared,diffusion_only,augmented,0.99,True,0,unmet,temporal_event_ceiling,0.9333333333333333,,,,,,,,,,,,,,1.0,1.0,0.9333333333333333,21212,21212,0.9500005892821365,0.9500005892821365,0.9333333333333333,14,15,1.0,16,16,1.0,16,16
fivedirections-case3,base,declared,diffusion_only,augmented,1.0,False,0,unmet,temporal_event_ceiling,0.9333333333333333,,,,,,,,,,,,,,1.0,1.0,0.9333333333333333,21212,21212,0.9500005892821365,0.9500005892821365,0.9333333333333333,14,15,1.0,16,16,1.0,16,16
fivedirections-case3,base,declared,diffusion_only,augmented,1.0,True,0,unmet,temporal_event_ceiling,0.9333333333333333,,,,,,,,,,,,,,1.0,1.0,0.9333333333333333,21212,21212,0.9500005892821365,0.9500005892821365,0.9333333333333333,14,15,1.0,16,16,1.0,16,16
fivedirections-case3,base,declared,rasp,native,0.9,False,0,met,,,8484,8484,0.9800021214156914,0.9800021214156914,0.9285714285714286,13,14,1.0,16,16,1.0,16,16,1.0,1.0,0.9285714285714286,,,,,,,,,,,,,
fivedirections-case3,base,declared,rasp,native,0.9,True,0,met,,,8484,8484,0.9800021214156914,0.9800021214156914,0.9285714285714286,13,14,1.0,16,16,1.0,16,16,1.0,1.0,0.9285714285714286,,,,,,,,,,,,,
fivedirections-case3,base,declared,rasp,native,0.95,False,0,unmet,temporal_event_ceiling,0.9285714285714286,,,,,,,,,,,,,,1.0,1.0,0.9285714285714286,8484,8484,0.9800021214156914,0.9800021214156914,0.9285714285714286,13,14,1.0,16,16,1.0,16,16
fivedirections-case3,base,declared,rasp,native,0.95,True,0,unmet,temporal_event_ceiling,0.9285714285714286,,,,,,,,,,,,,,1.0,1.0,0.9285714285714286,8484,8484,0.9800021214156914,0.9800021214156914,0.9285714285714286,13,14,1.0,16,16,1.0,16,16
fivedirections-case3,base,declared,rasp,native,0.99,False,0,unmet,temporal_event_ceiling,0.9285714285714286,,,,,,,,,,,,,,1.0,1.0,0.9285714285714286,8484,8484,0.9800021214156914,0.9800021214156914,0.9285714285714286,13,14,1.0,16,16,1.0,16,16
fivedirections-case3,base,declared,rasp,native,0.99,True,0,unmet,temporal_event_ceiling,0.9285714285714286,,,,,,,,,,,,,,1.0,1.0,0.9285714285714286,8484,8484,0.9800021214156914,0.9800021214156914,0.9285714285714286,13,14,1.0,16,16,1.0,16,16
fivedirections-case3,base,declared,rasp,native,1.0,False,0,unmet,temporal_event_ceiling,0.9285714285714286,,,,,,,,,,,,,,1.0,1.0,0.9285714285714286,8484,8484,0.9800021214156914,0.9800021214156914,0.9285714285714286,13,14,1.0,16,16,1.0,16,16
fivedirections-case3,base,declared,rasp,native,1.0,True,0,unmet,temporal_event_ceiling,0.9285714285714286,,,,,,,,,,,,,,1.0,1.0,0.9285714285714286,8484,8484,0.9800021214156914,0.9800021214156914,0.9285714285714286,13,14,1.0,16,16,1.0,16,16
fivedirections-case3,base,declared,rasp,augmented,0.9,False,0,met,,,84849,84849,0.8,0.8,0.9333333333333333,14,15,1.0,16,16,1.0,16,16,1.0,1.0,0.9333333333333333,,,,,,,,,,,,,
fivedirections-case3,base,declared,rasp,augmented,0.9,True,0,met,,,84849,84849,0.8,0.8,0.9333333333333333,14,15,1.0,16,16,1.0,16,16,1.0,1.0,0.9333333333333333,,,,,,,,,,,,,
fivedirections-case3,base,declared,rasp,augmented,0.95,False,0,unmet,temporal_event_ceiling,0.9333333333333333,,,,,,,,,,,,,,1.0,1.0,0.9333333333333333,84849,84849,0.8,0.8,0.9333333333333333,14,15,1.0,16,16,1.0,16,16
fivedirections-case3,base,declared,rasp,augmented,0.95,True,0,unmet,temporal_event_ceiling,0.9333333333333333,,,,,,,,,,,,,,1.0,1.0,0.9333333333333333,84849,84849,0.8,0.8,0.9333333333333333,14,15,1.0,16,16,1.0,16,16
fivedirections-case3,base,declared,rasp,augmented,0.99,False,0,unmet,temporal_event_ceiling,0.9333333333333333,,,,,,,,,,,,,,1.0,1.0,0.9333333333333333,84849,84849,0.8,0.8,0.9333333333333333,14,15,1.0,16,16,1.0,16,16
fivedirections-case3,base,declared,rasp,augmented,0.99,True,0,unmet,temporal_event_ceiling,0.9333333333333333,,,,,,,,,,,,,,1.0,1.0,0.9333333333333333,84849,84849,0.8,0.8,0.9333333333333333,14,15,1.0,16,16,1.0,16,16
fivedirections-case3,base,declared,rasp,augmented,1.0,False,0,unmet,temporal_event_ceiling,0.9333333333333333,,,,,,,,,,,,,,1.0,1.0,0.9333333333333333,84849,84849,0.8,0.8,0.9333333333333333,14,15,1.0,16,16,1.0,16,16
fivedirections-case3,base,declared,rasp,augmented,1.0,True,0,unmet,temporal_event_ceiling,0.9333333333333333,,,,,,,,,,,,,,1.0,1.0,0.9333333333333333,84849,84849,0.8,0.8,0.9333333333333333,14,15,1.0,16,16,1.0,16,16
fivedirections-case3,base,declared,context_v1,native,0.9,False,0,met,,,4096,4096,0.9903452014755625,0.9903452014755625,0.9285714285714286,13,14,1.0,16,16,1.0,16,16,1.0,1.0,0.9285714285714286,,,,,,,,,,,,,
fivedirections-case3,base,declared,context_v1,native,0.9,True,0,met,,,4096,4096,0.9903452014755625,0.9903452014755625,0.9285714285714286,13,14,1.0,16,16,1.0,16,16,1.0,1.0,0.9285714285714286,,,,,,,,,,,,,
fivedirections-case3,base,declared,context_v1,native,0.95,False,0,unmet,temporal_event_ceiling,0.9285714285714286,,,,,,,,,,,,,,1.0,1.0,0.9285714285714286,4096,4096,0.9903452014755625,0.9903452014755625,0.9285714285714286,13,14,1.0,16,16,1.0,16,16
fivedirections-case3,base,declared,context_v1,native,0.95,True,0,unmet,temporal_event_ceiling,0.9285714285714286,,,,,,,,,,,,,,1.0,1.0,0.9285714285714286,4096,4096,0.9903452014755625,0.9903452014755625,0.9285714285714286,13,14,1.0,16,16,1.0,16,16
fivedirections-case3,base,declared,context_v1,native,0.99,False,0,unmet,temporal_event_ceiling,0.9285714285714286,,,,,,,,,,,,,,1.0,1.0,0.9285714285714286,4096,4096,0.9903452014755625,0.9903452014755625,0.9285714285714286,13,14,1.0,16,16,1.0,16,16
fivedirections-case3,base,declared,context_v1,native,0.99,True,0,unmet,temporal_event_ceiling,0.9285714285714286,,,,,,,,,,,,,,1.0,1.0,0.9285714285714286,4096,4096,0.9903452014755625,0.9903452014755625,0.9285714285714286,13,14,1.0,16,16,1.0,16,16
fivedirections-case3,base,declared,context_v1,native,1.0,False,0,unmet,temporal_event_ceiling,0.9285714285714286,,,,,,,,,,,,,,1.0,1.0,0.9285714285714286,4096,4096,0.9903452014755625,0.9903452014755625,0.9285714285714286,13,14,1.0,16,16,1.0,16,16
fivedirections-case3,base,declared,context_v1,native,1.0,True,0,unmet,temporal_event_ceiling,0.9285714285714286,,,,,,,,,,,,,,1.0,1.0,0.9285714285714286,4096,4096,0.9903452014755625,0.9903452014755625,0.9285714285714286,13,14,1.0,16,16,1.0,16,16
fivedirections-case3,base,declared,context_v1,augmented,0.9,False,0,met,,,21212,21212,0.9500005892821365,0.9500005892821365,0.9333333333333333,14,15,1.0,16,16,1.0,16,16,1.0,1.0,0.9333333333333333,,,,,,,,,,,,,
fivedirections-case3,base,declared,context_v1,augmented,0.9,True,0,met,,,21212,21212,0.9500005892821365,0.9500005892821365,0.9333333333333333,14,15,1.0,16,16,1.0,16,16,1.0,1.0,0.9333333333333333,,,,,,,,,,,,,
fivedirections-case3,base,declared,context_v1,augmented,0.95,False,0,unmet,temporal_event_ceiling,0.9333333333333333,,,,,,,,,,,,,,1.0,1.0,0.9333333333333333,21212,21212,0.9500005892821365,0.9500005892821365,0.9333333333333333,14,15,1.0,16,16,1.0,16,16
fivedirections-case3,base,declared,context_v1,augmented,0.95,True,0,unmet,temporal_event_ceiling,0.9333333333333333,,,,,,,,,,,,,,1.0,1.0,0.9333333333333333,21212,21212,0.9500005892821365,0.9500005892821365,0.9333333333333333,14,15,1.0,16,16,1.0,16,16
fivedirections-case3,base,declared,context_v1,augmented,0.99,False,0,unmet,temporal_event_ceiling,0.9333333333333333,,,,,,,,,,,,,,1.0,1.0,0.9333333333333333,21212,21212,0.9500005892821365,0.9500005892821365,0.9333333333333333,14,15,1.0,16,16,1.0,16,16
fivedirections-case3,base,declared,context_v1,augmented,0.99,True,0,unmet,temporal_event_ceiling,0.9333333333333333,,,,,,,,,,,,,,1.0,1.0,0.9333333333333333,21212,21212,0.9500005892821365,0.9500005892821365,0.9333333333333333,14,15,1.0,16,16,1.0,16,16
fivedirections-case3,base,declared,context_v1,augmented,1.0,False,0,unmet,temporal_event_ceiling,0.9333333333333333,,,,,,,,,,,,,,1.0,1.0,0.9333333333333333,21212,21212,0.9500005892821365,0.9500005892821365,0.9333333333333333,14,15,1.0,16,16,1.0,16,16
fivedirections-case3,base,declared,context_v1,augmented,1.0,True,0,unmet,temporal_event_ceiling,0.9333333333333333,,,,,,,,,,,,,,1.0,1.0,0.9333333333333333,21212,21212,0.9500005892821365,0.9500005892821365,0.9333333333333333,14,15,1.0,16,16,1.0,16,16
fivedirections-case3,base,declared,reliability,native,0.9,False,0,met,,,8484,8484,0.9800021214156914,0.9800021214156914,0.9285714285714286,13,14,1.0,16,16,1.0,16,16,1.0,1.0,0.9285714285714286,,,,,,,,,,,,,
fivedirections-case3,base,declared,reliability,native,0.9,True,0,met,,,8484,8484,0.9800021214156914,0.9800021214156914,0.9285714285714286,13,14,1.0,16,16,1.0,16,16,1.0,1.0,0.9285714285714286,,,,,,,,,,,,,
fivedirections-case3,base,declared,reliability,native,0.95,False,0,unmet,temporal_event_ceiling,0.9285714285714286,,,,,,,,,,,,,,1.0,1.0,0.9285714285714286,8484,8484,0.9800021214156914,0.9800021214156914,0.9285714285714286,13,14,1.0,16,16,1.0,16,16
fivedirections-case3,base,declared,reliability,native,0.95,True,0,unmet,temporal_event_ceiling,0.9285714285714286,,,,,,,,,,,,,,1.0,1.0,0.9285714285714286,8484,8484,0.9800021214156914,0.9800021214156914,0.9285714285714286,13,14,1.0,16,16,1.0,16,16
fivedirections-case3,base,declared,reliability,native,0.99,False,0,unmet,temporal_event_ceiling,0.9285714285714286,,,,,,,,,,,,,,1.0,1.0,0.9285714285714286,8484,8484,0.9800021214156914,0.9800021214156914,0.9285714285714286,13,14,1.0,16,16,1.0,16,16
fivedirections-case3,base,declared,reliability,native,0.99,True,0,unmet,temporal_event_ceiling,0.9285714285714286,,,,,,,,,,,,,,1.0,1.0,0.9285714285714286,8484,8484,0.9800021214156914,0.9800021214156914,0.9285714285714286,13,14,1.0,16,16,1.0,16,16
fivedirections-case3,base,declared,reliability,native,1.0,False,0,unmet,temporal_event_ceiling,0.9285714285714286,,,,,,,,,,,,,,1.0,1.0,0.9285714285714286,8484,8484,0.9800021214156914,0.9800021214156914,0.9285714285714286,13,14,1.0,16,16,1.0,16,16
fivedirections-case3,base,declared,reliability,native,1.0,True,0,unmet,temporal_event_ceiling,0.9285714285714286,,,,,,,,,,,,,,1.0,1.0,0.9285714285714286,8484,8484,0.9800021214156914,0.9800021214156914,0.9285714285714286,13,14,1.0,16,16,1.0,16,16
fivedirections-case3,base,declared,reliability,augmented,0.9,False,0,met,,,84849,84849,0.8,0.8,0.9333333333333333,14,15,1.0,16,16,1.0,16,16,1.0,1.0,0.9333333333333333,,,,,,,,,,,,,
fivedirections-case3,base,declared,reliability,augmented,0.9,True,0,met,,,84849,84849,0.8,0.8,0.9333333333333333,14,15,1.0,16,16,1.0,16,16,1.0,1.0,0.9333333333333333,,,,,,,,,,,,,
fivedirections-case3,base,declared,reliability,augmented,0.95,False,0,unmet,temporal_event_ceiling,0.9333333333333333,,,,,,,,,,,,,,1.0,1.0,0.9333333333333333,84849,84849,0.8,0.8,0.9333333333333333,14,15,1.0,16,16,1.0,16,16
fivedirections-case3,base,declared,reliability,augmented,0.95,True,0,unmet,temporal_event_ceiling,0.9333333333333333,,,,,,,,,,,,,,1.0,1.0,0.9333333333333333,84849,84849,0.8,0.8,0.9333333333333333,14,15,1.0,16,16,1.0,16,16
fivedirections-case3,base,declared,reliability,augmented,0.99,False,0,unmet,temporal_event_ceiling,0.9333333333333333,,,,,,,,,,,,,,1.0,1.0,0.9333333333333333,84849,84849,0.8,0.8,0.9333333333333333,14,15,1.0,16,16,1.0,16,16
fivedirections-case3,base,declared,reliability,augmented,0.99,True,0,unmet,temporal_event_ceiling,0.9333333333333333,,,,,,,,,,,,,,1.0,1.0,0.9333333333333333,84849,84849,0.8,0.8,0.9333333333333333,14,15,1.0,16,16,1.0,16,16
fivedirections-case3,base,declared,reliability,augmented,1.0,False,0,unmet,temporal_event_ceiling,0.9333333333333333,,,,,,,,,,,,,,1.0,1.0,0.9333333333333333,84849,84849,0.8,0.8,0.9333333333333333,14,15,1.0,16,16,1.0,16,16
fivedirections-case3,base,declared,reliability,augmented,1.0,True,0,unmet,temporal_event_ceiling,0.9333333333333333,,,,,,,,,,,,,,1.0,1.0,0.9333333333333333,84849,84849,0.8,0.8,0.9333333333333333,14,15,1.0,16,16,1.0,16,16
fivedirections-case3,base,declared,adaptive_v1,native,0.9,False,0,met,,,4096,4096,0.9903452014755625,0.9903452014755625,0.9285714285714286,13,14,1.0,16,16,1.0,16,16,1.0,1.0,0.9285714285714286,,,,,,,,,,,,,
fivedirections-case3,base,declared,adaptive_v1,native,0.9,True,0,met,,,4096,4096,0.9903452014755625,0.9903452014755625,0.9285714285714286,13,14,1.0,16,16,1.0,16,16,1.0,1.0,0.9285714285714286,,,,,,,,,,,,,
fivedirections-case3,base,declared,adaptive_v1,native,0.95,False,0,unmet,temporal_event_ceiling,0.9285714285714286,,,,,,,,,,,,,,1.0,1.0,0.9285714285714286,4096,4096,0.9903452014755625,0.9903452014755625,0.9285714285714286,13,14,1.0,16,16,1.0,16,16
fivedirections-case3,base,declared,adaptive_v1,native,0.95,True,0,unmet,temporal_event_ceiling,0.9285714285714286,,,,,,,,,,,,,,1.0,1.0,0.9285714285714286,4096,4096,0.9903452014755625,0.9903452014755625,0.9285714285714286,13,14,1.0,16,16,1.0,16,16
fivedirections-case3,base,declared,adaptive_v1,native,0.99,False,0,unmet,temporal_event_ceiling,0.9285714285714286,,,,,,,,,,,,,,1.0,1.0,0.9285714285714286,4096,4096,0.9903452014755625,0.9903452014755625,0.9285714285714286,13,14,1.0,16,16,1.0,16,16
fivedirections-case3,base,declared,adaptive_v1,native,0.99,True,0,unmet,temporal_event_ceiling,0.9285714285714286,,,,,,,,,,,,,,1.0,1.0,0.9285714285714286,4096,4096,0.9903452014755625,0.9903452014755625,0.9285714285714286,13,14,1.0,16,16,1.0,16,16
fivedirections-case3,base,declared,adaptive_v1,native,1.0,False,0,unmet,temporal_event_ceiling,0.9285714285714286,,,,,,,,,,,,,,1.0,1.0,0.9285714285714286,4096,4096,0.9903452014755625,0.9903452014755625,0.9285714285714286,13,14,1.0,16,16,1.0,16,16
fivedirections-case3,base,declared,adaptive_v1,native,1.0,True,0,unmet,temporal_event_ceiling,0.9285714285714286,,,,,,,,,,,,,,1.0,1.0,0.9285714285714286,4096,4096,0.9903452014755625,0.9903452014755625,0.9285714285714286,13,14,1.0,16,16,1.0,16,16
fivedirections-case3,base,declared,adaptive_v1,augmented,0.9,False,0,met,,,21212,21212,0.9500005892821365,0.9500005892821365,0.9333333333333333,14,15,1.0,16,16,1.0,16,16,1.0,1.0,0.9333333333333333,,,,,,,,,,,,,
fivedirections-case3,base,declared,adaptive_v1,augmented,0.9,True,0,met,,,21212,21212,0.9500005892821365,0.9500005892821365,0.9333333333333333,14,15,1.0,16,16,1.0,16,16,1.0,1.0,0.9333333333333333,,,,,,,,,,,,,
fivedirections-case3,base,declared,adaptive_v1,augmented,0.95,False,0,unmet,temporal_event_ceiling,0.9333333333333333,,,,,,,,,,,,,,1.0,1.0,0.9333333333333333,21212,21212,0.9500005892821365,0.9500005892821365,0.9333333333333333,14,15,1.0,16,16,1.0,16,16
fivedirections-case3,base,declared,adaptive_v1,augmented,0.95,True,0,unmet,temporal_event_ceiling,0.9333333333333333,,,,,,,,,,,,,,1.0,1.0,0.9333333333333333,21212,21212,0.9500005892821365,0.9500005892821365,0.9333333333333333,14,15,1.0,16,16,1.0,16,16
fivedirections-case3,base,declared,adaptive_v1,augmented,0.99,False,0,unmet,temporal_event_ceiling,0.9333333333333333,,,,,,,,,,,,,,1.0,1.0,0.9333333333333333,21212,21212,0.9500005892821365,0.9500005892821365,0.9333333333333333,14,15,1.0,16,16,1.0,16,16
fivedirections-case3,base,declared,adaptive_v1,augmented,0.99,True,0,unmet,temporal_event_ceiling,0.9333333333333333,,,,,,,,,,,,,,1.0,1.0,0.9333333333333333,21212,21212,0.9500005892821365,0.9500005892821365,0.9333333333333333,14,15,1.0,16,16,1.0,16,16
fivedirections-case3,base,declared,adaptive_v1,augmented,1.0,False,0,unmet,temporal_event_ceiling,0.9333333333333333,,,,,,,,,,,,,,1.0,1.0,0.9333333333333333,21212,21212,0.9500005892821365,0.9500005892821365,0.9333333333333333,14,15,1.0,16,16,1.0,16,16
fivedirections-case3,base,declared,adaptive_v1,augmented,1.0,True,0,unmet,temporal_event_ceiling,0.9333333333333333,,,,,,,,,,,,,,1.0,1.0,0.9333333333333333,21212,21212,0.9500005892821365,0.9500005892821365,0.9333333333333333,14,15,1.0,16,16,1.0,16,16
fivedirections-case3,base,declared,reliability_chain,native,0.9,False,0,met,,,8484,8484,0.9800021214156914,0.9800021214156914,0.9285714285714286,13,14,1.0,16,16,1.0,16,16,1.0,1.0,0.9285714285714286,,,,,,,,,,,,,
fivedirections-case3,base,declared,reliability_chain,native,0.9,True,0,met,,,8484,8484,0.9800021214156914,0.9800021214156914,0.9285714285714286,13,14,1.0,16,16,1.0,16,16,1.0,1.0,0.9285714285714286,,,,,,,,,,,,,
fivedirections-case3,base,declared,reliability_chain,native,0.95,False,0,unmet,temporal_event_ceiling,0.9285714285714286,,,,,,,,,,,,,,1.0,1.0,0.9285714285714286,8484,8484,0.9800021214156914,0.9800021214156914,0.9285714285714286,13,14,1.0,16,16,1.0,16,16
fivedirections-case3,base,declared,reliability_chain,native,0.95,True,0,unmet,temporal_event_ceiling,0.9285714285714286,,,,,,,,,,,,,,1.0,1.0,0.9285714285714286,8484,8484,0.9800021214156914,0.9800021214156914,0.9285714285714286,13,14,1.0,16,16,1.0,16,16
fivedirections-case3,base,declared,reliability_chain,native,0.99,False,0,unmet,temporal_event_ceiling,0.9285714285714286,,,,,,,,,,,,,,1.0,1.0,0.9285714285714286,8484,8484,0.9800021214156914,0.9800021214156914,0.9285714285714286,13,14,1.0,16,16,1.0,16,16
fivedirections-case3,base,declared,reliability_chain,native,0.99,True,0,unmet,temporal_event_ceiling,0.9285714285714286,,,,,,,,,,,,,,1.0,1.0,0.9285714285714286,8484,8484,0.9800021214156914,0.9800021214156914,0.9285714285714286,13,14,1.0,16,16,1.0,16,16
fivedirections-case3,base,declared,reliability_chain,native,1.0,False,0,unmet,temporal_event_ceiling,0.9285714285714286,,,,,,,,,,,,,,1.0,1.0,0.9285714285714286,8484,8484,0.9800021214156914,0.9800021214156914,0.9285714285714286,13,14,1.0,16,16,1.0,16,16
fivedirections-case3,base,declared,reliability_chain,native,1.0,True,0,unmet,temporal_event_ceiling,0.9285714285714286,,,,,,,,,,,,,,1.0,1.0,0.9285714285714286,8484,8484,0.9800021214156914,0.9800021214156914,0.9285714285714286,13,14,1.0,16,16,1.0,16,16
fivedirections-case3,base,declared,reliability_chain,augmented,0.9,False,0,met,,,84849,84849,0.8,0.8,0.9333333333333333,14,15,1.0,16,16,1.0,16,16,1.0,1.0,0.9333333333333333,,,,,,,,,,,,,
fivedirections-case3,base,declared,reliability_chain,augmented,0.9,True,0,met,,,84849,84849,0.8,0.8,0.9333333333333333,14,15,1.0,16,16,1.0,16,16,1.0,1.0,0.9333333333333333,,,,,,,,,,,,,
fivedirections-case3,base,declared,reliability_chain,augmented,0.95,False,0,unmet,temporal_event_ceiling,0.9333333333333333,,,,,,,,,,,,,,1.0,1.0,0.9333333333333333,84849,84849,0.8,0.8,0.9333333333333333,14,15,1.0,16,16,1.0,16,16
fivedirections-case3,base,declared,reliability_chain,augmented,0.95,True,0,unmet,temporal_event_ceiling,0.9333333333333333,,,,,,,,,,,,,,1.0,1.0,0.9333333333333333,84849,84849,0.8,0.8,0.9333333333333333,14,15,1.0,16,16,1.0,16,16
fivedirections-case3,base,declared,reliability_chain,augmented,0.99,False,0,unmet,temporal_event_ceiling,0.9333333333333333,,,,,,,,,,,,,,1.0,1.0,0.9333333333333333,84849,84849,0.8,0.8,0.9333333333333333,14,15,1.0,16,16,1.0,16,16
fivedirections-case3,base,declared,reliability_chain,augmented,0.99,True,0,unmet,temporal_event_ceiling,0.9333333333333333,,,,,,,,,,,,,,1.0,1.0,0.9333333333333333,84849,84849,0.8,0.8,0.9333333333333333,14,15,1.0,16,16,1.0,16,16
fivedirections-case3,base,declared,reliability_chain,augmented,1.0,False,0,unmet,temporal_event_ceiling,0.9333333333333333,,,,,,,,,,,,,,1.0,1.0,0.9333333333333333,84849,84849,0.8,0.8,0.9333333333333333,14,15,1.0,16,16,1.0,16,16
fivedirections-case3,base,declared,reliability_chain,augmented,1.0,True,0,unmet,temporal_event_ceiling,0.9333333333333333,,,,,,,,,,,,,,1.0,1.0,0.9333333333333333,84849,84849,0.8,0.8,0.9333333333333333,14,15,1.0,16,16,1.0,16,16
fivedirections-case3,base,adaptive,rarity_only,native,0.9,False,0,met,,,424245,276898,0.34731581986823656,0.34731581986823656,0.9285714285714286,13,14,1.0,16,16,1.0,16,16,1.0,1.0,0.9285714285714286,,,,,,,,,,,,,
fivedirections-case3,base,adaptive,rarity_only,native,0.9,True,0,met,,,424245,276898,0.34731581986823656,0.34731581986823656,0.9285714285714286,13,14,1.0,16,16,1.0,16,16,1.0,1.0,0.9285714285714286,,,,,,,,,,,,,
fivedirections-case3,base,adaptive,rarity_only,native,0.95,False,0,unmet,temporal_event_ceiling,0.9285714285714286,,,,,,,,,,,,,,1.0,1.0,0.9285714285714286,424245,276898,0.34731581986823656,0.34731581986823656,0.9285714285714286,13,14,1.0,16,16,1.0,16,16
fivedirections-case3,base,adaptive,rarity_only,native,0.95,True,0,unmet,temporal_event_ceiling,0.9285714285714286,,,,,,,,,,,,,,1.0,1.0,0.9285714285714286,424245,276898,0.34731581986823656,0.34731581986823656,0.9285714285714286,13,14,1.0,16,16,1.0,16,16
fivedirections-case3,base,adaptive,rarity_only,native,0.99,False,0,unmet,temporal_event_ceiling,0.9285714285714286,,,,,,,,,,,,,,1.0,1.0,0.9285714285714286,424245,276898,0.34731581986823656,0.34731581986823656,0.9285714285714286,13,14,1.0,16,16,1.0,16,16
fivedirections-case3,base,adaptive,rarity_only,native,0.99,True,0,unmet,temporal_event_ceiling,0.9285714285714286,,,,,,,,,,,,,,1.0,1.0,0.9285714285714286,424245,276898,0.34731581986823656,0.34731581986823656,0.9285714285714286,13,14,1.0,16,16,1.0,16,16
fivedirections-case3,base,adaptive,rarity_only,native,1.0,False,0,unmet,temporal_event_ceiling,0.9285714285714286,,,,,,,,,,,,,,1.0,1.0,0.9285714285714286,424245,276898,0.34731581986823656,0.34731581986823656,0.9285714285714286,13,14,1.0,16,16,1.0,16,16
fivedirections-case3,base,adaptive,rarity_only,native,1.0,True,0,unmet,temporal_event_ceiling,0.9285714285714286,,,,,,,,,,,,,,1.0,1.0,0.9285714285714286,424245,276898,0.34731581986823656,0.34731581986823656,0.9285714285714286,13,14,1.0,16,16,1.0,16,16
fivedirections-case3,base,adaptive,rarity_only,augmented,0.9,False,0,met,,,424245,276898,0.34731581986823656,0.34731581986823656,0.9333333333333333,14,15,1.0,16,16,1.0,16,16,1.0,1.0,0.9333333333333333,,,,,,,,,,,,,
fivedirections-case3,base,adaptive,rarity_only,augmented,0.9,True,0,met,,,424245,276898,0.34731581986823656,0.34731581986823656,0.9333333333333333,14,15,1.0,16,16,1.0,16,16,1.0,1.0,0.9333333333333333,,,,,,,,,,,,,
fivedirections-case3,base,adaptive,rarity_only,augmented,0.95,False,0,unmet,temporal_event_ceiling,0.9333333333333333,,,,,,,,,,,,,,1.0,1.0,0.9333333333333333,424245,276898,0.34731581986823656,0.34731581986823656,0.9333333333333333,14,15,1.0,16,16,1.0,16,16
fivedirections-case3,base,adaptive,rarity_only,augmented,0.95,True,0,unmet,temporal_event_ceiling,0.9333333333333333,,,,,,,,,,,,,,1.0,1.0,0.9333333333333333,424245,276898,0.34731581986823656,0.34731581986823656,0.9333333333333333,14,15,1.0,16,16,1.0,16,16
fivedirections-case3,base,adaptive,rarity_only,augmented,0.99,False,0,unmet,temporal_event_ceiling,0.9333333333333333,,,,,,,,,,,,,,1.0,1.0,0.9333333333333333,424245,276898,0.34731581986823656,0.34731581986823656,0.9333333333333333,14,15,1.0,16,16,1.0,16,16
fivedirections-case3,base,adaptive,rarity_only,augmented,0.99,True,0,unmet,temporal_event_ceiling,0.9333333333333333,,,,,,,,,,,,,,1.0,1.0,0.9333333333333333,424245,276898,0.34731581986823656,0.34731581986823656,0.9333333333333333,14,15,1.0,16,16,1.0,16,16
fivedirections-case3,base,adaptive,rarity_only,augmented,1.0,False,0,unmet,temporal_event_ceiling,0.9333333333333333,,,,,,,,,,,,,,1.0,1.0,0.9333333333333333,424245,276898,0.34731581986823656,0.34731581986823656,0.9333333333333333,14,15,1.0,16,16,1.0,16,16
fivedirections-case3,base,adaptive,rarity_only,augmented,1.0,True,0,unmet,temporal_event_ceiling,0.9333333333333333,,,,,,,,,,,,,,1.0,1.0,0.9333333333333333,424245,276898,0.34731581986823656,0.34731581986823656,0.9333333333333333,14,15,1.0,16,16,1.0,16,16
fivedirections-case3,base,adaptive,diffusion_only,native,0.9,False,0,met,,,42424,42424,0.900001178564273,0.900001178564273,0.9285714285714286,13,14,1.0,16,16,1.0,16,16,1.0,1.0,0.9285714285714286,,,,,,,,,,,,,
fivedirections-case3,base,adaptive,diffusion_only,native,0.9,True,0,met,,,42424,42424,0.900001178564273,0.900001178564273,0.9285714285714286,13,14,1.0,16,16,1.0,16,16,1.0,1.0,0.9285714285714286,,,,,,,,,,,,,
fivedirections-case3,base,adaptive,diffusion_only,native,0.95,False,0,unmet,temporal_event_ceiling,0.9285714285714286,,,,,,,,,,,,,,1.0,1.0,0.9285714285714286,42424,42424,0.900001178564273,0.900001178564273,0.9285714285714286,13,14,1.0,16,16,1.0,16,16
fivedirections-case3,base,adaptive,diffusion_only,native,0.95,True,0,unmet,temporal_event_ceiling,0.9285714285714286,,,,,,,,,,,,,,1.0,1.0,0.9285714285714286,42424,42424,0.900001178564273,0.900001178564273,0.9285714285714286,13,14,1.0,16,16,1.0,16,16
fivedirections-case3,base,adaptive,diffusion_only,native,0.99,False,0,unmet,temporal_event_ceiling,0.9285714285714286,,,,,,,,,,,,,,1.0,1.0,0.9285714285714286,42424,42424,0.900001178564273,0.900001178564273,0.9285714285714286,13,14,1.0,16,16,1.0,16,16
fivedirections-case3,base,adaptive,diffusion_only,native,0.99,True,0,unmet,temporal_event_ceiling,0.9285714285714286,,,,,,,,,,,,,,1.0,1.0,0.9285714285714286,42424,42424,0.900001178564273,0.900001178564273,0.9285714285714286,13,14,1.0,16,16,1.0,16,16
fivedirections-case3,base,adaptive,diffusion_only,native,1.0,False,0,unmet,temporal_event_ceiling,0.9285714285714286,,,,,,,,,,,,,,1.0,1.0,0.9285714285714286,42424,42424,0.900001178564273,0.900001178564273,0.9285714285714286,13,14,1.0,16,16,1.0,16,16
fivedirections-case3,base,adaptive,diffusion_only,native,1.0,True,0,unmet,temporal_event_ceiling,0.9285714285714286,,,,,,,,,,,,,,1.0,1.0,0.9285714285714286,42424,42424,0.900001178564273,0.900001178564273,0.9285714285714286,13,14,1.0,16,16,1.0,16,16
fivedirections-case3,base,adaptive,diffusion_only,augmented,0.9,False,0,met,,,42424,42424,0.900001178564273,0.900001178564273,0.9333333333333333,14,15,1.0,16,16,1.0,16,16,1.0,1.0,0.9333333333333333,,,,,,,,,,,,,
fivedirections-case3,base,adaptive,diffusion_only,augmented,0.9,True,0,met,,,42424,42424,0.900001178564273,0.900001178564273,0.9333333333333333,14,15,1.0,16,16,1.0,16,16,1.0,1.0,0.9333333333333333,,,,,,,,,,,,,
fivedirections-case3,base,adaptive,diffusion_only,augmented,0.95,False,0,unmet,temporal_event_ceiling,0.9333333333333333,,,,,,,,,,,,,,1.0,1.0,0.9333333333333333,42424,42424,0.900001178564273,0.900001178564273,0.9333333333333333,14,15,1.0,16,16,1.0,16,16
fivedirections-case3,base,adaptive,diffusion_only,augmented,0.95,True,0,unmet,temporal_event_ceiling,0.9333333333333333,,,,,,,,,,,,,,1.0,1.0,0.9333333333333333,42424,42424,0.900001178564273,0.900001178564273,0.9333333333333333,14,15,1.0,16,16,1.0,16,16
fivedirections-case3,base,adaptive,diffusion_only,augmented,0.99,False,0,unmet,temporal_event_ceiling,0.9333333333333333,,,,,,,,,,,,,,1.0,1.0,0.9333333333333333,42424,42424,0.900001178564273,0.900001178564273,0.9333333333333333,14,15,1.0,16,16,1.0,16,16
fivedirections-case3,base,adaptive,diffusion_only,augmented,0.99,True,0,unmet,temporal_event_ceiling,0.9333333333333333,,,,,,,,,,,,,,1.0,1.0,0.9333333333333333,42424,42424,0.900001178564273,0.900001178564273,0.9333333333333333,14,15,1.0,16,16,1.0,16,16
fivedirections-case3,base,adaptive,diffusion_only,augmented,1.0,False,0,unmet,temporal_event_ceiling,0.9333333333333333,,,,,,,,,,,,,,1.0,1.0,0.9333333333333333,42424,42424,0.900001178564273,0.900001178564273,0.9333333333333333,14,15,1.0,16,16,1.0,16,16
fivedirections-case3,base,adaptive,diffusion_only,augmented,1.0,True,0,unmet,temporal_event_ceiling,0.9333333333333333,,,,,,,,,,,,,,1.0,1.0,0.9333333333333333,42424,42424,0.900001178564273,0.900001178564273,0.9333333333333333,14,15,1.0,16,16,1.0,16,16
fivedirections-case3,base,adaptive,rasp,native,0.9,False,0,met,,,212122,212122,0.5000011785642731,0.5000011785642731,0.9285714285714286,13,14,1.0,16,16,1.0,16,16,1.0,1.0,0.9285714285714286,,,,,,,,,,,,,
fivedirections-case3,base,adaptive,rasp,native,0.9,True,0,met,,,212122,212122,0.5000011785642731,0.5000011785642731,0.9285714285714286,13,14,1.0,16,16,1.0,16,16,1.0,1.0,0.9285714285714286,,,,,,,,,,,,,
fivedirections-case3,base,adaptive,rasp,native,0.95,False,0,unmet,temporal_event_ceiling,0.9285714285714286,,,,,,,,,,,,,,1.0,1.0,0.9285714285714286,212122,212122,0.5000011785642731,0.5000011785642731,0.9285714285714286,13,14,1.0,16,16,1.0,16,16
fivedirections-case3,base,adaptive,rasp,native,0.95,True,0,unmet,temporal_event_ceiling,0.9285714285714286,,,,,,,,,,,,,,1.0,1.0,0.9285714285714286,212122,212122,0.5000011785642731,0.5000011785642731,0.9285714285714286,13,14,1.0,16,16,1.0,16,16
fivedirections-case3,base,adaptive,rasp,native,0.99,False,0,unmet,temporal_event_ceiling,0.9285714285714286,,,,,,,,,,,,,,1.0,1.0,0.9285714285714286,212122,212122,0.5000011785642731,0.5000011785642731,0.9285714285714286,13,14,1.0,16,16,1.0,16,16
fivedirections-case3,base,adaptive,rasp,native,0.99,True,0,unmet,temporal_event_ceiling,0.9285714285714286,,,,,,,,,,,,,,1.0,1.0,0.9285714285714286,212122,212122,0.5000011785642731,0.5000011785642731,0.9285714285714286,13,14,1.0,16,16,1.0,16,16
fivedirections-case3,base,adaptive,rasp,native,1.0,False,0,unmet,temporal_event_ceiling,0.9285714285714286,,,,,,,,,,,,,,1.0,1.0,0.9285714285714286,212122,212122,0.5000011785642731,0.5000011785642731,0.9285714285714286,13,14,1.0,16,16,1.0,16,16
fivedirections-case3,base,adaptive,rasp,native,1.0,True,0,unmet,temporal_event_ceiling,0.9285714285714286,,,,,,,,,,,,,,1.0,1.0,0.9285714285714286,212122,212122,0.5000011785642731,0.5000011785642731,0.9285714285714286,13,14,1.0,16,16,1.0,16,16
fivedirections-case3,base,adaptive,rasp,augmented,0.9,False,0,met,,,212122,212122,0.5000011785642731,0.5000011785642731,0.9333333333333333,14,15,1.0,16,16,1.0,16,16,1.0,1.0,0.9333333333333333,,,,,,,,,,,,,
fivedirections-case3,base,adaptive,rasp,augmented,0.9,True,0,met,,,212122,212122,0.5000011785642731,0.5000011785642731,0.9333333333333333,14,15,1.0,16,16,1.0,16,16,1.0,1.0,0.9333333333333333,,,,,,,,,,,,,
fivedirections-case3,base,adaptive,rasp,augmented,0.95,False,0,unmet,temporal_event_ceiling,0.9333333333333333,,,,,,,,,,,,,,1.0,1.0,0.9333333333333333,212122,212122,0.5000011785642731,0.5000011785642731,0.9333333333333333,14,15,1.0,16,16,1.0,16,16
fivedirections-case3,base,adaptive,rasp,augmented,0.95,True,0,unmet,temporal_event_ceiling,0.9333333333333333,,,,,,,,,,,,,,1.0,1.0,0.9333333333333333,212122,212122,0.5000011785642731,0.5000011785642731,0.9333333333333333,14,15,1.0,16,16,1.0,16,16
fivedirections-case3,base,adaptive,rasp,augmented,0.99,False,0,unmet,temporal_event_ceiling,0.9333333333333333,,,,,,,,,,,,,,1.0,1.0,0.9333333333333333,212122,212122,0.5000011785642731,0.5000011785642731,0.9333333333333333,14,15,1.0,16,16,1.0,16,16
fivedirections-case3,base,adaptive,rasp,augmented,0.99,True,0,unmet,temporal_event_ceiling,0.9333333333333333,,,,,,,,,,,,,,1.0,1.0,0.9333333333333333,212122,212122,0.5000011785642731,0.5000011785642731,0.9333333333333333,14,15,1.0,16,16,1.0,16,16
fivedirections-case3,base,adaptive,rasp,augmented,1.0,False,0,unmet,temporal_event_ceiling,0.9333333333333333,,,,,,,,,,,,,,1.0,1.0,0.9333333333333333,212122,212122,0.5000011785642731,0.5000011785642731,0.9333333333333333,14,15,1.0,16,16,1.0,16,16
fivedirections-case3,base,adaptive,rasp,augmented,1.0,True,0,unmet,temporal_event_ceiling,0.9333333333333333,,,,,,,,,,,,,,1.0,1.0,0.9333333333333333,212122,212122,0.5000011785642731,0.5000011785642731,0.9333333333333333,14,15,1.0,16,16,1.0,16,16
fivedirections-case3,base,adaptive,context_v1,native,0.9,False,0,met,,,212122,212122,0.5000011785642731,0.5000011785642731,0.9285714285714286,13,14,1.0,16,16,1.0,16,16,1.0,1.0,0.9285714285714286,,,,,,,,,,,,,
fivedirections-case3,base,adaptive,context_v1,native,0.9,True,0,met,,,212122,212122,0.5000011785642731,0.5000011785642731,0.9285714285714286,13,14,1.0,16,16,1.0,16,16,1.0,1.0,0.9285714285714286,,,,,,,,,,,,,
fivedirections-case3,base,adaptive,context_v1,native,0.95,False,0,unmet,temporal_event_ceiling,0.9285714285714286,,,,,,,,,,,,,,1.0,1.0,0.9285714285714286,212122,212122,0.5000011785642731,0.5000011785642731,0.9285714285714286,13,14,1.0,16,16,1.0,16,16
fivedirections-case3,base,adaptive,context_v1,native,0.95,True,0,unmet,temporal_event_ceiling,0.9285714285714286,,,,,,,,,,,,,,1.0,1.0,0.9285714285714286,212122,212122,0.5000011785642731,0.5000011785642731,0.9285714285714286,13,14,1.0,16,16,1.0,16,16
fivedirections-case3,base,adaptive,context_v1,native,0.99,False,0,unmet,temporal_event_ceiling,0.9285714285714286,,,,,,,,,,,,,,1.0,1.0,0.9285714285714286,212122,212122,0.5000011785642731,0.5000011785642731,0.9285714285714286,13,14,1.0,16,16,1.0,16,16
fivedirections-case3,base,adaptive,context_v1,native,0.99,True,0,unmet,temporal_event_ceiling,0.9285714285714286,,,,,,,,,,,,,,1.0,1.0,0.9285714285714286,212122,212122,0.5000011785642731,0.5000011785642731,0.9285714285714286,13,14,1.0,16,16,1.0,16,16
fivedirections-case3,base,adaptive,context_v1,native,1.0,False,0,unmet,temporal_event_ceiling,0.9285714285714286,,,,,,,,,,,,,,1.0,1.0,0.9285714285714286,212122,212122,0.5000011785642731,0.5000011785642731,0.9285714285714286,13,14,1.0,16,16,1.0,16,16
fivedirections-case3,base,adaptive,context_v1,native,1.0,True,0,unmet,temporal_event_ceiling,0.9285714285714286,,,,,,,,,,,,,,1.0,1.0,0.9285714285714286,212122,212122,0.5000011785642731,0.5000011785642731,0.9285714285714286,13,14,1.0,16,16,1.0,16,16
fivedirections-case3,base,adaptive,context_v1,augmented,0.9,False,0,met,,,212122,212122,0.5000011785642731,0.5000011785642731,0.9333333333333333,14,15,1.0,16,16,1.0,16,16,1.0,1.0,0.9333333333333333,,,,,,,,,,,,,
fivedirections-case3,base,adaptive,context_v1,augmented,0.9,True,0,met,,,212122,212122,0.5000011785642731,0.5000011785642731,0.9333333333333333,14,15,1.0,16,16,1.0,16,16,1.0,1.0,0.9333333333333333,,,,,,,,,,,,,
fivedirections-case3,base,adaptive,context_v1,augmented,0.95,False,0,unmet,temporal_event_ceiling,0.9333333333333333,,,,,,,,,,,,,,1.0,1.0,0.9333333333333333,212122,212122,0.5000011785642731,0.5000011785642731,0.9333333333333333,14,15,1.0,16,16,1.0,16,16
fivedirections-case3,base,adaptive,context_v1,augmented,0.95,True,0,unmet,temporal_event_ceiling,0.9333333333333333,,,,,,,,,,,,,,1.0,1.0,0.9333333333333333,212122,212122,0.5000011785642731,0.5000011785642731,0.9333333333333333,14,15,1.0,16,16,1.0,16,16
fivedirections-case3,base,adaptive,context_v1,augmented,0.99,False,0,unmet,temporal_event_ceiling,0.9333333333333333,,,,,,,,,,,,,,1.0,1.0,0.9333333333333333,212122,212122,0.5000011785642731,0.5000011785642731,0.9333333333333333,14,15,1.0,16,16,1.0,16,16
fivedirections-case3,base,adaptive,context_v1,augmented,0.99,True,0,unmet,temporal_event_ceiling,0.9333333333333333,,,,,,,,,,,,,,1.0,1.0,0.9333333333333333,212122,212122,0.5000011785642731,0.5000011785642731,0.9333333333333333,14,15,1.0,16,16,1.0,16,16
fivedirections-case3,base,adaptive,context_v1,augmented,1.0,False,0,unmet,temporal_event_ceiling,0.9333333333333333,,,,,,,,,,,,,,1.0,1.0,0.9333333333333333,212122,212122,0.5000011785642731,0.5000011785642731,0.9333333333333333,14,15,1.0,16,16,1.0,16,16
fivedirections-case3,base,adaptive,context_v1,augmented,1.0,True,0,unmet,temporal_event_ceiling,0.9333333333333333,,,,,,,,,,,,,,1.0,1.0,0.9333333333333333,212122,212122,0.5000011785642731,0.5000011785642731,0.9333333333333333,14,15,1.0,16,16,1.0,16,16
fivedirections-case3,base,adaptive,reliability,native,0.9,False,0,met,,,212122,212122,0.5000011785642731,0.5000011785642731,0.9285714285714286,13,14,1.0,16,16,1.0,16,16,1.0,1.0,0.9285714285714286,,,,,,,,,,,,,
fivedirections-case3,base,adaptive,reliability,native,0.9,True,0,met,,,212122,212122,0.5000011785642731,0.5000011785642731,0.9285714285714286,13,14,1.0,16,16,1.0,16,16,1.0,1.0,0.9285714285714286,,,,,,,,,,,,,
fivedirections-case3,base,adaptive,reliability,native,0.95,False,0,unmet,temporal_event_ceiling,0.9285714285714286,,,,,,,,,,,,,,1.0,1.0,0.9285714285714286,212122,212122,0.5000011785642731,0.5000011785642731,0.9285714285714286,13,14,1.0,16,16,1.0,16,16
fivedirections-case3,base,adaptive,reliability,native,0.95,True,0,unmet,temporal_event_ceiling,0.9285714285714286,,,,,,,,,,,,,,1.0,1.0,0.9285714285714286,212122,212122,0.5000011785642731,0.5000011785642731,0.9285714285714286,13,14,1.0,16,16,1.0,16,16
fivedirections-case3,base,adaptive,reliability,native,0.99,False,0,unmet,temporal_event_ceiling,0.9285714285714286,,,,,,,,,,,,,,1.0,1.0,0.9285714285714286,212122,212122,0.5000011785642731,0.5000011785642731,0.9285714285714286,13,14,1.0,16,16,1.0,16,16
fivedirections-case3,base,adaptive,reliability,native,0.99,True,0,unmet,temporal_event_ceiling,0.9285714285714286,,,,,,,,,,,,,,1.0,1.0,0.9285714285714286,212122,212122,0.5000011785642731,0.5000011785642731,0.9285714285714286,13,14,1.0,16,16,1.0,16,16
fivedirections-case3,base,adaptive,reliability,native,1.0,False,0,unmet,temporal_event_ceiling,0.9285714285714286,,,,,,,,,,,,,,1.0,1.0,0.9285714285714286,212122,212122,0.5000011785642731,0.5000011785642731,0.9285714285714286,13,14,1.0,16,16,1.0,16,16
fivedirections-case3,base,adaptive,reliability,native,1.0,True,0,unmet,temporal_event_ceiling,0.9285714285714286,,,,,,,,,,,,,,1.0,1.0,0.9285714285714286,212122,212122,0.5000011785642731,0.5000011785642731,0.9285714285714286,13,14,1.0,16,16,1.0,16,16
fivedirections-case3,base,adaptive,reliability,augmented,0.9,False,0,met,,,212122,212122,0.5000011785642731,0.5000011785642731,0.9333333333333333,14,15,1.0,16,16,1.0,16,16,1.0,1.0,0.9333333333333333,,,,,,,,,,,,,
fivedirections-case3,base,adaptive,reliability,augmented,0.9,True,0,met,,,212122,212122,0.5000011785642731,0.5000011785642731,0.9333333333333333,14,15,1.0,16,16,1.0,16,16,1.0,1.0,0.9333333333333333,,,,,,,,,,,,,
fivedirections-case3,base,adaptive,reliability,augmented,0.95,False,0,unmet,temporal_event_ceiling,0.9333333333333333,,,,,,,,,,,,,,1.0,1.0,0.9333333333333333,212122,212122,0.5000011785642731,0.5000011785642731,0.9333333333333333,14,15,1.0,16,16,1.0,16,16
fivedirections-case3,base,adaptive,reliability,augmented,0.95,True,0,unmet,temporal_event_ceiling,0.9333333333333333,,,,,,,,,,,,,,1.0,1.0,0.9333333333333333,212122,212122,0.5000011785642731,0.5000011785642731,0.9333333333333333,14,15,1.0,16,16,1.0,16,16
fivedirections-case3,base,adaptive,reliability,augmented,0.99,False,0,unmet,temporal_event_ceiling,0.9333333333333333,,,,,,,,,,,,,,1.0,1.0,0.9333333333333333,212122,212122,0.5000011785642731,0.5000011785642731,0.9333333333333333,14,15,1.0,16,16,1.0,16,16
fivedirections-case3,base,adaptive,reliability,augmented,0.99,True,0,unmet,temporal_event_ceiling,0.9333333333333333,,,,,,,,,,,,,,1.0,1.0,0.9333333333333333,212122,212122,0.5000011785642731,0.5000011785642731,0.9333333333333333,14,15,1.0,16,16,1.0,16,16
fivedirections-case3,base,adaptive,reliability,augmented,1.0,False,0,unmet,temporal_event_ceiling,0.9333333333333333,,,,,,,,,,,,,,1.0,1.0,0.9333333333333333,212122,212122,0.5000011785642731,0.5000011785642731,0.9333333333333333,14,15,1.0,16,16,1.0,16,16
fivedirections-case3,base,adaptive,reliability,augmented,1.0,True,0,unmet,temporal_event_ceiling,0.9333333333333333,,,,,,,,,,,,,,1.0,1.0,0.9333333333333333,212122,212122,0.5000011785642731,0.5000011785642731,0.9333333333333333,14,15,1.0,16,16,1.0,16,16
fivedirections-case3,base,adaptive,adaptive_v1,native,0.9,False,0,met,,,212122,212122,0.5000011785642731,0.5000011785642731,0.9285714285714286,13,14,1.0,16,16,1.0,16,16,1.0,1.0,0.9285714285714286,,,,,,,,,,,,,
fivedirections-case3,base,adaptive,adaptive_v1,native,0.9,True,0,met,,,212122,212122,0.5000011785642731,0.5000011785642731,0.9285714285714286,13,14,1.0,16,16,1.0,16,16,1.0,1.0,0.9285714285714286,,,,,,,,,,,,,
fivedirections-case3,base,adaptive,adaptive_v1,native,0.95,False,0,unmet,temporal_event_ceiling,0.9285714285714286,,,,,,,,,,,,,,1.0,1.0,0.9285714285714286,212122,212122,0.5000011785642731,0.5000011785642731,0.9285714285714286,13,14,1.0,16,16,1.0,16,16
fivedirections-case3,base,adaptive,adaptive_v1,native,0.95,True,0,unmet,temporal_event_ceiling,0.9285714285714286,,,,,,,,,,,,,,1.0,1.0,0.9285714285714286,212122,212122,0.5000011785642731,0.5000011785642731,0.9285714285714286,13,14,1.0,16,16,1.0,16,16
fivedirections-case3,base,adaptive,adaptive_v1,native,0.99,False,0,unmet,temporal_event_ceiling,0.9285714285714286,,,,,,,,,,,,,,1.0,1.0,0.9285714285714286,212122,212122,0.5000011785642731,0.5000011785642731,0.9285714285714286,13,14,1.0,16,16,1.0,16,16
fivedirections-case3,base,adaptive,adaptive_v1,native,0.99,True,0,unmet,temporal_event_ceiling,0.9285714285714286,,,,,,,,,,,,,,1.0,1.0,0.9285714285714286,212122,212122,0.5000011785642731,0.5000011785642731,0.9285714285714286,13,14,1.0,16,16,1.0,16,16
fivedirections-case3,base,adaptive,adaptive_v1,native,1.0,False,0,unmet,temporal_event_ceiling,0.9285714285714286,,,,,,,,,,,,,,1.0,1.0,0.9285714285714286,212122,212122,0.5000011785642731,0.5000011785642731,0.9285714285714286,13,14,1.0,16,16,1.0,16,16
fivedirections-case3,base,adaptive,adaptive_v1,native,1.0,True,0,unmet,temporal_event_ceiling,0.9285714285714286,,,,,,,,,,,,,,1.0,1.0,0.9285714285714286,212122,212122,0.5000011785642731,0.5000011785642731,0.9285714285714286,13,14,1.0,16,16,1.0,16,16
fivedirections-case3,base,adaptive,adaptive_v1,augmented,0.9,False,0,met,,,212122,212122,0.5000011785642731,0.5000011785642731,0.9333333333333333,14,15,1.0,16,16,1.0,16,16,1.0,1.0,0.9333333333333333,,,,,,,,,,,,,
fivedirections-case3,base,adaptive,adaptive_v1,augmented,0.9,True,0,met,,,212122,212122,0.5000011785642731,0.5000011785642731,0.9333333333333333,14,15,1.0,16,16,1.0,16,16,1.0,1.0,0.9333333333333333,,,,,,,,,,,,,
fivedirections-case3,base,adaptive,adaptive_v1,augmented,0.95,False,0,unmet,temporal_event_ceiling,0.9333333333333333,,,,,,,,,,,,,,1.0,1.0,0.9333333333333333,212122,212122,0.5000011785642731,0.5000011785642731,0.9333333333333333,14,15,1.0,16,16,1.0,16,16
fivedirections-case3,base,adaptive,adaptive_v1,augmented,0.95,True,0,unmet,temporal_event_ceiling,0.9333333333333333,,,,,,,,,,,,,,1.0,1.0,0.9333333333333333,212122,212122,0.5000011785642731,0.5000011785642731,0.9333333333333333,14,15,1.0,16,16,1.0,16,16
fivedirections-case3,base,adaptive,adaptive_v1,augmented,0.99,False,0,unmet,temporal_event_ceiling,0.9333333333333333,,,,,,,,,,,,,,1.0,1.0,0.9333333333333333,212122,212122,0.5000011785642731,0.5000011785642731,0.9333333333333333,14,15,1.0,16,16,1.0,16,16
fivedirections-case3,base,adaptive,adaptive_v1,augmented,0.99,True,0,unmet,temporal_event_ceiling,0.9333333333333333,,,,,,,,,,,,,,1.0,1.0,0.9333333333333333,212122,212122,0.5000011785642731,0.5000011785642731,0.9333333333333333,14,15,1.0,16,16,1.0,16,16
fivedirections-case3,base,adaptive,adaptive_v1,augmented,1.0,False,0,unmet,temporal_event_ceiling,0.9333333333333333,,,,,,,,,,,,,,1.0,1.0,0.9333333333333333,212122,212122,0.5000011785642731,0.5000011785642731,0.9333333333333333,14,15,1.0,16,16,1.0,16,16
fivedirections-case3,base,adaptive,adaptive_v1,augmented,1.0,True,0,unmet,temporal_event_ceiling,0.9333333333333333,,,,,,,,,,,,,,1.0,1.0,0.9333333333333333,212122,212122,0.5000011785642731,0.5000011785642731,0.9333333333333333,14,15,1.0,16,16,1.0,16,16
fivedirections-case3,base,adaptive,reliability_chain,native,0.9,False,0,met,,,212122,212122,0.5000011785642731,0.5000011785642731,0.9285714285714286,13,14,1.0,16,16,1.0,16,16,1.0,1.0,0.9285714285714286,,,,,,,,,,,,,
fivedirections-case3,base,adaptive,reliability_chain,native,0.9,True,0,met,,,212122,212122,0.5000011785642731,0.5000011785642731,0.9285714285714286,13,14,1.0,16,16,1.0,16,16,1.0,1.0,0.9285714285714286,,,,,,,,,,,,,
fivedirections-case3,base,adaptive,reliability_chain,native,0.95,False,0,unmet,temporal_event_ceiling,0.9285714285714286,,,,,,,,,,,,,,1.0,1.0,0.9285714285714286,212122,212122,0.5000011785642731,0.5000011785642731,0.9285714285714286,13,14,1.0,16,16,1.0,16,16
fivedirections-case3,base,adaptive,reliability_chain,native,0.95,True,0,unmet,temporal_event_ceiling,0.9285714285714286,,,,,,,,,,,,,,1.0,1.0,0.9285714285714286,212122,212122,0.5000011785642731,0.5000011785642731,0.9285714285714286,13,14,1.0,16,16,1.0,16,16
fivedirections-case3,base,adaptive,reliability_chain,native,0.99,False,0,unmet,temporal_event_ceiling,0.9285714285714286,,,,,,,,,,,,,,1.0,1.0,0.9285714285714286,212122,212122,0.5000011785642731,0.5000011785642731,0.9285714285714286,13,14,1.0,16,16,1.0,16,16
fivedirections-case3,base,adaptive,reliability_chain,native,0.99,True,0,unmet,temporal_event_ceiling,0.9285714285714286,,,,,,,,,,,,,,1.0,1.0,0.9285714285714286,212122,212122,0.5000011785642731,0.5000011785642731,0.9285714285714286,13,14,1.0,16,16,1.0,16,16
fivedirections-case3,base,adaptive,reliability_chain,native,1.0,False,0,unmet,temporal_event_ceiling,0.9285714285714286,,,,,,,,,,,,,,1.0,1.0,0.9285714285714286,212122,212122,0.5000011785642731,0.5000011785642731,0.9285714285714286,13,14,1.0,16,16,1.0,16,16
fivedirections-case3,base,adaptive,reliability_chain,native,1.0,True,0,unmet,temporal_event_ceiling,0.9285714285714286,,,,,,,,,,,,,,1.0,1.0,0.9285714285714286,212122,212122,0.5000011785642731,0.5000011785642731,0.9285714285714286,13,14,1.0,16,16,1.0,16,16
fivedirections-case3,base,adaptive,reliability_chain,augmented,0.9,False,0,met,,,212122,212122,0.5000011785642731,0.5000011785642731,0.9333333333333333,14,15,1.0,16,16,1.0,16,16,1.0,1.0,0.9333333333333333,,,,,,,,,,,,,
fivedirections-case3,base,adaptive,reliability_chain,augmented,0.9,True,0,met,,,212122,212122,0.5000011785642731,0.5000011785642731,0.9333333333333333,14,15,1.0,16,16,1.0,16,16,1.0,1.0,0.9333333333333333,,,,,,,,,,,,,
fivedirections-case3,base,adaptive,reliability_chain,augmented,0.95,False,0,unmet,temporal_event_ceiling,0.9333333333333333,,,,,,,,,,,,,,1.0,1.0,0.9333333333333333,212122,212122,0.5000011785642731,0.5000011785642731,0.9333333333333333,14,15,1.0,16,16,1.0,16,16
fivedirections-case3,base,adaptive,reliability_chain,augmented,0.95,True,0,unmet,temporal_event_ceiling,0.9333333333333333,,,,,,,,,,,,,,1.0,1.0,0.9333333333333333,212122,212122,0.5000011785642731,0.5000011785642731,0.9333333333333333,14,15,1.0,16,16,1.0,16,16
fivedirections-case3,base,adaptive,reliability_chain,augmented,0.99,False,0,unmet,temporal_event_ceiling,0.9333333333333333,,,,,,,,,,,,,,1.0,1.0,0.9333333333333333,212122,212122,0.5000011785642731,0.5000011785642731,0.9333333333333333,14,15,1.0,16,16,1.0,16,16
fivedirections-case3,base,adaptive,reliability_chain,augmented,0.99,True,0,unmet,temporal_event_ceiling,0.9333333333333333,,,,,,,,,,,,,,1.0,1.0,0.9333333333333333,212122,212122,0.5000011785642731,0.5000011785642731,0.9333333333333333,14,15,1.0,16,16,1.0,16,16
fivedirections-case3,base,adaptive,reliability_chain,augmented,1.0,False,0,unmet,temporal_event_ceiling,0.9333333333333333,,,,,,,,,,,,,,1.0,1.0,0.9333333333333333,212122,212122,0.5000011785642731,0.5000011785642731,0.9333333333333333,14,15,1.0,16,16,1.0,16,16
fivedirections-case3,base,adaptive,reliability_chain,augmented,1.0,True,0,unmet,temporal_event_ceiling,0.9333333333333333,,,,,,,,,,,,,,1.0,1.0,0.9333333333333333,212122,212122,0.5000011785642731,0.5000011785642731,0.9333333333333333,14,15,1.0,16,16,1.0,16,16
theia-case1,base,single,rarity_only,native,0.9,False,0,met,,,898253,866908,0.034895513847434945,0.034895513847434945,1.0,239,239,1.0,463,463,1.0,449,449,1.0,1.0,1.0,,,,,,,,,,,,,
theia-case1,base,single,rarity_only,native,0.9,True,0,met,,,898253,866908,0.034895513847434945,0.034895513847434945,1.0,239,239,1.0,463,463,1.0,449,449,1.0,1.0,1.0,,,,,,,,,,,,,
theia-case1,base,single,rarity_only,native,0.95,False,0,met,,,898253,866908,0.034895513847434945,0.034895513847434945,1.0,239,239,1.0,463,463,1.0,449,449,1.0,1.0,1.0,,,,,,,,,,,,,
theia-case1,base,single,rarity_only,native,0.95,True,0,met,,,898253,866908,0.034895513847434945,0.034895513847434945,1.0,239,239,1.0,463,463,1.0,449,449,1.0,1.0,1.0,,,,,,,,,,,,,
theia-case1,base,single,rarity_only,native,0.99,False,0,met,,,898253,866908,0.034895513847434945,0.034895513847434945,1.0,239,239,1.0,463,463,1.0,449,449,1.0,1.0,1.0,,,,,,,,,,,,,
theia-case1,base,single,rarity_only,native,0.99,True,0,met,,,898253,866908,0.034895513847434945,0.034895513847434945,1.0,239,239,1.0,463,463,1.0,449,449,1.0,1.0,1.0,,,,,,,,,,,,,
theia-case1,base,single,rarity_only,native,1.0,False,0,met,,,898253,866908,0.034895513847434945,0.034895513847434945,1.0,239,239,1.0,463,463,1.0,449,449,1.0,1.0,1.0,,,,,,,,,,,,,
theia-case1,base,single,rarity_only,native,1.0,True,0,met,,,898253,866908,0.034895513847434945,0.034895513847434945,1.0,239,239,1.0,463,463,1.0,449,449,1.0,1.0,1.0,,,,,,,,,,,,,
theia-case1,base,single,rarity_only,augmented,0.9,False,0,met,,,898253,866908,0.034895513847434945,0.034895513847434945,1.0,239,239,1.0,463,463,1.0,449,449,1.0,1.0,1.0,,,,,,,,,,,,,
theia-case1,base,single,rarity_only,augmented,0.9,True,0,met,,,898253,866908,0.034895513847434945,0.034895513847434945,1.0,239,239,1.0,463,463,1.0,449,449,1.0,1.0,1.0,,,,,,,,,,,,,
theia-case1,base,single,rarity_only,augmented,0.95,False,0,met,,,898253,866908,0.034895513847434945,0.034895513847434945,1.0,239,239,1.0,463,463,1.0,449,449,1.0,1.0,1.0,,,,,,,,,,,,,
theia-case1,base,single,rarity_only,augmented,0.95,True,0,met,,,898253,866908,0.034895513847434945,0.034895513847434945,1.0,239,239,1.0,463,463,1.0,449,449,1.0,1.0,1.0,,,,,,,,,,,,,
theia-case1,base,single,rarity_only,augmented,0.99,False,0,met,,,898253,866908,0.034895513847434945,0.034895513847434945,1.0,239,239,1.0,463,463,1.0,449,449,1.0,1.0,1.0,,,,,,,,,,,,,
theia-case1,base,single,rarity_only,augmented,0.99,True,0,met,,,898253,866908,0.034895513847434945,0.034895513847434945,1.0,239,239,1.0,463,463,1.0,449,449,1.0,1.0,1.0,,,,,,,,,,,,,
theia-case1,base,single,rarity_only,augmented,1.0,False,0,met,,,898253,866908,0.034895513847434945,0.034895513847434945,1.0,239,239,1.0,463,463,1.0,449,449,1.0,1.0,1.0,,,,,,,,,,,,,
theia-case1,base,single,rarity_only,augmented,1.0,True,0,met,,,898253,866908,0.034895513847434945,0.034895513847434945,1.0,239,239,1.0,463,463,1.0,449,449,1.0,1.0,1.0,,,,,,,,,,,,,
theia-case1,base,single,diffusion_only,native,0.9,False,0,met,,,179650,179650,0.8000006679632575,0.8000006679632575,0.99581589958159,238,239,0.9978401727861771,462,463,0.9977728285077951,448,449,1.0,1.0,1.0,,,,,,,,,,,,,
theia-case1,base,single,diffusion_only,native,0.9,True,0,met,,,179650,179650,0.8000006679632575,0.8000006679632575,0.99581589958159,238,239,0.9978401727861771,462,463,0.9977728285077951,448,449,1.0,1.0,1.0,,,,,,,,,,,,,
theia-case1,base,single,diffusion_only,native,0.95,False,0,met,,,179650,179650,0.8000006679632575,0.8000006679632575,0.99581589958159,238,239,0.9978401727861771,462,463,0.9977728285077951,448,449,1.0,1.0,1.0,,,,,,,,,,,,,
theia-case1,base,single,diffusion_only,native,0.95,True,0,met,,,179650,179650,0.8000006679632575,0.8000006679632575,0.99581589958159,238,239,0.9978401727861771,462,463,0.9977728285077951,448,449,1.0,1.0,1.0,,,,,,,,,,,,,
theia-case1,base,single,diffusion_only,native,0.99,False,0,met,,,179650,179650,0.8000006679632575,0.8000006679632575,0.99581589958159,238,239,0.9978401727861771,462,463,0.9977728285077951,448,449,1.0,1.0,1.0,,,,,,,,,,,,,
theia-case1,base,single,diffusion_only,native,0.99,True,0,met,,,179650,179650,0.8000006679632575,0.8000006679632575,0.99581589958159,238,239,0.9978401727861771,462,463,0.9977728285077951,448,449,1.0,1.0,1.0,,,,,,,,,,,,,
theia-case1,base,single,diffusion_only,native,1.0,False,0,met,,,898253,866908,0.034895513847434945,0.034895513847434945,1.0,239,239,1.0,463,463,1.0,449,449,1.0,1.0,1.0,,,,,,,,,,,,,
theia-case1,base,single,diffusion_only,native,1.0,True,0,met,,,898253,866908,0.034895513847434945,0.034895513847434945,1.0,239,239,1.0,463,463,1.0,449,449,1.0,1.0,1.0,,,,,,,,,,,,,
theia-case1,base,single,diffusion_only,augmented,0.9,False,0,met,,,179650,179650,0.8000006679632575,0.8000006679632575,0.99581589958159,238,239,0.9978401727861771,462,463,0.9977728285077951,448,449,1.0,1.0,1.0,,,,,,,,,,,,,
theia-case1,base,single,diffusion_only,augmented,0.9,True,0,met,,,179650,179650,0.8000006679632575,0.8000006679632575,0.99581589958159,238,239,0.9978401727861771,462,463,0.9977728285077951,448,449,1.0,1.0,1.0,,,,,,,,,,,,,
theia-case1,base,single,diffusion_only,augmented,0.95,False,0,met,,,179650,179650,0.8000006679632575,0.8000006679632575,0.99581589958159,238,239,0.9978401727861771,462,463,0.9977728285077951,448,449,1.0,1.0,1.0,,,,,,,,,,,,,
theia-case1,base,single,diffusion_only,augmented,0.95,True,0,met,,,179650,179650,0.8000006679632575,0.8000006679632575,0.99581589958159,238,239,0.9978401727861771,462,463,0.9977728285077951,448,449,1.0,1.0,1.0,,,,,,,,,,,,,
theia-case1,base,single,diffusion_only,augmented,0.99,False,0,met,,,179650,179650,0.8000006679632575,0.8000006679632575,0.99581589958159,238,239,0.9978401727861771,462,463,0.9977728285077951,448,449,1.0,1.0,1.0,,,,,,,,,,,,,
theia-case1,base,single,diffusion_only,augmented,0.99,True,0,met,,,179650,179650,0.8000006679632575,0.8000006679632575,0.99581589958159,238,239,0.9978401727861771,462,463,0.9977728285077951,448,449,1.0,1.0,1.0,,,,,,,,,,,,,
theia-case1,base,single,diffusion_only,augmented,1.0,False,0,met,,,898253,866908,0.034895513847434945,0.034895513847434945,1.0,239,239,1.0,463,463,1.0,449,449,1.0,1.0,1.0,,,,,,,,,,,,,
theia-case1,base,single,diffusion_only,augmented,1.0,True,0,met,,,898253,866908,0.034895513847434945,0.034895513847434945,1.0,239,239,1.0,463,463,1.0,449,449,1.0,1.0,1.0,,,,,,,,,,,,,
theia-case1,base,single,rasp,native,0.9,False,0,met,,,449126,449126,0.5000005566360479,0.5000005566360479,1.0,239,239,1.0,463,463,1.0,449,449,1.0,1.0,1.0,,,,,,,,,,,,,
theia-case1,base,single,rasp,native,0.9,True,0,met,,,449126,449126,0.5000005566360479,0.5000005566360479,1.0,239,239,1.0,463,463,1.0,449,449,1.0,1.0,1.0,,,,,,,,,,,,,
theia-case1,base,single,rasp,native,0.95,False,0,met,,,449126,449126,0.5000005566360479,0.5000005566360479,1.0,239,239,1.0,463,463,1.0,449,449,1.0,1.0,1.0,,,,,,,,,,,,,
theia-case1,base,single,rasp,native,0.95,True,0,met,,,449126,449126,0.5000005566360479,0.5000005566360479,1.0,239,239,1.0,463,463,1.0,449,449,1.0,1.0,1.0,,,,,,,,,,,,,
theia-case1,base,single,rasp,native,0.99,False,0,met,,,449126,449126,0.5000005566360479,0.5000005566360479,1.0,239,239,1.0,463,463,1.0,449,449,1.0,1.0,1.0,,,,,,,,,,,,,
theia-case1,base,single,rasp,native,0.99,True,0,met,,,449126,449126,0.5000005566360479,0.5000005566360479,1.0,239,239,1.0,463,463,1.0,449,449,1.0,1.0,1.0,,,,,,,,,,,,,
theia-case1,base,single,rasp,native,1.0,False,0,met,,,449126,449126,0.5000005566360479,0.5000005566360479,1.0,239,239,1.0,463,463,1.0,449,449,1.0,1.0,1.0,,,,,,,,,,,,,
theia-case1,base,single,rasp,native,1.0,True,0,met,,,449126,449126,0.5000005566360479,0.5000005566360479,1.0,239,239,1.0,463,463,1.0,449,449,1.0,1.0,1.0,,,,,,,,,,,,,
theia-case1,base,single,rasp,augmented,0.9,False,0,met,,,449126,449126,0.5000005566360479,0.5000005566360479,1.0,239,239,1.0,463,463,1.0,449,449,1.0,1.0,1.0,,,,,,,,,,,,,
theia-case1,base,single,rasp,augmented,0.9,True,0,met,,,449126,449126,0.5000005566360479,0.5000005566360479,1.0,239,239,1.0,463,463,1.0,449,449,1.0,1.0,1.0,,,,,,,,,,,,,
theia-case1,base,single,rasp,augmented,0.95,False,0,met,,,449126,449126,0.5000005566360479,0.5000005566360479,1.0,239,239,1.0,463,463,1.0,449,449,1.0,1.0,1.0,,,,,,,,,,,,,
theia-case1,base,single,rasp,augmented,0.95,True,0,met,,,449126,449126,0.5000005566360479,0.5000005566360479,1.0,239,239,1.0,463,463,1.0,449,449,1.0,1.0,1.0,,,,,,,,,,,,,
theia-case1,base,single,rasp,augmented,0.99,False,0,met,,,449126,449126,0.5000005566360479,0.5000005566360479,1.0,239,239,1.0,463,463,1.0,449,449,1.0,1.0,1.0,,,,,,,,,,,,,
theia-case1,base,single,rasp,augmented,0.99,True,0,met,,,449126,449126,0.5000005566360479,0.5000005566360479,1.0,239,239,1.0,463,463,1.0,449,449,1.0,1.0,1.0,,,,,,,,,,,,,
theia-case1,base,single,rasp,augmented,1.0,False,0,met,,,449126,449126,0.5000005566360479,0.5000005566360479,1.0,239,239,1.0,463,463,1.0,449,449,1.0,1.0,1.0,,,,,,,,,,,,,
theia-case1,base,single,rasp,augmented,1.0,True,0,met,,,449126,449126,0.5000005566360479,0.5000005566360479,1.0,239,239,1.0,463,463,1.0,449,449,1.0,1.0,1.0,,,,,,,,,,,,,
theia-case1,base,single,context_v1,native,0.9,False,0,met,,,44912,44912,0.9500007236268624,0.9500007236268624,0.9790794979079498,234,239,0.9978401727861771,462,463,0.9977728285077951,448,449,1.0,1.0,1.0,,,,,,,,,,,,,
theia-case1,base,single,context_v1,native,0.9,True,0,met,,,44912,44912,0.9500007236268624,0.9500007236268624,0.9790794979079498,234,239,0.9978401727861771,462,463,0.9977728285077951,448,449,1.0,1.0,1.0,,,,,,,,,,,,,
theia-case1,base,single,context_v1,native,0.95,False,0,met,,,44912,44912,0.9500007236268624,0.9500007236268624,0.9790794979079498,234,239,0.9978401727861771,462,463,0.9977728285077951,448,449,1.0,1.0,1.0,,,,,,,,,,,,,
theia-case1,base,single,context_v1,native,0.95,True,0,met,,,44912,44912,0.9500007236268624,0.9500007236268624,0.9790794979079498,234,239,0.9978401727861771,462,463,0.9977728285077951,448,449,1.0,1.0,1.0,,,,,,,,,,,,,
theia-case1,base,single,context_v1,native,0.99,False,0,met,,,898253,866908,0.034895513847434945,0.034895513847434945,1.0,239,239,1.0,463,463,1.0,449,449,1.0,1.0,1.0,,,,,,,,,,,,,
theia-case1,base,single,context_v1,native,0.99,True,0,met,,,898253,866908,0.034895513847434945,0.034895513847434945,1.0,239,239,1.0,463,463,1.0,449,449,1.0,1.0,1.0,,,,,,,,,,,,,
theia-case1,base,single,context_v1,native,1.0,False,0,met,,,898253,866908,0.034895513847434945,0.034895513847434945,1.0,239,239,1.0,463,463,1.0,449,449,1.0,1.0,1.0,,,,,,,,,,,,,
theia-case1,base,single,context_v1,native,1.0,True,0,met,,,898253,866908,0.034895513847434945,0.034895513847434945,1.0,239,239,1.0,463,463,1.0,449,449,1.0,1.0,1.0,,,,,,,,,,,,,
theia-case1,base,single,context_v1,augmented,0.9,False,0,met,,,44912,44912,0.9500007236268624,0.9500007236268624,0.9790794979079498,234,239,0.9978401727861771,462,463,0.9977728285077951,448,449,1.0,1.0,1.0,,,,,,,,,,,,,
theia-case1,base,single,context_v1,augmented,0.9,True,0,met,,,44912,44912,0.9500007236268624,0.9500007236268624,0.9790794979079498,234,239,0.9978401727861771,462,463,0.9977728285077951,448,449,1.0,1.0,1.0,,,,,,,,,,,,,
theia-case1,base,single,context_v1,augmented,0.95,False,0,met,,,44912,44912,0.9500007236268624,0.9500007236268624,0.9790794979079498,234,239,0.9978401727861771,462,463,0.9977728285077951,448,449,1.0,1.0,1.0,,,,,,,,,,,,,
theia-case1,base,single,context_v1,augmented,0.95,True,0,met,,,44912,44912,0.9500007236268624,0.9500007236268624,0.9790794979079498,234,239,0.9978401727861771,462,463,0.9977728285077951,448,449,1.0,1.0,1.0,,,,,,,,,,,,,
theia-case1,base,single,context_v1,augmented,0.99,False,0,met,,,898253,866908,0.034895513847434945,0.034895513847434945,1.0,239,239,1.0,463,463,1.0,449,449,1.0,1.0,1.0,,,,,,,,,,,,,
theia-case1,base,single,context_v1,augmented,0.99,True,0,met,,,898253,866908,0.034895513847434945,0.034895513847434945,1.0,239,239,1.0,463,463,1.0,449,449,1.0,1.0,1.0,,,,,,,,,,,,,
theia-case1,base,single,context_v1,augmented,1.0,False,0,met,,,898253,866908,0.034895513847434945,0.034895513847434945,1.0,239,239,1.0,463,463,1.0,449,449,1.0,1.0,1.0,,,,,,,,,,,,,
theia-case1,base,single,context_v1,augmented,1.0,True,0,met,,,898253,866908,0.034895513847434945,0.034895513847434945,1.0,239,239,1.0,463,463,1.0,449,449,1.0,1.0,1.0,,,,,,,,,,,,,
theia-case1,base,single,reliability,native,0.9,False,0,met,,,89825,89825,0.9000003339816288,0.9000003339816288,0.9916317991631799,237,239,0.9978401727861771,462,463,0.9977728285077951,448,449,1.0,1.0,1.0,,,,,,,,,,,,,
theia-case1,base,single,reliability,native,0.9,True,0,met,,,89825,89825,0.9000003339816288,0.9000003339816288,0.9916317991631799,237,239,0.9978401727861771,462,463,0.9977728285077951,448,449,1.0,1.0,1.0,,,,,,,,,,,,,
theia-case1,base,single,reliability,native,0.95,False,0,met,,,89825,89825,0.9000003339816288,0.9000003339816288,0.9916317991631799,237,239,0.9978401727861771,462,463,0.9977728285077951,448,449,1.0,1.0,1.0,,,,,,,,,,,,,
theia-case1,base,single,reliability,native,0.95,True,0,met,,,89825,89825,0.9000003339816288,0.9000003339816288,0.9916317991631799,237,239,0.9978401727861771,462,463,0.9977728285077951,448,449,1.0,1.0,1.0,,,,,,,,,,,,,
theia-case1,base,single,reliability,native,0.99,False,0,met,,,89825,89825,0.9000003339816288,0.9000003339816288,0.9916317991631799,237,239,0.9978401727861771,462,463,0.9977728285077951,448,449,1.0,1.0,1.0,,,,,,,,,,,,,
theia-case1,base,single,reliability,native,0.99,True,0,met,,,89825,89825,0.9000003339816288,0.9000003339816288,0.9916317991631799,237,239,0.9978401727861771,462,463,0.9977728285077951,448,449,1.0,1.0,1.0,,,,,,,,,,,,,
theia-case1,base,single,reliability,native,1.0,False,0,met,,,449126,449126,0.5000005566360479,0.5000005566360479,1.0,239,239,1.0,463,463,1.0,449,449,1.0,1.0,1.0,,,,,,,,,,,,,
theia-case1,base,single,reliability,native,1.0,True,0,met,,,449126,449126,0.5000005566360479,0.5000005566360479,1.0,239,239,1.0,463,463,1.0,449,449,1.0,1.0,1.0,,,,,,,,,,,,,
theia-case1,base,single,reliability,augmented,0.9,False,0,met,,,89825,89825,0.9000003339816288,0.9000003339816288,0.9916317991631799,237,239,0.9978401727861771,462,463,0.9977728285077951,448,449,1.0,1.0,1.0,,,,,,,,,,,,,
theia-case1,base,single,reliability,augmented,0.9,True,0,met,,,89825,89825,0.9000003339816288,0.9000003339816288,0.9916317991631799,237,239,0.9978401727861771,462,463,0.9977728285077951,448,449,1.0,1.0,1.0,,,,,,,,,,,,,
theia-case1,base,single,reliability,augmented,0.95,False,0,met,,,89825,89825,0.9000003339816288,0.9000003339816288,0.9916317991631799,237,239,0.9978401727861771,462,463,0.9977728285077951,448,449,1.0,1.0,1.0,,,,,,,,,,,,,
theia-case1,base,single,reliability,augmented,0.95,True,0,met,,,89825,89825,0.9000003339816288,0.9000003339816288,0.9916317991631799,237,239,0.9978401727861771,462,463,0.9977728285077951,448,449,1.0,1.0,1.0,,,,,,,,,,,,,
theia-case1,base,single,reliability,augmented,0.99,False,0,met,,,89825,89825,0.9000003339816288,0.9000003339816288,0.9916317991631799,237,239,0.9978401727861771,462,463,0.9977728285077951,448,449,1.0,1.0,1.0,,,,,,,,,,,,,
theia-case1,base,single,reliability,augmented,0.99,True,0,met,,,89825,89825,0.9000003339816288,0.9000003339816288,0.9916317991631799,237,239,0.9978401727861771,462,463,0.9977728285077951,448,449,1.0,1.0,1.0,,,,,,,,,,,,,
theia-case1,base,single,reliability,augmented,1.0,False,0,met,,,449126,449126,0.5000005566360479,0.5000005566360479,1.0,239,239,1.0,463,463,1.0,449,449,1.0,1.0,1.0,,,,,,,,,,,,,
theia-case1,base,single,reliability,augmented,1.0,True,0,met,,,449126,449126,0.5000005566360479,0.5000005566360479,1.0,239,239,1.0,463,463,1.0,449,449,1.0,1.0,1.0,,,,,,,,,,,,,
theia-case1,base,single,adaptive_v1,native,0.9,False,0,met,,,44912,44912,0.9500007236268624,0.9500007236268624,0.9790794979079498,234,239,0.9978401727861771,462,463,0.9977728285077951,448,449,1.0,1.0,1.0,,,,,,,,,,,,,
theia-case1,base,single,adaptive_v1,native,0.9,True,0,met,,,44912,44912,0.9500007236268624,0.9500007236268624,0.9790794979079498,234,239,0.9978401727861771,462,463,0.9977728285077951,448,449,1.0,1.0,1.0,,,,,,,,,,,,,
theia-case1,base,single,adaptive_v1,native,0.95,False,0,met,,,44912,44912,0.9500007236268624,0.9500007236268624,0.9790794979079498,234,239,0.9978401727861771,462,463,0.9977728285077951,448,449,1.0,1.0,1.0,,,,,,,,,,,,,
theia-case1,base,single,adaptive_v1,native,0.95,True,0,met,,,44912,44912,0.9500007236268624,0.9500007236268624,0.9790794979079498,234,239,0.9978401727861771,462,463,0.9977728285077951,448,449,1.0,1.0,1.0,,,,,,,,,,,,,
theia-case1,base,single,adaptive_v1,native,0.99,False,0,met,,,898253,866908,0.034895513847434945,0.034895513847434945,1.0,239,239,1.0,463,463,1.0,449,449,1.0,1.0,1.0,,,,,,,,,,,,,
theia-case1,base,single,adaptive_v1,native,0.99,True,0,met,,,898253,866908,0.034895513847434945,0.034895513847434945,1.0,239,239,1.0,463,463,1.0,449,449,1.0,1.0,1.0,,,,,,,,,,,,,
theia-case1,base,single,adaptive_v1,native,1.0,False,0,met,,,898253,866908,0.034895513847434945,0.034895513847434945,1.0,239,239,1.0,463,463,1.0,449,449,1.0,1.0,1.0,,,,,,,,,,,,,
theia-case1,base,single,adaptive_v1,native,1.0,True,0,met,,,898253,866908,0.034895513847434945,0.034895513847434945,1.0,239,239,1.0,463,463,1.0,449,449,1.0,1.0,1.0,,,,,,,,,,,,,
theia-case1,base,single,adaptive_v1,augmented,0.9,False,0,met,,,44912,44912,0.9500007236268624,0.9500007236268624,0.9790794979079498,234,239,0.9978401727861771,462,463,0.9977728285077951,448,449,1.0,1.0,1.0,,,,,,,,,,,,,
theia-case1,base,single,adaptive_v1,augmented,0.9,True,0,met,,,44912,44912,0.9500007236268624,0.9500007236268624,0.9790794979079498,234,239,0.9978401727861771,462,463,0.9977728285077951,448,449,1.0,1.0,1.0,,,,,,,,,,,,,
theia-case1,base,single,adaptive_v1,augmented,0.95,False,0,met,,,44912,44912,0.9500007236268624,0.9500007236268624,0.9790794979079498,234,239,0.9978401727861771,462,463,0.9977728285077951,448,449,1.0,1.0,1.0,,,,,,,,,,,,,
theia-case1,base,single,adaptive_v1,augmented,0.95,True,0,met,,,44912,44912,0.9500007236268624,0.9500007236268624,0.9790794979079498,234,239,0.9978401727861771,462,463,0.9977728285077951,448,449,1.0,1.0,1.0,,,,,,,,,,,,,
theia-case1,base,single,adaptive_v1,augmented,0.99,False,0,met,,,898253,866908,0.034895513847434945,0.034895513847434945,1.0,239,239,1.0,463,463,1.0,449,449,1.0,1.0,1.0,,,,,,,,,,,,,
theia-case1,base,single,adaptive_v1,augmented,0.99,True,0,met,,,898253,866908,0.034895513847434945,0.034895513847434945,1.0,239,239,1.0,463,463,1.0,449,449,1.0,1.0,1.0,,,,,,,,,,,,,
theia-case1,base,single,adaptive_v1,augmented,1.0,False,0,met,,,898253,866908,0.034895513847434945,0.034895513847434945,1.0,239,239,1.0,463,463,1.0,449,449,1.0,1.0,1.0,,,,,,,,,,,,,
theia-case1,base,single,adaptive_v1,augmented,1.0,True,0,met,,,898253,866908,0.034895513847434945,0.034895513847434945,1.0,239,239,1.0,463,463,1.0,449,449,1.0,1.0,1.0,,,,,,,,,,,,,
theia-case1,base,single,reliability_chain,native,0.9,False,0,met,,,89825,89825,0.9000003339816288,0.9000003339816288,0.9916317991631799,237,239,0.9978401727861771,462,463,0.9977728285077951,448,449,1.0,1.0,1.0,,,,,,,,,,,,,
theia-case1,base,single,reliability_chain,native,0.9,True,0,met,,,89825,89825,0.9000003339816288,0.9000003339816288,0.9916317991631799,237,239,0.9978401727861771,462,463,0.9977728285077951,448,449,1.0,1.0,1.0,,,,,,,,,,,,,
theia-case1,base,single,reliability_chain,native,0.95,False,0,met,,,89825,89825,0.9000003339816288,0.9000003339816288,0.9916317991631799,237,239,0.9978401727861771,462,463,0.9977728285077951,448,449,1.0,1.0,1.0,,,,,,,,,,,,,
theia-case1,base,single,reliability_chain,native,0.95,True,0,met,,,89825,89825,0.9000003339816288,0.9000003339816288,0.9916317991631799,237,239,0.9978401727861771,462,463,0.9977728285077951,448,449,1.0,1.0,1.0,,,,,,,,,,,,,
theia-case1,base,single,reliability_chain,native,0.99,False,0,met,,,89825,89825,0.9000003339816288,0.9000003339816288,0.9916317991631799,237,239,0.9978401727861771,462,463,0.9977728285077951,448,449,1.0,1.0,1.0,,,,,,,,,,,,,
theia-case1,base,single,reliability_chain,native,0.99,True,0,met,,,89825,89825,0.9000003339816288,0.9000003339816288,0.9916317991631799,237,239,0.9978401727861771,462,463,0.9977728285077951,448,449,1.0,1.0,1.0,,,,,,,,,,,,,
theia-case1,base,single,reliability_chain,native,1.0,False,0,met,,,449126,449126,0.5000005566360479,0.5000005566360479,1.0,239,239,1.0,463,463,1.0,449,449,1.0,1.0,1.0,,,,,,,,,,,,,
theia-case1,base,single,reliability_chain,native,1.0,True,0,met,,,449126,449126,0.5000005566360479,0.5000005566360479,1.0,239,239,1.0,463,463,1.0,449,449,1.0,1.0,1.0,,,,,,,,,,,,,
theia-case1,base,single,reliability_chain,augmented,0.9,False,0,met,,,89825,89825,0.9000003339816288,0.9000003339816288,0.9916317991631799,237,239,0.9978401727861771,462,463,0.9977728285077951,448,449,1.0,1.0,1.0,,,,,,,,,,,,,
theia-case1,base,single,reliability_chain,augmented,0.9,True,0,met,,,89825,89825,0.9000003339816288,0.9000003339816288,0.9916317991631799,237,239,0.9978401727861771,462,463,0.9977728285077951,448,449,1.0,1.0,1.0,,,,,,,,,,,,,
theia-case1,base,single,reliability_chain,augmented,0.95,False,0,met,,,89825,89825,0.9000003339816288,0.9000003339816288,0.9916317991631799,237,239,0.9978401727861771,462,463,0.9977728285077951,448,449,1.0,1.0,1.0,,,,,,,,,,,,,
theia-case1,base,single,reliability_chain,augmented,0.95,True,0,met,,,89825,89825,0.9000003339816288,0.9000003339816288,0.9916317991631799,237,239,0.9978401727861771,462,463,0.9977728285077951,448,449,1.0,1.0,1.0,,,,,,,,,,,,,
theia-case1,base,single,reliability_chain,augmented,0.99,False,0,met,,,89825,89825,0.9000003339816288,0.9000003339816288,0.9916317991631799,237,239,0.9978401727861771,462,463,0.9977728285077951,448,449,1.0,1.0,1.0,,,,,,,,,,,,,
theia-case1,base,single,reliability_chain,augmented,0.99,True,0,met,,,89825,89825,0.9000003339816288,0.9000003339816288,0.9916317991631799,237,239,0.9978401727861771,462,463,0.9977728285077951,448,449,1.0,1.0,1.0,,,,,,,,,,,,,
theia-case1,base,single,reliability_chain,augmented,1.0,False,0,met,,,449126,449126,0.5000005566360479,0.5000005566360479,1.0,239,239,1.0,463,463,1.0,449,449,1.0,1.0,1.0,,,,,,,,,,,,,
theia-case1,base,single,reliability_chain,augmented,1.0,True,0,met,,,449126,449126,0.5000005566360479,0.5000005566360479,1.0,239,239,1.0,463,463,1.0,449,449,1.0,1.0,1.0,,,,,,,,,,,,,
theia-case1,base,declared,rarity_only,native,0.9,False,0,met,,,898253,887576,0.011886406168418073,0.011886406168418073,1.0,239,239,1.0,463,463,1.0,449,449,1.0,1.0,1.0,,,,,,,,,,,,,
theia-case1,base,declared,rarity_only,native,0.9,True,0,met,,,898253,887576,0.011886406168418073,0.011886406168418073,1.0,239,239,1.0,463,463,1.0,449,449,1.0,1.0,1.0,,,,,,,,,,,,,
theia-case1,base,declared,rarity_only,native,0.95,False,0,met,,,898253,887576,0.011886406168418073,0.011886406168418073,1.0,239,239,1.0,463,463,1.0,449,449,1.0,1.0,1.0,,,,,,,,,,,,,
theia-case1,base,declared,rarity_only,native,0.95,True,0,met,,,898253,887576,0.011886406168418073,0.011886406168418073,1.0,239,239,1.0,463,463,1.0,449,449,1.0,1.0,1.0,,,,,,,,,,,,,
theia-case1,base,declared,rarity_only,native,0.99,False,0,met,,,898253,887576,0.011886406168418073,0.011886406168418073,1.0,239,239,1.0,463,463,1.0,449,449,1.0,1.0,1.0,,,,,,,,,,,,,
theia-case1,base,declared,rarity_only,native,0.99,True,0,met,,,898253,887576,0.011886406168418073,0.011886406168418073,1.0,239,239,1.0,463,463,1.0,449,449,1.0,1.0,1.0,,,,,,,,,,,,,
theia-case1,base,declared,rarity_only,native,1.0,False,0,met,,,898253,887576,0.011886406168418073,0.011886406168418073,1.0,239,239,1.0,463,463,1.0,449,449,1.0,1.0,1.0,,,,,,,,,,,,,
theia-case1,base,declared,rarity_only,native,1.0,True,0,met,,,898253,887576,0.011886406168418073,0.011886406168418073,1.0,239,239,1.0,463,463,1.0,449,449,1.0,1.0,1.0,,,,,,,,,,,,,
theia-case1,base,declared,rarity_only,augmented,0.9,False,0,met,,,898253,887576,0.011886406168418073,0.011886406168418073,1.0,239,239,1.0,463,463,1.0,449,449,1.0,1.0,1.0,,,,,,,,,,,,,
theia-case1,base,declared,rarity_only,augmented,0.9,True,0,met,,,898253,887576,0.011886406168418073,0.011886406168418073,1.0,239,239,1.0,463,463,1.0,449,449,1.0,1.0,1.0,,,,,,,,,,,,,
theia-case1,base,declared,rarity_only,augmented,0.95,False,0,met,,,898253,887576,0.011886406168418073,0.011886406168418073,1.0,239,239,1.0,463,463,1.0,449,449,1.0,1.0,1.0,,,,,,,,,,,,,
theia-case1,base,declared,rarity_only,augmented,0.95,True,0,met,,,898253,887576,0.011886406168418073,0.011886406168418073,1.0,239,239,1.0,463,463,1.0,449,449,1.0,1.0,1.0,,,,,,,,,,,,,
theia-case1,base,declared,rarity_only,augmented,0.99,False,0,met,,,898253,887576,0.011886406168418073,0.011886406168418073,1.0,239,239,1.0,463,463,1.0,449,449,1.0,1.0,1.0,,,,,,,,,,,,,
theia-case1,base,declared,rarity_only,augmented,0.99,True,0,met,,,898253,887576,0.011886406168418073,0.011886406168418073,1.0,239,239,1.0,463,463,1.0,449,449,1.0,1.0,1.0,,,,,,,,,,,,,
theia-case1,base,declared,rarity_only,augmented,1.0,False,0,met,,,898253,887576,0.011886406168418073,0.011886406168418073,1.0,239,239,1.0,463,463,1.0,449,449,1.0,1.0,1.0,,,,,,,,,,,,,
theia-case1,base,declared,rarity_only,augmented,1.0,True,0,met,,,898253,887576,0.011886406168418073,0.011886406168418073,1.0,239,239,1.0,463,463,1.0,449,449,1.0,1.0,1.0,,,,,,,,,,,,,
theia-case1,base,declared,diffusion_only,native,0.9,False,0,met,,,449126,449126,0.5000005566360479,0.5000005566360479,1.0,239,239,1.0,463,463,1.0,449,449,1.0,1.0,1.0,,,,,,,,,,,,,
theia-case1,base,declared,diffusion_only,native,0.9,True,0,met,,,449126,449126,0.5000005566360479,0.5000005566360479,1.0,239,239,1.0,463,463,1.0,449,449,1.0,1.0,1.0,,,,,,,,,,,,,
theia-case1,base,declared,diffusion_only,native,0.95,False,0,met,,,449126,449126,0.5000005566360479,0.5000005566360479,1.0,239,239,1.0,463,463,1.0,449,449,1.0,1.0,1.0,,,,,,,,,,,,,
theia-case1,base,declared,diffusion_only,native,0.95,True,0,met,,,449126,449126,0.5000005566360479,0.5000005566360479,1.0,239,239,1.0,463,463,1.0,449,449,1.0,1.0,1.0,,,,,,,,,,,,,
theia-case1,base,declared,diffusion_only,native,0.99,False,0,met,,,449126,449126,0.5000005566360479,0.5000005566360479,1.0,239,239,1.0,463,463,1.0,449,449,1.0,1.0,1.0,,,,,,,,,,,,,
theia-case1,base,declared,diffusion_only,native,0.99,True,0,met,,,449126,449126,0.5000005566360479,0.5000005566360479,1.0,239,239,1.0,463,463,1.0,449,449,1.0,1.0,1.0,,,,,,,,,,,,,
theia-case1,base,declared,diffusion_only,native,1.0,False,0,met,,,449126,449126,0.5000005566360479,0.5000005566360479,1.0,239,239,1.0,463,463,1.0,449,449,1.0,1.0,1.0,,,,,,,,,,,,,
theia-case1,base,declared,diffusion_only,native,1.0,True,0,met,,,449126,449126,0.5000005566360479,0.5000005566360479,1.0,239,239,1.0,463,463,1.0,449,449,1.0,1.0,1.0,,,,,,,,,,,,,
theia-case1,base,declared,diffusion_only,augmented,0.9,False,0,met,,,449126,449126,0.5000005566360479,0.5000005566360479,1.0,239,239,1.0,463,463,1.0,449,449,1.0,1.0,1.0,,,,,,,,,,,,,
theia-case1,base,declared,diffusion_only,augmented,0.9,True,0,met,,,449126,449126,0.5000005566360479,0.5000005566360479,1.0,239,239,1.0,463,463,1.0,449,449,1.0,1.0,1.0,,,,,,,,,,,,,
theia-case1,base,declared,diffusion_only,augmented,0.95,False,0,met,,,449126,449126,0.5000005566360479,0.5000005566360479,1.0,239,239,1.0,463,463,1.0,449,449,1.0,1.0,1.0,,,,,,,,,,,,,
theia-case1,base,declared,diffusion_only,augmented,0.95,True,0,met,,,449126,449126,0.5000005566360479,0.5000005566360479,1.0,239,239,1.0,463,463,1.0,449,449,1.0,1.0,1.0,,,,,,,,,,,,,
theia-case1,base,declared,diffusion_only,augmented,0.99,False,0,met,,,449126,449126,0.5000005566360479,0.5000005566360479,1.0,239,239,1.0,463,463,1.0,449,449,1.0,1.0,1.0,,,,,,,,,,,,,
theia-case1,base,declared,diffusion_only,augmented,0.99,True,0,met,,,449126,449126,0.5000005566360479,0.5000005566360479,1.0,239,239,1.0,463,463,1.0,449,449,1.0,1.0,1.0,,,,,,,,,,,,,
theia-case1,base,declared,diffusion_only,augmented,1.0,False,0,met,,,449126,449126,0.5000005566360479,0.5000005566360479,1.0,239,239,1.0,463,463,1.0,449,449,1.0,1.0,1.0,,,,,,,,,,,,,
theia-case1,base,declared,diffusion_only,augmented,1.0,True,0,met,,,449126,449126,0.5000005566360479,0.5000005566360479,1.0,239,239,1.0,463,463,1.0,449,449,1.0,1.0,1.0,,,,,,,,,,,,,
theia-case1,base,declared,rasp,native,0.9,False,0,met,,,898253,887576,0.011886406168418073,0.011886406168418073,1.0,239,239,1.0,463,463,1.0,449,449,1.0,1.0,1.0,,,,,,,,,,,,,
theia-case1,base,declared,rasp,native,0.9,True,0,met,,,898253,887576,0.011886406168418073,0.011886406168418073,1.0,239,239,1.0,463,463,1.0,449,449,1.0,1.0,1.0,,,,,,,,,,,,,
theia-case1,base,declared,rasp,native,0.95,False,0,met,,,898253,887576,0.011886406168418073,0.011886406168418073,1.0,239,239,1.0,463,463,1.0,449,449,1.0,1.0,1.0,,,,,,,,,,,,,
theia-case1,base,declared,rasp,native,0.95,True,0,met,,,898253,887576,0.011886406168418073,0.011886406168418073,1.0,239,239,1.0,463,463,1.0,449,449,1.0,1.0,1.0,,,,,,,,,,,,,
theia-case1,base,declared,rasp,native,0.99,False,0,met,,,898253,887576,0.011886406168418073,0.011886406168418073,1.0,239,239,1.0,463,463,1.0,449,449,1.0,1.0,1.0,,,,,,,,,,,,,
theia-case1,base,declared,rasp,native,0.99,True,0,met,,,898253,887576,0.011886406168418073,0.011886406168418073,1.0,239,239,1.0,463,463,1.0,449,449,1.0,1.0,1.0,,,,,,,,,,,,,
theia-case1,base,declared,rasp,native,1.0,False,0,met,,,898253,887576,0.011886406168418073,0.011886406168418073,1.0,239,239,1.0,463,463,1.0,449,449,1.0,1.0,1.0,,,,,,,,,,,,,
theia-case1,base,declared,rasp,native,1.0,True,0,met,,,898253,887576,0.011886406168418073,0.011886406168418073,1.0,239,239,1.0,463,463,1.0,449,449,1.0,1.0,1.0,,,,,,,,,,,,,
theia-case1,base,declared,rasp,augmented,0.9,False,0,met,,,898253,887576,0.011886406168418073,0.011886406168418073,1.0,239,239,1.0,463,463,1.0,449,449,1.0,1.0,1.0,,,,,,,,,,,,,
theia-case1,base,declared,rasp,augmented,0.9,True,0,met,,,898253,887576,0.011886406168418073,0.011886406168418073,1.0,239,239,1.0,463,463,1.0,449,449,1.0,1.0,1.0,,,,,,,,,,,,,
theia-case1,base,declared,rasp,augmented,0.95,False,0,met,,,898253,887576,0.011886406168418073,0.011886406168418073,1.0,239,239,1.0,463,463,1.0,449,449,1.0,1.0,1.0,,,,,,,,,,,,,
theia-case1,base,declared,rasp,augmented,0.95,True,0,met,,,898253,887576,0.011886406168418073,0.011886406168418073,1.0,239,239,1.0,463,463,1.0,449,449,1.0,1.0,1.0,,,,,,,,,,,,,
theia-case1,base,declared,rasp,augmented,0.99,False,0,met,,,898253,887576,0.011886406168418073,0.011886406168418073,1.0,239,239,1.0,463,463,1.0,449,449,1.0,1.0,1.0,,,,,,,,,,,,,
theia-case1,base,declared,rasp,augmented,0.99,True,0,met,,,898253,887576,0.011886406168418073,0.011886406168418073,1.0,239,239,1.0,463,463,1.0,449,449,1.0,1.0,1.0,,,,,,,,,,,,,
theia-case1,base,declared,rasp,augmented,1.0,False,0,met,,,898253,887576,0.011886406168418073,0.011886406168418073,1.0,239,239,1.0,463,463,1.0,449,449,1.0,1.0,1.0,,,,,,,,,,,,,
theia-case1,base,declared,rasp,augmented,1.0,True,0,met,,,898253,887576,0.011886406168418073,0.011886406168418073,1.0,239,239,1.0,463,463,1.0,449,449,1.0,1.0,1.0,,,,,,,,,,,,,
theia-case1,base,declared,context_v1,native,0.9,False,0,met,,,179650,179650,0.8000006679632575,0.8000006679632575,1.0,239,239,1.0,463,463,1.0,449,449,1.0,1.0,1.0,,,,,,,,,,,,,
theia-case1,base,declared,context_v1,native,0.9,True,0,met,,,179650,179650,0.8000006679632575,0.8000006679632575,1.0,239,239,1.0,463,463,1.0,449,449,1.0,1.0,1.0,,,,,,,,,,,,,
theia-case1,base,declared,context_v1,native,0.95,False,0,met,,,179650,179650,0.8000006679632575,0.8000006679632575,1.0,239,239,1.0,463,463,1.0,449,449,1.0,1.0,1.0,,,,,,,,,,,,,
theia-case1,base,declared,context_v1,native,0.95,True,0,met,,,179650,179650,0.8000006679632575,0.8000006679632575,1.0,239,239,1.0,463,463,1.0,449,449,1.0,1.0,1.0,,,,,,,,,,,,,
theia-case1,base,declared,context_v1,native,0.99,False,0,met,,,179650,179650,0.8000006679632575,0.8000006679632575,1.0,239,239,1.0,463,463,1.0,449,449,1.0,1.0,1.0,,,,,,,,,,,,,
theia-case1,base,declared,context_v1,native,0.99,True,0,met,,,179650,179650,0.8000006679632575,0.8000006679632575,1.0,239,239,1.0,463,463,1.0,449,449,1.0,1.0,1.0,,,,,,,,,,,,,
theia-case1,base,declared,context_v1,native,1.0,False,0,met,,,179650,179650,0.8000006679632575,0.8000006679632575,1.0,239,239,1.0,463,463,1.0,449,449,1.0,1.0,1.0,,,,,,,,,,,,,
theia-case1,base,declared,context_v1,native,1.0,True,0,met,,,179650,179650,0.8000006679632575,0.8000006679632575,1.0,239,239,1.0,463,463,1.0,449,449,1.0,1.0,1.0,,,,,,,,,,,,,
theia-case1,base,declared,context_v1,augmented,0.9,False,0,met,,,179650,179650,0.8000006679632575,0.8000006679632575,1.0,239,239,1.0,463,463,1.0,449,449,1.0,1.0,1.0,,,,,,,,,,,,,
theia-case1,base,declared,context_v1,augmented,0.9,True,0,met,,,179650,179650,0.8000006679632575,0.8000006679632575,1.0,239,239,1.0,463,463,1.0,449,449,1.0,1.0,1.0,,,,,,,,,,,,,
theia-case1,base,declared,context_v1,augmented,0.95,False,0,met,,,179650,179650,0.8000006679632575,0.8000006679632575,1.0,239,239,1.0,463,463,1.0,449,449,1.0,1.0,1.0,,,,,,,,,,,,,
theia-case1,base,declared,context_v1,augmented,0.95,True,0,met,,,179650,179650,0.8000006679632575,0.8000006679632575,1.0,239,239,1.0,463,463,1.0,449,449,1.0,1.0,1.0,,,,,,,,,,,,,
theia-case1,base,declared,context_v1,augmented,0.99,False,0,met,,,179650,179650,0.8000006679632575,0.8000006679632575,1.0,239,239,1.0,463,463,1.0,449,449,1.0,1.0,1.0,,,,,,,,,,,,,
theia-case1,base,declared,context_v1,augmented,0.99,True,0,met,,,179650,179650,0.8000006679632575,0.8000006679632575,1.0,239,239,1.0,463,463,1.0,449,449,1.0,1.0,1.0,,,,,,,,,,,,,
theia-case1,base,declared,context_v1,augmented,1.0,False,0,met,,,179650,179650,0.8000006679632575,0.8000006679632575,1.0,239,239,1.0,463,463,1.0,449,449,1.0,1.0,1.0,,,,,,,,,,,,,
theia-case1,base,declared,context_v1,augmented,1.0,True,0,met,,,179650,179650,0.8000006679632575,0.8000006679632575,1.0,239,239,1.0,463,463,1.0,449,449,1.0,1.0,1.0,,,,,,,,,,,,,
theia-case1,base,declared,reliability,native,0.9,False,0,met,,,449126,449126,0.5000005566360479,0.5000005566360479,1.0,239,239,1.0,463,463,1.0,449,449,1.0,1.0,1.0,,,,,,,,,,,,,
theia-case1,base,declared,reliability,native,0.9,True,0,met,,,449126,449126,0.5000005566360479,0.5000005566360479,1.0,239,239,1.0,463,463,1.0,449,449,1.0,1.0,1.0,,,,,,,,,,,,,
theia-case1,base,declared,reliability,native,0.95,False,0,met,,,449126,449126,0.5000005566360479,0.5000005566360479,1.0,239,239,1.0,463,463,1.0,449,449,1.0,1.0,1.0,,,,,,,,,,,,,
theia-case1,base,declared,reliability,native,0.95,True,0,met,,,449126,449126,0.5000005566360479,0.5000005566360479,1.0,239,239,1.0,463,463,1.0,449,449,1.0,1.0,1.0,,,,,,,,,,,,,
theia-case1,base,declared,reliability,native,0.99,False,0,met,,,449126,449126,0.5000005566360479,0.5000005566360479,1.0,239,239,1.0,463,463,1.0,449,449,1.0,1.0,1.0,,,,,,,,,,,,,
theia-case1,base,declared,reliability,native,0.99,True,0,met,,,449126,449126,0.5000005566360479,0.5000005566360479,1.0,239,239,1.0,463,463,1.0,449,449,1.0,1.0,1.0,,,,,,,,,,,,,
theia-case1,base,declared,reliability,native,1.0,False,0,met,,,449126,449126,0.5000005566360479,0.5000005566360479,1.0,239,239,1.0,463,463,1.0,449,449,1.0,1.0,1.0,,,,,,,,,,,,,
theia-case1,base,declared,reliability,native,1.0,True,0,met,,,449126,449126,0.5000005566360479,0.5000005566360479,1.0,239,239,1.0,463,463,1.0,449,449,1.0,1.0,1.0,,,,,,,,,,,,,
theia-case1,base,declared,reliability,augmented,0.9,False,0,met,,,449126,449126,0.5000005566360479,0.5000005566360479,1.0,239,239,1.0,463,463,1.0,449,449,1.0,1.0,1.0,,,,,,,,,,,,,
theia-case1,base,declared,reliability,augmented,0.9,True,0,met,,,449126,449126,0.5000005566360479,0.5000005566360479,1.0,239,239,1.0,463,463,1.0,449,449,1.0,1.0,1.0,,,,,,,,,,,,,
theia-case1,base,declared,reliability,augmented,0.95,False,0,met,,,449126,449126,0.5000005566360479,0.5000005566360479,1.0,239,239,1.0,463,463,1.0,449,449,1.0,1.0,1.0,,,,,,,,,,,,,
theia-case1,base,declared,reliability,augmented,0.95,True,0,met,,,449126,449126,0.5000005566360479,0.5000005566360479,1.0,239,239,1.0,463,463,1.0,449,449,1.0,1.0,1.0,,,,,,,,,,,,,
theia-case1,base,declared,reliability,augmented,0.99,False,0,met,,,449126,449126,0.5000005566360479,0.5000005566360479,1.0,239,239,1.0,463,463,1.0,449,449,1.0,1.0,1.0,,,,,,,,,,,,,
theia-case1,base,declared,reliability,augmented,0.99,True,0,met,,,449126,449126,0.5000005566360479,0.5000005566360479,1.0,239,239,1.0,463,463,1.0,449,449,1.0,1.0,1.0,,,,,,,,,,,,,
theia-case1,base,declared,reliability,augmented,1.0,False,0,met,,,449126,449126,0.5000005566360479,0.5000005566360479,1.0,239,239,1.0,463,463,1.0,449,449,1.0,1.0,1.0,,,,,,,,,,,,,
theia-case1,base,declared,reliability,augmented,1.0,True,0,met,,,449126,449126,0.5000005566360479,0.5000005566360479,1.0,239,239,1.0,463,463,1.0,449,449,1.0,1.0,1.0,,,,,,,,,,,,,
theia-case1,base,declared,adaptive_v1,native,0.9,False,0,met,,,179650,179650,0.8000006679632575,0.8000006679632575,1.0,239,239,1.0,463,463,1.0,449,449,1.0,1.0,1.0,,,,,,,,,,,,,
theia-case1,base,declared,adaptive_v1,native,0.9,True,0,met,,,179650,179650,0.8000006679632575,0.8000006679632575,1.0,239,239,1.0,463,463,1.0,449,449,1.0,1.0,1.0,,,,,,,,,,,,,
theia-case1,base,declared,adaptive_v1,native,0.95,False,0,met,,,179650,179650,0.8000006679632575,0.8000006679632575,1.0,239,239,1.0,463,463,1.0,449,449,1.0,1.0,1.0,,,,,,,,,,,,,
theia-case1,base,declared,adaptive_v1,native,0.95,True,0,met,,,179650,179650,0.8000006679632575,0.8000006679632575,1.0,239,239,1.0,463,463,1.0,449,449,1.0,1.0,1.0,,,,,,,,,,,,,
theia-case1,base,declared,adaptive_v1,native,0.99,False,0,met,,,179650,179650,0.8000006679632575,0.8000006679632575,1.0,239,239,1.0,463,463,1.0,449,449,1.0,1.0,1.0,,,,,,,,,,,,,
theia-case1,base,declared,adaptive_v1,native,0.99,True,0,met,,,179650,179650,0.8000006679632575,0.8000006679632575,1.0,239,239,1.0,463,463,1.0,449,449,1.0,1.0,1.0,,,,,,,,,,,,,
theia-case1,base,declared,adaptive_v1,native,1.0,False,0,met,,,179650,179650,0.8000006679632575,0.8000006679632575,1.0,239,239,1.0,463,463,1.0,449,449,1.0,1.0,1.0,,,,,,,,,,,,,
theia-case1,base,declared,adaptive_v1,native,1.0,True,0,met,,,179650,179650,0.8000006679632575,0.8000006679632575,1.0,239,239,1.0,463,463,1.0,449,449,1.0,1.0,1.0,,,,,,,,,,,,,
theia-case1,base,declared,adaptive_v1,augmented,0.9,False,0,met,,,179650,179650,0.8000006679632575,0.8000006679632575,1.0,239,239,1.0,463,463,1.0,449,449,1.0,1.0,1.0,,,,,,,,,,,,,
theia-case1,base,declared,adaptive_v1,augmented,0.9,True,0,met,,,179650,179650,0.8000006679632575,0.8000006679632575,1.0,239,239,1.0,463,463,1.0,449,449,1.0,1.0,1.0,,,,,,,,,,,,,
theia-case1,base,declared,adaptive_v1,augmented,0.95,False,0,met,,,179650,179650,0.8000006679632575,0.8000006679632575,1.0,239,239,1.0,463,463,1.0,449,449,1.0,1.0,1.0,,,,,,,,,,,,,
theia-case1,base,declared,adaptive_v1,augmented,0.95,True,0,met,,,179650,179650,0.8000006679632575,0.8000006679632575,1.0,239,239,1.0,463,463,1.0,449,449,1.0,1.0,1.0,,,,,,,,,,,,,
theia-case1,base,declared,adaptive_v1,augmented,0.99,False,0,met,,,179650,179650,0.8000006679632575,0.8000006679632575,1.0,239,239,1.0,463,463,1.0,449,449,1.0,1.0,1.0,,,,,,,,,,,,,
theia-case1,base,declared,adaptive_v1,augmented,0.99,True,0,met,,,179650,179650,0.8000006679632575,0.8000006679632575,1.0,239,239,1.0,463,463,1.0,449,449,1.0,1.0,1.0,,,,,,,,,,,,,
theia-case1,base,declared,adaptive_v1,augmented,1.0,False,0,met,,,179650,179650,0.8000006679632575,0.8000006679632575,1.0,239,239,1.0,463,463,1.0,449,449,1.0,1.0,1.0,,,,,,,,,,,,,
theia-case1,base,declared,adaptive_v1,augmented,1.0,True,0,met,,,179650,179650,0.8000006679632575,0.8000006679632575,1.0,239,239,1.0,463,463,1.0,449,449,1.0,1.0,1.0,,,,,,,,,,,,,
theia-case1,base,declared,reliability_chain,native,0.9,False,0,met,,,449126,449126,0.5000005566360479,0.5000005566360479,1.0,239,239,1.0,463,463,1.0,449,449,1.0,1.0,1.0,,,,,,,,,,,,,
theia-case1,base,declared,reliability_chain,native,0.9,True,0,met,,,449126,449126,0.5000005566360479,0.5000005566360479,1.0,239,239,1.0,463,463,1.0,449,449,1.0,1.0,1.0,,,,,,,,,,,,,
theia-case1,base,declared,reliability_chain,native,0.95,False,0,met,,,449126,449126,0.5000005566360479,0.5000005566360479,1.0,239,239,1.0,463,463,1.0,449,449,1.0,1.0,1.0,,,,,,,,,,,,,
theia-case1,base,declared,reliability_chain,native,0.95,True,0,met,,,449126,449126,0.5000005566360479,0.5000005566360479,1.0,239,239,1.0,463,463,1.0,449,449,1.0,1.0,1.0,,,,,,,,,,,,,
theia-case1,base,declared,reliability_chain,native,0.99,False,0,met,,,449126,449126,0.5000005566360479,0.5000005566360479,1.0,239,239,1.0,463,463,1.0,449,449,1.0,1.0,1.0,,,,,,,,,,,,,
theia-case1,base,declared,reliability_chain,native,0.99,True,0,met,,,449126,449126,0.5000005566360479,0.5000005566360479,1.0,239,239,1.0,463,463,1.0,449,449,1.0,1.0,1.0,,,,,,,,,,,,,
theia-case1,base,declared,reliability_chain,native,1.0,False,0,met,,,449126,449126,0.5000005566360479,0.5000005566360479,1.0,239,239,1.0,463,463,1.0,449,449,1.0,1.0,1.0,,,,,,,,,,,,,
theia-case1,base,declared,reliability_chain,native,1.0,True,0,met,,,449126,449126,0.5000005566360479,0.5000005566360479,1.0,239,239,1.0,463,463,1.0,449,449,1.0,1.0,1.0,,,,,,,,,,,,,
theia-case1,base,declared,reliability_chain,augmented,0.9,False,0,met,,,449126,449126,0.5000005566360479,0.5000005566360479,1.0,239,239,1.0,463,463,1.0,449,449,1.0,1.0,1.0,,,,,,,,,,,,,
theia-case1,base,declared,reliability_chain,augmented,0.9,True,0,met,,,449126,449126,0.5000005566360479,0.5000005566360479,1.0,239,239,1.0,463,463,1.0,449,449,1.0,1.0,1.0,,,,,,,,,,,,,
theia-case1,base,declared,reliability_chain,augmented,0.95,False,0,met,,,449126,449126,0.5000005566360479,0.5000005566360479,1.0,239,239,1.0,463,463,1.0,449,449,1.0,1.0,1.0,,,,,,,,,,,,,
theia-case1,base,declared,reliability_chain,augmented,0.95,True,0,met,,,449126,449126,0.5000005566360479,0.5000005566360479,1.0,239,239,1.0,463,463,1.0,449,449,1.0,1.0,1.0,,,,,,,,,,,,,
theia-case1,base,declared,reliability_chain,augmented,0.99,False,0,met,,,449126,449126,0.5000005566360479,0.5000005566360479,1.0,239,239,1.0,463,463,1.0,449,449,1.0,1.0,1.0,,,,,,,,,,,,,
theia-case1,base,declared,reliability_chain,augmented,0.99,True,0,met,,,449126,449126,0.5000005566360479,0.5000005566360479,1.0,239,239,1.0,463,463,1.0,449,449,1.0,1.0,1.0,,,,,,,,,,,,,
theia-case1,base,declared,reliability_chain,augmented,1.0,False,0,met,,,449126,449126,0.5000005566360479,0.5000005566360479,1.0,239,239,1.0,463,463,1.0,449,449,1.0,1.0,1.0,,,,,,,,,,,,,
theia-case1,base,declared,reliability_chain,augmented,1.0,True,0,met,,,449126,449126,0.5000005566360479,0.5000005566360479,1.0,239,239,1.0,463,463,1.0,449,449,1.0,1.0,1.0,,,,,,,,,,,,,
theia-case1,base,adaptive,rarity_only,native,0.9,False,0,met,,,898253,887575,0.011887519440514027,0.011887519440514027,1.0,239,239,1.0,463,463,1.0,449,449,1.0,1.0,1.0,,,,,,,,,,,,,
theia-case1,base,adaptive,rarity_only,native,0.9,True,0,met,,,898253,887575,0.011887519440514027,0.011887519440514027,1.0,239,239,1.0,463,463,1.0,449,449,1.0,1.0,1.0,,,,,,,,,,,,,
theia-case1,base,adaptive,rarity_only,native,0.95,False,0,met,,,898253,887575,0.011887519440514027,0.011887519440514027,1.0,239,239,1.0,463,463,1.0,449,449,1.0,1.0,1.0,,,,,,,,,,,,,
theia-case1,base,adaptive,rarity_only,native,0.95,True,0,met,,,898253,887575,0.011887519440514027,0.011887519440514027,1.0,239,239,1.0,463,463,1.0,449,449,1.0,1.0,1.0,,,,,,,,,,,,,
theia-case1,base,adaptive,rarity_only,native,0.99,False,0,met,,,898253,887575,0.011887519440514027,0.011887519440514027,1.0,239,239,1.0,463,463,1.0,449,449,1.0,1.0,1.0,,,,,,,,,,,,,
theia-case1,base,adaptive,rarity_only,native,0.99,True,0,met,,,898253,887575,0.011887519440514027,0.011887519440514027,1.0,239,239,1.0,463,463,1.0,449,449,1.0,1.0,1.0,,,,,,,,,,,,,
theia-case1,base,adaptive,rarity_only,native,1.0,False,0,met,,,898253,887575,0.011887519440514027,0.011887519440514027,1.0,239,239,1.0,463,463,1.0,449,449,1.0,1.0,1.0,,,,,,,,,,,,,
theia-case1,base,adaptive,rarity_only,native,1.0,True,0,met,,,898253,887575,0.011887519440514027,0.011887519440514027,1.0,239,239,1.0,463,463,1.0,449,449,1.0,1.0,1.0,,,,,,,,,,,,,
theia-case1,base,adaptive,rarity_only,augmented,0.9,False,0,met,,,898253,887575,0.011887519440514027,0.011887519440514027,1.0,239,239,1.0,463,463,1.0,449,449,1.0,1.0,1.0,,,,,,,,,,,,,
theia-case1,base,adaptive,rarity_only,augmented,0.9,True,0,met,,,898253,887575,0.011887519440514027,0.011887519440514027,1.0,239,239,1.0,463,463,1.0,449,449,1.0,1.0,1.0,,,,,,,,,,,,,
theia-case1,base,adaptive,rarity_only,augmented,0.95,False,0,met,,,898253,887575,0.011887519440514027,0.011887519440514027,1.0,239,239,1.0,463,463,1.0,449,449,1.0,1.0,1.0,,,,,,,,,,,,,
theia-case1,base,adaptive,rarity_only,augmented,0.95,True,0,met,,,898253,887575,0.011887519440514027,0.011887519440514027,1.0,239,239,1.0,463,463,1.0,449,449,1.0,1.0,1.0,,,,,,,,,,,,,
theia-case1,base,adaptive,rarity_only,augmented,0.99,False,0,met,,,898253,887575,0.011887519440514027,0.011887519440514027,1.0,239,239,1.0,463,463,1.0,449,449,1.0,1.0,1.0,,,,,,,,,,,,,
theia-case1,base,adaptive,rarity_only,augmented,0.99,True,0,met,,,898253,887575,0.011887519440514027,0.011887519440514027,1.0,239,239,1.0,463,463,1.0,449,449,1.0,1.0,1.0,,,,,,,,,,,,,
theia-case1,base,adaptive,rarity_only,augmented,1.0,False,0,met,,,898253,887575,0.011887519440514027,0.011887519440514027,1.0,239,239,1.0,463,463,1.0,449,449,1.0,1.0,1.0,,,,,,,,,,,,,
theia-case1,base,adaptive,rarity_only,augmented,1.0,True,0,met,,,898253,887575,0.011887519440514027,0.011887519440514027,1.0,239,239,1.0,463,463,1.0,449,449,1.0,1.0,1.0,,,,,,,,,,,,,
theia-case1,base,adaptive,diffusion_only,native,0.9,False,0,met,,,89825,89825,0.9000003339816288,0.9000003339816288,1.0,239,239,1.0,463,463,1.0,449,449,1.0,1.0,1.0,,,,,,,,,,,,,
theia-case1,base,adaptive,diffusion_only,native,0.9,True,0,met,,,89825,89825,0.9000003339816288,0.9000003339816288,1.0,239,239,1.0,463,463,1.0,449,449,1.0,1.0,1.0,,,,,,,,,,,,,
theia-case1,base,adaptive,diffusion_only,native,0.95,False,0,met,,,89825,89825,0.9000003339816288,0.9000003339816288,1.0,239,239,1.0,463,463,1.0,449,449,1.0,1.0,1.0,,,,,,,,,,,,,
theia-case1,base,adaptive,diffusion_only,native,0.95,True,0,met,,,89825,89825,0.9000003339816288,0.9000003339816288,1.0,239,239,1.0,463,463,1.0,449,449,1.0,1.0,1.0,,,,,,,,,,,,,
theia-case1,base,adaptive,diffusion_only,native,0.99,False,0,met,,,89825,89825,0.9000003339816288,0.9000003339816288,1.0,239,239,1.0,463,463,1.0,449,449,1.0,1.0,1.0,,,,,,,,,,,,,
theia-case1,base,adaptive,diffusion_only,native,0.99,True,0,met,,,89825,89825,0.9000003339816288,0.9000003339816288,1.0,239,239,1.0,463,463,1.0,449,449,1.0,1.0,1.0,,,,,,,,,,,,,
theia-case1,base,adaptive,diffusion_only,native,1.0,False,0,met,,,89825,89825,0.9000003339816288,0.9000003339816288,1.0,239,239,1.0,463,463,1.0,449,449,1.0,1.0,1.0,,,,,,,,,,,,,
theia-case1,base,adaptive,diffusion_only,native,1.0,True,0,met,,,89825,89825,0.9000003339816288,0.9000003339816288,1.0,239,239,1.0,463,463,1.0,449,449,1.0,1.0,1.0,,,,,,,,,,,,,
theia-case1,base,adaptive,diffusion_only,augmented,0.9,False,0,met,,,89825,89825,0.9000003339816288,0.9000003339816288,1.0,239,239,1.0,463,463,1.0,449,449,1.0,1.0,1.0,,,,,,,,,,,,,
theia-case1,base,adaptive,diffusion_only,augmented,0.9,True,0,met,,,89825,89825,0.9000003339816288,0.9000003339816288,1.0,239,239,1.0,463,463,1.0,449,449,1.0,1.0,1.0,,,,,,,,,,,,,
theia-case1,base,adaptive,diffusion_only,augmented,0.95,False,0,met,,,89825,89825,0.9000003339816288,0.9000003339816288,1.0,239,239,1.0,463,463,1.0,449,449,1.0,1.0,1.0,,,,,,,,,,,,,
theia-case1,base,adaptive,diffusion_only,augmented,0.95,True,0,met,,,89825,89825,0.9000003339816288,0.9000003339816288,1.0,239,239,1.0,463,463,1.0,449,449,1.0,1.0,1.0,,,,,,,,,,,,,
theia-case1,base,adaptive,diffusion_only,augmented,0.99,False,0,met,,,89825,89825,0.9000003339816288,0.9000003339816288,1.0,239,239,1.0,463,463,1.0,449,449,1.0,1.0,1.0,,,,,,,,,,,,,
theia-case1,base,adaptive,diffusion_only,augmented,0.99,True,0,met,,,89825,89825,0.9000003339816288,0.9000003339816288,1.0,239,239,1.0,463,463,1.0,449,449,1.0,1.0,1.0,,,,,,,,,,,,,
theia-case1,base,adaptive,diffusion_only,augmented,1.0,False,0,met,,,89825,89825,0.9000003339816288,0.9000003339816288,1.0,239,239,1.0,463,463,1.0,449,449,1.0,1.0,1.0,,,,,,,,,,,,,
theia-case1,base,adaptive,diffusion_only,augmented,1.0,True,0,met,,,89825,89825,0.9000003339816288,0.9000003339816288,1.0,239,239,1.0,463,463,1.0,449,449,1.0,1.0,1.0,,,,,,,,,,,,,
theia-case1,base,adaptive,rasp,native,0.9,False,0,met,,,449126,449126,0.5000005566360479,0.5000005566360479,1.0,239,239,1.0,463,463,1.0,449,449,1.0,1.0,1.0,,,,,,,,,,,,,
theia-case1,base,adaptive,rasp,native,0.9,True,0,met,,,449126,449126,0.5000005566360479,0.5000005566360479,1.0,239,239,1.0,463,463,1.0,449,449,1.0,1.0,1.0,,,,,,,,,,,,,
theia-case1,base,adaptive,rasp,native,0.95,False,0,met,,,449126,449126,0.5000005566360479,0.5000005566360479,1.0,239,239,1.0,463,463,1.0,449,449,1.0,1.0,1.0,,,,,,,,,,,,,
theia-case1,base,adaptive,rasp,native,0.95,True,0,met,,,449126,449126,0.5000005566360479,0.5000005566360479,1.0,239,239,1.0,463,463,1.0,449,449,1.0,1.0,1.0,,,,,,,,,,,,,
theia-case1,base,adaptive,rasp,native,0.99,False,0,met,,,449126,449126,0.5000005566360479,0.5000005566360479,1.0,239,239,1.0,463,463,1.0,449,449,1.0,1.0,1.0,,,,,,,,,,,,,
theia-case1,base,adaptive,rasp,native,0.99,True,0,met,,,449126,449126,0.5000005566360479,0.5000005566360479,1.0,239,239,1.0,463,463,1.0,449,449,1.0,1.0,1.0,,,,,,,,,,,,,
theia-case1,base,adaptive,rasp,native,1.0,False,0,met,,,449126,449126,0.5000005566360479,0.5000005566360479,1.0,239,239,1.0,463,463,1.0,449,449,1.0,1.0,1.0,,,,,,,,,,,,,
theia-case1,base,adaptive,rasp,native,1.0,True,0,met,,,449126,449126,0.5000005566360479,0.5000005566360479,1.0,239,239,1.0,463,463,1.0,449,449,1.0,1.0,1.0,,,,,,,,,,,,,
theia-case1,base,adaptive,rasp,augmented,0.9,False,0,met,,,449126,449126,0.5000005566360479,0.5000005566360479,1.0,239,239,1.0,463,463,1.0,449,449,1.0,1.0,1.0,,,,,,,,,,,,,
theia-case1,base,adaptive,rasp,augmented,0.9,True,0,met,,,449126,449126,0.5000005566360479,0.5000005566360479,1.0,239,239,1.0,463,463,1.0,449,449,1.0,1.0,1.0,,,,,,,,,,,,,
theia-case1,base,adaptive,rasp,augmented,0.95,False,0,met,,,449126,449126,0.5000005566360479,0.5000005566360479,1.0,239,239,1.0,463,463,1.0,449,449,1.0,1.0,1.0,,,,,,,,,,,,,
theia-case1,base,adaptive,rasp,augmented,0.95,True,0,met,,,449126,449126,0.5000005566360479,0.5000005566360479,1.0,239,239,1.0,463,463,1.0,449,449,1.0,1.0,1.0,,,,,,,,,,,,,
theia-case1,base,adaptive,rasp,augmented,0.99,False,0,met,,,449126,449126,0.5000005566360479,0.5000005566360479,1.0,239,239,1.0,463,463,1.0,449,449,1.0,1.0,1.0,,,,,,,,,,,,,
theia-case1,base,adaptive,rasp,augmented,0.99,True,0,met,,,449126,449126,0.5000005566360479,0.5000005566360479,1.0,239,239,1.0,463,463,1.0,449,449,1.0,1.0,1.0,,,,,,,,,,,,,
theia-case1,base,adaptive,rasp,augmented,1.0,False,0,met,,,449126,449126,0.5000005566360479,0.5000005566360479,1.0,239,239,1.0,463,463,1.0,449,449,1.0,1.0,1.0,,,,,,,,,,,,,
theia-case1,base,adaptive,rasp,augmented,1.0,True,0,met,,,449126,449126,0.5000005566360479,0.5000005566360479,1.0,239,239,1.0,463,463,1.0,449,449,1.0,1.0,1.0,,,,,,,,,,,,,
theia-case1,base,adaptive,context_v1,native,0.9,False,0,met,,,449126,449126,0.5000005566360479,0.5000005566360479,1.0,239,239,1.0,463,463,1.0,449,449,1.0,1.0,1.0,,,,,,,,,,,,,
theia-case1,base,adaptive,context_v1,native,0.9,True,0,met,,,449126,449126,0.5000005566360479,0.5000005566360479,1.0,239,239,1.0,463,463,1.0,449,449,1.0,1.0,1.0,,,,,,,,,,,,,
theia-case1,base,adaptive,context_v1,native,0.95,False,0,met,,,449126,449126,0.5000005566360479,0.5000005566360479,1.0,239,239,1.0,463,463,1.0,449,449,1.0,1.0,1.0,,,,,,,,,,,,,
theia-case1,base,adaptive,context_v1,native,0.95,True,0,met,,,449126,449126,0.5000005566360479,0.5000005566360479,1.0,239,239,1.0,463,463,1.0,449,449,1.0,1.0,1.0,,,,,,,,,,,,,
theia-case1,base,adaptive,context_v1,native,0.99,False,0,met,,,449126,449126,0.5000005566360479,0.5000005566360479,1.0,239,239,1.0,463,463,1.0,449,449,1.0,1.0,1.0,,,,,,,,,,,,,
theia-case1,base,adaptive,context_v1,native,0.99,True,0,met,,,449126,449126,0.5000005566360479,0.5000005566360479,1.0,239,239,1.0,463,463,1.0,449,449,1.0,1.0,1.0,,,,,,,,,,,,,
theia-case1,base,adaptive,context_v1,native,1.0,False,0,met,,,449126,449126,0.5000005566360479,0.5000005566360479,1.0,239,239,1.0,463,463,1.0,449,449,1.0,1.0,1.0,,,,,,,,,,,,,
theia-case1,base,adaptive,context_v1,native,1.0,True,0,met,,,449126,449126,0.5000005566360479,0.5000005566360479,1.0,239,239,1.0,463,463,1.0,449,449,1.0,1.0,1.0,,,,,,,,,,,,,
theia-case1,base,adaptive,context_v1,augmented,0.9,False,0,met,,,449126,449126,0.5000005566360479,0.5000005566360479,1.0,239,239,1.0,463,463,1.0,449,449,1.0,1.0,1.0,,,,,,,,,,,,,
theia-case1,base,adaptive,context_v1,augmented,0.9,True,0,met,,,449126,449126,0.5000005566360479,0.5000005566360479,1.0,239,239,1.0,463,463,1.0,449,449,1.0,1.0,1.0,,,,,,,,,,,,,
theia-case1,base,adaptive,context_v1,augmented,0.95,False,0,met,,,449126,449126,0.5000005566360479,0.5000005566360479,1.0,239,239,1.0,463,463,1.0,449,449,1.0,1.0,1.0,,,,,,,,,,,,,
theia-case1,base,adaptive,context_v1,augmented,0.95,True,0,met,,,449126,449126,0.5000005566360479,0.5000005566360479,1.0,239,239,1.0,463,463,1.0,449,449,1.0,1.0,1.0,,,,,,,,,,,,,
theia-case1,base,adaptive,context_v1,augmented,0.99,False,0,met,,,449126,449126,0.5000005566360479,0.5000005566360479,1.0,239,239,1.0,463,463,1.0,449,449,1.0,1.0,1.0,,,,,,,,,,,,,
theia-case1,base,adaptive,context_v1,augmented,0.99,True,0,met,,,449126,449126,0.5000005566360479,0.5000005566360479,1.0,239,239,1.0,463,463,1.0,449,449,1.0,1.0,1.0,,,,,,,,,,,,,
theia-case1,base,adaptive,context_v1,augmented,1.0,False,0,met,,,449126,449126,0.5000005566360479,0.5000005566360479,1.0,239,239,1.0,463,463,1.0,449,449,1.0,1.0,1.0,,,,,,,,,,,,,
theia-case1,base,adaptive,context_v1,augmented,1.0,True,0,met,,,449126,449126,0.5000005566360479,0.5000005566360479,1.0,239,239,1.0,463,463,1.0,449,449,1.0,1.0,1.0,,,,,,,,,,,,,
theia-case1,base,adaptive,reliability,native,0.9,False,0,met,,,44912,44912,0.9500007236268624,0.9500007236268624,1.0,239,239,1.0,463,463,1.0,449,449,1.0,1.0,1.0,,,,,,,,,,,,,
theia-case1,base,adaptive,reliability,native,0.9,True,0,met,,,44912,44912,0.9500007236268624,0.9500007236268624,1.0,239,239,1.0,463,463,1.0,449,449,1.0,1.0,1.0,,,,,,,,,,,,,
theia-case1,base,adaptive,reliability,native,0.95,False,0,met,,,44912,44912,0.9500007236268624,0.9500007236268624,1.0,239,239,1.0,463,463,1.0,449,449,1.0,1.0,1.0,,,,,,,,,,,,,
theia-case1,base,adaptive,reliability,native,0.95,True,0,met,,,44912,44912,0.9500007236268624,0.9500007236268624,1.0,239,239,1.0,463,463,1.0,449,449,1.0,1.0,1.0,,,,,,,,,,,,,
theia-case1,base,adaptive,reliability,native,0.99,False,0,met,,,44912,44912,0.9500007236268624,0.9500007236268624,1.0,239,239,1.0,463,463,1.0,449,449,1.0,1.0,1.0,,,,,,,,,,,,,
theia-case1,base,adaptive,reliability,native,0.99,True,0,met,,,44912,44912,0.9500007236268624,0.9500007236268624,1.0,239,239,1.0,463,463,1.0,449,449,1.0,1.0,1.0,,,,,,,,,,,,,
theia-case1,base,adaptive,reliability,native,1.0,False,0,met,,,44912,44912,0.9500007236268624,0.9500007236268624,1.0,239,239,1.0,463,463,1.0,449,449,1.0,1.0,1.0,,,,,,,,,,,,,
theia-case1,base,adaptive,reliability,native,1.0,True,0,met,,,44912,44912,0.9500007236268624,0.9500007236268624,1.0,239,239,1.0,463,463,1.0,449,449,1.0,1.0,1.0,,,,,,,,,,,,,
theia-case1,base,adaptive,reliability,augmented,0.9,False,0,met,,,44912,44912,0.9500007236268624,0.9500007236268624,1.0,239,239,1.0,463,463,1.0,449,449,1.0,1.0,1.0,,,,,,,,,,,,,
theia-case1,base,adaptive,reliability,augmented,0.9,True,0,met,,,44912,44912,0.9500007236268624,0.9500007236268624,1.0,239,239,1.0,463,463,1.0,449,449,1.0,1.0,1.0,,,,,,,,,,,,,
theia-case1,base,adaptive,reliability,augmented,0.95,False,0,met,,,44912,44912,0.9500007236268624,0.9500007236268624,1.0,239,239,1.0,463,463,1.0,449,449,1.0,1.0,1.0,,,,,,,,,,,,,
theia-case1,base,adaptive,reliability,augmented,0.95,True,0,met,,,44912,44912,0.9500007236268624,0.9500007236268624,1.0,239,239,1.0,463,463,1.0,449,449,1.0,1.0,1.0,,,,,,,,,,,,,
theia-case1,base,adaptive,reliability,augmented,0.99,False,0,met,,,44912,44912,0.9500007236268624,0.9500007236268624,1.0,239,239,1.0,463,463,1.0,449,449,1.0,1.0,1.0,,,,,,,,,,,,,
theia-case1,base,adaptive,reliability,augmented,0.99,True,0,met,,,44912,44912,0.9500007236268624,0.9500007236268624,1.0,239,239,1.0,463,463,1.0,449,449,1.0,1.0,1.0,,,,,,,,,,,,,
theia-case1,base,adaptive,reliability,augmented,1.0,False,0,met,,,44912,44912,0.9500007236268624,0.9500007236268624,1.0,239,239,1.0,463,463,1.0,449,449,1.0,1.0,1.0,,,,,,,,,,,,,
theia-case1,base,adaptive,reliability,augmented,1.0,True,0,met,,,44912,44912,0.9500007236268624,0.9500007236268624,1.0,239,239,1.0,463,463,1.0,449,449,1.0,1.0,1.0,,,,,,,,,,,,,
theia-case1,base,adaptive,adaptive_v1,native,0.9,False,0,met,,,449126,449126,0.5000005566360479,0.5000005566360479,1.0,239,239,1.0,463,463,1.0,449,449,1.0,1.0,1.0,,,,,,,,,,,,,
theia-case1,base,adaptive,adaptive_v1,native,0.9,True,0,met,,,449126,449126,0.5000005566360479,0.5000005566360479,1.0,239,239,1.0,463,463,1.0,449,449,1.0,1.0,1.0,,,,,,,,,,,,,
theia-case1,base,adaptive,adaptive_v1,native,0.95,False,0,met,,,449126,449126,0.5000005566360479,0.5000005566360479,1.0,239,239,1.0,463,463,1.0,449,449,1.0,1.0,1.0,,,,,,,,,,,,,
theia-case1,base,adaptive,adaptive_v1,native,0.95,True,0,met,,,449126,449126,0.5000005566360479,0.5000005566360479,1.0,239,239,1.0,463,463,1.0,449,449,1.0,1.0,1.0,,,,,,,,,,,,,
theia-case1,base,adaptive,adaptive_v1,native,0.99,False,0,met,,,449126,449126,0.5000005566360479,0.5000005566360479,1.0,239,239,1.0,463,463,1.0,449,449,1.0,1.0,1.0,,,,,,,,,,,,,
theia-case1,base,adaptive,adaptive_v1,native,0.99,True,0,met,,,449126,449126,0.5000005566360479,0.5000005566360479,1.0,239,239,1.0,463,463,1.0,449,449,1.0,1.0,1.0,,,,,,,,,,,,,
theia-case1,base,adaptive,adaptive_v1,native,1.0,False,0,met,,,449126,449126,0.5000005566360479,0.5000005566360479,1.0,239,239,1.0,463,463,1.0,449,449,1.0,1.0,1.0,,,,,,,,,,,,,
theia-case1,base,adaptive,adaptive_v1,native,1.0,True,0,met,,,449126,449126,0.5000005566360479,0.5000005566360479,1.0,239,239,1.0,463,463,1.0,449,449,1.0,1.0,1.0,,,,,,,,,,,,,
theia-case1,base,adaptive,adaptive_v1,augmented,0.9,False,0,met,,,449126,449126,0.5000005566360479,0.5000005566360479,1.0,239,239,1.0,463,463,1.0,449,449,1.0,1.0,1.0,,,,,,,,,,,,,
theia-case1,base,adaptive,adaptive_v1,augmented,0.9,True,0,met,,,449126,449126,0.5000005566360479,0.5000005566360479,1.0,239,239,1.0,463,463,1.0,449,449,1.0,1.0,1.0,,,,,,,,,,,,,
theia-case1,base,adaptive,adaptive_v1,augmented,0.95,False,0,met,,,449126,449126,0.5000005566360479,0.5000005566360479,1.0,239,239,1.0,463,463,1.0,449,449,1.0,1.0,1.0,,,,,,,,,,,,,
theia-case1,base,adaptive,adaptive_v1,augmented,0.95,True,0,met,,,449126,449126,0.5000005566360479,0.5000005566360479,1.0,239,239,1.0,463,463,1.0,449,449,1.0,1.0,1.0,,,,,,,,,,,,,
theia-case1,base,adaptive,adaptive_v1,augmented,0.99,False,0,met,,,449126,449126,0.5000005566360479,0.5000005566360479,1.0,239,239,1.0,463,463,1.0,449,449,1.0,1.0,1.0,,,,,,,,,,,,,
theia-case1,base,adaptive,adaptive_v1,augmented,0.99,True,0,met,,,449126,449126,0.5000005566360479,0.5000005566360479,1.0,239,239,1.0,463,463,1.0,449,449,1.0,1.0,1.0,,,,,,,,,,,,,
theia-case1,base,adaptive,adaptive_v1,augmented,1.0,False,0,met,,,449126,449126,0.5000005566360479,0.5000005566360479,1.0,239,239,1.0,463,463,1.0,449,449,1.0,1.0,1.0,,,,,,,,,,,,,
theia-case1,base,adaptive,adaptive_v1,augmented,1.0,True,0,met,,,449126,449126,0.5000005566360479,0.5000005566360479,1.0,239,239,1.0,463,463,1.0,449,449,1.0,1.0,1.0,,,,,,,,,,,,,
theia-case1,base,adaptive,reliability_chain,native,0.9,False,0,met,,,44912,44912,0.9500007236268624,0.9500007236268624,1.0,239,239,1.0,463,463,1.0,449,449,1.0,1.0,1.0,,,,,,,,,,,,,
theia-case1,base,adaptive,reliability_chain,native,0.9,True,0,met,,,44912,44912,0.9500007236268624,0.9500007236268624,1.0,239,239,1.0,463,463,1.0,449,449,1.0,1.0,1.0,,,,,,,,,,,,,
theia-case1,base,adaptive,reliability_chain,native,0.95,False,0,met,,,44912,44912,0.9500007236268624,0.9500007236268624,1.0,239,239,1.0,463,463,1.0,449,449,1.0,1.0,1.0,,,,,,,,,,,,,
theia-case1,base,adaptive,reliability_chain,native,0.95,True,0,met,,,44912,44912,0.9500007236268624,0.9500007236268624,1.0,239,239,1.0,463,463,1.0,449,449,1.0,1.0,1.0,,,,,,,,,,,,,
theia-case1,base,adaptive,reliability_chain,native,0.99,False,0,met,,,44912,44912,0.9500007236268624,0.9500007236268624,1.0,239,239,1.0,463,463,1.0,449,449,1.0,1.0,1.0,,,,,,,,,,,,,
theia-case1,base,adaptive,reliability_chain,native,0.99,True,0,met,,,44912,44912,0.9500007236268624,0.9500007236268624,1.0,239,239,1.0,463,463,1.0,449,449,1.0,1.0,1.0,,,,,,,,,,,,,
theia-case1,base,adaptive,reliability_chain,native,1.0,False,0,met,,,44912,44912,0.9500007236268624,0.9500007236268624,1.0,239,239,1.0,463,463,1.0,449,449,1.0,1.0,1.0,,,,,,,,,,,,,
theia-case1,base,adaptive,reliability_chain,native,1.0,True,0,met,,,44912,44912,0.9500007236268624,0.9500007236268624,1.0,239,239,1.0,463,463,1.0,449,449,1.0,1.0,1.0,,,,,,,,,,,,,
theia-case1,base,adaptive,reliability_chain,augmented,0.9,False,0,met,,,44912,44912,0.9500007236268624,0.9500007236268624,1.0,239,239,1.0,463,463,1.0,449,449,1.0,1.0,1.0,,,,,,,,,,,,,
theia-case1,base,adaptive,reliability_chain,augmented,0.9,True,0,met,,,44912,44912,0.9500007236268624,0.9500007236268624,1.0,239,239,1.0,463,463,1.0,449,449,1.0,1.0,1.0,,,,,,,,,,,,,
theia-case1,base,adaptive,reliability_chain,augmented,0.95,False,0,met,,,44912,44912,0.9500007236268624,0.9500007236268624,1.0,239,239,1.0,463,463,1.0,449,449,1.0,1.0,1.0,,,,,,,,,,,,,
theia-case1,base,adaptive,reliability_chain,augmented,0.95,True,0,met,,,44912,44912,0.9500007236268624,0.9500007236268624,1.0,239,239,1.0,463,463,1.0,449,449,1.0,1.0,1.0,,,,,,,,,,,,,
theia-case1,base,adaptive,reliability_chain,augmented,0.99,False,0,met,,,44912,44912,0.9500007236268624,0.9500007236268624,1.0,239,239,1.0,463,463,1.0,449,449,1.0,1.0,1.0,,,,,,,,,,,,,
theia-case1,base,adaptive,reliability_chain,augmented,0.99,True,0,met,,,44912,44912,0.9500007236268624,0.9500007236268624,1.0,239,239,1.0,463,463,1.0,449,449,1.0,1.0,1.0,,,,,,,,,,,,,
theia-case1,base,adaptive,reliability_chain,augmented,1.0,False,0,met,,,44912,44912,0.9500007236268624,0.9500007236268624,1.0,239,239,1.0,463,463,1.0,449,449,1.0,1.0,1.0,,,,,,,,,,,,,
theia-case1,base,adaptive,reliability_chain,augmented,1.0,True,0,met,,,44912,44912,0.9500007236268624,0.9500007236268624,1.0,239,239,1.0,463,463,1.0,449,449,1.0,1.0,1.0,,,,,,,,,,,,,
theia-case3,base,single,rarity_only,native,0.9,False,0,met,,,226443,226443,0.8000005299332814,0.8000005299332814,0.9912663755458515,227,229,0.9956140350877193,227,228,0.990909090909091,218,220,1.0,1.0,1.0,,,,,,,,,,,,,
theia-case3,base,single,rarity_only,native,0.9,True,0,met,,,226443,226443,0.8000005299332814,0.8000005299332814,0.9912663755458515,227,229,0.9956140350877193,227,228,0.990909090909091,218,220,1.0,1.0,1.0,,,,,,,,,,,,,
theia-case3,base,single,rarity_only,native,0.95,False,0,met,,,226443,226443,0.8000005299332814,0.8000005299332814,0.9912663755458515,227,229,0.9956140350877193,227,228,0.990909090909091,218,220,1.0,1.0,1.0,,,,,,,,,,,,,
theia-case3,base,single,rarity_only,native,0.95,True,0,met,,,226443,226443,0.8000005299332814,0.8000005299332814,0.9912663755458515,227,229,0.9956140350877193,227,228,0.990909090909091,218,220,1.0,1.0,1.0,,,,,,,,,,,,,
theia-case3,base,single,rarity_only,native,0.99,False,0,met,,,226443,226443,0.8000005299332814,0.8000005299332814,0.9912663755458515,227,229,0.9956140350877193,227,228,0.990909090909091,218,220,1.0,1.0,1.0,,,,,,,,,,,,,
theia-case3,base,single,rarity_only,native,0.99,True,0,met,,,226443,226443,0.8000005299332814,0.8000005299332814,0.9912663755458515,227,229,0.9956140350877193,227,228,0.990909090909091,218,220,1.0,1.0,1.0,,,,,,,,,,,,,
theia-case3,base,single,rarity_only,native,1.0,False,0,met,,,566109,566109,0.5,0.5,1.0,229,229,1.0,228,228,1.0,220,220,1.0,1.0,1.0,,,,,,,,,,,,,
theia-case3,base,single,rarity_only,native,1.0,True,0,met,,,566109,566109,0.5,0.5,1.0,229,229,1.0,228,228,1.0,220,220,1.0,1.0,1.0,,,,,,,,,,,,,
theia-case3,base,single,rarity_only,augmented,0.9,False,0,met,,,226443,226443,0.8000005299332814,0.8000005299332814,0.9912663755458515,227,229,0.9956140350877193,227,228,0.990909090909091,218,220,1.0,1.0,1.0,,,,,,,,,,,,,
theia-case3,base,single,rarity_only,augmented,0.9,True,0,met,,,226443,226443,0.8000005299332814,0.8000005299332814,0.9912663755458515,227,229,0.9956140350877193,227,228,0.990909090909091,218,220,1.0,1.0,1.0,,,,,,,,,,,,,
theia-case3,base,single,rarity_only,augmented,0.95,False,0,met,,,226443,226443,0.8000005299332814,0.8000005299332814,0.9912663755458515,227,229,0.9956140350877193,227,228,0.990909090909091,218,220,1.0,1.0,1.0,,,,,,,,,,,,,
theia-case3,base,single,rarity_only,augmented,0.95,True,0,met,,,226443,226443,0.8000005299332814,0.8000005299332814,0.9912663755458515,227,229,0.9956140350877193,227,228,0.990909090909091,218,220,1.0,1.0,1.0,,,,,,,,,,,,,
theia-case3,base,single,rarity_only,augmented,0.99,False,0,met,,,226443,226443,0.8000005299332814,0.8000005299332814,0.9912663755458515,227,229,0.9956140350877193,227,228,0.990909090909091,218,220,1.0,1.0,1.0,,,,,,,,,,,,,
theia-case3,base,single,rarity_only,augmented,0.99,True,0,met,,,226443,226443,0.8000005299332814,0.8000005299332814,0.9912663755458515,227,229,0.9956140350877193,227,228,0.990909090909091,218,220,1.0,1.0,1.0,,,,,,,,,,,,,
theia-case3,base,single,rarity_only,augmented,1.0,False,0,met,,,566109,566109,0.5,0.5,1.0,229,229,1.0,228,228,1.0,220,220,1.0,1.0,1.0,,,,,,,,,,,,,
theia-case3,base,single,rarity_only,augmented,1.0,True,0,met,,,566109,566109,0.5,0.5,1.0,229,229,1.0,228,228,1.0,220,220,1.0,1.0,1.0,,,,,,,,,,,,,
theia-case3,base,single,diffusion_only,native,0.9,False,0,met,,,256,256,0.9997738951332694,0.9997738951332694,0.9563318777292577,219,229,0.956140350877193,218,228,0.990909090909091,218,220,1.0,1.0,1.0,,,,,,,,,,,,,
theia-case3,base,single,diffusion_only,native,0.9,True,0,met,,,256,256,0.9997738951332694,0.9997738951332694,0.9563318777292577,219,229,0.956140350877193,218,228,0.990909090909091,218,220,1.0,1.0,1.0,,,,,,,,,,,,,
theia-case3,base,single,diffusion_only,native,0.95,False,0,met,,,256,256,0.9997738951332694,0.9997738951332694,0.9563318777292577,219,229,0.956140350877193,218,228,0.990909090909091,218,220,1.0,1.0,1.0,,,,,,,,,,,,,
theia-case3,base,single,diffusion_only,native,0.95,True,0,met,,,256,256,0.9997738951332694,0.9997738951332694,0.9563318777292577,219,229,0.956140350877193,218,228,0.990909090909091,218,220,1.0,1.0,1.0,,,,,,,,,,,,,
theia-case3,base,single,diffusion_only,native,0.99,False,0,met,,,1132218,1113230,0.0167706219120346,0.0167706219120346,1.0,229,229,1.0,228,228,1.0,220,220,1.0,1.0,1.0,,,,,,,,,,,,,
theia-case3,base,single,diffusion_only,native,0.99,True,0,met,,,1132218,1113230,0.0167706219120346,0.0167706219120346,1.0,229,229,1.0,228,228,1.0,220,220,1.0,1.0,1.0,,,,,,,,,,,,,
theia-case3,base,single,diffusion_only,native,1.0,False,0,met,,,1132218,1113230,0.0167706219120346,0.0167706219120346,1.0,229,229,1.0,228,228,1.0,220,220,1.0,1.0,1.0,,,,,,,,,,,,,
theia-case3,base,single,diffusion_only,native,1.0,True,0,met,,,1132218,1113230,0.0167706219120346,0.0167706219120346,1.0,229,229,1.0,228,228,1.0,220,220,1.0,1.0,1.0,,,,,,,,,,,,,
theia-case3,base,single,diffusion_only,augmented,0.9,False,0,met,,,256,256,0.9997738951332694,0.9997738951332694,0.9563318777292577,219,229,0.956140350877193,218,228,0.990909090909091,218,220,1.0,1.0,1.0,,,,,,,,,,,,,
theia-case3,base,single,diffusion_only,augmented,0.9,True,0,met,,,256,256,0.9997738951332694,0.9997738951332694,0.9563318777292577,219,229,0.956140350877193,218,228,0.990909090909091,218,220,1.0,1.0,1.0,,,,,,,,,,,,,
theia-case3,base,single,diffusion_only,augmented,0.95,False,0,met,,,256,256,0.9997738951332694,0.9997738951332694,0.9563318777292577,219,229,0.956140350877193,218,228,0.990909090909091,218,220,1.0,1.0,1.0,,,,,,,,,,,,,
theia-case3,base,single,diffusion_only,augmented,0.95,True,0,met,,,256,256,0.9997738951332694,0.9997738951332694,0.9563318777292577,219,229,0.956140350877193,218,228,0.990909090909091,218,220,1.0,1.0,1.0,,,,,,,,,,,,,
theia-case3,base,single,diffusion_only,augmented,0.99,False,0,met,,,1132218,1113230,0.0167706219120346,0.0167706219120346,1.0,229,229,1.0,228,228,1.0,220,220,1.0,1.0,1.0,,,,,,,,,,,,,
theia-case3,base,single,diffusion_only,augmented,0.99,True,0,met,,,1132218,1113230,0.0167706219120346,0.0167706219120346,1.0,229,229,1.0,228,228,1.0,220,220,1.0,1.0,1.0,,,,,,,,,,,,,
theia-case3,base,single,diffusion_only,augmented,1.0,False,0,met,,,1132218,1113230,0.0167706219120346,0.0167706219120346,1.0,229,229,1.0,228,228,1.0,220,220,1.0,1.0,1.0,,,,,,,,,,,,,
theia-case3,base,single,diffusion_only,augmented,1.0,True,0,met,,,1132218,1113230,0.0167706219120346,0.0167706219120346,1.0,229,229,1.0,228,228,1.0,220,220,1.0,1.0,1.0,,,,,,,,,,,,,
theia-case3,base,single,rasp,native,0.9,False,0,met,,,256,256,0.9997738951332694,0.9997738951332694,0.9563318777292577,219,229,0.956140350877193,218,228,0.990909090909091,218,220,1.0,1.0,1.0,,,,,,,,,,,,,
theia-case3,base,single,rasp,native,0.9,True,0,met,,,256,256,0.9997738951332694,0.9997738951332694,0.9563318777292577,219,229,0.956140350877193,218,228,0.990909090909091,218,220,1.0,1.0,1.0,,,,,,,,,,,,,
theia-case3,base,single,rasp,native,0.95,False,0,met,,,256,256,0.9997738951332694,0.9997738951332694,0.9563318777292577,219,229,0.956140350877193,218,228,0.990909090909091,218,220,1.0,1.0,1.0,,,,,,,,,,,,,
theia-case3,base,single,rasp,native,0.95,True,0,met,,,256,256,0.9997738951332694,0.9997738951332694,0.9563318777292577,219,229,0.956140350877193,218,228,0.990909090909091,218,220,1.0,1.0,1.0,,,,,,,,,,,,,
theia-case3,base,single,rasp,native,0.99,False,0,met,,,1132218,1113230,0.0167706219120346,0.0167706219120346,1.0,229,229,1.0,228,228,1.0,220,220,1.0,1.0,1.0,,,,,,,,,,,,,
theia-case3,base,single,rasp,native,0.99,True,0,met,,,1132218,1113230,0.0167706219120346,0.0167706219120346,1.0,229,229,1.0,228,228,1.0,220,220,1.0,1.0,1.0,,,,,,,,,,,,,
theia-case3,base,single,rasp,native,1.0,False,0,met,,,1132218,1113230,0.0167706219120346,0.0167706219120346,1.0,229,229,1.0,228,228,1.0,220,220,1.0,1.0,1.0,,,,,,,,,,,,,
theia-case3,base,single,rasp,native,1.0,True,0,met,,,1132218,1113230,0.0167706219120346,0.0167706219120346,1.0,229,229,1.0,228,228,1.0,220,220,1.0,1.0,1.0,,,,,,,,,,,,,
theia-case3,base,single,rasp,augmented,0.9,False,0,met,,,256,256,0.9997738951332694,0.9997738951332694,0.9563318777292577,219,229,0.956140350877193,218,228,0.990909090909091,218,220,1.0,1.0,1.0,,,,,,,,,,,,,
theia-case3,base,single,rasp,augmented,0.9,True,0,met,,,256,256,0.9997738951332694,0.9997738951332694,0.9563318777292577,219,229,0.956140350877193,218,228,0.990909090909091,218,220,1.0,1.0,1.0,,,,,,,,,,,,,
theia-case3,base,single,rasp,augmented,0.95,False,0,met,,,256,256,0.9997738951332694,0.9997738951332694,0.9563318777292577,219,229,0.956140350877193,218,228,0.990909090909091,218,220,1.0,1.0,1.0,,,,,,,,,,,,,
theia-case3,base,single,rasp,augmented,0.95,True,0,met,,,256,256,0.9997738951332694,0.9997738951332694,0.9563318777292577,219,229,0.956140350877193,218,228,0.990909090909091,218,220,1.0,1.0,1.0,,,,,,,,,,,,,
theia-case3,base,single,rasp,augmented,0.99,False,0,met,,,1132218,1113230,0.0167706219120346,0.0167706219120346,1.0,229,229,1.0,228,228,1.0,220,220,1.0,1.0,1.0,,,,,,,,,,,,,
theia-case3,base,single,rasp,augmented,0.99,True,0,met,,,1132218,1113230,0.0167706219120346,0.0167706219120346,1.0,229,229,1.0,228,228,1.0,220,220,1.0,1.0,1.0,,,,,,,,,,,,,
theia-case3,base,single,rasp,augmented,1.0,False,0,met,,,1132218,1113230,0.0167706219120346,0.0167706219120346,1.0,229,229,1.0,228,228,1.0,220,220,1.0,1.0,1.0,,,,,,,,,,,,,
theia-case3,base,single,rasp,augmented,1.0,True,0,met,,,1132218,1113230,0.0167706219120346,0.0167706219120346,1.0,229,229,1.0,228,228,1.0,220,220,1.0,1.0,1.0,,,,,,,,,,,,,
theia-case3,base,single,context_v1,native,0.9,False,0,met,,,256,256,0.9997738951332694,0.9997738951332694,0.9563318777292577,219,229,0.956140350877193,218,228,0.990909090909091,218,220,1.0,1.0,1.0,,,,,,,,,,,,,
theia-case3,base,single,context_v1,native,0.9,True,0,met,,,256,256,0.9997738951332694,0.9997738951332694,0.9563318777292577,219,229,0.956140350877193,218,228,0.990909090909091,218,220,1.0,1.0,1.0,,,,,,,,,,,,,
theia-case3,base,single,context_v1,native,0.95,False,0,met,,,256,256,0.9997738951332694,0.9997738951332694,0.9563318777292577,219,229,0.956140350877193,218,228,0.990909090909091,218,220,1.0,1.0,1.0,,,,,,,,,,,,,
theia-case3,base,single,context_v1,native,0.95,True,0,met,,,256,256,0.9997738951332694,0.9997738951332694,0.9563318777292577,219,229,0.956140350877193,218,228,0.990909090909091,218,220,1.0,1.0,1.0,,,,,,,,,,,,,
theia-case3,base,single,context_v1,native,0.99,False,0,met,,,1132218,1113230,0.0167706219120346,0.0167706219120346,1.0,229,229,1.0,228,228,1.0,220,220,1.0,1.0,1.0,,,,,,,,,,,,,
theia-case3,base,single,context_v1,native,0.99,True,0,met,,,1132218,1113230,0.0167706219120346,0.0167706219120346,1.0,229,229,1.0,228,228,1.0,220,220,1.0,1.0,1.0,,,,,,,,,,,,,
theia-case3,base,single,context_v1,native,1.0,False,0,met,,,1132218,1113230,0.0167706219120346,0.0167706219120346,1.0,229,229,1.0,228,228,1.0,220,220,1.0,1.0,1.0,,,,,,,,,,,,,
theia-case3,base,single,context_v1,native,1.0,True,0,met,,,1132218,1113230,0.0167706219120346,0.0167706219120346,1.0,229,229,1.0,228,228,1.0,220,220,1.0,1.0,1.0,,,,,,,,,,,,,
theia-case3,base,single,context_v1,augmented,0.9,False,0,met,,,256,256,0.9997738951332694,0.9997738951332694,0.9563318777292577,219,229,0.956140350877193,218,228,0.990909090909091,218,220,1.0,1.0,1.0,,,,,,,,,,,,,
theia-case3,base,single,context_v1,augmented,0.9,True,0,met,,,256,256,0.9997738951332694,0.9997738951332694,0.9563318777292577,219,229,0.956140350877193,218,228,0.990909090909091,218,220,1.0,1.0,1.0,,,,,,,,,,,,,
theia-case3,base,single,context_v1,augmented,0.95,False,0,met,,,256,256,0.9997738951332694,0.9997738951332694,0.9563318777292577,219,229,0.956140350877193,218,228,0.990909090909091,218,220,1.0,1.0,1.0,,,,,,,,,,,,,
theia-case3,base,single,context_v1,augmented,0.95,True,0,met,,,256,256,0.9997738951332694,0.9997738951332694,0.9563318777292577,219,229,0.956140350877193,218,228,0.990909090909091,218,220,1.0,1.0,1.0,,,,,,,,,,,,,
theia-case3,base,single,context_v1,augmented,0.99,False,0,met,,,1132218,1113230,0.0167706219120346,0.0167706219120346,1.0,229,229,1.0,228,228,1.0,220,220,1.0,1.0,1.0,,,,,,,,,,,,,
theia-case3,base,single,context_v1,augmented,0.99,True,0,met,,,1132218,1113230,0.0167706219120346,0.0167706219120346,1.0,229,229,1.0,228,228,1.0,220,220,1.0,1.0,1.0,,,,,,,,,,,,,
theia-case3,base,single,context_v1,augmented,1.0,False,0,met,,,1132218,1113230,0.0167706219120346,0.0167706219120346,1.0,229,229,1.0,228,228,1.0,220,220,1.0,1.0,1.0,,,,,,,,,,,,,
theia-case3,base,single,context_v1,augmented,1.0,True,0,met,,,1132218,1113230,0.0167706219120346,0.0167706219120346,1.0,229,229,1.0,228,228,1.0,220,220,1.0,1.0,1.0,,,,,,,,,,,,,
theia-case3,base,single,reliability,native,0.9,False,0,met,,,256,256,0.9997738951332694,0.9997738951332694,0.9563318777292577,219,229,0.956140350877193,218,228,0.990909090909091,218,220,1.0,1.0,1.0,,,,,,,,,,,,,
theia-case3,base,single,reliability,native,0.9,True,0,met,,,256,256,0.9997738951332694,0.9997738951332694,0.9563318777292577,219,229,0.956140350877193,218,228,0.990909090909091,218,220,1.0,1.0,1.0,,,,,,,,,,,,,
theia-case3,base,single,reliability,native,0.95,False,0,met,,,256,256,0.9997738951332694,0.9997738951332694,0.9563318777292577,219,229,0.956140350877193,218,228,0.990909090909091,218,220,1.0,1.0,1.0,,,,,,,,,,,,,
theia-case3,base,single,reliability,native,0.95,True,0,met,,,256,256,0.9997738951332694,0.9997738951332694,0.9563318777292577,219,229,0.956140350877193,218,228,0.990909090909091,218,220,1.0,1.0,1.0,,,,,,,,,,,,,
theia-case3,base,single,reliability,native,0.99,False,0,met,,,1132218,1113230,0.0167706219120346,0.0167706219120346,1.0,229,229,1.0,228,228,1.0,220,220,1.0,1.0,1.0,,,,,,,,,,,,,
theia-case3,base,single,reliability,native,0.99,True,0,met,,,1132218,1113230,0.0167706219120346,0.0167706219120346,1.0,229,229,1.0,228,228,1.0,220,220,1.0,1.0,1.0,,,,,,,,,,,,,
theia-case3,base,single,reliability,native,1.0,False,0,met,,,1132218,1113230,0.0167706219120346,0.0167706219120346,1.0,229,229,1.0,228,228,1.0,220,220,1.0,1.0,1.0,,,,,,,,,,,,,
theia-case3,base,single,reliability,native,1.0,True,0,met,,,1132218,1113230,0.0167706219120346,0.0167706219120346,1.0,229,229,1.0,228,228,1.0,220,220,1.0,1.0,1.0,,,,,,,,,,,,,
theia-case3,base,single,reliability,augmented,0.9,False,0,met,,,256,256,0.9997738951332694,0.9997738951332694,0.9563318777292577,219,229,0.956140350877193,218,228,0.990909090909091,218,220,1.0,1.0,1.0,,,,,,,,,,,,,
theia-case3,base,single,reliability,augmented,0.9,True,0,met,,,256,256,0.9997738951332694,0.9997738951332694,0.9563318777292577,219,229,0.956140350877193,218,228,0.990909090909091,218,220,1.0,1.0,1.0,,,,,,,,,,,,,
theia-case3,base,single,reliability,augmented,0.95,False,0,met,,,256,256,0.9997738951332694,0.9997738951332694,0.9563318777292577,219,229,0.956140350877193,218,228,0.990909090909091,218,220,1.0,1.0,1.0,,,,,,,,,,,,,
theia-case3,base,single,reliability,augmented,0.95,True,0,met,,,256,256,0.9997738951332694,0.9997738951332694,0.9563318777292577,219,229,0.956140350877193,218,228,0.990909090909091,218,220,1.0,1.0,1.0,,,,,,,,,,,,,
theia-case3,base,single,reliability,augmented,0.99,False,0,met,,,1132218,1113230,0.0167706219120346,0.0167706219120346,1.0,229,229,1.0,228,228,1.0,220,220,1.0,1.0,1.0,,,,,,,,,,,,,
theia-case3,base,single,reliability,augmented,0.99,True,0,met,,,1132218,1113230,0.0167706219120346,0.0167706219120346,1.0,229,229,1.0,228,228,1.0,220,220,1.0,1.0,1.0,,,,,,,,,,,,,
theia-case3,base,single,reliability,augmented,1.0,False,0,met,,,1132218,1113230,0.0167706219120346,0.0167706219120346,1.0,229,229,1.0,228,228,1.0,220,220,1.0,1.0,1.0,,,,,,,,,,,,,
theia-case3,base,single,reliability,augmented,1.0,True,0,met,,,1132218,1113230,0.0167706219120346,0.0167706219120346,1.0,229,229,1.0,228,228,1.0,220,220,1.0,1.0,1.0,,,,,,,,,,,,,
theia-case3,base,single,adaptive_v1,native,0.9,False,0,met,,,256,256,0.9997738951332694,0.9997738951332694,0.9563318777292577,219,229,0.956140350877193,218,228,0.990909090909091,218,220,1.0,1.0,1.0,,,,,,,,,,,,,
theia-case3,base,single,adaptive_v1,native,0.9,True,0,met,,,256,256,0.9997738951332694,0.9997738951332694,0.9563318777292577,219,229,0.956140350877193,218,228,0.990909090909091,218,220,1.0,1.0,1.0,,,,,,,,,,,,,
theia-case3,base,single,adaptive_v1,native,0.95,False,0,met,,,256,256,0.9997738951332694,0.9997738951332694,0.9563318777292577,219,229,0.956140350877193,218,228,0.990909090909091,218,220,1.0,1.0,1.0,,,,,,,,,,,,,
theia-case3,base,single,adaptive_v1,native,0.95,True,0,met,,,256,256,0.9997738951332694,0.9997738951332694,0.9563318777292577,219,229,0.956140350877193,218,228,0.990909090909091,218,220,1.0,1.0,1.0,,,,,,,,,,,,,
theia-case3,base,single,adaptive_v1,native,0.99,False,0,met,,,1132218,1113230,0.0167706219120346,0.0167706219120346,1.0,229,229,1.0,228,228,1.0,220,220,1.0,1.0,1.0,,,,,,,,,,,,,
theia-case3,base,single,adaptive_v1,native,0.99,True,0,met,,,1132218,1113230,0.0167706219120346,0.0167706219120346,1.0,229,229,1.0,228,228,1.0,220,220,1.0,1.0,1.0,,,,,,,,,,,,,
theia-case3,base,single,adaptive_v1,native,1.0,False,0,met,,,1132218,1113230,0.0167706219120346,0.0167706219120346,1.0,229,229,1.0,228,228,1.0,220,220,1.0,1.0,1.0,,,,,,,,,,,,,
theia-case3,base,single,adaptive_v1,native,1.0,True,0,met,,,1132218,1113230,0.0167706219120346,0.0167706219120346,1.0,229,229,1.0,228,228,1.0,220,220,1.0,1.0,1.0,,,,,,,,,,,,,
theia-case3,base,single,adaptive_v1,augmented,0.9,False,0,met,,,256,256,0.9997738951332694,0.9997738951332694,0.9563318777292577,219,229,0.956140350877193,218,228,0.990909090909091,218,220,1.0,1.0,1.0,,,,,,,,,,,,,
theia-case3,base,single,adaptive_v1,augmented,0.9,True,0,met,,,256,256,0.9997738951332694,0.9997738951332694,0.9563318777292577,219,229,0.956140350877193,218,228,0.990909090909091,218,220,1.0,1.0,1.0,,,,,,,,,,,,,
theia-case3,base,single,adaptive_v1,augmented,0.95,False,0,met,,,256,256,0.9997738951332694,0.9997738951332694,0.9563318777292577,219,229,0.956140350877193,218,228,0.990909090909091,218,220,1.0,1.0,1.0,,,,,,,,,,,,,
theia-case3,base,single,adaptive_v1,augmented,0.95,True,0,met,,,256,256,0.9997738951332694,0.9997738951332694,0.9563318777292577,219,229,0.956140350877193,218,228,0.990909090909091,218,220,1.0,1.0,1.0,,,,,,,,,,,,,
theia-case3,base,single,adaptive_v1,augmented,0.99,False,0,met,,,1132218,1113230,0.0167706219120346,0.0167706219120346,1.0,229,229,1.0,228,228,1.0,220,220,1.0,1.0,1.0,,,,,,,,,,,,,
theia-case3,base,single,adaptive_v1,augmented,0.99,True,0,met,,,1132218,1113230,0.0167706219120346,0.0167706219120346,1.0,229,229,1.0,228,228,1.0,220,220,1.0,1.0,1.0,,,,,,,,,,,,,
theia-case3,base,single,adaptive_v1,augmented,1.0,False,0,met,,,1132218,1113230,0.0167706219120346,0.0167706219120346,1.0,229,229,1.0,228,228,1.0,220,220,1.0,1.0,1.0,,,,,,,,,,,,,
theia-case3,base,single,adaptive_v1,augmented,1.0,True,0,met,,,1132218,1113230,0.0167706219120346,0.0167706219120346,1.0,229,229,1.0,228,228,1.0,220,220,1.0,1.0,1.0,,,,,,,,,,,,,
theia-case3,base,single,reliability_chain,native,0.9,False,0,met,,,256,256,0.9997738951332694,0.9997738951332694,0.9563318777292577,219,229,0.956140350877193,218,228,0.990909090909091,218,220,1.0,1.0,1.0,,,,,,,,,,,,,
theia-case3,base,single,reliability_chain,native,0.9,True,0,met,,,256,256,0.9997738951332694,0.9997738951332694,0.9563318777292577,219,229,0.956140350877193,218,228,0.990909090909091,218,220,1.0,1.0,1.0,,,,,,,,,,,,,
theia-case3,base,single,reliability_chain,native,0.95,False,0,met,,,256,256,0.9997738951332694,0.9997738951332694,0.9563318777292577,219,229,0.956140350877193,218,228,0.990909090909091,218,220,1.0,1.0,1.0,,,,,,,,,,,,,
theia-case3,base,single,reliability_chain,native,0.95,True,0,met,,,256,256,0.9997738951332694,0.9997738951332694,0.9563318777292577,219,229,0.956140350877193,218,228,0.990909090909091,218,220,1.0,1.0,1.0,,,,,,,,,,,,,
theia-case3,base,single,reliability_chain,native,0.99,False,0,met,,,1132218,1113230,0.0167706219120346,0.0167706219120346,1.0,229,229,1.0,228,228,1.0,220,220,1.0,1.0,1.0,,,,,,,,,,,,,
theia-case3,base,single,reliability_chain,native,0.99,True,0,met,,,1132218,1113230,0.0167706219120346,0.0167706219120346,1.0,229,229,1.0,228,228,1.0,220,220,1.0,1.0,1.0,,,,,,,,,,,,,
theia-case3,base,single,reliability_chain,native,1.0,False,0,met,,,1132218,1113230,0.0167706219120346,0.0167706219120346,1.0,229,229,1.0,228,228,1.0,220,220,1.0,1.0,1.0,,,,,,,,,,,,,
theia-case3,base,single,reliability_chain,native,1.0,True,0,met,,,1132218,1113230,0.0167706219120346,0.0167706219120346,1.0,229,229,1.0,228,228,1.0,220,220,1.0,1.0,1.0,,,,,,,,,,,,,
theia-case3,base,single,reliability_chain,augmented,0.9,False,0,met,,,256,256,0.9997738951332694,0.9997738951332694,0.9563318777292577,219,229,0.956140350877193,218,228,0.990909090909091,218,220,1.0,1.0,1.0,,,,,,,,,,,,,
theia-case3,base,single,reliability_chain,augmented,0.9,True,0,met,,,256,256,0.9997738951332694,0.9997738951332694,0.9563318777292577,219,229,0.956140350877193,218,228,0.990909090909091,218,220,1.0,1.0,1.0,,,,,,,,,,,,,
theia-case3,base,single,reliability_chain,augmented,0.95,False,0,met,,,256,256,0.9997738951332694,0.9997738951332694,0.9563318777292577,219,229,0.956140350877193,218,228,0.990909090909091,218,220,1.0,1.0,1.0,,,,,,,,,,,,,
theia-case3,base,single,reliability_chain,augmented,0.95,True,0,met,,,256,256,0.9997738951332694,0.9997738951332694,0.9563318777292577,219,229,0.956140350877193,218,228,0.990909090909091,218,220,1.0,1.0,1.0,,,,,,,,,,,,,
theia-case3,base,single,reliability_chain,augmented,0.99,False,0,met,,,1132218,1113230,0.0167706219120346,0.0167706219120346,1.0,229,229,1.0,228,228,1.0,220,220,1.0,1.0,1.0,,,,,,,,,,,,,
theia-case3,base,single,reliability_chain,augmented,0.99,True,0,met,,,1132218,1113230,0.0167706219120346,0.0167706219120346,1.0,229,229,1.0,228,228,1.0,220,220,1.0,1.0,1.0,,,,,,,,,,,,,
theia-case3,base,single,reliability_chain,augmented,1.0,False,0,met,,,1132218,1113230,0.0167706219120346,0.0167706219120346,1.0,229,229,1.0,228,228,1.0,220,220,1.0,1.0,1.0,,,,,,,,,,,,,
theia-case3,base,single,reliability_chain,augmented,1.0,True,0,met,,,1132218,1113230,0.0167706219120346,0.0167706219120346,1.0,229,229,1.0,228,228,1.0,220,220,1.0,1.0,1.0,,,,,,,,,,,,,
theia-case3,base,declared,rarity_only,native,0.9,False,0,met,,,226443,226443,0.8000005299332814,0.8000005299332814,1.0,229,229,1.0,228,228,1.0,220,220,1.0,1.0,1.0,,,,,,,,,,,,,
theia-case3,base,declared,rarity_only,native,0.9,True,0,met,,,226443,226443,0.8000005299332814,0.8000005299332814,1.0,229,229,1.0,228,228,1.0,220,220,1.0,1.0,1.0,,,,,,,,,,,,,
theia-case3,base,declared,rarity_only,native,0.95,False,0,met,,,226443,226443,0.8000005299332814,0.8000005299332814,1.0,229,229,1.0,228,228,1.0,220,220,1.0,1.0,1.0,,,,,,,,,,,,,
theia-case3,base,declared,rarity_only,native,0.95,True,0,met,,,226443,226443,0.8000005299332814,0.8000005299332814,1.0,229,229,1.0,228,228,1.0,220,220,1.0,1.0,1.0,,,,,,,,,,,,,
theia-case3,base,declared,rarity_only,native,0.99,False,0,met,,,226443,226443,0.8000005299332814,0.8000005299332814,1.0,229,229,1.0,228,228,1.0,220,220,1.0,1.0,1.0,,,,,,,,,,,,,
theia-case3,base,declared,rarity_only,native,0.99,True,0,met,,,226443,226443,0.8000005299332814,0.8000005299332814,1.0,229,229,1.0,228,228,1.0,220,220,1.0,1.0,1.0,,,,,,,,,,,,,
theia-case3,base,declared,rarity_only,native,1.0,False,0,met,,,226443,226443,0.8000005299332814,0.8000005299332814,1.0,229,229,1.0,228,228,1.0,220,220,1.0,1.0,1.0,,,,,,,,,,,,,
theia-case3,base,declared,rarity_only,native,1.0,True,0,met,,,226443,226443,0.8000005299332814,0.8000005299332814,1.0,229,229,1.0,228,228,1.0,220,220,1.0,1.0,1.0,,,,,,,,,,,,,
theia-case3,base,declared,rarity_only,augmented,0.9,False,0,met,,,226443,226443,0.8000005299332814,0.8000005299332814,1.0,229,229,1.0,228,228,1.0,220,220,1.0,1.0,1.0,,,,,,,,,,,,,
theia-case3,base,declared,rarity_only,augmented,0.9,True,0,met,,,226443,226443,0.8000005299332814,0.8000005299332814,1.0,229,229,1.0,228,228,1.0,220,220,1.0,1.0,1.0,,,,,,,,,,,,,
theia-case3,base,declared,rarity_only,augmented,0.95,False,0,met,,,226443,226443,0.8000005299332814,0.8000005299332814,1.0,229,229,1.0,228,228,1.0,220,220,1.0,1.0,1.0,,,,,,,,,,,,,
theia-case3,base,declared,rarity_only,augmented,0.95,True,0,met,,,226443,226443,0.8000005299332814,0.8000005299332814,1.0,229,229,1.0,228,228,1.0,220,220,1.0,1.0,1.0,,,,,,,,,,,,,
theia-case3,base,declared,rarity_only,augmented,0.99,False,0,met,,,226443,226443,0.8000005299332814,0.8000005299332814,1.0,229,229,1.0,228,228,1.0,220,220,1.0,1.0,1.0,,,,,,,,,,,,,
theia-case3,base,declared,rarity_only,augmented,0.99,True,0,met,,,226443,226443,0.8000005299332814,0.8000005299332814,1.0,229,229,1.0,228,228,1.0,220,220,1.0,1.0,1.0,,,,,,,,,,,,,
theia-case3,base,declared,rarity_only,augmented,1.0,False,0,met,,,226443,226443,0.8000005299332814,0.8000005299332814,1.0,229,229,1.0,228,228,1.0,220,220,1.0,1.0,1.0,,,,,,,,,,,,,
theia-case3,base,declared,rarity_only,augmented,1.0,True,0,met,,,226443,226443,0.8000005299332814,0.8000005299332814,1.0,229,229,1.0,228,228,1.0,220,220,1.0,1.0,1.0,,,,,,,,,,,,,
theia-case3,base,declared,diffusion_only,native,0.9,False,0,met,,,113221,113221,0.9000007065777085,0.9000007065777085,1.0,229,229,1.0,228,228,1.0,220,220,1.0,1.0,1.0,,,,,,,,,,,,,
theia-case3,base,declared,diffusion_only,native,0.9,True,0,met,,,113221,113221,0.9000007065777085,0.9000007065777085,1.0,229,229,1.0,228,228,1.0,220,220,1.0,1.0,1.0,,,,,,,,,,,,,
theia-case3,base,declared,diffusion_only,native,0.95,False,0,met,,,113221,113221,0.9000007065777085,0.9000007065777085,1.0,229,229,1.0,228,228,1.0,220,220,1.0,1.0,1.0,,,,,,,,,,,,,
theia-case3,base,declared,diffusion_only,native,0.95,True,0,met,,,113221,113221,0.9000007065777085,0.9000007065777085,1.0,229,229,1.0,228,228,1.0,220,220,1.0,1.0,1.0,,,,,,,,,,,,,
theia-case3,base,declared,diffusion_only,native,0.99,False,0,met,,,113221,113221,0.9000007065777085,0.9000007065777085,1.0,229,229,1.0,228,228,1.0,220,220,1.0,1.0,1.0,,,,,,,,,,,,,
theia-case3,base,declared,diffusion_only,native,0.99,True,0,met,,,113221,113221,0.9000007065777085,0.9000007065777085,1.0,229,229,1.0,228,228,1.0,220,220,1.0,1.0,1.0,,,,,,,,,,,,,
theia-case3,base,declared,diffusion_only,native,1.0,False,0,met,,,113221,113221,0.9000007065777085,0.9000007065777085,1.0,229,229,1.0,228,228,1.0,220,220,1.0,1.0,1.0,,,,,,,,,,,,,
theia-case3,base,declared,diffusion_only,native,1.0,True,0,met,,,113221,113221,0.9000007065777085,0.9000007065777085,1.0,229,229,1.0,228,228,1.0,220,220,1.0,1.0,1.0,,,,,,,,,,,,,
theia-case3,base,declared,diffusion_only,augmented,0.9,False,0,met,,,113221,113221,0.9000007065777085,0.9000007065777085,1.0,229,229,1.0,228,228,1.0,220,220,1.0,1.0,1.0,,,,,,,,,,,,,
theia-case3,base,declared,diffusion_only,augmented,0.9,True,0,met,,,113221,113221,0.9000007065777085,0.9000007065777085,1.0,229,229,1.0,228,228,1.0,220,220,1.0,1.0,1.0,,,,,,,,,,,,,
theia-case3,base,declared,diffusion_only,augmented,0.95,False,0,met,,,113221,113221,0.9000007065777085,0.9000007065777085,1.0,229,229,1.0,228,228,1.0,220,220,1.0,1.0,1.0,,,,,,,,,,,,,
theia-case3,base,declared,diffusion_only,augmented,0.95,True,0,met,,,113221,113221,0.9000007065777085,0.9000007065777085,1.0,229,229,1.0,228,228,1.0,220,220,1.0,1.0,1.0,,,,,,,,,,,,,
theia-case3,base,declared,diffusion_only,augmented,0.99,False,0,met,,,113221,113221,0.9000007065777085,0.9000007065777085,1.0,229,229,1.0,228,228,1.0,220,220,1.0,1.0,1.0,,,,,,,,,,,,,
theia-case3,base,declared,diffusion_only,augmented,0.99,True,0,met,,,113221,113221,0.9000007065777085,0.9000007065777085,1.0,229,229,1.0,228,228,1.0,220,220,1.0,1.0,1.0,,,,,,,,,,,,,
theia-case3,base,declared,diffusion_only,augmented,1.0,False,0,met,,,113221,113221,0.9000007065777085,0.9000007065777085,1.0,229,229,1.0,228,228,1.0,220,220,1.0,1.0,1.0,,,,,,,,,,,,,
theia-case3,base,declared,diffusion_only,augmented,1.0,True,0,met,,,113221,113221,0.9000007065777085,0.9000007065777085,1.0,229,229,1.0,228,228,1.0,220,220,1.0,1.0,1.0,,,,,,,,,,,,,
theia-case3,base,declared,rasp,native,0.9,False,0,met,,,11322,11322,0.9900001589799844,0.9900001589799844,0.9868995633187773,226,229,0.9692982456140351,221,228,0.990909090909091,218,220,1.0,1.0,1.0,,,,,,,,,,,,,
theia-case3,base,declared,rasp,native,0.9,True,0,met,,,11322,11322,0.9900001589799844,0.9900001589799844,0.9868995633187773,226,229,0.9692982456140351,221,228,0.990909090909091,218,220,1.0,1.0,1.0,,,,,,,,,,,,,
theia-case3,base,declared,rasp,native,0.95,False,0,met,,,11322,11322,0.9900001589799844,0.9900001589799844,0.9868995633187773,226,229,0.9692982456140351,221,228,0.990909090909091,218,220,1.0,1.0,1.0,,,,,,,,,,,,,
theia-case3,base,declared,rasp,native,0.95,True,0,met,,,11322,11322,0.9900001589799844,0.9900001589799844,0.9868995633187773,226,229,0.9692982456140351,221,228,0.990909090909091,218,220,1.0,1.0,1.0,,,,,,,,,,,,,
theia-case3,base,declared,rasp,native,0.99,False,0,met,,,113221,113221,0.9000007065777085,0.9000007065777085,1.0,229,229,1.0,228,228,1.0,220,220,1.0,1.0,1.0,,,,,,,,,,,,,
theia-case3,base,declared,rasp,native,0.99,True,0,met,,,113221,113221,0.9000007065777085,0.9000007065777085,1.0,229,229,1.0,228,228,1.0,220,220,1.0,1.0,1.0,,,,,,,,,,,,,
theia-case3,base,declared,rasp,native,1.0,False,0,met,,,113221,113221,0.9000007065777085,0.9000007065777085,1.0,229,229,1.0,228,228,1.0,220,220,1.0,1.0,1.0,,,,,,,,,,,,,
theia-case3,base,declared,rasp,native,1.0,True,0,met,,,113221,113221,0.9000007065777085,0.9000007065777085,1.0,229,229,1.0,228,228,1.0,220,220,1.0,1.0,1.0,,,,,,,,,,,,,
theia-case3,base,declared,rasp,augmented,0.9,False,0,met,,,11322,11322,0.9900001589799844,0.9900001589799844,0.9868995633187773,226,229,0.9692982456140351,221,228,0.990909090909091,218,220,1.0,1.0,1.0,,,,,,,,,,,,,
theia-case3,base,declared,rasp,augmented,0.9,True,0,met,,,11322,11322,0.9900001589799844,0.9900001589799844,0.9868995633187773,226,229,0.9692982456140351,221,228,0.990909090909091,218,220,1.0,1.0,1.0,,,,,,,,,,,,,
theia-case3,base,declared,rasp,augmented,0.95,False,0,met,,,11322,11322,0.9900001589799844,0.9900001589799844,0.9868995633187773,226,229,0.9692982456140351,221,228,0.990909090909091,218,220,1.0,1.0,1.0,,,,,,,,,,,,,
theia-case3,base,declared,rasp,augmented,0.95,True,0,met,,,11322,11322,0.9900001589799844,0.9900001589799844,0.9868995633187773,226,229,0.9692982456140351,221,228,0.990909090909091,218,220,1.0,1.0,1.0,,,,,,,,,,,,,
theia-case3,base,declared,rasp,augmented,0.99,False,0,met,,,113221,113221,0.9000007065777085,0.9000007065777085,1.0,229,229,1.0,228,228,1.0,220,220,1.0,1.0,1.0,,,,,,,,,,,,,
theia-case3,base,declared,rasp,augmented,0.99,True,0,met,,,113221,113221,0.9000007065777085,0.9000007065777085,1.0,229,229,1.0,228,228,1.0,220,220,1.0,1.0,1.0,,,,,,,,,,,,,
theia-case3,base,declared,rasp,augmented,1.0,False,0,met,,,113221,113221,0.9000007065777085,0.9000007065777085,1.0,229,229,1.0,228,228,1.0,220,220,1.0,1.0,1.0,,,,,,,,,,,,,
theia-case3,base,declared,rasp,augmented,1.0,True,0,met,,,113221,113221,0.9000007065777085,0.9000007065777085,1.0,229,229,1.0,228,228,1.0,220,220,1.0,1.0,1.0,,,,,,,,,,,,,
theia-case3,base,declared,context_v1,native,0.9,False,0,met,,,4096,4096,0.9963823221323103,0.9963823221323103,0.9650655021834061,221,229,0.956140350877193,218,228,0.990909090909091,218,220,1.0,1.0,1.0,,,,,,,,,,,,,
theia-case3,base,declared,context_v1,native,0.9,True,0,met,,,4096,4096,0.9963823221323103,0.9963823221323103,0.9650655021834061,221,229,0.956140350877193,218,228,0.990909090909091,218,220,1.0,1.0,1.0,,,,,,,,,,,,,
theia-case3,base,declared,context_v1,native,0.95,False,0,met,,,4096,4096,0.9963823221323103,0.9963823221323103,0.9650655021834061,221,229,0.956140350877193,218,228,0.990909090909091,218,220,1.0,1.0,1.0,,,,,,,,,,,,,
theia-case3,base,declared,context_v1,native,0.95,True,0,met,,,4096,4096,0.9963823221323103,0.9963823221323103,0.9650655021834061,221,229,0.956140350877193,218,228,0.990909090909091,218,220,1.0,1.0,1.0,,,,,,,,,,,,,
theia-case3,base,declared,context_v1,native,0.99,False,0,met,,,113221,113221,0.9000007065777085,0.9000007065777085,1.0,229,229,1.0,228,228,1.0,220,220,1.0,1.0,1.0,,,,,,,,,,,,,
theia-case3,base,declared,context_v1,native,0.99,True,0,met,,,113221,113221,0.9000007065777085,0.9000007065777085,1.0,229,229,1.0,228,228,1.0,220,220,1.0,1.0,1.0,,,,,,,,,,,,,
theia-case3,base,declared,context_v1,native,1.0,False,0,met,,,113221,113221,0.9000007065777085,0.9000007065777085,1.0,229,229,1.0,228,228,1.0,220,220,1.0,1.0,1.0,,,,,,,,,,,,,
theia-case3,base,declared,context_v1,native,1.0,True,0,met,,,113221,113221,0.9000007065777085,0.9000007065777085,1.0,229,229,1.0,228,228,1.0,220,220,1.0,1.0,1.0,,,,,,,,,,,,,
theia-case3,base,declared,context_v1,augmented,0.9,False,0,met,,,4096,4096,0.9963823221323103,0.9963823221323103,0.9650655021834061,221,229,0.956140350877193,218,228,0.990909090909091,218,220,1.0,1.0,1.0,,,,,,,,,,,,,
theia-case3,base,declared,context_v1,augmented,0.9,True,0,met,,,4096,4096,0.9963823221323103,0.9963823221323103,0.9650655021834061,221,229,0.956140350877193,218,228,0.990909090909091,218,220,1.0,1.0,1.0,,,,,,,,,,,,,
theia-case3,base,declared,context_v1,augmented,0.95,False,0,met,,,4096,4096,0.9963823221323103,0.9963823221323103,0.9650655021834061,221,229,0.956140350877193,218,228,0.990909090909091,218,220,1.0,1.0,1.0,,,,,,,,,,,,,
theia-case3,base,declared,context_v1,augmented,0.95,True,0,met,,,4096,4096,0.9963823221323103,0.9963823221323103,0.9650655021834061,221,229,0.956140350877193,218,228,0.990909090909091,218,220,1.0,1.0,1.0,,,,,,,,,,,,,
theia-case3,base,declared,context_v1,augmented,0.99,False,0,met,,,113221,113221,0.9000007065777085,0.9000007065777085,1.0,229,229,1.0,228,228,1.0,220,220,1.0,1.0,1.0,,,,,,,,,,,,,
theia-case3,base,declared,context_v1,augmented,0.99,True,0,met,,,113221,113221,0.9000007065777085,0.9000007065777085,1.0,229,229,1.0,228,228,1.0,220,220,1.0,1.0,1.0,,,,,,,,,,,,,
theia-case3,base,declared,context_v1,augmented,1.0,False,0,met,,,113221,113221,0.9000007065777085,0.9000007065777085,1.0,229,229,1.0,228,228,1.0,220,220,1.0,1.0,1.0,,,,,,,,,,,,,
theia-case3,base,declared,context_v1,augmented,1.0,True,0,met,,,113221,113221,0.9000007065777085,0.9000007065777085,1.0,229,229,1.0,228,228,1.0,220,220,1.0,1.0,1.0,,,,,,,,,,,,,
theia-case3,base,declared,reliability,native,0.9,False,0,met,,,256,256,0.9997738951332694,0.9997738951332694,0.9694323144104804,222,229,0.956140350877193,218,228,0.990909090909091,218,220,1.0,1.0,1.0,,,,,,,,,,,,,
theia-case3,base,declared,reliability,native,0.9,True,0,met,,,256,256,0.9997738951332694,0.9997738951332694,0.9694323144104804,222,229,0.956140350877193,218,228,0.990909090909091,218,220,1.0,1.0,1.0,,,,,,,,,,,,,
theia-case3,base,declared,reliability,native,0.95,False,0,met,,,256,256,0.9997738951332694,0.9997738951332694,0.9694323144104804,222,229,0.956140350877193,218,228,0.990909090909091,218,220,1.0,1.0,1.0,,,,,,,,,,,,,
theia-case3,base,declared,reliability,native,0.95,True,0,met,,,256,256,0.9997738951332694,0.9997738951332694,0.9694323144104804,222,229,0.956140350877193,218,228,0.990909090909091,218,220,1.0,1.0,1.0,,,,,,,,,,,,,
theia-case3,base,declared,reliability,native,0.99,False,0,met,,,113221,113221,0.9000007065777085,0.9000007065777085,1.0,229,229,1.0,228,228,1.0,220,220,1.0,1.0,1.0,,,,,,,,,,,,,
theia-case3,base,declared,reliability,native,0.99,True,0,met,,,113221,113221,0.9000007065777085,0.9000007065777085,1.0,229,229,1.0,228,228,1.0,220,220,1.0,1.0,1.0,,,,,,,,,,,,,
theia-case3,base,declared,reliability,native,1.0,False,0,met,,,113221,113221,0.9000007065777085,0.9000007065777085,1.0,229,229,1.0,228,228,1.0,220,220,1.0,1.0,1.0,,,,,,,,,,,,,
theia-case3,base,declared,reliability,native,1.0,True,0,met,,,113221,113221,0.9000007065777085,0.9000007065777085,1.0,229,229,1.0,228,228,1.0,220,220,1.0,1.0,1.0,,,,,,,,,,,,,
theia-case3,base,declared,reliability,augmented,0.9,False,0,met,,,256,256,0.9997738951332694,0.9997738951332694,0.9694323144104804,222,229,0.956140350877193,218,228,0.990909090909091,218,220,1.0,1.0,1.0,,,,,,,,,,,,,
theia-case3,base,declared,reliability,augmented,0.9,True,0,met,,,256,256,0.9997738951332694,0.9997738951332694,0.9694323144104804,222,229,0.956140350877193,218,228,0.990909090909091,218,220,1.0,1.0,1.0,,,,,,,,,,,,,
theia-case3,base,declared,reliability,augmented,0.95,False,0,met,,,256,256,0.9997738951332694,0.9997738951332694,0.9694323144104804,222,229,0.956140350877193,218,228,0.990909090909091,218,220,1.0,1.0,1.0,,,,,,,,,,,,,
theia-case3,base,declared,reliability,augmented,0.95,True,0,met,,,256,256,0.9997738951332694,0.9997738951332694,0.9694323144104804,222,229,0.956140350877193,218,228,0.990909090909091,218,220,1.0,1.0,1.0,,,,,,,,,,,,,
theia-case3,base,declared,reliability,augmented,0.99,False,0,met,,,113221,113221,0.9000007065777085,0.9000007065777085,1.0,229,229,1.0,228,228,1.0,220,220,1.0,1.0,1.0,,,,,,,,,,,,,
theia-case3,base,declared,reliability,augmented,0.99,True,0,met,,,113221,113221,0.9000007065777085,0.9000007065777085,1.0,229,229,1.0,228,228,1.0,220,220,1.0,1.0,1.0,,,,,,,,,,,,,
theia-case3,base,declared,reliability,augmented,1.0,False,0,met,,,113221,113221,0.9000007065777085,0.9000007065777085,1.0,229,229,1.0,228,228,1.0,220,220,1.0,1.0,1.0,,,,,,,,,,,,,
theia-case3,base,declared,reliability,augmented,1.0,True,0,met,,,113221,113221,0.9000007065777085,0.9000007065777085,1.0,229,229,1.0,228,228,1.0,220,220,1.0,1.0,1.0,,,,,,,,,,,,,
theia-case3,base,declared,adaptive_v1,native,0.9,False,0,met,,,4096,4096,0.9963823221323103,0.9963823221323103,0.9650655021834061,221,229,0.956140350877193,218,228,0.990909090909091,218,220,1.0,1.0,1.0,,,,,,,,,,,,,
theia-case3,base,declared,adaptive_v1,native,0.9,True,0,met,,,4096,4096,0.9963823221323103,0.9963823221323103,0.9650655021834061,221,229,0.956140350877193,218,228,0.990909090909091,218,220,1.0,1.0,1.0,,,,,,,,,,,,,
theia-case3,base,declared,adaptive_v1,native,0.95,False,0,met,,,4096,4096,0.9963823221323103,0.9963823221323103,0.9650655021834061,221,229,0.956140350877193,218,228,0.990909090909091,218,220,1.0,1.0,1.0,,,,,,,,,,,,,
theia-case3,base,declared,adaptive_v1,native,0.95,True,0,met,,,4096,4096,0.9963823221323103,0.9963823221323103,0.9650655021834061,221,229,0.956140350877193,218,228,0.990909090909091,218,220,1.0,1.0,1.0,,,,,,,,,,,,,
theia-case3,base,declared,adaptive_v1,native,0.99,False,0,met,,,113221,113221,0.9000007065777085,0.9000007065777085,1.0,229,229,1.0,228,228,1.0,220,220,1.0,1.0,1.0,,,,,,,,,,,,,
theia-case3,base,declared,adaptive_v1,native,0.99,True,0,met,,,113221,113221,0.9000007065777085,0.9000007065777085,1.0,229,229,1.0,228,228,1.0,220,220,1.0,1.0,1.0,,,,,,,,,,,,,
theia-case3,base,declared,adaptive_v1,native,1.0,False,0,met,,,113221,113221,0.9000007065777085,0.9000007065777085,1.0,229,229,1.0,228,228,1.0,220,220,1.0,1.0,1.0,,,,,,,,,,,,,
theia-case3,base,declared,adaptive_v1,native,1.0,True,0,met,,,113221,113221,0.9000007065777085,0.9000007065777085,1.0,229,229,1.0,228,228,1.0,220,220,1.0,1.0,1.0,,,,,,,,,,,,,
theia-case3,base,declared,adaptive_v1,augmented,0.9,False,0,met,,,4096,4096,0.9963823221323103,0.9963823221323103,0.9650655021834061,221,229,0.956140350877193,218,228,0.990909090909091,218,220,1.0,1.0,1.0,,,,,,,,,,,,,
theia-case3,base,declared,adaptive_v1,augmented,0.9,True,0,met,,,4096,4096,0.9963823221323103,0.9963823221323103,0.9650655021834061,221,229,0.956140350877193,218,228,0.990909090909091,218,220,1.0,1.0,1.0,,,,,,,,,,,,,
theia-case3,base,declared,adaptive_v1,augmented,0.95,False,0,met,,,4096,4096,0.9963823221323103,0.9963823221323103,0.9650655021834061,221,229,0.956140350877193,218,228,0.990909090909091,218,220,1.0,1.0,1.0,,,,,,,,,,,,,
theia-case3,base,declared,adaptive_v1,augmented,0.95,True,0,met,,,4096,4096,0.9963823221323103,0.9963823221323103,0.9650655021834061,221,229,0.956140350877193,218,228,0.990909090909091,218,220,1.0,1.0,1.0,,,,,,,,,,,,,
theia-case3,base,declared,adaptive_v1,augmented,0.99,False,0,met,,,113221,113221,0.9000007065777085,0.9000007065777085,1.0,229,229,1.0,228,228,1.0,220,220,1.0,1.0,1.0,,,,,,,,,,,,,
theia-case3,base,declared,adaptive_v1,augmented,0.99,True,0,met,,,113221,113221,0.9000007065777085,0.9000007065777085,1.0,229,229,1.0,228,228,1.0,220,220,1.0,1.0,1.0,,,,,,,,,,,,,
theia-case3,base,declared,adaptive_v1,augmented,1.0,False,0,met,,,113221,113221,0.9000007065777085,0.9000007065777085,1.0,229,229,1.0,228,228,1.0,220,220,1.0,1.0,1.0,,,,,,,,,,,,,
theia-case3,base,declared,adaptive_v1,augmented,1.0,True,0,met,,,113221,113221,0.9000007065777085,0.9000007065777085,1.0,229,229,1.0,228,228,1.0,220,220,1.0,1.0,1.0,,,,,,,,,,,,,
theia-case3,base,declared,reliability_chain,native,0.9,False,0,met,,,256,256,0.9997738951332694,0.9997738951332694,0.9694323144104804,222,229,0.956140350877193,218,228,0.990909090909091,218,220,1.0,1.0,1.0,,,,,,,,,,,,,
theia-case3,base,declared,reliability_chain,native,0.9,True,0,met,,,256,256,0.9997738951332694,0.9997738951332694,0.9694323144104804,222,229,0.956140350877193,218,228,0.990909090909091,218,220,1.0,1.0,1.0,,,,,,,,,,,,,
theia-case3,base,declared,reliability_chain,native,0.95,False,0,met,,,256,256,0.9997738951332694,0.9997738951332694,0.9694323144104804,222,229,0.956140350877193,218,228,0.990909090909091,218,220,1.0,1.0,1.0,,,,,,,,,,,,,
theia-case3,base,declared,reliability_chain,native,0.95,True,0,met,,,256,256,0.9997738951332694,0.9997738951332694,0.9694323144104804,222,229,0.956140350877193,218,228,0.990909090909091,218,220,1.0,1.0,1.0,,,,,,,,,,,,,
theia-case3,base,declared,reliability_chain,native,0.99,False,0,met,,,113221,113221,0.9000007065777085,0.9000007065777085,1.0,229,229,1.0,228,228,1.0,220,220,1.0,1.0,1.0,,,,,,,,,,,,,
theia-case3,base,declared,reliability_chain,native,0.99,True,0,met,,,113221,113221,0.9000007065777085,0.9000007065777085,1.0,229,229,1.0,228,228,1.0,220,220,1.0,1.0,1.0,,,,,,,,,,,,,
theia-case3,base,declared,reliability_chain,native,1.0,False,0,met,,,113221,113221,0.9000007065777085,0.9000007065777085,1.0,229,229,1.0,228,228,1.0,220,220,1.0,1.0,1.0,,,,,,,,,,,,,
theia-case3,base,declared,reliability_chain,native,1.0,True,0,met,,,113221,113221,0.9000007065777085,0.9000007065777085,1.0,229,229,1.0,228,228,1.0,220,220,1.0,1.0,1.0,,,,,,,,,,,,,
theia-case3,base,declared,reliability_chain,augmented,0.9,False,0,met,,,256,256,0.9997738951332694,0.9997738951332694,0.9694323144104804,222,229,0.956140350877193,218,228,0.990909090909091,218,220,1.0,1.0,1.0,,,,,,,,,,,,,
theia-case3,base,declared,reliability_chain,augmented,0.9,True,0,met,,,256,256,0.9997738951332694,0.9997738951332694,0.9694323144104804,222,229,0.956140350877193,218,228,0.990909090909091,218,220,1.0,1.0,1.0,,,,,,,,,,,,,
theia-case3,base,declared,reliability_chain,augmented,0.95,False,0,met,,,256,256,0.9997738951332694,0.9997738951332694,0.9694323144104804,222,229,0.956140350877193,218,228,0.990909090909091,218,220,1.0,1.0,1.0,,,,,,,,,,,,,
theia-case3,base,declared,reliability_chain,augmented,0.95,True,0,met,,,256,256,0.9997738951332694,0.9997738951332694,0.9694323144104804,222,229,0.956140350877193,218,228,0.990909090909091,218,220,1.0,1.0,1.0,,,,,,,,,,,,,
theia-case3,base,declared,reliability_chain,augmented,0.99,False,0,met,,,113221,113221,0.9000007065777085,0.9000007065777085,1.0,229,229,1.0,228,228,1.0,220,220,1.0,1.0,1.0,,,,,,,,,,,,,
theia-case3,base,declared,reliability_chain,augmented,0.99,True,0,met,,,113221,113221,0.9000007065777085,0.9000007065777085,1.0,229,229,1.0,228,228,1.0,220,220,1.0,1.0,1.0,,,,,,,,,,,,,
theia-case3,base,declared,reliability_chain,augmented,1.0,False,0,met,,,113221,113221,0.9000007065777085,0.9000007065777085,1.0,229,229,1.0,228,228,1.0,220,220,1.0,1.0,1.0,,,,,,,,,,,,,
theia-case3,base,declared,reliability_chain,augmented,1.0,True,0,met,,,113221,113221,0.9000007065777085,0.9000007065777085,1.0,229,229,1.0,228,228,1.0,220,220,1.0,1.0,1.0,,,,,,,,,,,,,
theia-case3,base,adaptive,rarity_only,native,0.9,False,0,met,,,226443,226443,0.8000005299332814,0.8000005299332814,0.9912663755458515,227,229,0.9956140350877193,227,228,0.990909090909091,218,220,1.0,1.0,1.0,,,,,,,,,,,,,
theia-case3,base,adaptive,rarity_only,native,0.9,True,0,met,,,226443,226443,0.8000005299332814,0.8000005299332814,0.9912663755458515,227,229,0.9956140350877193,227,228,0.990909090909091,218,220,1.0,1.0,1.0,,,,,,,,,,,,,
theia-case3,base,adaptive,rarity_only,native,0.95,False,0,met,,,226443,226443,0.8000005299332814,0.8000005299332814,0.9912663755458515,227,229,0.9956140350877193,227,228,0.990909090909091,218,220,1.0,1.0,1.0,,,,,,,,,,,,,
theia-case3,base,adaptive,rarity_only,native,0.95,True,0,met,,,226443,226443,0.8000005299332814,0.8000005299332814,0.9912663755458515,227,229,0.9956140350877193,227,228,0.990909090909091,218,220,1.0,1.0,1.0,,,,,,,,,,,,,
theia-case3,base,adaptive,rarity_only,native,0.99,False,0,met,,,226443,226443,0.8000005299332814,0.8000005299332814,0.9912663755458515,227,229,0.9956140350877193,227,228,0.990909090909091,218,220,1.0,1.0,1.0,,,,,,,,,,,,,
theia-case3,base,adaptive,rarity_only,native,0.99,True,0,met,,,226443,226443,0.8000005299332814,0.8000005299332814,0.9912663755458515,227,229,0.9956140350877193,227,228,0.990909090909091,218,220,1.0,1.0,1.0,,,,,,,,,,,,,
theia-case3,base,adaptive,rarity_only,native,1.0,False,0,met,,,566109,566109,0.5,0.5,1.0,229,229,1.0,228,228,1.0,220,220,1.0,1.0,1.0,,,,,,,,,,,,,
theia-case3,base,adaptive,rarity_only,native,1.0,True,0,met,,,566109,566109,0.5,0.5,1.0,229,229,1.0,228,228,1.0,220,220,1.0,1.0,1.0,,,,,,,,,,,,,
theia-case3,base,adaptive,rarity_only,augmented,0.9,False,0,met,,,226443,226443,0.8000005299332814,0.8000005299332814,0.9912663755458515,227,229,0.9956140350877193,227,228,0.990909090909091,218,220,1.0,1.0,1.0,,,,,,,,,,,,,
theia-case3,base,adaptive,rarity_only,augmented,0.9,True,0,met,,,226443,226443,0.8000005299332814,0.8000005299332814,0.9912663755458515,227,229,0.9956140350877193,227,228,0.990909090909091,218,220,1.0,1.0,1.0,,,,,,,,,,,,,
theia-case3,base,adaptive,rarity_only,augmented,0.95,False,0,met,,,226443,226443,0.8000005299332814,0.8000005299332814,0.9912663755458515,227,229,0.9956140350877193,227,228,0.990909090909091,218,220,1.0,1.0,1.0,,,,,,,,,,,,,
theia-case3,base,adaptive,rarity_only,augmented,0.95,True,0,met,,,226443,226443,0.8000005299332814,0.8000005299332814,0.9912663755458515,227,229,0.9956140350877193,227,228,0.990909090909091,218,220,1.0,1.0,1.0,,,,,,,,,,,,,
theia-case3,base,adaptive,rarity_only,augmented,0.99,False,0,met,,,226443,226443,0.8000005299332814,0.8000005299332814,0.9912663755458515,227,229,0.9956140350877193,227,228,0.990909090909091,218,220,1.0,1.0,1.0,,,,,,,,,,,,,
theia-case3,base,adaptive,rarity_only,augmented,0.99,True,0,met,,,226443,226443,0.8000005299332814,0.8000005299332814,0.9912663755458515,227,229,0.9956140350877193,227,228,0.990909090909091,218,220,1.0,1.0,1.0,,,,,,,,,,,,,
theia-case3,base,adaptive,rarity_only,augmented,1.0,False,0,met,,,566109,566109,0.5,0.5,1.0,229,229,1.0,228,228,1.0,220,220,1.0,1.0,1.0,,,,,,,,,,,,,
theia-case3,base,adaptive,rarity_only,augmented,1.0,True,0,met,,,566109,566109,0.5,0.5,1.0,229,229,1.0,228,228,1.0,220,220,1.0,1.0,1.0,,,,,,,,,,,,,
theia-case3,base,adaptive,diffusion_only,native,0.9,False,0,met,,,1024,1024,0.9990955805330776,0.9990955805330776,0.9563318777292577,219,229,0.956140350877193,218,228,0.990909090909091,218,220,1.0,1.0,1.0,,,,,,,,,,,,,
theia-case3,base,adaptive,diffusion_only,native,0.9,True,0,met,,,1024,1024,0.9990955805330776,0.9990955805330776,0.9563318777292577,219,229,0.956140350877193,218,228,0.990909090909091,218,220,1.0,1.0,1.0,,,,,,,,,,,,,
theia-case3,base,adaptive,diffusion_only,native,0.95,False,0,met,,,1024,1024,0.9990955805330776,0.9990955805330776,0.9563318777292577,219,229,0.956140350877193,218,228,0.990909090909091,218,220,1.0,1.0,1.0,,,,,,,,,,,,,
theia-case3,base,adaptive,diffusion_only,native,0.95,True,0,met,,,1024,1024,0.9990955805330776,0.9990955805330776,0.9563318777292577,219,229,0.956140350877193,218,228,0.990909090909091,218,220,1.0,1.0,1.0,,,,,,,,,,,,,
theia-case3,base,adaptive,diffusion_only,native,0.99,False,0,met,,,1132218,1120454,0.010390225203980141,0.010390225203980141,1.0,229,229,1.0,228,228,1.0,220,220,1.0,1.0,1.0,,,,,,,,,,,,,
theia-case3,base,adaptive,diffusion_only,native,0.99,True,0,met,,,1132218,1120454,0.010390225203980141,0.010390225203980141,1.0,229,229,1.0,228,228,1.0,220,220,1.0,1.0,1.0,,,,,,,,,,,,,
theia-case3,base,adaptive,diffusion_only,native,1.0,False,0,met,,,1132218,1120454,0.010390225203980141,0.010390225203980141,1.0,229,229,1.0,228,228,1.0,220,220,1.0,1.0,1.0,,,,,,,,,,,,,
theia-case3,base,adaptive,diffusion_only,native,1.0,True,0,met,,,1132218,1120454,0.010390225203980141,0.010390225203980141,1.0,229,229,1.0,228,228,1.0,220,220,1.0,1.0,1.0,,,,,,,,,,,,,
theia-case3,base,adaptive,diffusion_only,augmented,0.9,False,0,met,,,1024,1024,0.9990955805330776,0.9990955805330776,0.9563318777292577,219,229,0.956140350877193,218,228,0.990909090909091,218,220,1.0,1.0,1.0,,,,,,,,,,,,,
theia-case3,base,adaptive,diffusion_only,augmented,0.9,True,0,met,,,1024,1024,0.9990955805330776,0.9990955805330776,0.9563318777292577,219,229,0.956140350877193,218,228,0.990909090909091,218,220,1.0,1.0,1.0,,,,,,,,,,,,,
theia-case3,base,adaptive,diffusion_only,augmented,0.95,False,0,met,,,1024,1024,0.9990955805330776,0.9990955805330776,0.9563318777292577,219,229,0.956140350877193,218,228,0.990909090909091,218,220,1.0,1.0,1.0,,,,,,,,,,,,,
theia-case3,base,adaptive,diffusion_only,augmented,0.95,True,0,met,,,1024,1024,0.9990955805330776,0.9990955805330776,0.9563318777292577,219,229,0.956140350877193,218,228,0.990909090909091,218,220,1.0,1.0,1.0,,,,,,,,,,,,,
theia-case3,base,adaptive,diffusion_only,augmented,0.99,False,0,met,,,1132218,1120454,0.010390225203980141,0.010390225203980141,1.0,229,229,1.0,228,228,1.0,220,220,1.0,1.0,1.0,,,,,,,,,,,,,
theia-case3,base,adaptive,diffusion_only,augmented,0.99,True,0,met,,,1132218,1120454,0.010390225203980141,0.010390225203980141,1.0,229,229,1.0,228,228,1.0,220,220,1.0,1.0,1.0,,,,,,,,,,,,,
theia-case3,base,adaptive,diffusion_only,augmented,1.0,False,0,met,,,1132218,1120454,0.010390225203980141,0.010390225203980141,1.0,229,229,1.0,228,228,1.0,220,220,1.0,1.0,1.0,,,,,,,,,,,,,
theia-case3,base,adaptive,diffusion_only,augmented,1.0,True,0,met,,,1132218,1120454,0.010390225203980141,0.010390225203980141,1.0,229,229,1.0,228,228,1.0,220,220,1.0,1.0,1.0,,,,,,,,,,,,,
theia-case3,base,adaptive,rasp,native,0.9,False,0,met,,,1024,1024,0.9990955805330776,0.9990955805330776,0.9650655021834061,221,229,0.956140350877193,218,228,0.990909090909091,218,220,1.0,1.0,1.0,,,,,,,,,,,,,
theia-case3,base,adaptive,rasp,native,0.9,True,0,met,,,1024,1024,0.9990955805330776,0.9990955805330776,0.9650655021834061,221,229,0.956140350877193,218,228,0.990909090909091,218,220,1.0,1.0,1.0,,,,,,,,,,,,,
theia-case3,base,adaptive,rasp,native,0.95,False,0,met,,,1024,1024,0.9990955805330776,0.9990955805330776,0.9650655021834061,221,229,0.956140350877193,218,228,0.990909090909091,218,220,1.0,1.0,1.0,,,,,,,,,,,,,
theia-case3,base,adaptive,rasp,native,0.95,True,0,met,,,1024,1024,0.9990955805330776,0.9990955805330776,0.9650655021834061,221,229,0.956140350877193,218,228,0.990909090909091,218,220,1.0,1.0,1.0,,,,,,,,,,,,,
theia-case3,base,adaptive,rasp,native,0.99,False,0,met,,,1132218,1120454,0.010390225203980141,0.010390225203980141,1.0,229,229,1.0,228,228,1.0,220,220,1.0,1.0,1.0,,,,,,,,,,,,,
theia-case3,base,adaptive,rasp,native,0.99,True,0,met,,,1132218,1120454,0.010390225203980141,0.010390225203980141,1.0,229,229,1.0,228,228,1.0,220,220,1.0,1.0,1.0,,,,,,,,,,,,,
theia-case3,base,adaptive,rasp,native,1.0,False,0,met,,,1132218,1120454,0.010390225203980141,0.010390225203980141,1.0,229,229,1.0,228,228,1.0,220,220,1.0,1.0,1.0,,,,,,,,,,,,,
theia-case3,base,adaptive,rasp,native,1.0,True,0,met,,,1132218,1120454,0.010390225203980141,0.010390225203980141,1.0,229,229,1.0,228,228,1.0,220,220,1.0,1.0,1.0,,,,,,,,,,,,,
theia-case3,base,adaptive,rasp,augmented,0.9,False,0,met,,,1024,1024,0.9990955805330776,0.9990955805330776,0.9650655021834061,221,229,0.956140350877193,218,228,0.990909090909091,218,220,1.0,1.0,1.0,,,,,,,,,,,,,
theia-case3,base,adaptive,rasp,augmented,0.9,True,0,met,,,1024,1024,0.9990955805330776,0.9990955805330776,0.9650655021834061,221,229,0.956140350877193,218,228,0.990909090909091,218,220,1.0,1.0,1.0,,,,,,,,,,,,,
theia-case3,base,adaptive,rasp,augmented,0.95,False,0,met,,,1024,1024,0.9990955805330776,0.9990955805330776,0.9650655021834061,221,229,0.956140350877193,218,228,0.990909090909091,218,220,1.0,1.0,1.0,,,,,,,,,,,,,
theia-case3,base,adaptive,rasp,augmented,0.95,True,0,met,,,1024,1024,0.9990955805330776,0.9990955805330776,0.9650655021834061,221,229,0.956140350877193,218,228,0.990909090909091,218,220,1.0,1.0,1.0,,,,,,,,,,,,,
theia-case3,base,adaptive,rasp,augmented,0.99,False,0,met,,,1132218,1120454,0.010390225203980141,0.010390225203980141,1.0,229,229,1.0,228,228,1.0,220,220,1.0,1.0,1.0,,,,,,,,,,,,,
theia-case3,base,adaptive,rasp,augmented,0.99,True,0,met,,,1132218,1120454,0.010390225203980141,0.010390225203980141,1.0,229,229,1.0,228,228,1.0,220,220,1.0,1.0,1.0,,,,,,,,,,,,,
theia-case3,base,adaptive,rasp,augmented,1.0,False,0,met,,,1132218,1120454,0.010390225203980141,0.010390225203980141,1.0,229,229,1.0,228,228,1.0,220,220,1.0,1.0,1.0,,,,,,,,,,,,,
theia-case3,base,adaptive,rasp,augmented,1.0,True,0,met,,,1132218,1120454,0.010390225203980141,0.010390225203980141,1.0,229,229,1.0,228,228,1.0,220,220,1.0,1.0,1.0,,,,,,,,,,,,,
theia-case3,base,adaptive,context_v1,native,0.9,False,0,met,,,1024,1024,0.9990955805330776,0.9990955805330776,0.9563318777292577,219,229,0.956140350877193,218,228,0.990909090909091,218,220,1.0,1.0,1.0,,,,,,,,,,,,,
theia-case3,base,adaptive,context_v1,native,0.9,True,0,met,,,1024,1024,0.9990955805330776,0.9990955805330776,0.9563318777292577,219,229,0.956140350877193,218,228,0.990909090909091,218,220,1.0,1.0,1.0,,,,,,,,,,,,,
theia-case3,base,adaptive,context_v1,native,0.95,False,0,met,,,1024,1024,0.9990955805330776,0.9990955805330776,0.9563318777292577,219,229,0.956140350877193,218,228,0.990909090909091,218,220,1.0,1.0,1.0,,,,,,,,,,,,,
theia-case3,base,adaptive,context_v1,native,0.95,True,0,met,,,1024,1024,0.9990955805330776,0.9990955805330776,0.9563318777292577,219,229,0.956140350877193,218,228,0.990909090909091,218,220,1.0,1.0,1.0,,,,,,,,,,,,,
theia-case3,base,adaptive,context_v1,native,0.99,False,0,met,,,1132218,1120454,0.010390225203980141,0.010390225203980141,1.0,229,229,1.0,228,228,1.0,220,220,1.0,1.0,1.0,,,,,,,,,,,,,
theia-case3,base,adaptive,context_v1,native,0.99,True,0,met,,,1132218,1120454,0.010390225203980141,0.010390225203980141,1.0,229,229,1.0,228,228,1.0,220,220,1.0,1.0,1.0,,,,,,,,,,,,,
theia-case3,base,adaptive,context_v1,native,1.0,False,0,met,,,1132218,1120454,0.010390225203980141,0.010390225203980141,1.0,229,229,1.0,228,228,1.0,220,220,1.0,1.0,1.0,,,,,,,,,,,,,
theia-case3,base,adaptive,context_v1,native,1.0,True,0,met,,,1132218,1120454,0.010390225203980141,0.010390225203980141,1.0,229,229,1.0,228,228,1.0,220,220,1.0,1.0,1.0,,,,,,,,,,,,,
theia-case3,base,adaptive,context_v1,augmented,0.9,False,0,met,,,1024,1024,0.9990955805330776,0.9990955805330776,0.9563318777292577,219,229,0.956140350877193,218,228,0.990909090909091,218,220,1.0,1.0,1.0,,,,,,,,,,,,,
theia-case3,base,adaptive,context_v1,augmented,0.9,True,0,met,,,1024,1024,0.9990955805330776,0.9990955805330776,0.9563318777292577,219,229,0.956140350877193,218,228,0.990909090909091,218,220,1.0,1.0,1.0,,,,,,,,,,,,,
theia-case3,base,adaptive,context_v1,augmented,0.95,False,0,met,,,1024,1024,0.9990955805330776,0.9990955805330776,0.9563318777292577,219,229,0.956140350877193,218,228,0.990909090909091,218,220,1.0,1.0,1.0,,,,,,,,,,,,,
theia-case3,base,adaptive,context_v1,augmented,0.95,True,0,met,,,1024,1024,0.9990955805330776,0.9990955805330776,0.9563318777292577,219,229,0.956140350877193,218,228,0.990909090909091,218,220,1.0,1.0,1.0,,,,,,,,,,,,,
theia-case3,base,adaptive,context_v1,augmented,0.99,False,0,met,,,1132218,1120454,0.010390225203980141,0.010390225203980141,1.0,229,229,1.0,228,228,1.0,220,220,1.0,1.0,1.0,,,,,,,,,,,,,
theia-case3,base,adaptive,context_v1,augmented,0.99,True,0,met,,,1132218,1120454,0.010390225203980141,0.010390225203980141,1.0,229,229,1.0,228,228,1.0,220,220,1.0,1.0,1.0,,,,,,,,,,,,,
theia-case3,base,adaptive,context_v1,augmented,1.0,False,0,met,,,1132218,1120454,0.010390225203980141,0.010390225203980141,1.0,229,229,1.0,228,228,1.0,220,220,1.0,1.0,1.0,,,,,,,,,,,,,
theia-case3,base,adaptive,context_v1,augmented,1.0,True,0,met,,,1132218,1120454,0.010390225203980141,0.010390225203980141,1.0,229,229,1.0,228,228,1.0,220,220,1.0,1.0,1.0,,,,,,,,,,,,,
theia-case3,base,adaptive,reliability,native,0.9,False,0,met,,,1024,1024,0.9990955805330776,0.9990955805330776,0.9563318777292577,219,229,0.956140350877193,218,228,0.990909090909091,218,220,1.0,1.0,1.0,,,,,,,,,,,,,
theia-case3,base,adaptive,reliability,native,0.9,True,0,met,,,1024,1024,0.9990955805330776,0.9990955805330776,0.9563318777292577,219,229,0.956140350877193,218,228,0.990909090909091,218,220,1.0,1.0,1.0,,,,,,,,,,,,,
theia-case3,base,adaptive,reliability,native,0.95,False,0,met,,,1024,1024,0.9990955805330776,0.9990955805330776,0.9563318777292577,219,229,0.956140350877193,218,228,0.990909090909091,218,220,1.0,1.0,1.0,,,,,,,,,,,,,
theia-case3,base,adaptive,reliability,native,0.95,True,0,met,,,1024,1024,0.9990955805330776,0.9990955805330776,0.9563318777292577,219,229,0.956140350877193,218,228,0.990909090909091,218,220,1.0,1.0,1.0,,,,,,,,,,,,,
theia-case3,base,adaptive,reliability,native,0.99,False,0,met,,,1132218,1120454,0.010390225203980141,0.010390225203980141,1.0,229,229,1.0,228,228,1.0,220,220,1.0,1.0,1.0,,,,,,,,,,,,,
theia-case3,base,adaptive,reliability,native,0.99,True,0,met,,,1132218,1120454,0.010390225203980141,0.010390225203980141,1.0,229,229,1.0,228,228,1.0,220,220,1.0,1.0,1.0,,,,,,,,,,,,,
theia-case3,base,adaptive,reliability,native,1.0,False,0,met,,,1132218,1120454,0.010390225203980141,0.010390225203980141,1.0,229,229,1.0,228,228,1.0,220,220,1.0,1.0,1.0,,,,,,,,,,,,,
theia-case3,base,adaptive,reliability,native,1.0,True,0,met,,,1132218,1120454,0.010390225203980141,0.010390225203980141,1.0,229,229,1.0,228,228,1.0,220,220,1.0,1.0,1.0,,,,,,,,,,,,,
theia-case3,base,adaptive,reliability,augmented,0.9,False,0,met,,,1024,1024,0.9990955805330776,0.9990955805330776,0.9563318777292577,219,229,0.956140350877193,218,228,0.990909090909091,218,220,1.0,1.0,1.0,,,,,,,,,,,,,
theia-case3,base,adaptive,reliability,augmented,0.9,True,0,met,,,1024,1024,0.9990955805330776,0.9990955805330776,0.9563318777292577,219,229,0.956140350877193,218,228,0.990909090909091,218,220,1.0,1.0,1.0,,,,,,,,,,,,,
theia-case3,base,adaptive,reliability,augmented,0.95,False,0,met,,,1024,1024,0.9990955805330776,0.9990955805330776,0.9563318777292577,219,229,0.956140350877193,218,228,0.990909090909091,218,220,1.0,1.0,1.0,,,,,,,,,,,,,
theia-case3,base,adaptive,reliability,augmented,0.95,True,0,met,,,1024,1024,0.9990955805330776,0.9990955805330776,0.9563318777292577,219,229,0.956140350877193,218,228,0.990909090909091,218,220,1.0,1.0,1.0,,,,,,,,,,,,,
theia-case3,base,adaptive,reliability,augmented,0.99,False,0,met,,,1132218,1120454,0.010390225203980141,0.010390225203980141,1.0,229,229,1.0,228,228,1.0,220,220,1.0,1.0,1.0,,,,,,,,,,,,,
theia-case3,base,adaptive,reliability,augmented,0.99,True,0,met,,,1132218,1120454,0.010390225203980141,0.010390225203980141,1.0,229,229,1.0,228,228,1.0,220,220,1.0,1.0,1.0,,,,,,,,,,,,,
theia-case3,base,adaptive,reliability,augmented,1.0,False,0,met,,,1132218,1120454,0.010390225203980141,0.010390225203980141,1.0,229,229,1.0,228,228,1.0,220,220,1.0,1.0,1.0,,,,,,,,,,,,,
theia-case3,base,adaptive,reliability,augmented,1.0,True,0,met,,,1132218,1120454,0.010390225203980141,0.010390225203980141,1.0,229,229,1.0,228,228,1.0,220,220,1.0,1.0,1.0,,,,,,,,,,,,,
theia-case3,base,adaptive,adaptive_v1,native,0.9,False,0,met,,,1024,1024,0.9990955805330776,0.9990955805330776,0.9563318777292577,219,229,0.956140350877193,218,228,0.990909090909091,218,220,1.0,1.0,1.0,,,,,,,,,,,,,
theia-case3,base,adaptive,adaptive_v1,native,0.9,True,0,met,,,1024,1024,0.9990955805330776,0.9990955805330776,0.9563318777292577,219,229,0.956140350877193,218,228,0.990909090909091,218,220,1.0,1.0,1.0,,,,,,,,,,,,,
theia-case3,base,adaptive,adaptive_v1,native,0.95,False,0,met,,,1024,1024,0.9990955805330776,0.9990955805330776,0.9563318777292577,219,229,0.956140350877193,218,228,0.990909090909091,218,220,1.0,1.0,1.0,,,,,,,,,,,,,
theia-case3,base,adaptive,adaptive_v1,native,0.95,True,0,met,,,1024,1024,0.9990955805330776,0.9990955805330776,0.9563318777292577,219,229,0.956140350877193,218,228,0.990909090909091,218,220,1.0,1.0,1.0,,,,,,,,,,,,,
theia-case3,base,adaptive,adaptive_v1,native,0.99,False,0,met,,,1132218,1120454,0.010390225203980141,0.010390225203980141,1.0,229,229,1.0,228,228,1.0,220,220,1.0,1.0,1.0,,,,,,,,,,,,,
theia-case3,base,adaptive,adaptive_v1,native,0.99,True,0,met,,,1132218,1120454,0.010390225203980141,0.010390225203980141,1.0,229,229,1.0,228,228,1.0,220,220,1.0,1.0,1.0,,,,,,,,,,,,,
theia-case3,base,adaptive,adaptive_v1,native,1.0,False,0,met,,,1132218,1120454,0.010390225203980141,0.010390225203980141,1.0,229,229,1.0,228,228,1.0,220,220,1.0,1.0,1.0,,,,,,,,,,,,,
theia-case3,base,adaptive,adaptive_v1,native,1.0,True,0,met,,,1132218,1120454,0.010390225203980141,0.010390225203980141,1.0,229,229,1.0,228,228,1.0,220,220,1.0,1.0,1.0,,,,,,,,,,,,,
theia-case3,base,adaptive,adaptive_v1,augmented,0.9,False,0,met,,,1024,1024,0.9990955805330776,0.9990955805330776,0.9563318777292577,219,229,0.956140350877193,218,228,0.990909090909091,218,220,1.0,1.0,1.0,,,,,,,,,,,,,
theia-case3,base,adaptive,adaptive_v1,augmented,0.9,True,0,met,,,1024,1024,0.9990955805330776,0.9990955805330776,0.9563318777292577,219,229,0.956140350877193,218,228,0.990909090909091,218,220,1.0,1.0,1.0,,,,,,,,,,,,,
theia-case3,base,adaptive,adaptive_v1,augmented,0.95,False,0,met,,,1024,1024,0.9990955805330776,0.9990955805330776,0.9563318777292577,219,229,0.956140350877193,218,228,0.990909090909091,218,220,1.0,1.0,1.0,,,,,,,,,,,,,
theia-case3,base,adaptive,adaptive_v1,augmented,0.95,True,0,met,,,1024,1024,0.9990955805330776,0.9990955805330776,0.9563318777292577,219,229,0.956140350877193,218,228,0.990909090909091,218,220,1.0,1.0,1.0,,,,,,,,,,,,,
theia-case3,base,adaptive,adaptive_v1,augmented,0.99,False,0,met,,,1132218,1120454,0.010390225203980141,0.010390225203980141,1.0,229,229,1.0,228,228,1.0,220,220,1.0,1.0,1.0,,,,,,,,,,,,,
theia-case3,base,adaptive,adaptive_v1,augmented,0.99,True,0,met,,,1132218,1120454,0.010390225203980141,0.010390225203980141,1.0,229,229,1.0,228,228,1.0,220,220,1.0,1.0,1.0,,,,,,,,,,,,,
theia-case3,base,adaptive,adaptive_v1,augmented,1.0,False,0,met,,,1132218,1120454,0.010390225203980141,0.010390225203980141,1.0,229,229,1.0,228,228,1.0,220,220,1.0,1.0,1.0,,,,,,,,,,,,,
theia-case3,base,adaptive,adaptive_v1,augmented,1.0,True,0,met,,,1132218,1120454,0.010390225203980141,0.010390225203980141,1.0,229,229,1.0,228,228,1.0,220,220,1.0,1.0,1.0,,,,,,,,,,,,,
theia-case3,base,adaptive,reliability_chain,native,0.9,False,0,met,,,1024,1024,0.9990955805330776,0.9990955805330776,0.9563318777292577,219,229,0.956140350877193,218,228,0.990909090909091,218,220,1.0,1.0,1.0,,,,,,,,,,,,,
theia-case3,base,adaptive,reliability_chain,native,0.9,True,0,met,,,1024,1024,0.9990955805330776,0.9990955805330776,0.9563318777292577,219,229,0.956140350877193,218,228,0.990909090909091,218,220,1.0,1.0,1.0,,,,,,,,,,,,,
theia-case3,base,adaptive,reliability_chain,native,0.95,False,0,met,,,1024,1024,0.9990955805330776,0.9990955805330776,0.9563318777292577,219,229,0.956140350877193,218,228,0.990909090909091,218,220,1.0,1.0,1.0,,,,,,,,,,,,,
theia-case3,base,adaptive,reliability_chain,native,0.95,True,0,met,,,1024,1024,0.9990955805330776,0.9990955805330776,0.9563318777292577,219,229,0.956140350877193,218,228,0.990909090909091,218,220,1.0,1.0,1.0,,,,,,,,,,,,,
theia-case3,base,adaptive,reliability_chain,native,0.99,False,0,met,,,1132218,1120454,0.010390225203980141,0.010390225203980141,1.0,229,229,1.0,228,228,1.0,220,220,1.0,1.0,1.0,,,,,,,,,,,,,
theia-case3,base,adaptive,reliability_chain,native,0.99,True,0,met,,,1132218,1120454,0.010390225203980141,0.010390225203980141,1.0,229,229,1.0,228,228,1.0,220,220,1.0,1.0,1.0,,,,,,,,,,,,,
theia-case3,base,adaptive,reliability_chain,native,1.0,False,0,met,,,1132218,1120454,0.010390225203980141,0.010390225203980141,1.0,229,229,1.0,228,228,1.0,220,220,1.0,1.0,1.0,,,,,,,,,,,,,
theia-case3,base,adaptive,reliability_chain,native,1.0,True,0,met,,,1132218,1120454,0.010390225203980141,0.010390225203980141,1.0,229,229,1.0,228,228,1.0,220,220,1.0,1.0,1.0,,,,,,,,,,,,,
theia-case3,base,adaptive,reliability_chain,augmented,0.9,False,0,met,,,1024,1024,0.9990955805330776,0.9990955805330776,0.9563318777292577,219,229,0.956140350877193,218,228,0.990909090909091,218,220,1.0,1.0,1.0,,,,,,,,,,,,,
theia-case3,base,adaptive,reliability_chain,augmented,0.9,True,0,met,,,1024,1024,0.9990955805330776,0.9990955805330776,0.9563318777292577,219,229,0.956140350877193,218,228,0.990909090909091,218,220,1.0,1.0,1.0,,,,,,,,,,,,,
theia-case3,base,adaptive,reliability_chain,augmented,0.95,False,0,met,,,1024,1024,0.9990955805330776,0.9990955805330776,0.9563318777292577,219,229,0.956140350877193,218,228,0.990909090909091,218,220,1.0,1.0,1.0,,,,,,,,,,,,,
theia-case3,base,adaptive,reliability_chain,augmented,0.95,True,0,met,,,1024,1024,0.9990955805330776,0.9990955805330776,0.9563318777292577,219,229,0.956140350877193,218,228,0.990909090909091,218,220,1.0,1.0,1.0,,,,,,,,,,,,,
theia-case3,base,adaptive,reliability_chain,augmented,0.99,False,0,met,,,1132218,1120454,0.010390225203980141,0.010390225203980141,1.0,229,229,1.0,228,228,1.0,220,220,1.0,1.0,1.0,,,,,,,,,,,,,
theia-case3,base,adaptive,reliability_chain,augmented,0.99,True,0,met,,,1132218,1120454,0.010390225203980141,0.010390225203980141,1.0,229,229,1.0,228,228,1.0,220,220,1.0,1.0,1.0,,,,,,,,,,,,,
theia-case3,base,adaptive,reliability_chain,augmented,1.0,False,0,met,,,1132218,1120454,0.010390225203980141,0.010390225203980141,1.0,229,229,1.0,228,228,1.0,220,220,1.0,1.0,1.0,,,,,,,,,,,,,
theia-case3,base,adaptive,reliability_chain,augmented,1.0,True,0,met,,,1132218,1120454,0.010390225203980141,0.010390225203980141,1.0,229,229,1.0,228,228,1.0,220,220,1.0,1.0,1.0,,,,,,,,,,,,,
theia-case5,base,single,rarity_only,native,0.9,False,,unavailable,required_reference_metric_unavailable,,,,,,,,,,,,,,,,,,,,,,,,,,,,,,
theia-case5,base,single,rarity_only,native,0.9,True,,unavailable,required_reference_metric_unavailable,,,,,,,,,,,,,,,,,,,,,,,,,,,,,,
theia-case5,base,single,rarity_only,native,0.95,False,,unavailable,required_reference_metric_unavailable,,,,,,,,,,,,,,,,,,,,,,,,,,,,,,
theia-case5,base,single,rarity_only,native,0.95,True,,unavailable,required_reference_metric_unavailable,,,,,,,,,,,,,,,,,,,,,,,,,,,,,,
theia-case5,base,single,rarity_only,native,0.99,False,,unavailable,required_reference_metric_unavailable,,,,,,,,,,,,,,,,,,,,,,,,,,,,,,
theia-case5,base,single,rarity_only,native,0.99,True,,unavailable,required_reference_metric_unavailable,,,,,,,,,,,,,,,,,,,,,,,,,,,,,,
theia-case5,base,single,rarity_only,native,1.0,False,,unavailable,required_reference_metric_unavailable,,,,,,,,,,,,,,,,,,,,,,,,,,,,,,
theia-case5,base,single,rarity_only,native,1.0,True,,unavailable,required_reference_metric_unavailable,,,,,,,,,,,,,,,,,,,,,,,,,,,,,,
theia-case5,base,single,rarity_only,augmented,0.9,False,,unavailable,required_reference_metric_unavailable,,,,,,,,,,,,,,,,,,,,,,,,,,,,,,
theia-case5,base,single,rarity_only,augmented,0.9,True,,unavailable,required_reference_metric_unavailable,,,,,,,,,,,,,,,,,,,,,,,,,,,,,,
theia-case5,base,single,rarity_only,augmented,0.95,False,,unavailable,required_reference_metric_unavailable,,,,,,,,,,,,,,,,,,,,,,,,,,,,,,
theia-case5,base,single,rarity_only,augmented,0.95,True,,unavailable,required_reference_metric_unavailable,,,,,,,,,,,,,,,,,,,,,,,,,,,,,,
theia-case5,base,single,rarity_only,augmented,0.99,False,,unavailable,required_reference_metric_unavailable,,,,,,,,,,,,,,,,,,,,,,,,,,,,,,
theia-case5,base,single,rarity_only,augmented,0.99,True,,unavailable,required_reference_metric_unavailable,,,,,,,,,,,,,,,,,,,,,,,,,,,,,,
theia-case5,base,single,rarity_only,augmented,1.0,False,,unavailable,required_reference_metric_unavailable,,,,,,,,,,,,,,,,,,,,,,,,,,,,,,
theia-case5,base,single,rarity_only,augmented,1.0,True,,unavailable,required_reference_metric_unavailable,,,,,,,,,,,,,,,,,,,,,,,,,,,,,,
theia-case5,base,single,diffusion_only,native,0.9,False,,unavailable,required_reference_metric_unavailable,,,,,,,,,,,,,,,,,,,,,,,,,,,,,,
theia-case5,base,single,diffusion_only,native,0.9,True,,unavailable,required_reference_metric_unavailable,,,,,,,,,,,,,,,,,,,,,,,,,,,,,,
theia-case5,base,single,diffusion_only,native,0.95,False,,unavailable,required_reference_metric_unavailable,,,,,,,,,,,,,,,,,,,,,,,,,,,,,,
theia-case5,base,single,diffusion_only,native,0.95,True,,unavailable,required_reference_metric_unavailable,,,,,,,,,,,,,,,,,,,,,,,,,,,,,,
theia-case5,base,single,diffusion_only,native,0.99,False,,unavailable,required_reference_metric_unavailable,,,,,,,,,,,,,,,,,,,,,,,,,,,,,,
theia-case5,base,single,diffusion_only,native,0.99,True,,unavailable,required_reference_metric_unavailable,,,,,,,,,,,,,,,,,,,,,,,,,,,,,,
theia-case5,base,single,diffusion_only,native,1.0,False,,unavailable,required_reference_metric_unavailable,,,,,,,,,,,,,,,,,,,,,,,,,,,,,,
theia-case5,base,single,diffusion_only,native,1.0,True,,unavailable,required_reference_metric_unavailable,,,,,,,,,,,,,,,,,,,,,,,,,,,,,,
theia-case5,base,single,diffusion_only,augmented,0.9,False,,unavailable,required_reference_metric_unavailable,,,,,,,,,,,,,,,,,,,,,,,,,,,,,,
theia-case5,base,single,diffusion_only,augmented,0.9,True,,unavailable,required_reference_metric_unavailable,,,,,,,,,,,,,,,,,,,,,,,,,,,,,,
theia-case5,base,single,diffusion_only,augmented,0.95,False,,unavailable,required_reference_metric_unavailable,,,,,,,,,,,,,,,,,,,,,,,,,,,,,,
theia-case5,base,single,diffusion_only,augmented,0.95,True,,unavailable,required_reference_metric_unavailable,,,,,,,,,,,,,,,,,,,,,,,,,,,,,,
theia-case5,base,single,diffusion_only,augmented,0.99,False,,unavailable,required_reference_metric_unavailable,,,,,,,,,,,,,,,,,,,,,,,,,,,,,,
theia-case5,base,single,diffusion_only,augmented,0.99,True,,unavailable,required_reference_metric_unavailable,,,,,,,,,,,,,,,,,,,,,,,,,,,,,,
theia-case5,base,single,diffusion_only,augmented,1.0,False,,unavailable,required_reference_metric_unavailable,,,,,,,,,,,,,,,,,,,,,,,,,,,,,,
theia-case5,base,single,diffusion_only,augmented,1.0,True,,unavailable,required_reference_metric_unavailable,,,,,,,,,,,,,,,,,,,,,,,,,,,,,,
theia-case5,base,single,rasp,native,0.9,False,,unavailable,required_reference_metric_unavailable,,,,,,,,,,,,,,,,,,,,,,,,,,,,,,
theia-case5,base,single,rasp,native,0.9,True,,unavailable,required_reference_metric_unavailable,,,,,,,,,,,,,,,,,,,,,,,,,,,,,,
theia-case5,base,single,rasp,native,0.95,False,,unavailable,required_reference_metric_unavailable,,,,,,,,,,,,,,,,,,,,,,,,,,,,,,
theia-case5,base,single,rasp,native,0.95,True,,unavailable,required_reference_metric_unavailable,,,,,,,,,,,,,,,,,,,,,,,,,,,,,,
theia-case5,base,single,rasp,native,0.99,False,,unavailable,required_reference_metric_unavailable,,,,,,,,,,,,,,,,,,,,,,,,,,,,,,
theia-case5,base,single,rasp,native,0.99,True,,unavailable,required_reference_metric_unavailable,,,,,,,,,,,,,,,,,,,,,,,,,,,,,,
theia-case5,base,single,rasp,native,1.0,False,,unavailable,required_reference_metric_unavailable,,,,,,,,,,,,,,,,,,,,,,,,,,,,,,
theia-case5,base,single,rasp,native,1.0,True,,unavailable,required_reference_metric_unavailable,,,,,,,,,,,,,,,,,,,,,,,,,,,,,,
theia-case5,base,single,rasp,augmented,0.9,False,,unavailable,required_reference_metric_unavailable,,,,,,,,,,,,,,,,,,,,,,,,,,,,,,
theia-case5,base,single,rasp,augmented,0.9,True,,unavailable,required_reference_metric_unavailable,,,,,,,,,,,,,,,,,,,,,,,,,,,,,,
theia-case5,base,single,rasp,augmented,0.95,False,,unavailable,required_reference_metric_unavailable,,,,,,,,,,,,,,,,,,,,,,,,,,,,,,
theia-case5,base,single,rasp,augmented,0.95,True,,unavailable,required_reference_metric_unavailable,,,,,,,,,,,,,,,,,,,,,,,,,,,,,,
theia-case5,base,single,rasp,augmented,0.99,False,,unavailable,required_reference_metric_unavailable,,,,,,,,,,,,,,,,,,,,,,,,,,,,,,
theia-case5,base,single,rasp,augmented,0.99,True,,unavailable,required_reference_metric_unavailable,,,,,,,,,,,,,,,,,,,,,,,,,,,,,,
theia-case5,base,single,rasp,augmented,1.0,False,,unavailable,required_reference_metric_unavailable,,,,,,,,,,,,,,,,,,,,,,,,,,,,,,
theia-case5,base,single,rasp,augmented,1.0,True,,unavailable,required_reference_metric_unavailable,,,,,,,,,,,,,,,,,,,,,,,,,,,,,,
theia-case5,base,single,context_v1,native,0.9,False,,unavailable,required_reference_metric_unavailable,,,,,,,,,,,,,,,,,,,,,,,,,,,,,,
theia-case5,base,single,context_v1,native,0.9,True,,unavailable,required_reference_metric_unavailable,,,,,,,,,,,,,,,,,,,,,,,,,,,,,,
theia-case5,base,single,context_v1,native,0.95,False,,unavailable,required_reference_metric_unavailable,,,,,,,,,,,,,,,,,,,,,,,,,,,,,,
theia-case5,base,single,context_v1,native,0.95,True,,unavailable,required_reference_metric_unavailable,,,,,,,,,,,,,,,,,,,,,,,,,,,,,,
theia-case5,base,single,context_v1,native,0.99,False,,unavailable,required_reference_metric_unavailable,,,,,,,,,,,,,,,,,,,,,,,,,,,,,,
theia-case5,base,single,context_v1,native,0.99,True,,unavailable,required_reference_metric_unavailable,,,,,,,,,,,,,,,,,,,,,,,,,,,,,,
theia-case5,base,single,context_v1,native,1.0,False,,unavailable,required_reference_metric_unavailable,,,,,,,,,,,,,,,,,,,,,,,,,,,,,,
theia-case5,base,single,context_v1,native,1.0,True,,unavailable,required_reference_metric_unavailable,,,,,,,,,,,,,,,,,,,,,,,,,,,,,,
theia-case5,base,single,context_v1,augmented,0.9,False,,unavailable,required_reference_metric_unavailable,,,,,,,,,,,,,,,,,,,,,,,,,,,,,,
theia-case5,base,single,context_v1,augmented,0.9,True,,unavailable,required_reference_metric_unavailable,,,,,,,,,,,,,,,,,,,,,,,,,,,,,,
theia-case5,base,single,context_v1,augmented,0.95,False,,unavailable,required_reference_metric_unavailable,,,,,,,,,,,,,,,,,,,,,,,,,,,,,,
theia-case5,base,single,context_v1,augmented,0.95,True,,unavailable,required_reference_metric_unavailable,,,,,,,,,,,,,,,,,,,,,,,,,,,,,,
theia-case5,base,single,context_v1,augmented,0.99,False,,unavailable,required_reference_metric_unavailable,,,,,,,,,,,,,,,,,,,,,,,,,,,,,,
theia-case5,base,single,context_v1,augmented,0.99,True,,unavailable,required_reference_metric_unavailable,,,,,,,,,,,,,,,,,,,,,,,,,,,,,,
theia-case5,base,single,context_v1,augmented,1.0,False,,unavailable,required_reference_metric_unavailable,,,,,,,,,,,,,,,,,,,,,,,,,,,,,,
theia-case5,base,single,context_v1,augmented,1.0,True,,unavailable,required_reference_metric_unavailable,,,,,,,,,,,,,,,,,,,,,,,,,,,,,,
theia-case5,base,single,reliability,native,0.9,False,,unavailable,required_reference_metric_unavailable,,,,,,,,,,,,,,,,,,,,,,,,,,,,,,
theia-case5,base,single,reliability,native,0.9,True,,unavailable,required_reference_metric_unavailable,,,,,,,,,,,,,,,,,,,,,,,,,,,,,,
theia-case5,base,single,reliability,native,0.95,False,,unavailable,required_reference_metric_unavailable,,,,,,,,,,,,,,,,,,,,,,,,,,,,,,
theia-case5,base,single,reliability,native,0.95,True,,unavailable,required_reference_metric_unavailable,,,,,,,,,,,,,,,,,,,,,,,,,,,,,,
theia-case5,base,single,reliability,native,0.99,False,,unavailable,required_reference_metric_unavailable,,,,,,,,,,,,,,,,,,,,,,,,,,,,,,
theia-case5,base,single,reliability,native,0.99,True,,unavailable,required_reference_metric_unavailable,,,,,,,,,,,,,,,,,,,,,,,,,,,,,,
theia-case5,base,single,reliability,native,1.0,False,,unavailable,required_reference_metric_unavailable,,,,,,,,,,,,,,,,,,,,,,,,,,,,,,
theia-case5,base,single,reliability,native,1.0,True,,unavailable,required_reference_metric_unavailable,,,,,,,,,,,,,,,,,,,,,,,,,,,,,,
theia-case5,base,single,reliability,augmented,0.9,False,,unavailable,required_reference_metric_unavailable,,,,,,,,,,,,,,,,,,,,,,,,,,,,,,
theia-case5,base,single,reliability,augmented,0.9,True,,unavailable,required_reference_metric_unavailable,,,,,,,,,,,,,,,,,,,,,,,,,,,,,,
theia-case5,base,single,reliability,augmented,0.95,False,,unavailable,required_reference_metric_unavailable,,,,,,,,,,,,,,,,,,,,,,,,,,,,,,
theia-case5,base,single,reliability,augmented,0.95,True,,unavailable,required_reference_metric_unavailable,,,,,,,,,,,,,,,,,,,,,,,,,,,,,,
theia-case5,base,single,reliability,augmented,0.99,False,,unavailable,required_reference_metric_unavailable,,,,,,,,,,,,,,,,,,,,,,,,,,,,,,
theia-case5,base,single,reliability,augmented,0.99,True,,unavailable,required_reference_metric_unavailable,,,,,,,,,,,,,,,,,,,,,,,,,,,,,,
theia-case5,base,single,reliability,augmented,1.0,False,,unavailable,required_reference_metric_unavailable,,,,,,,,,,,,,,,,,,,,,,,,,,,,,,
theia-case5,base,single,reliability,augmented,1.0,True,,unavailable,required_reference_metric_unavailable,,,,,,,,,,,,,,,,,,,,,,,,,,,,,,
theia-case5,base,single,adaptive_v1,native,0.9,False,,unavailable,required_reference_metric_unavailable,,,,,,,,,,,,,,,,,,,,,,,,,,,,,,
theia-case5,base,single,adaptive_v1,native,0.9,True,,unavailable,required_reference_metric_unavailable,,,,,,,,,,,,,,,,,,,,,,,,,,,,,,
theia-case5,base,single,adaptive_v1,native,0.95,False,,unavailable,required_reference_metric_unavailable,,,,,,,,,,,,,,,,,,,,,,,,,,,,,,
theia-case5,base,single,adaptive_v1,native,0.95,True,,unavailable,required_reference_metric_unavailable,,,,,,,,,,,,,,,,,,,,,,,,,,,,,,
theia-case5,base,single,adaptive_v1,native,0.99,False,,unavailable,required_reference_metric_unavailable,,,,,,,,,,,,,,,,,,,,,,,,,,,,,,
theia-case5,base,single,adaptive_v1,native,0.99,True,,unavailable,required_reference_metric_unavailable,,,,,,,,,,,,,,,,,,,,,,,,,,,,,,
theia-case5,base,single,adaptive_v1,native,1.0,False,,unavailable,required_reference_metric_unavailable,,,,,,,,,,,,,,,,,,,,,,,,,,,,,,
theia-case5,base,single,adaptive_v1,native,1.0,True,,unavailable,required_reference_metric_unavailable,,,,,,,,,,,,,,,,,,,,,,,,,,,,,,
theia-case5,base,single,adaptive_v1,augmented,0.9,False,,unavailable,required_reference_metric_unavailable,,,,,,,,,,,,,,,,,,,,,,,,,,,,,,
theia-case5,base,single,adaptive_v1,augmented,0.9,True,,unavailable,required_reference_metric_unavailable,,,,,,,,,,,,,,,,,,,,,,,,,,,,,,
theia-case5,base,single,adaptive_v1,augmented,0.95,False,,unavailable,required_reference_metric_unavailable,,,,,,,,,,,,,,,,,,,,,,,,,,,,,,
theia-case5,base,single,adaptive_v1,augmented,0.95,True,,unavailable,required_reference_metric_unavailable,,,,,,,,,,,,,,,,,,,,,,,,,,,,,,
theia-case5,base,single,adaptive_v1,augmented,0.99,False,,unavailable,required_reference_metric_unavailable,,,,,,,,,,,,,,,,,,,,,,,,,,,,,,
theia-case5,base,single,adaptive_v1,augmented,0.99,True,,unavailable,required_reference_metric_unavailable,,,,,,,,,,,,,,,,,,,,,,,,,,,,,,
theia-case5,base,single,adaptive_v1,augmented,1.0,False,,unavailable,required_reference_metric_unavailable,,,,,,,,,,,,,,,,,,,,,,,,,,,,,,
theia-case5,base,single,adaptive_v1,augmented,1.0,True,,unavailable,required_reference_metric_unavailable,,,,,,,,,,,,,,,,,,,,,,,,,,,,,,
theia-case5,base,single,reliability_chain,native,0.9,False,,unavailable,required_reference_metric_unavailable,,,,,,,,,,,,,,,,,,,,,,,,,,,,,,
theia-case5,base,single,reliability_chain,native,0.9,True,,unavailable,required_reference_metric_unavailable,,,,,,,,,,,,,,,,,,,,,,,,,,,,,,
theia-case5,base,single,reliability_chain,native,0.95,False,,unavailable,required_reference_metric_unavailable,,,,,,,,,,,,,,,,,,,,,,,,,,,,,,
theia-case5,base,single,reliability_chain,native,0.95,True,,unavailable,required_reference_metric_unavailable,,,,,,,,,,,,,,,,,,,,,,,,,,,,,,
theia-case5,base,single,reliability_chain,native,0.99,False,,unavailable,required_reference_metric_unavailable,,,,,,,,,,,,,,,,,,,,,,,,,,,,,,
theia-case5,base,single,reliability_chain,native,0.99,True,,unavailable,required_reference_metric_unavailable,,,,,,,,,,,,,,,,,,,,,,,,,,,,,,
theia-case5,base,single,reliability_chain,native,1.0,False,,unavailable,required_reference_metric_unavailable,,,,,,,,,,,,,,,,,,,,,,,,,,,,,,
theia-case5,base,single,reliability_chain,native,1.0,True,,unavailable,required_reference_metric_unavailable,,,,,,,,,,,,,,,,,,,,,,,,,,,,,,
theia-case5,base,single,reliability_chain,augmented,0.9,False,,unavailable,required_reference_metric_unavailable,,,,,,,,,,,,,,,,,,,,,,,,,,,,,,
theia-case5,base,single,reliability_chain,augmented,0.9,True,,unavailable,required_reference_metric_unavailable,,,,,,,,,,,,,,,,,,,,,,,,,,,,,,
theia-case5,base,single,reliability_chain,augmented,0.95,False,,unavailable,required_reference_metric_unavailable,,,,,,,,,,,,,,,,,,,,,,,,,,,,,,
theia-case5,base,single,reliability_chain,augmented,0.95,True,,unavailable,required_reference_metric_unavailable,,,,,,,,,,,,,,,,,,,,,,,,,,,,,,
theia-case5,base,single,reliability_chain,augmented,0.99,False,,unavailable,required_reference_metric_unavailable,,,,,,,,,,,,,,,,,,,,,,,,,,,,,,
theia-case5,base,single,reliability_chain,augmented,0.99,True,,unavailable,required_reference_metric_unavailable,,,,,,,,,,,,,,,,,,,,,,,,,,,,,,
theia-case5,base,single,reliability_chain,augmented,1.0,False,,unavailable,required_reference_metric_unavailable,,,,,,,,,,,,,,,,,,,,,,,,,,,,,,
theia-case5,base,single,reliability_chain,augmented,1.0,True,,unavailable,required_reference_metric_unavailable,,,,,,,,,,,,,,,,,,,,,,,,,,,,,,
theia-case5,base,declared,rarity_only,native,0.9,False,,unavailable,required_reference_metric_unavailable,,,,,,,,,,,,,,,,,,,,,,,,,,,,,,
theia-case5,base,declared,rarity_only,native,0.9,True,,unavailable,required_reference_metric_unavailable,,,,,,,,,,,,,,,,,,,,,,,,,,,,,,
theia-case5,base,declared,rarity_only,native,0.95,False,,unavailable,required_reference_metric_unavailable,,,,,,,,,,,,,,,,,,,,,,,,,,,,,,
theia-case5,base,declared,rarity_only,native,0.95,True,,unavailable,required_reference_metric_unavailable,,,,,,,,,,,,,,,,,,,,,,,,,,,,,,
theia-case5,base,declared,rarity_only,native,0.99,False,,unavailable,required_reference_metric_unavailable,,,,,,,,,,,,,,,,,,,,,,,,,,,,,,
theia-case5,base,declared,rarity_only,native,0.99,True,,unavailable,required_reference_metric_unavailable,,,,,,,,,,,,,,,,,,,,,,,,,,,,,,
theia-case5,base,declared,rarity_only,native,1.0,False,,unavailable,required_reference_metric_unavailable,,,,,,,,,,,,,,,,,,,,,,,,,,,,,,
theia-case5,base,declared,rarity_only,native,1.0,True,,unavailable,required_reference_metric_unavailable,,,,,,,,,,,,,,,,,,,,,,,,,,,,,,
theia-case5,base,declared,rarity_only,augmented,0.9,False,,unavailable,required_reference_metric_unavailable,,,,,,,,,,,,,,,,,,,,,,,,,,,,,,
theia-case5,base,declared,rarity_only,augmented,0.9,True,,unavailable,required_reference_metric_unavailable,,,,,,,,,,,,,,,,,,,,,,,,,,,,,,
theia-case5,base,declared,rarity_only,augmented,0.95,False,,unavailable,required_reference_metric_unavailable,,,,,,,,,,,,,,,,,,,,,,,,,,,,,,
theia-case5,base,declared,rarity_only,augmented,0.95,True,,unavailable,required_reference_metric_unavailable,,,,,,,,,,,,,,,,,,,,,,,,,,,,,,
theia-case5,base,declared,rarity_only,augmented,0.99,False,,unavailable,required_reference_metric_unavailable,,,,,,,,,,,,,,,,,,,,,,,,,,,,,,
theia-case5,base,declared,rarity_only,augmented,0.99,True,,unavailable,required_reference_metric_unavailable,,,,,,,,,,,,,,,,,,,,,,,,,,,,,,
theia-case5,base,declared,rarity_only,augmented,1.0,False,,unavailable,required_reference_metric_unavailable,,,,,,,,,,,,,,,,,,,,,,,,,,,,,,
theia-case5,base,declared,rarity_only,augmented,1.0,True,,unavailable,required_reference_metric_unavailable,,,,,,,,,,,,,,,,,,,,,,,,,,,,,,
theia-case5,base,declared,diffusion_only,native,0.9,False,,unavailable,required_reference_metric_unavailable,,,,,,,,,,,,,,,,,,,,,,,,,,,,,,
theia-case5,base,declared,diffusion_only,native,0.9,True,,unavailable,required_reference_metric_unavailable,,,,,,,,,,,,,,,,,,,,,,,,,,,,,,
theia-case5,base,declared,diffusion_only,native,0.95,False,,unavailable,required_reference_metric_unavailable,,,,,,,,,,,,,,,,,,,,,,,,,,,,,,
theia-case5,base,declared,diffusion_only,native,0.95,True,,unavailable,required_reference_metric_unavailable,,,,,,,,,,,,,,,,,,,,,,,,,,,,,,
theia-case5,base,declared,diffusion_only,native,0.99,False,,unavailable,required_reference_metric_unavailable,,,,,,,,,,,,,,,,,,,,,,,,,,,,,,
theia-case5,base,declared,diffusion_only,native,0.99,True,,unavailable,required_reference_metric_unavailable,,,,,,,,,,,,,,,,,,,,,,,,,,,,,,
theia-case5,base,declared,diffusion_only,native,1.0,False,,unavailable,required_reference_metric_unavailable,,,,,,,,,,,,,,,,,,,,,,,,,,,,,,
theia-case5,base,declared,diffusion_only,native,1.0,True,,unavailable,required_reference_metric_unavailable,,,,,,,,,,,,,,,,,,,,,,,,,,,,,,
theia-case5,base,declared,diffusion_only,augmented,0.9,False,,unavailable,required_reference_metric_unavailable,,,,,,,,,,,,,,,,,,,,,,,,,,,,,,
theia-case5,base,declared,diffusion_only,augmented,0.9,True,,unavailable,required_reference_metric_unavailable,,,,,,,,,,,,,,,,,,,,,,,,,,,,,,
theia-case5,base,declared,diffusion_only,augmented,0.95,False,,unavailable,required_reference_metric_unavailable,,,,,,,,,,,,,,,,,,,,,,,,,,,,,,
theia-case5,base,declared,diffusion_only,augmented,0.95,True,,unavailable,required_reference_metric_unavailable,,,,,,,,,,,,,,,,,,,,,,,,,,,,,,
theia-case5,base,declared,diffusion_only,augmented,0.99,False,,unavailable,required_reference_metric_unavailable,,,,,,,,,,,,,,,,,,,,,,,,,,,,,,
theia-case5,base,declared,diffusion_only,augmented,0.99,True,,unavailable,required_reference_metric_unavailable,,,,,,,,,,,,,,,,,,,,,,,,,,,,,,
theia-case5,base,declared,diffusion_only,augmented,1.0,False,,unavailable,required_reference_metric_unavailable,,,,,,,,,,,,,,,,,,,,,,,,,,,,,,
theia-case5,base,declared,diffusion_only,augmented,1.0,True,,unavailable,required_reference_metric_unavailable,,,,,,,,,,,,,,,,,,,,,,,,,,,,,,
theia-case5,base,declared,rasp,native,0.9,False,,unavailable,required_reference_metric_unavailable,,,,,,,,,,,,,,,,,,,,,,,,,,,,,,
theia-case5,base,declared,rasp,native,0.9,True,,unavailable,required_reference_metric_unavailable,,,,,,,,,,,,,,,,,,,,,,,,,,,,,,
theia-case5,base,declared,rasp,native,0.95,False,,unavailable,required_reference_metric_unavailable,,,,,,,,,,,,,,,,,,,,,,,,,,,,,,
theia-case5,base,declared,rasp,native,0.95,True,,unavailable,required_reference_metric_unavailable,,,,,,,,,,,,,,,,,,,,,,,,,,,,,,
theia-case5,base,declared,rasp,native,0.99,False,,unavailable,required_reference_metric_unavailable,,,,,,,,,,,,,,,,,,,,,,,,,,,,,,
theia-case5,base,declared,rasp,native,0.99,True,,unavailable,required_reference_metric_unavailable,,,,,,,,,,,,,,,,,,,,,,,,,,,,,,
theia-case5,base,declared,rasp,native,1.0,False,,unavailable,required_reference_metric_unavailable,,,,,,,,,,,,,,,,,,,,,,,,,,,,,,
theia-case5,base,declared,rasp,native,1.0,True,,unavailable,required_reference_metric_unavailable,,,,,,,,,,,,,,,,,,,,,,,,,,,,,,
theia-case5,base,declared,rasp,augmented,0.9,False,,unavailable,required_reference_metric_unavailable,,,,,,,,,,,,,,,,,,,,,,,,,,,,,,
theia-case5,base,declared,rasp,augmented,0.9,True,,unavailable,required_reference_metric_unavailable,,,,,,,,,,,,,,,,,,,,,,,,,,,,,,
theia-case5,base,declared,rasp,augmented,0.95,False,,unavailable,required_reference_metric_unavailable,,,,,,,,,,,,,,,,,,,,,,,,,,,,,,
theia-case5,base,declared,rasp,augmented,0.95,True,,unavailable,required_reference_metric_unavailable,,,,,,,,,,,,,,,,,,,,,,,,,,,,,,
theia-case5,base,declared,rasp,augmented,0.99,False,,unavailable,required_reference_metric_unavailable,,,,,,,,,,,,,,,,,,,,,,,,,,,,,,
theia-case5,base,declared,rasp,augmented,0.99,True,,unavailable,required_reference_metric_unavailable,,,,,,,,,,,,,,,,,,,,,,,,,,,,,,
theia-case5,base,declared,rasp,augmented,1.0,False,,unavailable,required_reference_metric_unavailable,,,,,,,,,,,,,,,,,,,,,,,,,,,,,,
theia-case5,base,declared,rasp,augmented,1.0,True,,unavailable,required_reference_metric_unavailable,,,,,,,,,,,,,,,,,,,,,,,,,,,,,,
theia-case5,base,declared,context_v1,native,0.9,False,,unavailable,required_reference_metric_unavailable,,,,,,,,,,,,,,,,,,,,,,,,,,,,,,
theia-case5,base,declared,context_v1,native,0.9,True,,unavailable,required_reference_metric_unavailable,,,,,,,,,,,,,,,,,,,,,,,,,,,,,,
theia-case5,base,declared,context_v1,native,0.95,False,,unavailable,required_reference_metric_unavailable,,,,,,,,,,,,,,,,,,,,,,,,,,,,,,
theia-case5,base,declared,context_v1,native,0.95,True,,unavailable,required_reference_metric_unavailable,,,,,,,,,,,,,,,,,,,,,,,,,,,,,,
theia-case5,base,declared,context_v1,native,0.99,False,,unavailable,required_reference_metric_unavailable,,,,,,,,,,,,,,,,,,,,,,,,,,,,,,
theia-case5,base,declared,context_v1,native,0.99,True,,unavailable,required_reference_metric_unavailable,,,,,,,,,,,,,,,,,,,,,,,,,,,,,,
theia-case5,base,declared,context_v1,native,1.0,False,,unavailable,required_reference_metric_unavailable,,,,,,,,,,,,,,,,,,,,,,,,,,,,,,
theia-case5,base,declared,context_v1,native,1.0,True,,unavailable,required_reference_metric_unavailable,,,,,,,,,,,,,,,,,,,,,,,,,,,,,,
theia-case5,base,declared,context_v1,augmented,0.9,False,,unavailable,required_reference_metric_unavailable,,,,,,,,,,,,,,,,,,,,,,,,,,,,,,
theia-case5,base,declared,context_v1,augmented,0.9,True,,unavailable,required_reference_metric_unavailable,,,,,,,,,,,,,,,,,,,,,,,,,,,,,,
theia-case5,base,declared,context_v1,augmented,0.95,False,,unavailable,required_reference_metric_unavailable,,,,,,,,,,,,,,,,,,,,,,,,,,,,,,
theia-case5,base,declared,context_v1,augmented,0.95,True,,unavailable,required_reference_metric_unavailable,,,,,,,,,,,,,,,,,,,,,,,,,,,,,,
theia-case5,base,declared,context_v1,augmented,0.99,False,,unavailable,required_reference_metric_unavailable,,,,,,,,,,,,,,,,,,,,,,,,,,,,,,
theia-case5,base,declared,context_v1,augmented,0.99,True,,unavailable,required_reference_metric_unavailable,,,,,,,,,,,,,,,,,,,,,,,,,,,,,,
theia-case5,base,declared,context_v1,augmented,1.0,False,,unavailable,required_reference_metric_unavailable,,,,,,,,,,,,,,,,,,,,,,,,,,,,,,
theia-case5,base,declared,context_v1,augmented,1.0,True,,unavailable,required_reference_metric_unavailable,,,,,,,,,,,,,,,,,,,,,,,,,,,,,,
theia-case5,base,declared,reliability,native,0.9,False,,unavailable,required_reference_metric_unavailable,,,,,,,,,,,,,,,,,,,,,,,,,,,,,,
theia-case5,base,declared,reliability,native,0.9,True,,unavailable,required_reference_metric_unavailable,,,,,,,,,,,,,,,,,,,,,,,,,,,,,,
theia-case5,base,declared,reliability,native,0.95,False,,unavailable,required_reference_metric_unavailable,,,,,,,,,,,,,,,,,,,,,,,,,,,,,,
theia-case5,base,declared,reliability,native,0.95,True,,unavailable,required_reference_metric_unavailable,,,,,,,,,,,,,,,,,,,,,,,,,,,,,,
theia-case5,base,declared,reliability,native,0.99,False,,unavailable,required_reference_metric_unavailable,,,,,,,,,,,,,,,,,,,,,,,,,,,,,,
theia-case5,base,declared,reliability,native,0.99,True,,unavailable,required_reference_metric_unavailable,,,,,,,,,,,,,,,,,,,,,,,,,,,,,,
theia-case5,base,declared,reliability,native,1.0,False,,unavailable,required_reference_metric_unavailable,,,,,,,,,,,,,,,,,,,,,,,,,,,,,,
theia-case5,base,declared,reliability,native,1.0,True,,unavailable,required_reference_metric_unavailable,,,,,,,,,,,,,,,,,,,,,,,,,,,,,,
theia-case5,base,declared,reliability,augmented,0.9,False,,unavailable,required_reference_metric_unavailable,,,,,,,,,,,,,,,,,,,,,,,,,,,,,,
theia-case5,base,declared,reliability,augmented,0.9,True,,unavailable,required_reference_metric_unavailable,,,,,,,,,,,,,,,,,,,,,,,,,,,,,,
theia-case5,base,declared,reliability,augmented,0.95,False,,unavailable,required_reference_metric_unavailable,,,,,,,,,,,,,,,,,,,,,,,,,,,,,,
theia-case5,base,declared,reliability,augmented,0.95,True,,unavailable,required_reference_metric_unavailable,,,,,,,,,,,,,,,,,,,,,,,,,,,,,,
theia-case5,base,declared,reliability,augmented,0.99,False,,unavailable,required_reference_metric_unavailable,,,,,,,,,,,,,,,,,,,,,,,,,,,,,,
theia-case5,base,declared,reliability,augmented,0.99,True,,unavailable,required_reference_metric_unavailable,,,,,,,,,,,,,,,,,,,,,,,,,,,,,,
theia-case5,base,declared,reliability,augmented,1.0,False,,unavailable,required_reference_metric_unavailable,,,,,,,,,,,,,,,,,,,,,,,,,,,,,,
theia-case5,base,declared,reliability,augmented,1.0,True,,unavailable,required_reference_metric_unavailable,,,,,,,,,,,,,,,,,,,,,,,,,,,,,,
theia-case5,base,declared,adaptive_v1,native,0.9,False,,unavailable,required_reference_metric_unavailable,,,,,,,,,,,,,,,,,,,,,,,,,,,,,,
theia-case5,base,declared,adaptive_v1,native,0.9,True,,unavailable,required_reference_metric_unavailable,,,,,,,,,,,,,,,,,,,,,,,,,,,,,,
theia-case5,base,declared,adaptive_v1,native,0.95,False,,unavailable,required_reference_metric_unavailable,,,,,,,,,,,,,,,,,,,,,,,,,,,,,,
theia-case5,base,declared,adaptive_v1,native,0.95,True,,unavailable,required_reference_metric_unavailable,,,,,,,,,,,,,,,,,,,,,,,,,,,,,,
theia-case5,base,declared,adaptive_v1,native,0.99,False,,unavailable,required_reference_metric_unavailable,,,,,,,,,,,,,,,,,,,,,,,,,,,,,,
theia-case5,base,declared,adaptive_v1,native,0.99,True,,unavailable,required_reference_metric_unavailable,,,,,,,,,,,,,,,,,,,,,,,,,,,,,,
theia-case5,base,declared,adaptive_v1,native,1.0,False,,unavailable,required_reference_metric_unavailable,,,,,,,,,,,,,,,,,,,,,,,,,,,,,,
theia-case5,base,declared,adaptive_v1,native,1.0,True,,unavailable,required_reference_metric_unavailable,,,,,,,,,,,,,,,,,,,,,,,,,,,,,,
theia-case5,base,declared,adaptive_v1,augmented,0.9,False,,unavailable,required_reference_metric_unavailable,,,,,,,,,,,,,,,,,,,,,,,,,,,,,,
theia-case5,base,declared,adaptive_v1,augmented,0.9,True,,unavailable,required_reference_metric_unavailable,,,,,,,,,,,,,,,,,,,,,,,,,,,,,,
theia-case5,base,declared,adaptive_v1,augmented,0.95,False,,unavailable,required_reference_metric_unavailable,,,,,,,,,,,,,,,,,,,,,,,,,,,,,,
theia-case5,base,declared,adaptive_v1,augmented,0.95,True,,unavailable,required_reference_metric_unavailable,,,,,,,,,,,,,,,,,,,,,,,,,,,,,,
theia-case5,base,declared,adaptive_v1,augmented,0.99,False,,unavailable,required_reference_metric_unavailable,,,,,,,,,,,,,,,,,,,,,,,,,,,,,,
theia-case5,base,declared,adaptive_v1,augmented,0.99,True,,unavailable,required_reference_metric_unavailable,,,,,,,,,,,,,,,,,,,,,,,,,,,,,,
theia-case5,base,declared,adaptive_v1,augmented,1.0,False,,unavailable,required_reference_metric_unavailable,,,,,,,,,,,,,,,,,,,,,,,,,,,,,,
theia-case5,base,declared,adaptive_v1,augmented,1.0,True,,unavailable,required_reference_metric_unavailable,,,,,,,,,,,,,,,,,,,,,,,,,,,,,,
theia-case5,base,declared,reliability_chain,native,0.9,False,,unavailable,required_reference_metric_unavailable,,,,,,,,,,,,,,,,,,,,,,,,,,,,,,
theia-case5,base,declared,reliability_chain,native,0.9,True,,unavailable,required_reference_metric_unavailable,,,,,,,,,,,,,,,,,,,,,,,,,,,,,,
theia-case5,base,declared,reliability_chain,native,0.95,False,,unavailable,required_reference_metric_unavailable,,,,,,,,,,,,,,,,,,,,,,,,,,,,,,
theia-case5,base,declared,reliability_chain,native,0.95,True,,unavailable,required_reference_metric_unavailable,,,,,,,,,,,,,,,,,,,,,,,,,,,,,,
theia-case5,base,declared,reliability_chain,native,0.99,False,,unavailable,required_reference_metric_unavailable,,,,,,,,,,,,,,,,,,,,,,,,,,,,,,
theia-case5,base,declared,reliability_chain,native,0.99,True,,unavailable,required_reference_metric_unavailable,,,,,,,,,,,,,,,,,,,,,,,,,,,,,,
theia-case5,base,declared,reliability_chain,native,1.0,False,,unavailable,required_reference_metric_unavailable,,,,,,,,,,,,,,,,,,,,,,,,,,,,,,
theia-case5,base,declared,reliability_chain,native,1.0,True,,unavailable,required_reference_metric_unavailable,,,,,,,,,,,,,,,,,,,,,,,,,,,,,,
theia-case5,base,declared,reliability_chain,augmented,0.9,False,,unavailable,required_reference_metric_unavailable,,,,,,,,,,,,,,,,,,,,,,,,,,,,,,
theia-case5,base,declared,reliability_chain,augmented,0.9,True,,unavailable,required_reference_metric_unavailable,,,,,,,,,,,,,,,,,,,,,,,,,,,,,,
theia-case5,base,declared,reliability_chain,augmented,0.95,False,,unavailable,required_reference_metric_unavailable,,,,,,,,,,,,,,,,,,,,,,,,,,,,,,
theia-case5,base,declared,reliability_chain,augmented,0.95,True,,unavailable,required_reference_metric_unavailable,,,,,,,,,,,,,,,,,,,,,,,,,,,,,,
theia-case5,base,declared,reliability_chain,augmented,0.99,False,,unavailable,required_reference_metric_unavailable,,,,,,,,,,,,,,,,,,,,,,,,,,,,,,
theia-case5,base,declared,reliability_chain,augmented,0.99,True,,unavailable,required_reference_metric_unavailable,,,,,,,,,,,,,,,,,,,,,,,,,,,,,,
theia-case5,base,declared,reliability_chain,augmented,1.0,False,,unavailable,required_reference_metric_unavailable,,,,,,,,,,,,,,,,,,,,,,,,,,,,,,
theia-case5,base,declared,reliability_chain,augmented,1.0,True,,unavailable,required_reference_metric_unavailable,,,,,,,,,,,,,,,,,,,,,,,,,,,,,,
theia-case5,base,adaptive,rarity_only,native,0.9,False,,unavailable,required_reference_metric_unavailable,,,,,,,,,,,,,,,,,,,,,,,,,,,,,,
theia-case5,base,adaptive,rarity_only,native,0.9,True,,unavailable,required_reference_metric_unavailable,,,,,,,,,,,,,,,,,,,,,,,,,,,,,,
theia-case5,base,adaptive,rarity_only,native,0.95,False,,unavailable,required_reference_metric_unavailable,,,,,,,,,,,,,,,,,,,,,,,,,,,,,,
theia-case5,base,adaptive,rarity_only,native,0.95,True,,unavailable,required_reference_metric_unavailable,,,,,,,,,,,,,,,,,,,,,,,,,,,,,,
theia-case5,base,adaptive,rarity_only,native,0.99,False,,unavailable,required_reference_metric_unavailable,,,,,,,,,,,,,,,,,,,,,,,,,,,,,,
theia-case5,base,adaptive,rarity_only,native,0.99,True,,unavailable,required_reference_metric_unavailable,,,,,,,,,,,,,,,,,,,,,,,,,,,,,,
theia-case5,base,adaptive,rarity_only,native,1.0,False,,unavailable,required_reference_metric_unavailable,,,,,,,,,,,,,,,,,,,,,,,,,,,,,,
theia-case5,base,adaptive,rarity_only,native,1.0,True,,unavailable,required_reference_metric_unavailable,,,,,,,,,,,,,,,,,,,,,,,,,,,,,,
theia-case5,base,adaptive,rarity_only,augmented,0.9,False,,unavailable,required_reference_metric_unavailable,,,,,,,,,,,,,,,,,,,,,,,,,,,,,,
theia-case5,base,adaptive,rarity_only,augmented,0.9,True,,unavailable,required_reference_metric_unavailable,,,,,,,,,,,,,,,,,,,,,,,,,,,,,,
theia-case5,base,adaptive,rarity_only,augmented,0.95,False,,unavailable,required_reference_metric_unavailable,,,,,,,,,,,,,,,,,,,,,,,,,,,,,,
theia-case5,base,adaptive,rarity_only,augmented,0.95,True,,unavailable,required_reference_metric_unavailable,,,,,,,,,,,,,,,,,,,,,,,,,,,,,,
theia-case5,base,adaptive,rarity_only,augmented,0.99,False,,unavailable,required_reference_metric_unavailable,,,,,,,,,,,,,,,,,,,,,,,,,,,,,,
theia-case5,base,adaptive,rarity_only,augmented,0.99,True,,unavailable,required_reference_metric_unavailable,,,,,,,,,,,,,,,,,,,,,,,,,,,,,,
theia-case5,base,adaptive,rarity_only,augmented,1.0,False,,unavailable,required_reference_metric_unavailable,,,,,,,,,,,,,,,,,,,,,,,,,,,,,,
theia-case5,base,adaptive,rarity_only,augmented,1.0,True,,unavailable,required_reference_metric_unavailable,,,,,,,,,,,,,,,,,,,,,,,,,,,,,,
theia-case5,base,adaptive,diffusion_only,native,0.9,False,,unavailable,required_reference_metric_unavailable,,,,,,,,,,,,,,,,,,,,,,,,,,,,,,
theia-case5,base,adaptive,diffusion_only,native,0.9,True,,unavailable,required_reference_metric_unavailable,,,,,,,,,,,,,,,,,,,,,,,,,,,,,,
theia-case5,base,adaptive,diffusion_only,native,0.95,False,,unavailable,required_reference_metric_unavailable,,,,,,,,,,,,,,,,,,,,,,,,,,,,,,
theia-case5,base,adaptive,diffusion_only,native,0.95,True,,unavailable,required_reference_metric_unavailable,,,,,,,,,,,,,,,,,,,,,,,,,,,,,,
theia-case5,base,adaptive,diffusion_only,native,0.99,False,,unavailable,required_reference_metric_unavailable,,,,,,,,,,,,,,,,,,,,,,,,,,,,,,
theia-case5,base,adaptive,diffusion_only,native,0.99,True,,unavailable,required_reference_metric_unavailable,,,,,,,,,,,,,,,,,,,,,,,,,,,,,,
theia-case5,base,adaptive,diffusion_only,native,1.0,False,,unavailable,required_reference_metric_unavailable,,,,,,,,,,,,,,,,,,,,,,,,,,,,,,
theia-case5,base,adaptive,diffusion_only,native,1.0,True,,unavailable,required_reference_metric_unavailable,,,,,,,,,,,,,,,,,,,,,,,,,,,,,,
theia-case5,base,adaptive,diffusion_only,augmented,0.9,False,,unavailable,required_reference_metric_unavailable,,,,,,,,,,,,,,,,,,,,,,,,,,,,,,
theia-case5,base,adaptive,diffusion_only,augmented,0.9,True,,unavailable,required_reference_metric_unavailable,,,,,,,,,,,,,,,,,,,,,,,,,,,,,,
theia-case5,base,adaptive,diffusion_only,augmented,0.95,False,,unavailable,required_reference_metric_unavailable,,,,,,,,,,,,,,,,,,,,,,,,,,,,,,
theia-case5,base,adaptive,diffusion_only,augmented,0.95,True,,unavailable,required_reference_metric_unavailable,,,,,,,,,,,,,,,,,,,,,,,,,,,,,,
theia-case5,base,adaptive,diffusion_only,augmented,0.99,False,,unavailable,required_reference_metric_unavailable,,,,,,,,,,,,,,,,,,,,,,,,,,,,,,
theia-case5,base,adaptive,diffusion_only,augmented,0.99,True,,unavailable,required_reference_metric_unavailable,,,,,,,,,,,,,,,,,,,,,,,,,,,,,,
theia-case5,base,adaptive,diffusion_only,augmented,1.0,False,,unavailable,required_reference_metric_unavailable,,,,,,,,,,,,,,,,,,,,,,,,,,,,,,
theia-case5,base,adaptive,diffusion_only,augmented,1.0,True,,unavailable,required_reference_metric_unavailable,,,,,,,,,,,,,,,,,,,,,,,,,,,,,,
theia-case5,base,adaptive,rasp,native,0.9,False,,unavailable,required_reference_metric_unavailable,,,,,,,,,,,,,,,,,,,,,,,,,,,,,,
theia-case5,base,adaptive,rasp,native,0.9,True,,unavailable,required_reference_metric_unavailable,,,,,,,,,,,,,,,,,,,,,,,,,,,,,,
theia-case5,base,adaptive,rasp,native,0.95,False,,unavailable,required_reference_metric_unavailable,,,,,,,,,,,,,,,,,,,,,,,,,,,,,,
theia-case5,base,adaptive,rasp,native,0.95,True,,unavailable,required_reference_metric_unavailable,,,,,,,,,,,,,,,,,,,,,,,,,,,,,,
theia-case5,base,adaptive,rasp,native,0.99,False,,unavailable,required_reference_metric_unavailable,,,,,,,,,,,,,,,,,,,,,,,,,,,,,,
theia-case5,base,adaptive,rasp,native,0.99,True,,unavailable,required_reference_metric_unavailable,,,,,,,,,,,,,,,,,,,,,,,,,,,,,,
theia-case5,base,adaptive,rasp,native,1.0,False,,unavailable,required_reference_metric_unavailable,,,,,,,,,,,,,,,,,,,,,,,,,,,,,,
theia-case5,base,adaptive,rasp,native,1.0,True,,unavailable,required_reference_metric_unavailable,,,,,,,,,,,,,,,,,,,,,,,,,,,,,,
theia-case5,base,adaptive,rasp,augmented,0.9,False,,unavailable,required_reference_metric_unavailable,,,,,,,,,,,,,,,,,,,,,,,,,,,,,,
theia-case5,base,adaptive,rasp,augmented,0.9,True,,unavailable,required_reference_metric_unavailable,,,,,,,,,,,,,,,,,,,,,,,,,,,,,,
theia-case5,base,adaptive,rasp,augmented,0.95,False,,unavailable,required_reference_metric_unavailable,,,,,,,,,,,,,,,,,,,,,,,,,,,,,,
theia-case5,base,adaptive,rasp,augmented,0.95,True,,unavailable,required_reference_metric_unavailable,,,,,,,,,,,,,,,,,,,,,,,,,,,,,,
theia-case5,base,adaptive,rasp,augmented,0.99,False,,unavailable,required_reference_metric_unavailable,,,,,,,,,,,,,,,,,,,,,,,,,,,,,,
theia-case5,base,adaptive,rasp,augmented,0.99,True,,unavailable,required_reference_metric_unavailable,,,,,,,,,,,,,,,,,,,,,,,,,,,,,,
theia-case5,base,adaptive,rasp,augmented,1.0,False,,unavailable,required_reference_metric_unavailable,,,,,,,,,,,,,,,,,,,,,,,,,,,,,,
theia-case5,base,adaptive,rasp,augmented,1.0,True,,unavailable,required_reference_metric_unavailable,,,,,,,,,,,,,,,,,,,,,,,,,,,,,,
theia-case5,base,adaptive,context_v1,native,0.9,False,,unavailable,required_reference_metric_unavailable,,,,,,,,,,,,,,,,,,,,,,,,,,,,,,
theia-case5,base,adaptive,context_v1,native,0.9,True,,unavailable,required_reference_metric_unavailable,,,,,,,,,,,,,,,,,,,,,,,,,,,,,,
theia-case5,base,adaptive,context_v1,native,0.95,False,,unavailable,required_reference_metric_unavailable,,,,,,,,,,,,,,,,,,,,,,,,,,,,,,
theia-case5,base,adaptive,context_v1,native,0.95,True,,unavailable,required_reference_metric_unavailable,,,,,,,,,,,,,,,,,,,,,,,,,,,,,,
theia-case5,base,adaptive,context_v1,native,0.99,False,,unavailable,required_reference_metric_unavailable,,,,,,,,,,,,,,,,,,,,,,,,,,,,,,
theia-case5,base,adaptive,context_v1,native,0.99,True,,unavailable,required_reference_metric_unavailable,,,,,,,,,,,,,,,,,,,,,,,,,,,,,,
theia-case5,base,adaptive,context_v1,native,1.0,False,,unavailable,required_reference_metric_unavailable,,,,,,,,,,,,,,,,,,,,,,,,,,,,,,
theia-case5,base,adaptive,context_v1,native,1.0,True,,unavailable,required_reference_metric_unavailable,,,,,,,,,,,,,,,,,,,,,,,,,,,,,,
theia-case5,base,adaptive,context_v1,augmented,0.9,False,,unavailable,required_reference_metric_unavailable,,,,,,,,,,,,,,,,,,,,,,,,,,,,,,
theia-case5,base,adaptive,context_v1,augmented,0.9,True,,unavailable,required_reference_metric_unavailable,,,,,,,,,,,,,,,,,,,,,,,,,,,,,,
theia-case5,base,adaptive,context_v1,augmented,0.95,False,,unavailable,required_reference_metric_unavailable,,,,,,,,,,,,,,,,,,,,,,,,,,,,,,
theia-case5,base,adaptive,context_v1,augmented,0.95,True,,unavailable,required_reference_metric_unavailable,,,,,,,,,,,,,,,,,,,,,,,,,,,,,,
theia-case5,base,adaptive,context_v1,augmented,0.99,False,,unavailable,required_reference_metric_unavailable,,,,,,,,,,,,,,,,,,,,,,,,,,,,,,
theia-case5,base,adaptive,context_v1,augmented,0.99,True,,unavailable,required_reference_metric_unavailable,,,,,,,,,,,,,,,,,,,,,,,,,,,,,,
theia-case5,base,adaptive,context_v1,augmented,1.0,False,,unavailable,required_reference_metric_unavailable,,,,,,,,,,,,,,,,,,,,,,,,,,,,,,
theia-case5,base,adaptive,context_v1,augmented,1.0,True,,unavailable,required_reference_metric_unavailable,,,,,,,,,,,,,,,,,,,,,,,,,,,,,,
theia-case5,base,adaptive,reliability,native,0.9,False,,unavailable,required_reference_metric_unavailable,,,,,,,,,,,,,,,,,,,,,,,,,,,,,,
theia-case5,base,adaptive,reliability,native,0.9,True,,unavailable,required_reference_metric_unavailable,,,,,,,,,,,,,,,,,,,,,,,,,,,,,,
theia-case5,base,adaptive,reliability,native,0.95,False,,unavailable,required_reference_metric_unavailable,,,,,,,,,,,,,,,,,,,,,,,,,,,,,,
theia-case5,base,adaptive,reliability,native,0.95,True,,unavailable,required_reference_metric_unavailable,,,,,,,,,,,,,,,,,,,,,,,,,,,,,,
theia-case5,base,adaptive,reliability,native,0.99,False,,unavailable,required_reference_metric_unavailable,,,,,,,,,,,,,,,,,,,,,,,,,,,,,,
theia-case5,base,adaptive,reliability,native,0.99,True,,unavailable,required_reference_metric_unavailable,,,,,,,,,,,,,,,,,,,,,,,,,,,,,,
theia-case5,base,adaptive,reliability,native,1.0,False,,unavailable,required_reference_metric_unavailable,,,,,,,,,,,,,,,,,,,,,,,,,,,,,,
theia-case5,base,adaptive,reliability,native,1.0,True,,unavailable,required_reference_metric_unavailable,,,,,,,,,,,,,,,,,,,,,,,,,,,,,,
theia-case5,base,adaptive,reliability,augmented,0.9,False,,unavailable,required_reference_metric_unavailable,,,,,,,,,,,,,,,,,,,,,,,,,,,,,,
theia-case5,base,adaptive,reliability,augmented,0.9,True,,unavailable,required_reference_metric_unavailable,,,,,,,,,,,,,,,,,,,,,,,,,,,,,,
theia-case5,base,adaptive,reliability,augmented,0.95,False,,unavailable,required_reference_metric_unavailable,,,,,,,,,,,,,,,,,,,,,,,,,,,,,,
theia-case5,base,adaptive,reliability,augmented,0.95,True,,unavailable,required_reference_metric_unavailable,,,,,,,,,,,,,,,,,,,,,,,,,,,,,,
theia-case5,base,adaptive,reliability,augmented,0.99,False,,unavailable,required_reference_metric_unavailable,,,,,,,,,,,,,,,,,,,,,,,,,,,,,,
theia-case5,base,adaptive,reliability,augmented,0.99,True,,unavailable,required_reference_metric_unavailable,,,,,,,,,,,,,,,,,,,,,,,,,,,,,,
theia-case5,base,adaptive,reliability,augmented,1.0,False,,unavailable,required_reference_metric_unavailable,,,,,,,,,,,,,,,,,,,,,,,,,,,,,,
theia-case5,base,adaptive,reliability,augmented,1.0,True,,unavailable,required_reference_metric_unavailable,,,,,,,,,,,,,,,,,,,,,,,,,,,,,,
theia-case5,base,adaptive,adaptive_v1,native,0.9,False,,unavailable,required_reference_metric_unavailable,,,,,,,,,,,,,,,,,,,,,,,,,,,,,,
theia-case5,base,adaptive,adaptive_v1,native,0.9,True,,unavailable,required_reference_metric_unavailable,,,,,,,,,,,,,,,,,,,,,,,,,,,,,,
theia-case5,base,adaptive,adaptive_v1,native,0.95,False,,unavailable,required_reference_metric_unavailable,,,,,,,,,,,,,,,,,,,,,,,,,,,,,,
theia-case5,base,adaptive,adaptive_v1,native,0.95,True,,unavailable,required_reference_metric_unavailable,,,,,,,,,,,,,,,,,,,,,,,,,,,,,,
theia-case5,base,adaptive,adaptive_v1,native,0.99,False,,unavailable,required_reference_metric_unavailable,,,,,,,,,,,,,,,,,,,,,,,,,,,,,,
theia-case5,base,adaptive,adaptive_v1,native,0.99,True,,unavailable,required_reference_metric_unavailable,,,,,,,,,,,,,,,,,,,,,,,,,,,,,,
theia-case5,base,adaptive,adaptive_v1,native,1.0,False,,unavailable,required_reference_metric_unavailable,,,,,,,,,,,,,,,,,,,,,,,,,,,,,,
theia-case5,base,adaptive,adaptive_v1,native,1.0,True,,unavailable,required_reference_metric_unavailable,,,,,,,,,,,,,,,,,,,,,,,,,,,,,,
theia-case5,base,adaptive,adaptive_v1,augmented,0.9,False,,unavailable,required_reference_metric_unavailable,,,,,,,,,,,,,,,,,,,,,,,,,,,,,,
theia-case5,base,adaptive,adaptive_v1,augmented,0.9,True,,unavailable,required_reference_metric_unavailable,,,,,,,,,,,,,,,,,,,,,,,,,,,,,,
theia-case5,base,adaptive,adaptive_v1,augmented,0.95,False,,unavailable,required_reference_metric_unavailable,,,,,,,,,,,,,,,,,,,,,,,,,,,,,,
theia-case5,base,adaptive,adaptive_v1,augmented,0.95,True,,unavailable,required_reference_metric_unavailable,,,,,,,,,,,,,,,,,,,,,,,,,,,,,,
theia-case5,base,adaptive,adaptive_v1,augmented,0.99,False,,unavailable,required_reference_metric_unavailable,,,,,,,,,,,,,,,,,,,,,,,,,,,,,,
theia-case5,base,adaptive,adaptive_v1,augmented,0.99,True,,unavailable,required_reference_metric_unavailable,,,,,,,,,,,,,,,,,,,,,,,,,,,,,,
theia-case5,base,adaptive,adaptive_v1,augmented,1.0,False,,unavailable,required_reference_metric_unavailable,,,,,,,,,,,,,,,,,,,,,,,,,,,,,,
theia-case5,base,adaptive,adaptive_v1,augmented,1.0,True,,unavailable,required_reference_metric_unavailable,,,,,,,,,,,,,,,,,,,,,,,,,,,,,,
theia-case5,base,adaptive,reliability_chain,native,0.9,False,,unavailable,required_reference_metric_unavailable,,,,,,,,,,,,,,,,,,,,,,,,,,,,,,
theia-case5,base,adaptive,reliability_chain,native,0.9,True,,unavailable,required_reference_metric_unavailable,,,,,,,,,,,,,,,,,,,,,,,,,,,,,,
theia-case5,base,adaptive,reliability_chain,native,0.95,False,,unavailable,required_reference_metric_unavailable,,,,,,,,,,,,,,,,,,,,,,,,,,,,,,
theia-case5,base,adaptive,reliability_chain,native,0.95,True,,unavailable,required_reference_metric_unavailable,,,,,,,,,,,,,,,,,,,,,,,,,,,,,,
theia-case5,base,adaptive,reliability_chain,native,0.99,False,,unavailable,required_reference_metric_unavailable,,,,,,,,,,,,,,,,,,,,,,,,,,,,,,
theia-case5,base,adaptive,reliability_chain,native,0.99,True,,unavailable,required_reference_metric_unavailable,,,,,,,,,,,,,,,,,,,,,,,,,,,,,,
theia-case5,base,adaptive,reliability_chain,native,1.0,False,,unavailable,required_reference_metric_unavailable,,,,,,,,,,,,,,,,,,,,,,,,,,,,,,
theia-case5,base,adaptive,reliability_chain,native,1.0,True,,unavailable,required_reference_metric_unavailable,,,,,,,,,,,,,,,,,,,,,,,,,,,,,,
theia-case5,base,adaptive,reliability_chain,augmented,0.9,False,,unavailable,required_reference_metric_unavailable,,,,,,,,,,,,,,,,,,,,,,,,,,,,,,
theia-case5,base,adaptive,reliability_chain,augmented,0.9,True,,unavailable,required_reference_metric_unavailable,,,,,,,,,,,,,,,,,,,,,,,,,,,,,,
theia-case5,base,adaptive,reliability_chain,augmented,0.95,False,,unavailable,required_reference_metric_unavailable,,,,,,,,,,,,,,,,,,,,,,,,,,,,,,
theia-case5,base,adaptive,reliability_chain,augmented,0.95,True,,unavailable,required_reference_metric_unavailable,,,,,,,,,,,,,,,,,,,,,,,,,,,,,,
theia-case5,base,adaptive,reliability_chain,augmented,0.99,False,,unavailable,required_reference_metric_unavailable,,,,,,,,,,,,,,,,,,,,,,,,,,,,,,
theia-case5,base,adaptive,reliability_chain,augmented,0.99,True,,unavailable,required_reference_metric_unavailable,,,,,,,,,,,,,,,,,,,,,,,,,,,,,,
theia-case5,base,adaptive,reliability_chain,augmented,1.0,False,,unavailable,required_reference_metric_unavailable,,,,,,,,,,,,,,,,,,,,,,,,,,,,,,
theia-case5,base,adaptive,reliability_chain,augmented,1.0,True,,unavailable,required_reference_metric_unavailable,,,,,,,,,,,,,,,,,,,,,,,,,,,,,,
trace-case5-paper,base,single,rarity_only,native,0.9,False,0,unavailable,required_reference_metric_unavailable,,,,,,,,,,,,,,,1.0,1.0,0.9310344827586207,,,,,,,,,,,,,
trace-case5-paper,base,single,rarity_only,native,0.9,True,0,unavailable,required_reference_metric_unavailable,,,,,,,,,,,,,,,1.0,1.0,0.9310344827586207,,,,,,,,,,,,,
trace-case5-paper,base,single,rarity_only,native,0.95,False,0,unavailable,required_reference_metric_unavailable,,,,,,,,,,,,,,,1.0,1.0,0.9310344827586207,,,,,,,,,,,,,
trace-case5-paper,base,single,rarity_only,native,0.95,True,0,unavailable,required_reference_metric_unavailable,,,,,,,,,,,,,,,1.0,1.0,0.9310344827586207,,,,,,,,,,,,,
trace-case5-paper,base,single,rarity_only,native,0.99,False,0,unavailable,required_reference_metric_unavailable,,,,,,,,,,,,,,,1.0,1.0,0.9310344827586207,,,,,,,,,,,,,
trace-case5-paper,base,single,rarity_only,native,0.99,True,0,unavailable,required_reference_metric_unavailable,,,,,,,,,,,,,,,1.0,1.0,0.9310344827586207,,,,,,,,,,,,,
trace-case5-paper,base,single,rarity_only,native,1.0,False,0,unavailable,required_reference_metric_unavailable,,,,,,,,,,,,,,,1.0,1.0,0.9310344827586207,,,,,,,,,,,,,
trace-case5-paper,base,single,rarity_only,native,1.0,True,0,unavailable,required_reference_metric_unavailable,,,,,,,,,,,,,,,1.0,1.0,0.9310344827586207,,,,,,,,,,,,,
trace-case5-paper,base,single,rarity_only,augmented,0.9,False,0,met,,,137762,123662,0.10235043045251957,0.10235043045251957,0.9354838709677419,29,31,1.0,3,3,1.0,3,3,1.0,1.0,0.9354838709677419,,,,,,,,,,,,,
trace-case5-paper,base,single,rarity_only,augmented,0.9,True,0,met,,,137762,123662,0.10235043045251957,0.10235043045251957,0.9354838709677419,29,31,1.0,3,3,1.0,3,3,1.0,1.0,0.9354838709677419,,,,,,,,,,,,,
trace-case5-paper,base,single,rarity_only,augmented,0.95,False,0,unmet,temporal_event_ceiling,0.9354838709677419,,,,,,,,,,,,,,1.0,1.0,0.9354838709677419,137762,123662,0.10235043045251957,0.10235043045251957,0.9354838709677419,29,31,1.0,3,3,1.0,3,3
trace-case5-paper,base,single,rarity_only,augmented,0.95,True,0,unmet,temporal_event_ceiling,0.9354838709677419,,,,,,,,,,,,,,1.0,1.0,0.9354838709677419,137762,123662,0.10235043045251957,0.10235043045251957,0.9354838709677419,29,31,1.0,3,3,1.0,3,3
trace-case5-paper,base,single,rarity_only,augmented,0.99,False,0,unmet,temporal_event_ceiling,0.9354838709677419,,,,,,,,,,,,,,1.0,1.0,0.9354838709677419,137762,123662,0.10235043045251957,0.10235043045251957,0.9354838709677419,29,31,1.0,3,3,1.0,3,3
trace-case5-paper,base,single,rarity_only,augmented,0.99,True,0,unmet,temporal_event_ceiling,0.9354838709677419,,,,,,,,,,,,,,1.0,1.0,0.9354838709677419,137762,123662,0.10235043045251957,0.10235043045251957,0.9354838709677419,29,31,1.0,3,3,1.0,3,3
trace-case5-paper,base,single,rarity_only,augmented,1.0,False,0,unmet,temporal_event_ceiling,0.9354838709677419,,,,,,,,,,,,,,1.0,1.0,0.9354838709677419,137762,123662,0.10235043045251957,0.10235043045251957,0.9354838709677419,29,31,1.0,3,3,1.0,3,3
trace-case5-paper,base,single,rarity_only,augmented,1.0,True,0,unmet,temporal_event_ceiling,0.9354838709677419,,,,,,,,,,,,,,1.0,1.0,0.9354838709677419,137762,123662,0.10235043045251957,0.10235043045251957,0.9354838709677419,29,31,1.0,3,3,1.0,3,3
trace-case5-paper,base,single,diffusion_only,native,0.9,False,0,unavailable,required_reference_metric_unavailable,,,,,,,,,,,,,,,1.0,1.0,0.9310344827586207,,,,,,,,,,,,,
trace-case5-paper,base,single,diffusion_only,native,0.9,True,0,unavailable,required_reference_metric_unavailable,,,,,,,,,,,,,,,1.0,1.0,0.9310344827586207,,,,,,,,,,,,,
trace-case5-paper,base,single,diffusion_only,native,0.95,False,0,unavailable,required_reference_metric_unavailable,,,,,,,,,,,,,,,1.0,1.0,0.9310344827586207,,,,,,,,,,,,,
trace-case5-paper,base,single,diffusion_only,native,0.95,True,0,unavailable,required_reference_metric_unavailable,,,,,,,,,,,,,,,1.0,1.0,0.9310344827586207,,,,,,,,,,,,,
trace-case5-paper,base,single,diffusion_only,native,0.99,False,0,unavailable,required_reference_metric_unavailable,,,,,,,,,,,,,,,1.0,1.0,0.9310344827586207,,,,,,,,,,,,,
trace-case5-paper,base,single,diffusion_only,native,0.99,True,0,unavailable,required_reference_metric_unavailable,,,,,,,,,,,,,,,1.0,1.0,0.9310344827586207,,,,,,,,,,,,,
trace-case5-paper,base,single,diffusion_only,native,1.0,False,0,unavailable,required_reference_metric_unavailable,,,,,,,,,,,,,,,1.0,1.0,0.9310344827586207,,,,,,,,,,,,,
trace-case5-paper,base,single,diffusion_only,native,1.0,True,0,unavailable,required_reference_metric_unavailable,,,,,,,,,,,,,,,1.0,1.0,0.9310344827586207,,,,,,,,,,,,,
trace-case5-paper,base,single,diffusion_only,augmented,0.9,False,0,met,,,68881,68881,0.5,0.5,0.9354838709677419,29,31,1.0,3,3,1.0,3,3,1.0,1.0,0.9354838709677419,,,,,,,,,,,,,
trace-case5-paper,base,single,diffusion_only,augmented,0.9,True,0,met,,,68881,68881,0.5,0.5,0.9354838709677419,29,31,1.0,3,3,1.0,3,3,1.0,1.0,0.9354838709677419,,,,,,,,,,,,,
trace-case5-paper,base,single,diffusion_only,augmented,0.95,False,0,unmet,temporal_event_ceiling,0.9354838709677419,,,,,,,,,,,,,,1.0,1.0,0.9354838709677419,68881,68881,0.5,0.5,0.9354838709677419,29,31,1.0,3,3,1.0,3,3
trace-case5-paper,base,single,diffusion_only,augmented,0.95,True,0,unmet,temporal_event_ceiling,0.9354838709677419,,,,,,,,,,,,,,1.0,1.0,0.9354838709677419,68881,68881,0.5,0.5,0.9354838709677419,29,31,1.0,3,3,1.0,3,3
trace-case5-paper,base,single,diffusion_only,augmented,0.99,False,0,unmet,temporal_event_ceiling,0.9354838709677419,,,,,,,,,,,,,,1.0,1.0,0.9354838709677419,68881,68881,0.5,0.5,0.9354838709677419,29,31,1.0,3,3,1.0,3,3
trace-case5-paper,base,single,diffusion_only,augmented,0.99,True,0,unmet,temporal_event_ceiling,0.9354838709677419,,,,,,,,,,,,,,1.0,1.0,0.9354838709677419,68881,68881,0.5,0.5,0.9354838709677419,29,31,1.0,3,3,1.0,3,3
trace-case5-paper,base,single,diffusion_only,augmented,1.0,False,0,unmet,temporal_event_ceiling,0.9354838709677419,,,,,,,,,,,,,,1.0,1.0,0.9354838709677419,68881,68881,0.5,0.5,0.9354838709677419,29,31,1.0,3,3,1.0,3,3
trace-case5-paper,base,single,diffusion_only,augmented,1.0,True,0,unmet,temporal_event_ceiling,0.9354838709677419,,,,,,,,,,,,,,1.0,1.0,0.9354838709677419,68881,68881,0.5,0.5,0.9354838709677419,29,31,1.0,3,3,1.0,3,3
trace-case5-paper,base,single,rasp,native,0.9,False,0,unavailable,required_reference_metric_unavailable,,,,,,,,,,,,,,,1.0,1.0,0.9310344827586207,,,,,,,,,,,,,
trace-case5-paper,base,single,rasp,native,0.9,True,0,unavailable,required_reference_metric_unavailable,,,,,,,,,,,,,,,1.0,1.0,0.9310344827586207,,,,,,,,,,,,,
trace-case5-paper,base,single,rasp,native,0.95,False,0,unavailable,required_reference_metric_unavailable,,,,,,,,,,,,,,,1.0,1.0,0.9310344827586207,,,,,,,,,,,,,
trace-case5-paper,base,single,rasp,native,0.95,True,0,unavailable,required_reference_metric_unavailable,,,,,,,,,,,,,,,1.0,1.0,0.9310344827586207,,,,,,,,,,,,,
trace-case5-paper,base,single,rasp,native,0.99,False,0,unavailable,required_reference_metric_unavailable,,,,,,,,,,,,,,,1.0,1.0,0.9310344827586207,,,,,,,,,,,,,
trace-case5-paper,base,single,rasp,native,0.99,True,0,unavailable,required_reference_metric_unavailable,,,,,,,,,,,,,,,1.0,1.0,0.9310344827586207,,,,,,,,,,,,,
trace-case5-paper,base,single,rasp,native,1.0,False,0,unavailable,required_reference_metric_unavailable,,,,,,,,,,,,,,,1.0,1.0,0.9310344827586207,,,,,,,,,,,,,
trace-case5-paper,base,single,rasp,native,1.0,True,0,unavailable,required_reference_metric_unavailable,,,,,,,,,,,,,,,1.0,1.0,0.9310344827586207,,,,,,,,,,,,,
trace-case5-paper,base,single,rasp,augmented,0.9,False,0,met,,,68881,68881,0.5,0.5,0.9354838709677419,29,31,1.0,3,3,1.0,3,3,1.0,1.0,0.9354838709677419,,,,,,,,,,,,,
trace-case5-paper,base,single,rasp,augmented,0.9,True,0,met,,,68881,68881,0.5,0.5,0.9354838709677419,29,31,1.0,3,3,1.0,3,3,1.0,1.0,0.9354838709677419,,,,,,,,,,,,,
trace-case5-paper,base,single,rasp,augmented,0.95,False,0,unmet,temporal_event_ceiling,0.9354838709677419,,,,,,,,,,,,,,1.0,1.0,0.9354838709677419,68881,68881,0.5,0.5,0.9354838709677419,29,31,1.0,3,3,1.0,3,3
trace-case5-paper,base,single,rasp,augmented,0.95,True,0,unmet,temporal_event_ceiling,0.9354838709677419,,,,,,,,,,,,,,1.0,1.0,0.9354838709677419,68881,68881,0.5,0.5,0.9354838709677419,29,31,1.0,3,3,1.0,3,3
trace-case5-paper,base,single,rasp,augmented,0.99,False,0,unmet,temporal_event_ceiling,0.9354838709677419,,,,,,,,,,,,,,1.0,1.0,0.9354838709677419,68881,68881,0.5,0.5,0.9354838709677419,29,31,1.0,3,3,1.0,3,3
trace-case5-paper,base,single,rasp,augmented,0.99,True,0,unmet,temporal_event_ceiling,0.9354838709677419,,,,,,,,,,,,,,1.0,1.0,0.9354838709677419,68881,68881,0.5,0.5,0.9354838709677419,29,31,1.0,3,3,1.0,3,3
trace-case5-paper,base,single,rasp,augmented,1.0,False,0,unmet,temporal_event_ceiling,0.9354838709677419,,,,,,,,,,,,,,1.0,1.0,0.9354838709677419,68881,68881,0.5,0.5,0.9354838709677419,29,31,1.0,3,3,1.0,3,3
trace-case5-paper,base,single,rasp,augmented,1.0,True,0,unmet,temporal_event_ceiling,0.9354838709677419,,,,,,,,,,,,,,1.0,1.0,0.9354838709677419,68881,68881,0.5,0.5,0.9354838709677419,29,31,1.0,3,3,1.0,3,3
trace-case5-paper,base,single,context_v1,native,0.9,False,0,unavailable,required_reference_metric_unavailable,,,,,,,,,,,,,,,1.0,1.0,0.9310344827586207,,,,,,,,,,,,,
trace-case5-paper,base,single,context_v1,native,0.9,True,0,unavailable,required_reference_metric_unavailable,,,,,,,,,,,,,,,1.0,1.0,0.9310344827586207,,,,,,,,,,,,,
trace-case5-paper,base,single,context_v1,native,0.95,False,0,unavailable,required_reference_metric_unavailable,,,,,,,,,,,,,,,1.0,1.0,0.9310344827586207,,,,,,,,,,,,,
trace-case5-paper,base,single,context_v1,native,0.95,True,0,unavailable,required_reference_metric_unavailable,,,,,,,,,,,,,,,1.0,1.0,0.9310344827586207,,,,,,,,,,,,,
trace-case5-paper,base,single,context_v1,native,0.99,False,0,unavailable,required_reference_metric_unavailable,,,,,,,,,,,,,,,1.0,1.0,0.9310344827586207,,,,,,,,,,,,,
trace-case5-paper,base,single,context_v1,native,0.99,True,0,unavailable,required_reference_metric_unavailable,,,,,,,,,,,,,,,1.0,1.0,0.9310344827586207,,,,,,,,,,,,,
trace-case5-paper,base,single,context_v1,native,1.0,False,0,unavailable,required_reference_metric_unavailable,,,,,,,,,,,,,,,1.0,1.0,0.9310344827586207,,,,,,,,,,,,,
trace-case5-paper,base,single,context_v1,native,1.0,True,0,unavailable,required_reference_metric_unavailable,,,,,,,,,,,,,,,1.0,1.0,0.9310344827586207,,,,,,,,,,,,,
trace-case5-paper,base,single,context_v1,augmented,0.9,False,0,met,,,68881,68881,0.5,0.5,0.9354838709677419,29,31,1.0,3,3,1.0,3,3,1.0,1.0,0.9354838709677419,,,,,,,,,,,,,
trace-case5-paper,base,single,context_v1,augmented,0.9,True,0,met,,,68881,68881,0.5,0.5,0.9354838709677419,29,31,1.0,3,3,1.0,3,3,1.0,1.0,0.9354838709677419,,,,,,,,,,,,,
trace-case5-paper,base,single,context_v1,augmented,0.95,False,0,unmet,temporal_event_ceiling,0.9354838709677419,,,,,,,,,,,,,,1.0,1.0,0.9354838709677419,68881,68881,0.5,0.5,0.9354838709677419,29,31,1.0,3,3,1.0,3,3
trace-case5-paper,base,single,context_v1,augmented,0.95,True,0,unmet,temporal_event_ceiling,0.9354838709677419,,,,,,,,,,,,,,1.0,1.0,0.9354838709677419,68881,68881,0.5,0.5,0.9354838709677419,29,31,1.0,3,3,1.0,3,3
trace-case5-paper,base,single,context_v1,augmented,0.99,False,0,unmet,temporal_event_ceiling,0.9354838709677419,,,,,,,,,,,,,,1.0,1.0,0.9354838709677419,68881,68881,0.5,0.5,0.9354838709677419,29,31,1.0,3,3,1.0,3,3
trace-case5-paper,base,single,context_v1,augmented,0.99,True,0,unmet,temporal_event_ceiling,0.9354838709677419,,,,,,,,,,,,,,1.0,1.0,0.9354838709677419,68881,68881,0.5,0.5,0.9354838709677419,29,31,1.0,3,3,1.0,3,3
trace-case5-paper,base,single,context_v1,augmented,1.0,False,0,unmet,temporal_event_ceiling,0.9354838709677419,,,,,,,,,,,,,,1.0,1.0,0.9354838709677419,68881,68881,0.5,0.5,0.9354838709677419,29,31,1.0,3,3,1.0,3,3
trace-case5-paper,base,single,context_v1,augmented,1.0,True,0,unmet,temporal_event_ceiling,0.9354838709677419,,,,,,,,,,,,,,1.0,1.0,0.9354838709677419,68881,68881,0.5,0.5,0.9354838709677419,29,31,1.0,3,3,1.0,3,3
trace-case5-paper,base,single,reliability,native,0.9,False,0,unavailable,required_reference_metric_unavailable,,,,,,,,,,,,,,,1.0,1.0,0.9310344827586207,,,,,,,,,,,,,
trace-case5-paper,base,single,reliability,native,0.9,True,0,unavailable,required_reference_metric_unavailable,,,,,,,,,,,,,,,1.0,1.0,0.9310344827586207,,,,,,,,,,,,,
trace-case5-paper,base,single,reliability,native,0.95,False,0,unavailable,required_reference_metric_unavailable,,,,,,,,,,,,,,,1.0,1.0,0.9310344827586207,,,,,,,,,,,,,
trace-case5-paper,base,single,reliability,native,0.95,True,0,unavailable,required_reference_metric_unavailable,,,,,,,,,,,,,,,1.0,1.0,0.9310344827586207,,,,,,,,,,,,,
trace-case5-paper,base,single,reliability,native,0.99,False,0,unavailable,required_reference_metric_unavailable,,,,,,,,,,,,,,,1.0,1.0,0.9310344827586207,,,,,,,,,,,,,
trace-case5-paper,base,single,reliability,native,0.99,True,0,unavailable,required_reference_metric_unavailable,,,,,,,,,,,,,,,1.0,1.0,0.9310344827586207,,,,,,,,,,,,,
trace-case5-paper,base,single,reliability,native,1.0,False,0,unavailable,required_reference_metric_unavailable,,,,,,,,,,,,,,,1.0,1.0,0.9310344827586207,,,,,,,,,,,,,
trace-case5-paper,base,single,reliability,native,1.0,True,0,unavailable,required_reference_metric_unavailable,,,,,,,,,,,,,,,1.0,1.0,0.9310344827586207,,,,,,,,,,,,,
trace-case5-paper,base,single,reliability,augmented,0.9,False,0,met,,,68881,68881,0.5,0.5,0.9354838709677419,29,31,1.0,3,3,1.0,3,3,1.0,1.0,0.9354838709677419,,,,,,,,,,,,,
trace-case5-paper,base,single,reliability,augmented,0.9,True,0,met,,,68881,68881,0.5,0.5,0.9354838709677419,29,31,1.0,3,3,1.0,3,3,1.0,1.0,0.9354838709677419,,,,,,,,,,,,,
trace-case5-paper,base,single,reliability,augmented,0.95,False,0,unmet,temporal_event_ceiling,0.9354838709677419,,,,,,,,,,,,,,1.0,1.0,0.9354838709677419,68881,68881,0.5,0.5,0.9354838709677419,29,31,1.0,3,3,1.0,3,3
trace-case5-paper,base,single,reliability,augmented,0.95,True,0,unmet,temporal_event_ceiling,0.9354838709677419,,,,,,,,,,,,,,1.0,1.0,0.9354838709677419,68881,68881,0.5,0.5,0.9354838709677419,29,31,1.0,3,3,1.0,3,3
trace-case5-paper,base,single,reliability,augmented,0.99,False,0,unmet,temporal_event_ceiling,0.9354838709677419,,,,,,,,,,,,,,1.0,1.0,0.9354838709677419,68881,68881,0.5,0.5,0.9354838709677419,29,31,1.0,3,3,1.0,3,3
trace-case5-paper,base,single,reliability,augmented,0.99,True,0,unmet,temporal_event_ceiling,0.9354838709677419,,,,,,,,,,,,,,1.0,1.0,0.9354838709677419,68881,68881,0.5,0.5,0.9354838709677419,29,31,1.0,3,3,1.0,3,3
trace-case5-paper,base,single,reliability,augmented,1.0,False,0,unmet,temporal_event_ceiling,0.9354838709677419,,,,,,,,,,,,,,1.0,1.0,0.9354838709677419,68881,68881,0.5,0.5,0.9354838709677419,29,31,1.0,3,3,1.0,3,3
trace-case5-paper,base,single,reliability,augmented,1.0,True,0,unmet,temporal_event_ceiling,0.9354838709677419,,,,,,,,,,,,,,1.0,1.0,0.9354838709677419,68881,68881,0.5,0.5,0.9354838709677419,29,31,1.0,3,3,1.0,3,3
trace-case5-paper,base,single,adaptive_v1,native,0.9,False,0,unavailable,required_reference_metric_unavailable,,,,,,,,,,,,,,,1.0,1.0,0.9310344827586207,,,,,,,,,,,,,
trace-case5-paper,base,single,adaptive_v1,native,0.9,True,0,unavailable,required_reference_metric_unavailable,,,,,,,,,,,,,,,1.0,1.0,0.9310344827586207,,,,,,,,,,,,,
trace-case5-paper,base,single,adaptive_v1,native,0.95,False,0,unavailable,required_reference_metric_unavailable,,,,,,,,,,,,,,,1.0,1.0,0.9310344827586207,,,,,,,,,,,,,
trace-case5-paper,base,single,adaptive_v1,native,0.95,True,0,unavailable,required_reference_metric_unavailable,,,,,,,,,,,,,,,1.0,1.0,0.9310344827586207,,,,,,,,,,,,,
trace-case5-paper,base,single,adaptive_v1,native,0.99,False,0,unavailable,required_reference_metric_unavailable,,,,,,,,,,,,,,,1.0,1.0,0.9310344827586207,,,,,,,,,,,,,
trace-case5-paper,base,single,adaptive_v1,native,0.99,True,0,unavailable,required_reference_metric_unavailable,,,,,,,,,,,,,,,1.0,1.0,0.9310344827586207,,,,,,,,,,,,,
trace-case5-paper,base,single,adaptive_v1,native,1.0,False,0,unavailable,required_reference_metric_unavailable,,,,,,,,,,,,,,,1.0,1.0,0.9310344827586207,,,,,,,,,,,,,
trace-case5-paper,base,single,adaptive_v1,native,1.0,True,0,unavailable,required_reference_metric_unavailable,,,,,,,,,,,,,,,1.0,1.0,0.9310344827586207,,,,,,,,,,,,,
trace-case5-paper,base,single,adaptive_v1,augmented,0.9,False,0,met,,,68881,68881,0.5,0.5,0.9354838709677419,29,31,1.0,3,3,1.0,3,3,1.0,1.0,0.9354838709677419,,,,,,,,,,,,,
trace-case5-paper,base,single,adaptive_v1,augmented,0.9,True,0,met,,,68881,68881,0.5,0.5,0.9354838709677419,29,31,1.0,3,3,1.0,3,3,1.0,1.0,0.9354838709677419,,,,,,,,,,,,,
trace-case5-paper,base,single,adaptive_v1,augmented,0.95,False,0,unmet,temporal_event_ceiling,0.9354838709677419,,,,,,,,,,,,,,1.0,1.0,0.9354838709677419,68881,68881,0.5,0.5,0.9354838709677419,29,31,1.0,3,3,1.0,3,3
trace-case5-paper,base,single,adaptive_v1,augmented,0.95,True,0,unmet,temporal_event_ceiling,0.9354838709677419,,,,,,,,,,,,,,1.0,1.0,0.9354838709677419,68881,68881,0.5,0.5,0.9354838709677419,29,31,1.0,3,3,1.0,3,3
trace-case5-paper,base,single,adaptive_v1,augmented,0.99,False,0,unmet,temporal_event_ceiling,0.9354838709677419,,,,,,,,,,,,,,1.0,1.0,0.9354838709677419,68881,68881,0.5,0.5,0.9354838709677419,29,31,1.0,3,3,1.0,3,3
trace-case5-paper,base,single,adaptive_v1,augmented,0.99,True,0,unmet,temporal_event_ceiling,0.9354838709677419,,,,,,,,,,,,,,1.0,1.0,0.9354838709677419,68881,68881,0.5,0.5,0.9354838709677419,29,31,1.0,3,3,1.0,3,3
trace-case5-paper,base,single,adaptive_v1,augmented,1.0,False,0,unmet,temporal_event_ceiling,0.9354838709677419,,,,,,,,,,,,,,1.0,1.0,0.9354838709677419,68881,68881,0.5,0.5,0.9354838709677419,29,31,1.0,3,3,1.0,3,3
trace-case5-paper,base,single,adaptive_v1,augmented,1.0,True,0,unmet,temporal_event_ceiling,0.9354838709677419,,,,,,,,,,,,,,1.0,1.0,0.9354838709677419,68881,68881,0.5,0.5,0.9354838709677419,29,31,1.0,3,3,1.0,3,3
trace-case5-paper,base,single,reliability_chain,native,0.9,False,0,unavailable,required_reference_metric_unavailable,,,,,,,,,,,,,,,1.0,1.0,0.9310344827586207,,,,,,,,,,,,,
trace-case5-paper,base,single,reliability_chain,native,0.9,True,0,unavailable,required_reference_metric_unavailable,,,,,,,,,,,,,,,1.0,1.0,0.9310344827586207,,,,,,,,,,,,,
trace-case5-paper,base,single,reliability_chain,native,0.95,False,0,unavailable,required_reference_metric_unavailable,,,,,,,,,,,,,,,1.0,1.0,0.9310344827586207,,,,,,,,,,,,,
trace-case5-paper,base,single,reliability_chain,native,0.95,True,0,unavailable,required_reference_metric_unavailable,,,,,,,,,,,,,,,1.0,1.0,0.9310344827586207,,,,,,,,,,,,,
trace-case5-paper,base,single,reliability_chain,native,0.99,False,0,unavailable,required_reference_metric_unavailable,,,,,,,,,,,,,,,1.0,1.0,0.9310344827586207,,,,,,,,,,,,,
trace-case5-paper,base,single,reliability_chain,native,0.99,True,0,unavailable,required_reference_metric_unavailable,,,,,,,,,,,,,,,1.0,1.0,0.9310344827586207,,,,,,,,,,,,,
trace-case5-paper,base,single,reliability_chain,native,1.0,False,0,unavailable,required_reference_metric_unavailable,,,,,,,,,,,,,,,1.0,1.0,0.9310344827586207,,,,,,,,,,,,,
trace-case5-paper,base,single,reliability_chain,native,1.0,True,0,unavailable,required_reference_metric_unavailable,,,,,,,,,,,,,,,1.0,1.0,0.9310344827586207,,,,,,,,,,,,,
trace-case5-paper,base,single,reliability_chain,augmented,0.9,False,0,met,,,68881,68881,0.5,0.5,0.9354838709677419,29,31,1.0,3,3,1.0,3,3,1.0,1.0,0.9354838709677419,,,,,,,,,,,,,
trace-case5-paper,base,single,reliability_chain,augmented,0.9,True,0,met,,,68881,68881,0.5,0.5,0.9354838709677419,29,31,1.0,3,3,1.0,3,3,1.0,1.0,0.9354838709677419,,,,,,,,,,,,,
trace-case5-paper,base,single,reliability_chain,augmented,0.95,False,0,unmet,temporal_event_ceiling,0.9354838709677419,,,,,,,,,,,,,,1.0,1.0,0.9354838709677419,68881,68881,0.5,0.5,0.9354838709677419,29,31,1.0,3,3,1.0,3,3
trace-case5-paper,base,single,reliability_chain,augmented,0.95,True,0,unmet,temporal_event_ceiling,0.9354838709677419,,,,,,,,,,,,,,1.0,1.0,0.9354838709677419,68881,68881,0.5,0.5,0.9354838709677419,29,31,1.0,3,3,1.0,3,3
trace-case5-paper,base,single,reliability_chain,augmented,0.99,False,0,unmet,temporal_event_ceiling,0.9354838709677419,,,,,,,,,,,,,,1.0,1.0,0.9354838709677419,68881,68881,0.5,0.5,0.9354838709677419,29,31,1.0,3,3,1.0,3,3
trace-case5-paper,base,single,reliability_chain,augmented,0.99,True,0,unmet,temporal_event_ceiling,0.9354838709677419,,,,,,,,,,,,,,1.0,1.0,0.9354838709677419,68881,68881,0.5,0.5,0.9354838709677419,29,31,1.0,3,3,1.0,3,3
trace-case5-paper,base,single,reliability_chain,augmented,1.0,False,0,unmet,temporal_event_ceiling,0.9354838709677419,,,,,,,,,,,,,,1.0,1.0,0.9354838709677419,68881,68881,0.5,0.5,0.9354838709677419,29,31,1.0,3,3,1.0,3,3
trace-case5-paper,base,single,reliability_chain,augmented,1.0,True,0,unmet,temporal_event_ceiling,0.9354838709677419,,,,,,,,,,,,,,1.0,1.0,0.9354838709677419,68881,68881,0.5,0.5,0.9354838709677419,29,31,1.0,3,3,1.0,3,3
trace-case5-paper,base,declared,rarity_only,native,0.9,False,0,unavailable,required_reference_metric_unavailable,,,,,,,,,,,,,,,1.0,1.0,0.9310344827586207,,,,,,,,,,,,,
trace-case5-paper,base,declared,rarity_only,native,0.9,True,0,unavailable,required_reference_metric_unavailable,,,,,,,,,,,,,,,1.0,1.0,0.9310344827586207,,,,,,,,,,,,,
trace-case5-paper,base,declared,rarity_only,native,0.95,False,0,unavailable,required_reference_metric_unavailable,,,,,,,,,,,,,,,1.0,1.0,0.9310344827586207,,,,,,,,,,,,,
trace-case5-paper,base,declared,rarity_only,native,0.95,True,0,unavailable,required_reference_metric_unavailable,,,,,,,,,,,,,,,1.0,1.0,0.9310344827586207,,,,,,,,,,,,,
trace-case5-paper,base,declared,rarity_only,native,0.99,False,0,unavailable,required_reference_metric_unavailable,,,,,,,,,,,,,,,1.0,1.0,0.9310344827586207,,,,,,,,,,,,,
trace-case5-paper,base,declared,rarity_only,native,0.99,True,0,unavailable,required_reference_metric_unavailable,,,,,,,,,,,,,,,1.0,1.0,0.9310344827586207,,,,,,,,,,,,,
trace-case5-paper,base,declared,rarity_only,native,1.0,False,0,unavailable,required_reference_metric_unavailable,,,,,,,,,,,,,,,1.0,1.0,0.9310344827586207,,,,,,,,,,,,,
trace-case5-paper,base,declared,rarity_only,native,1.0,True,0,unavailable,required_reference_metric_unavailable,,,,,,,,,,,,,,,1.0,1.0,0.9310344827586207,,,,,,,,,,,,,
trace-case5-paper,base,declared,rarity_only,augmented,0.9,False,0,met,,,137762,123662,0.10235043045251957,0.10235043045251957,0.9354838709677419,29,31,1.0,3,3,1.0,3,3,1.0,1.0,0.9354838709677419,,,,,,,,,,,,,
trace-case5-paper,base,declared,rarity_only,augmented,0.9,True,0,met,,,137762,123662,0.10235043045251957,0.10235043045251957,0.9354838709677419,29,31,1.0,3,3,1.0,3,3,1.0,1.0,0.9354838709677419,,,,,,,,,,,,,
trace-case5-paper,base,declared,rarity_only,augmented,0.95,False,0,unmet,temporal_event_ceiling,0.9354838709677419,,,,,,,,,,,,,,1.0,1.0,0.9354838709677419,137762,123662,0.10235043045251957,0.10235043045251957,0.9354838709677419,29,31,1.0,3,3,1.0,3,3
trace-case5-paper,base,declared,rarity_only,augmented,0.95,True,0,unmet,temporal_event_ceiling,0.9354838709677419,,,,,,,,,,,,,,1.0,1.0,0.9354838709677419,137762,123662,0.10235043045251957,0.10235043045251957,0.9354838709677419,29,31,1.0,3,3,1.0,3,3
trace-case5-paper,base,declared,rarity_only,augmented,0.99,False,0,unmet,temporal_event_ceiling,0.9354838709677419,,,,,,,,,,,,,,1.0,1.0,0.9354838709677419,137762,123662,0.10235043045251957,0.10235043045251957,0.9354838709677419,29,31,1.0,3,3,1.0,3,3
trace-case5-paper,base,declared,rarity_only,augmented,0.99,True,0,unmet,temporal_event_ceiling,0.9354838709677419,,,,,,,,,,,,,,1.0,1.0,0.9354838709677419,137762,123662,0.10235043045251957,0.10235043045251957,0.9354838709677419,29,31,1.0,3,3,1.0,3,3
trace-case5-paper,base,declared,rarity_only,augmented,1.0,False,0,unmet,temporal_event_ceiling,0.9354838709677419,,,,,,,,,,,,,,1.0,1.0,0.9354838709677419,137762,123662,0.10235043045251957,0.10235043045251957,0.9354838709677419,29,31,1.0,3,3,1.0,3,3
trace-case5-paper,base,declared,rarity_only,augmented,1.0,True,0,unmet,temporal_event_ceiling,0.9354838709677419,,,,,,,,,,,,,,1.0,1.0,0.9354838709677419,137762,123662,0.10235043045251957,0.10235043045251957,0.9354838709677419,29,31,1.0,3,3,1.0,3,3
trace-case5-paper,base,declared,diffusion_only,native,0.9,False,0,unavailable,required_reference_metric_unavailable,,,,,,,,,,,,,,,1.0,1.0,0.9310344827586207,,,,,,,,,,,,,
trace-case5-paper,base,declared,diffusion_only,native,0.9,True,0,unavailable,required_reference_metric_unavailable,,,,,,,,,,,,,,,1.0,1.0,0.9310344827586207,,,,,,,,,,,,,
trace-case5-paper,base,declared,diffusion_only,native,0.95,False,0,unavailable,required_reference_metric_unavailable,,,,,,,,,,,,,,,1.0,1.0,0.9310344827586207,,,,,,,,,,,,,
trace-case5-paper,base,declared,diffusion_only,native,0.95,True,0,unavailable,required_reference_metric_unavailable,,,,,,,,,,,,,,,1.0,1.0,0.9310344827586207,,,,,,,,,,,,,
trace-case5-paper,base,declared,diffusion_only,native,0.99,False,0,unavailable,required_reference_metric_unavailable,,,,,,,,,,,,,,,1.0,1.0,0.9310344827586207,,,,,,,,,,,,,
trace-case5-paper,base,declared,diffusion_only,native,0.99,True,0,unavailable,required_reference_metric_unavailable,,,,,,,,,,,,,,,1.0,1.0,0.9310344827586207,,,,,,,,,,,,,
trace-case5-paper,base,declared,diffusion_only,native,1.0,False,0,unavailable,required_reference_metric_unavailable,,,,,,,,,,,,,,,1.0,1.0,0.9310344827586207,,,,,,,,,,,,,
trace-case5-paper,base,declared,diffusion_only,native,1.0,True,0,unavailable,required_reference_metric_unavailable,,,,,,,,,,,,,,,1.0,1.0,0.9310344827586207,,,,,,,,,,,,,
trace-case5-paper,base,declared,diffusion_only,augmented,0.9,False,0,met,,,68881,68881,0.5,0.5,0.9354838709677419,29,31,1.0,3,3,1.0,3,3,1.0,1.0,0.9354838709677419,,,,,,,,,,,,,
trace-case5-paper,base,declared,diffusion_only,augmented,0.9,True,0,met,,,68881,68881,0.5,0.5,0.9354838709677419,29,31,1.0,3,3,1.0,3,3,1.0,1.0,0.9354838709677419,,,,,,,,,,,,,
trace-case5-paper,base,declared,diffusion_only,augmented,0.95,False,0,unmet,temporal_event_ceiling,0.9354838709677419,,,,,,,,,,,,,,1.0,1.0,0.9354838709677419,68881,68881,0.5,0.5,0.9354838709677419,29,31,1.0,3,3,1.0,3,3
trace-case5-paper,base,declared,diffusion_only,augmented,0.95,True,0,unmet,temporal_event_ceiling,0.9354838709677419,,,,,,,,,,,,,,1.0,1.0,0.9354838709677419,68881,68881,0.5,0.5,0.9354838709677419,29,31,1.0,3,3,1.0,3,3
trace-case5-paper,base,declared,diffusion_only,augmented,0.99,False,0,unmet,temporal_event_ceiling,0.9354838709677419,,,,,,,,,,,,,,1.0,1.0,0.9354838709677419,68881,68881,0.5,0.5,0.9354838709677419,29,31,1.0,3,3,1.0,3,3
trace-case5-paper,base,declared,diffusion_only,augmented,0.99,True,0,unmet,temporal_event_ceiling,0.9354838709677419,,,,,,,,,,,,,,1.0,1.0,0.9354838709677419,68881,68881,0.5,0.5,0.9354838709677419,29,31,1.0,3,3,1.0,3,3
trace-case5-paper,base,declared,diffusion_only,augmented,1.0,False,0,unmet,temporal_event_ceiling,0.9354838709677419,,,,,,,,,,,,,,1.0,1.0,0.9354838709677419,68881,68881,0.5,0.5,0.9354838709677419,29,31,1.0,3,3,1.0,3,3
trace-case5-paper,base,declared,diffusion_only,augmented,1.0,True,0,unmet,temporal_event_ceiling,0.9354838709677419,,,,,,,,,,,,,,1.0,1.0,0.9354838709677419,68881,68881,0.5,0.5,0.9354838709677419,29,31,1.0,3,3,1.0,3,3
trace-case5-paper,base,declared,rasp,native,0.9,False,0,unavailable,required_reference_metric_unavailable,,,,,,,,,,,,,,,1.0,1.0,0.9310344827586207,,,,,,,,,,,,,
trace-case5-paper,base,declared,rasp,native,0.9,True,0,unavailable,required_reference_metric_unavailable,,,,,,,,,,,,,,,1.0,1.0,0.9310344827586207,,,,,,,,,,,,,
trace-case5-paper,base,declared,rasp,native,0.95,False,0,unavailable,required_reference_metric_unavailable,,,,,,,,,,,,,,,1.0,1.0,0.9310344827586207,,,,,,,,,,,,,
trace-case5-paper,base,declared,rasp,native,0.95,True,0,unavailable,required_reference_metric_unavailable,,,,,,,,,,,,,,,1.0,1.0,0.9310344827586207,,,,,,,,,,,,,
trace-case5-paper,base,declared,rasp,native,0.99,False,0,unavailable,required_reference_metric_unavailable,,,,,,,,,,,,,,,1.0,1.0,0.9310344827586207,,,,,,,,,,,,,
trace-case5-paper,base,declared,rasp,native,0.99,True,0,unavailable,required_reference_metric_unavailable,,,,,,,,,,,,,,,1.0,1.0,0.9310344827586207,,,,,,,,,,,,,
trace-case5-paper,base,declared,rasp,native,1.0,False,0,unavailable,required_reference_metric_unavailable,,,,,,,,,,,,,,,1.0,1.0,0.9310344827586207,,,,,,,,,,,,,
trace-case5-paper,base,declared,rasp,native,1.0,True,0,unavailable,required_reference_metric_unavailable,,,,,,,,,,,,,,,1.0,1.0,0.9310344827586207,,,,,,,,,,,,,
trace-case5-paper,base,declared,rasp,augmented,0.9,False,0,met,,,68881,68881,0.5,0.5,0.9354838709677419,29,31,1.0,3,3,1.0,3,3,1.0,1.0,0.9354838709677419,,,,,,,,,,,,,
trace-case5-paper,base,declared,rasp,augmented,0.9,True,0,met,,,68881,68881,0.5,0.5,0.9354838709677419,29,31,1.0,3,3,1.0,3,3,1.0,1.0,0.9354838709677419,,,,,,,,,,,,,
trace-case5-paper,base,declared,rasp,augmented,0.95,False,0,unmet,temporal_event_ceiling,0.9354838709677419,,,,,,,,,,,,,,1.0,1.0,0.9354838709677419,68881,68881,0.5,0.5,0.9354838709677419,29,31,1.0,3,3,1.0,3,3
trace-case5-paper,base,declared,rasp,augmented,0.95,True,0,unmet,temporal_event_ceiling,0.9354838709677419,,,,,,,,,,,,,,1.0,1.0,0.9354838709677419,68881,68881,0.5,0.5,0.9354838709677419,29,31,1.0,3,3,1.0,3,3
trace-case5-paper,base,declared,rasp,augmented,0.99,False,0,unmet,temporal_event_ceiling,0.9354838709677419,,,,,,,,,,,,,,1.0,1.0,0.9354838709677419,68881,68881,0.5,0.5,0.9354838709677419,29,31,1.0,3,3,1.0,3,3
trace-case5-paper,base,declared,rasp,augmented,0.99,True,0,unmet,temporal_event_ceiling,0.9354838709677419,,,,,,,,,,,,,,1.0,1.0,0.9354838709677419,68881,68881,0.5,0.5,0.9354838709677419,29,31,1.0,3,3,1.0,3,3
trace-case5-paper,base,declared,rasp,augmented,1.0,False,0,unmet,temporal_event_ceiling,0.9354838709677419,,,,,,,,,,,,,,1.0,1.0,0.9354838709677419,68881,68881,0.5,0.5,0.9354838709677419,29,31,1.0,3,3,1.0,3,3
trace-case5-paper,base,declared,rasp,augmented,1.0,True,0,unmet,temporal_event_ceiling,0.9354838709677419,,,,,,,,,,,,,,1.0,1.0,0.9354838709677419,68881,68881,0.5,0.5,0.9354838709677419,29,31,1.0,3,3,1.0,3,3
trace-case5-paper,base,declared,context_v1,native,0.9,False,0,unavailable,required_reference_metric_unavailable,,,,,,,,,,,,,,,1.0,1.0,0.9310344827586207,,,,,,,,,,,,,
trace-case5-paper,base,declared,context_v1,native,0.9,True,0,unavailable,required_reference_metric_unavailable,,,,,,,,,,,,,,,1.0,1.0,0.9310344827586207,,,,,,,,,,,,,
trace-case5-paper,base,declared,context_v1,native,0.95,False,0,unavailable,required_reference_metric_unavailable,,,,,,,,,,,,,,,1.0,1.0,0.9310344827586207,,,,,,,,,,,,,
trace-case5-paper,base,declared,context_v1,native,0.95,True,0,unavailable,required_reference_metric_unavailable,,,,,,,,,,,,,,,1.0,1.0,0.9310344827586207,,,,,,,,,,,,,
trace-case5-paper,base,declared,context_v1,native,0.99,False,0,unavailable,required_reference_metric_unavailable,,,,,,,,,,,,,,,1.0,1.0,0.9310344827586207,,,,,,,,,,,,,
trace-case5-paper,base,declared,context_v1,native,0.99,True,0,unavailable,required_reference_metric_unavailable,,,,,,,,,,,,,,,1.0,1.0,0.9310344827586207,,,,,,,,,,,,,
trace-case5-paper,base,declared,context_v1,native,1.0,False,0,unavailable,required_reference_metric_unavailable,,,,,,,,,,,,,,,1.0,1.0,0.9310344827586207,,,,,,,,,,,,,
trace-case5-paper,base,declared,context_v1,native,1.0,True,0,unavailable,required_reference_metric_unavailable,,,,,,,,,,,,,,,1.0,1.0,0.9310344827586207,,,,,,,,,,,,,
trace-case5-paper,base,declared,context_v1,augmented,0.9,False,0,met,,,68881,68881,0.5,0.5,0.9354838709677419,29,31,1.0,3,3,1.0,3,3,1.0,1.0,0.9354838709677419,,,,,,,,,,,,,
trace-case5-paper,base,declared,context_v1,augmented,0.9,True,0,met,,,68881,68881,0.5,0.5,0.9354838709677419,29,31,1.0,3,3,1.0,3,3,1.0,1.0,0.9354838709677419,,,,,,,,,,,,,
trace-case5-paper,base,declared,context_v1,augmented,0.95,False,0,unmet,temporal_event_ceiling,0.9354838709677419,,,,,,,,,,,,,,1.0,1.0,0.9354838709677419,68881,68881,0.5,0.5,0.9354838709677419,29,31,1.0,3,3,1.0,3,3
trace-case5-paper,base,declared,context_v1,augmented,0.95,True,0,unmet,temporal_event_ceiling,0.9354838709677419,,,,,,,,,,,,,,1.0,1.0,0.9354838709677419,68881,68881,0.5,0.5,0.9354838709677419,29,31,1.0,3,3,1.0,3,3
trace-case5-paper,base,declared,context_v1,augmented,0.99,False,0,unmet,temporal_event_ceiling,0.9354838709677419,,,,,,,,,,,,,,1.0,1.0,0.9354838709677419,68881,68881,0.5,0.5,0.9354838709677419,29,31,1.0,3,3,1.0,3,3
trace-case5-paper,base,declared,context_v1,augmented,0.99,True,0,unmet,temporal_event_ceiling,0.9354838709677419,,,,,,,,,,,,,,1.0,1.0,0.9354838709677419,68881,68881,0.5,0.5,0.9354838709677419,29,31,1.0,3,3,1.0,3,3
trace-case5-paper,base,declared,context_v1,augmented,1.0,False,0,unmet,temporal_event_ceiling,0.9354838709677419,,,,,,,,,,,,,,1.0,1.0,0.9354838709677419,68881,68881,0.5,0.5,0.9354838709677419,29,31,1.0,3,3,1.0,3,3
trace-case5-paper,base,declared,context_v1,augmented,1.0,True,0,unmet,temporal_event_ceiling,0.9354838709677419,,,,,,,,,,,,,,1.0,1.0,0.9354838709677419,68881,68881,0.5,0.5,0.9354838709677419,29,31,1.0,3,3,1.0,3,3
trace-case5-paper,base,declared,reliability,native,0.9,False,0,unavailable,required_reference_metric_unavailable,,,,,,,,,,,,,,,1.0,1.0,0.9310344827586207,,,,,,,,,,,,,
trace-case5-paper,base,declared,reliability,native,0.9,True,0,unavailable,required_reference_metric_unavailable,,,,,,,,,,,,,,,1.0,1.0,0.9310344827586207,,,,,,,,,,,,,
trace-case5-paper,base,declared,reliability,native,0.95,False,0,unavailable,required_reference_metric_unavailable,,,,,,,,,,,,,,,1.0,1.0,0.9310344827586207,,,,,,,,,,,,,
trace-case5-paper,base,declared,reliability,native,0.95,True,0,unavailable,required_reference_metric_unavailable,,,,,,,,,,,,,,,1.0,1.0,0.9310344827586207,,,,,,,,,,,,,
trace-case5-paper,base,declared,reliability,native,0.99,False,0,unavailable,required_reference_metric_unavailable,,,,,,,,,,,,,,,1.0,1.0,0.9310344827586207,,,,,,,,,,,,,
trace-case5-paper,base,declared,reliability,native,0.99,True,0,unavailable,required_reference_metric_unavailable,,,,,,,,,,,,,,,1.0,1.0,0.9310344827586207,,,,,,,,,,,,,
trace-case5-paper,base,declared,reliability,native,1.0,False,0,unavailable,required_reference_metric_unavailable,,,,,,,,,,,,,,,1.0,1.0,0.9310344827586207,,,,,,,,,,,,,
trace-case5-paper,base,declared,reliability,native,1.0,True,0,unavailable,required_reference_metric_unavailable,,,,,,,,,,,,,,,1.0,1.0,0.9310344827586207,,,,,,,,,,,,,
trace-case5-paper,base,declared,reliability,augmented,0.9,False,0,met,,,68881,68881,0.5,0.5,0.9354838709677419,29,31,1.0,3,3,1.0,3,3,1.0,1.0,0.9354838709677419,,,,,,,,,,,,,
trace-case5-paper,base,declared,reliability,augmented,0.9,True,0,met,,,68881,68881,0.5,0.5,0.9354838709677419,29,31,1.0,3,3,1.0,3,3,1.0,1.0,0.9354838709677419,,,,,,,,,,,,,
trace-case5-paper,base,declared,reliability,augmented,0.95,False,0,unmet,temporal_event_ceiling,0.9354838709677419,,,,,,,,,,,,,,1.0,1.0,0.9354838709677419,68881,68881,0.5,0.5,0.9354838709677419,29,31,1.0,3,3,1.0,3,3
trace-case5-paper,base,declared,reliability,augmented,0.95,True,0,unmet,temporal_event_ceiling,0.9354838709677419,,,,,,,,,,,,,,1.0,1.0,0.9354838709677419,68881,68881,0.5,0.5,0.9354838709677419,29,31,1.0,3,3,1.0,3,3
trace-case5-paper,base,declared,reliability,augmented,0.99,False,0,unmet,temporal_event_ceiling,0.9354838709677419,,,,,,,,,,,,,,1.0,1.0,0.9354838709677419,68881,68881,0.5,0.5,0.9354838709677419,29,31,1.0,3,3,1.0,3,3
trace-case5-paper,base,declared,reliability,augmented,0.99,True,0,unmet,temporal_event_ceiling,0.9354838709677419,,,,,,,,,,,,,,1.0,1.0,0.9354838709677419,68881,68881,0.5,0.5,0.9354838709677419,29,31,1.0,3,3,1.0,3,3
trace-case5-paper,base,declared,reliability,augmented,1.0,False,0,unmet,temporal_event_ceiling,0.9354838709677419,,,,,,,,,,,,,,1.0,1.0,0.9354838709677419,68881,68881,0.5,0.5,0.9354838709677419,29,31,1.0,3,3,1.0,3,3
trace-case5-paper,base,declared,reliability,augmented,1.0,True,0,unmet,temporal_event_ceiling,0.9354838709677419,,,,,,,,,,,,,,1.0,1.0,0.9354838709677419,68881,68881,0.5,0.5,0.9354838709677419,29,31,1.0,3,3,1.0,3,3
trace-case5-paper,base,declared,adaptive_v1,native,0.9,False,0,unavailable,required_reference_metric_unavailable,,,,,,,,,,,,,,,1.0,1.0,0.9310344827586207,,,,,,,,,,,,,
trace-case5-paper,base,declared,adaptive_v1,native,0.9,True,0,unavailable,required_reference_metric_unavailable,,,,,,,,,,,,,,,1.0,1.0,0.9310344827586207,,,,,,,,,,,,,
trace-case5-paper,base,declared,adaptive_v1,native,0.95,False,0,unavailable,required_reference_metric_unavailable,,,,,,,,,,,,,,,1.0,1.0,0.9310344827586207,,,,,,,,,,,,,
trace-case5-paper,base,declared,adaptive_v1,native,0.95,True,0,unavailable,required_reference_metric_unavailable,,,,,,,,,,,,,,,1.0,1.0,0.9310344827586207,,,,,,,,,,,,,
trace-case5-paper,base,declared,adaptive_v1,native,0.99,False,0,unavailable,required_reference_metric_unavailable,,,,,,,,,,,,,,,1.0,1.0,0.9310344827586207,,,,,,,,,,,,,
trace-case5-paper,base,declared,adaptive_v1,native,0.99,True,0,unavailable,required_reference_metric_unavailable,,,,,,,,,,,,,,,1.0,1.0,0.9310344827586207,,,,,,,,,,,,,
trace-case5-paper,base,declared,adaptive_v1,native,1.0,False,0,unavailable,required_reference_metric_unavailable,,,,,,,,,,,,,,,1.0,1.0,0.9310344827586207,,,,,,,,,,,,,
trace-case5-paper,base,declared,adaptive_v1,native,1.0,True,0,unavailable,required_reference_metric_unavailable,,,,,,,,,,,,,,,1.0,1.0,0.9310344827586207,,,,,,,,,,,,,
trace-case5-paper,base,declared,adaptive_v1,augmented,0.9,False,0,met,,,68881,68881,0.5,0.5,0.9354838709677419,29,31,1.0,3,3,1.0,3,3,1.0,1.0,0.9354838709677419,,,,,,,,,,,,,
trace-case5-paper,base,declared,adaptive_v1,augmented,0.9,True,0,met,,,68881,68881,0.5,0.5,0.9354838709677419,29,31,1.0,3,3,1.0,3,3,1.0,1.0,0.9354838709677419,,,,,,,,,,,,,
trace-case5-paper,base,declared,adaptive_v1,augmented,0.95,False,0,unmet,temporal_event_ceiling,0.9354838709677419,,,,,,,,,,,,,,1.0,1.0,0.9354838709677419,68881,68881,0.5,0.5,0.9354838709677419,29,31,1.0,3,3,1.0,3,3
trace-case5-paper,base,declared,adaptive_v1,augmented,0.95,True,0,unmet,temporal_event_ceiling,0.9354838709677419,,,,,,,,,,,,,,1.0,1.0,0.9354838709677419,68881,68881,0.5,0.5,0.9354838709677419,29,31,1.0,3,3,1.0,3,3
trace-case5-paper,base,declared,adaptive_v1,augmented,0.99,False,0,unmet,temporal_event_ceiling,0.9354838709677419,,,,,,,,,,,,,,1.0,1.0,0.9354838709677419,68881,68881,0.5,0.5,0.9354838709677419,29,31,1.0,3,3,1.0,3,3
trace-case5-paper,base,declared,adaptive_v1,augmented,0.99,True,0,unmet,temporal_event_ceiling,0.9354838709677419,,,,,,,,,,,,,,1.0,1.0,0.9354838709677419,68881,68881,0.5,0.5,0.9354838709677419,29,31,1.0,3,3,1.0,3,3
trace-case5-paper,base,declared,adaptive_v1,augmented,1.0,False,0,unmet,temporal_event_ceiling,0.9354838709677419,,,,,,,,,,,,,,1.0,1.0,0.9354838709677419,68881,68881,0.5,0.5,0.9354838709677419,29,31,1.0,3,3,1.0,3,3
trace-case5-paper,base,declared,adaptive_v1,augmented,1.0,True,0,unmet,temporal_event_ceiling,0.9354838709677419,,,,,,,,,,,,,,1.0,1.0,0.9354838709677419,68881,68881,0.5,0.5,0.9354838709677419,29,31,1.0,3,3,1.0,3,3
trace-case5-paper,base,declared,reliability_chain,native,0.9,False,0,unavailable,required_reference_metric_unavailable,,,,,,,,,,,,,,,1.0,1.0,0.9310344827586207,,,,,,,,,,,,,
trace-case5-paper,base,declared,reliability_chain,native,0.9,True,0,unavailable,required_reference_metric_unavailable,,,,,,,,,,,,,,,1.0,1.0,0.9310344827586207,,,,,,,,,,,,,
trace-case5-paper,base,declared,reliability_chain,native,0.95,False,0,unavailable,required_reference_metric_unavailable,,,,,,,,,,,,,,,1.0,1.0,0.9310344827586207,,,,,,,,,,,,,
trace-case5-paper,base,declared,reliability_chain,native,0.95,True,0,unavailable,required_reference_metric_unavailable,,,,,,,,,,,,,,,1.0,1.0,0.9310344827586207,,,,,,,,,,,,,
trace-case5-paper,base,declared,reliability_chain,native,0.99,False,0,unavailable,required_reference_metric_unavailable,,,,,,,,,,,,,,,1.0,1.0,0.9310344827586207,,,,,,,,,,,,,
trace-case5-paper,base,declared,reliability_chain,native,0.99,True,0,unavailable,required_reference_metric_unavailable,,,,,,,,,,,,,,,1.0,1.0,0.9310344827586207,,,,,,,,,,,,,
trace-case5-paper,base,declared,reliability_chain,native,1.0,False,0,unavailable,required_reference_metric_unavailable,,,,,,,,,,,,,,,1.0,1.0,0.9310344827586207,,,,,,,,,,,,,
trace-case5-paper,base,declared,reliability_chain,native,1.0,True,0,unavailable,required_reference_metric_unavailable,,,,,,,,,,,,,,,1.0,1.0,0.9310344827586207,,,,,,,,,,,,,
trace-case5-paper,base,declared,reliability_chain,augmented,0.9,False,0,met,,,68881,68881,0.5,0.5,0.9354838709677419,29,31,1.0,3,3,1.0,3,3,1.0,1.0,0.9354838709677419,,,,,,,,,,,,,
trace-case5-paper,base,declared,reliability_chain,augmented,0.9,True,0,met,,,68881,68881,0.5,0.5,0.9354838709677419,29,31,1.0,3,3,1.0,3,3,1.0,1.0,0.9354838709677419,,,,,,,,,,,,,
trace-case5-paper,base,declared,reliability_chain,augmented,0.95,False,0,unmet,temporal_event_ceiling,0.9354838709677419,,,,,,,,,,,,,,1.0,1.0,0.9354838709677419,68881,68881,0.5,0.5,0.9354838709677419,29,31,1.0,3,3,1.0,3,3
trace-case5-paper,base,declared,reliability_chain,augmented,0.95,True,0,unmet,temporal_event_ceiling,0.9354838709677419,,,,,,,,,,,,,,1.0,1.0,0.9354838709677419,68881,68881,0.5,0.5,0.9354838709677419,29,31,1.0,3,3,1.0,3,3
trace-case5-paper,base,declared,reliability_chain,augmented,0.99,False,0,unmet,temporal_event_ceiling,0.9354838709677419,,,,,,,,,,,,,,1.0,1.0,0.9354838709677419,68881,68881,0.5,0.5,0.9354838709677419,29,31,1.0,3,3,1.0,3,3
trace-case5-paper,base,declared,reliability_chain,augmented,0.99,True,0,unmet,temporal_event_ceiling,0.9354838709677419,,,,,,,,,,,,,,1.0,1.0,0.9354838709677419,68881,68881,0.5,0.5,0.9354838709677419,29,31,1.0,3,3,1.0,3,3
trace-case5-paper,base,declared,reliability_chain,augmented,1.0,False,0,unmet,temporal_event_ceiling,0.9354838709677419,,,,,,,,,,,,,,1.0,1.0,0.9354838709677419,68881,68881,0.5,0.5,0.9354838709677419,29,31,1.0,3,3,1.0,3,3
trace-case5-paper,base,declared,reliability_chain,augmented,1.0,True,0,unmet,temporal_event_ceiling,0.9354838709677419,,,,,,,,,,,,,,1.0,1.0,0.9354838709677419,68881,68881,0.5,0.5,0.9354838709677419,29,31,1.0,3,3,1.0,3,3
trace-case5-paper,base,adaptive,rarity_only,native,0.9,False,0,unavailable,required_reference_metric_unavailable,,,,,,,,,,,,,,,1.0,1.0,0.9310344827586207,,,,,,,,,,,,,
trace-case5-paper,base,adaptive,rarity_only,native,0.9,True,0,unavailable,required_reference_metric_unavailable,,,,,,,,,,,,,,,1.0,1.0,0.9310344827586207,,,,,,,,,,,,,
trace-case5-paper,base,adaptive,rarity_only,native,0.95,False,0,unavailable,required_reference_metric_unavailable,,,,,,,,,,,,,,,1.0,1.0,0.9310344827586207,,,,,,,,,,,,,
trace-case5-paper,base,adaptive,rarity_only,native,0.95,True,0,unavailable,required_reference_metric_unavailable,,,,,,,,,,,,,,,1.0,1.0,0.9310344827586207,,,,,,,,,,,,,
trace-case5-paper,base,adaptive,rarity_only,native,0.99,False,0,unavailable,required_reference_metric_unavailable,,,,,,,,,,,,,,,1.0,1.0,0.9310344827586207,,,,,,,,,,,,,
trace-case5-paper,base,adaptive,rarity_only,native,0.99,True,0,unavailable,required_reference_metric_unavailable,,,,,,,,,,,,,,,1.0,1.0,0.9310344827586207,,,,,,,,,,,,,
trace-case5-paper,base,adaptive,rarity_only,native,1.0,False,0,unavailable,required_reference_metric_unavailable,,,,,,,,,,,,,,,1.0,1.0,0.9310344827586207,,,,,,,,,,,,,
trace-case5-paper,base,adaptive,rarity_only,native,1.0,True,0,unavailable,required_reference_metric_unavailable,,,,,,,,,,,,,,,1.0,1.0,0.9310344827586207,,,,,,,,,,,,,
trace-case5-paper,base,adaptive,rarity_only,augmented,0.9,False,0,met,,,137762,123663,0.10234317155674277,0.10234317155674277,0.9354838709677419,29,31,1.0,3,3,1.0,3,3,1.0,1.0,0.9354838709677419,,,,,,,,,,,,,
trace-case5-paper,base,adaptive,rarity_only,augmented,0.9,True,0,met,,,137762,123663,0.10234317155674277,0.10234317155674277,0.9354838709677419,29,31,1.0,3,3,1.0,3,3,1.0,1.0,0.9354838709677419,,,,,,,,,,,,,
trace-case5-paper,base,adaptive,rarity_only,augmented,0.95,False,0,unmet,temporal_event_ceiling,0.9354838709677419,,,,,,,,,,,,,,1.0,1.0,0.9354838709677419,137762,123663,0.10234317155674277,0.10234317155674277,0.9354838709677419,29,31,1.0,3,3,1.0,3,3
trace-case5-paper,base,adaptive,rarity_only,augmented,0.95,True,0,unmet,temporal_event_ceiling,0.9354838709677419,,,,,,,,,,,,,,1.0,1.0,0.9354838709677419,137762,123663,0.10234317155674277,0.10234317155674277,0.9354838709677419,29,31,1.0,3,3,1.0,3,3
trace-case5-paper,base,adaptive,rarity_only,augmented,0.99,False,0,unmet,temporal_event_ceiling,0.9354838709677419,,,,,,,,,,,,,,1.0,1.0,0.9354838709677419,137762,123663,0.10234317155674277,0.10234317155674277,0.9354838709677419,29,31,1.0,3,3,1.0,3,3
trace-case5-paper,base,adaptive,rarity_only,augmented,0.99,True,0,unmet,temporal_event_ceiling,0.9354838709677419,,,,,,,,,,,,,,1.0,1.0,0.9354838709677419,137762,123663,0.10234317155674277,0.10234317155674277,0.9354838709677419,29,31,1.0,3,3,1.0,3,3
trace-case5-paper,base,adaptive,rarity_only,augmented,1.0,False,0,unmet,temporal_event_ceiling,0.9354838709677419,,,,,,,,,,,,,,1.0,1.0,0.9354838709677419,137762,123663,0.10234317155674277,0.10234317155674277,0.9354838709677419,29,31,1.0,3,3,1.0,3,3
trace-case5-paper,base,adaptive,rarity_only,augmented,1.0,True,0,unmet,temporal_event_ceiling,0.9354838709677419,,,,,,,,,,,,,,1.0,1.0,0.9354838709677419,137762,123663,0.10234317155674277,0.10234317155674277,0.9354838709677419,29,31,1.0,3,3,1.0,3,3
trace-case5-paper,base,adaptive,diffusion_only,native,0.9,False,0,unavailable,required_reference_metric_unavailable,,,,,,,,,,,,,,,1.0,1.0,0.9310344827586207,,,,,,,,,,,,,
trace-case5-paper,base,adaptive,diffusion_only,native,0.9,True,0,unavailable,required_reference_metric_unavailable,,,,,,,,,,,,,,,1.0,1.0,0.9310344827586207,,,,,,,,,,,,,
trace-case5-paper,base,adaptive,diffusion_only,native,0.95,False,0,unavailable,required_reference_metric_unavailable,,,,,,,,,,,,,,,1.0,1.0,0.9310344827586207,,,,,,,,,,,,,
trace-case5-paper,base,adaptive,diffusion_only,native,0.95,True,0,unavailable,required_reference_metric_unavailable,,,,,,,,,,,,,,,1.0,1.0,0.9310344827586207,,,,,,,,,,,,,
trace-case5-paper,base,adaptive,diffusion_only,native,0.99,False,0,unavailable,required_reference_metric_unavailable,,,,,,,,,,,,,,,1.0,1.0,0.9310344827586207,,,,,,,,,,,,,
trace-case5-paper,base,adaptive,diffusion_only,native,0.99,True,0,unavailable,required_reference_metric_unavailable,,,,,,,,,,,,,,,1.0,1.0,0.9310344827586207,,,,,,,,,,,,,
trace-case5-paper,base,adaptive,diffusion_only,native,1.0,False,0,unavailable,required_reference_metric_unavailable,,,,,,,,,,,,,,,1.0,1.0,0.9310344827586207,,,,,,,,,,,,,
trace-case5-paper,base,adaptive,diffusion_only,native,1.0,True,0,unavailable,required_reference_metric_unavailable,,,,,,,,,,,,,,,1.0,1.0,0.9310344827586207,,,,,,,,,,,,,
trace-case5-paper,base,adaptive,diffusion_only,augmented,0.9,False,0,met,,,68881,68881,0.5,0.5,0.9354838709677419,29,31,1.0,3,3,1.0,3,3,1.0,1.0,0.9354838709677419,,,,,,,,,,,,,
trace-case5-paper,base,adaptive,diffusion_only,augmented,0.9,True,0,met,,,68881,68881,0.5,0.5,0.9354838709677419,29,31,1.0,3,3,1.0,3,3,1.0,1.0,0.9354838709677419,,,,,,,,,,,,,
trace-case5-paper,base,adaptive,diffusion_only,augmented,0.95,False,0,unmet,temporal_event_ceiling,0.9354838709677419,,,,,,,,,,,,,,1.0,1.0,0.9354838709677419,68881,68881,0.5,0.5,0.9354838709677419,29,31,1.0,3,3,1.0,3,3
trace-case5-paper,base,adaptive,diffusion_only,augmented,0.95,True,0,unmet,temporal_event_ceiling,0.9354838709677419,,,,,,,,,,,,,,1.0,1.0,0.9354838709677419,68881,68881,0.5,0.5,0.9354838709677419,29,31,1.0,3,3,1.0,3,3
trace-case5-paper,base,adaptive,diffusion_only,augmented,0.99,False,0,unmet,temporal_event_ceiling,0.9354838709677419,,,,,,,,,,,,,,1.0,1.0,0.9354838709677419,68881,68881,0.5,0.5,0.9354838709677419,29,31,1.0,3,3,1.0,3,3
trace-case5-paper,base,adaptive,diffusion_only,augmented,0.99,True,0,unmet,temporal_event_ceiling,0.9354838709677419,,,,,,,,,,,,,,1.0,1.0,0.9354838709677419,68881,68881,0.5,0.5,0.9354838709677419,29,31,1.0,3,3,1.0,3,3
trace-case5-paper,base,adaptive,diffusion_only,augmented,1.0,False,0,unmet,temporal_event_ceiling,0.9354838709677419,,,,,,,,,,,,,,1.0,1.0,0.9354838709677419,68881,68881,0.5,0.5,0.9354838709677419,29,31,1.0,3,3,1.0,3,3
trace-case5-paper,base,adaptive,diffusion_only,augmented,1.0,True,0,unmet,temporal_event_ceiling,0.9354838709677419,,,,,,,,,,,,,,1.0,1.0,0.9354838709677419,68881,68881,0.5,0.5,0.9354838709677419,29,31,1.0,3,3,1.0,3,3
trace-case5-paper,base,adaptive,rasp,native,0.9,False,0,unavailable,required_reference_metric_unavailable,,,,,,,,,,,,,,,1.0,1.0,0.9310344827586207,,,,,,,,,,,,,
trace-case5-paper,base,adaptive,rasp,native,0.9,True,0,unavailable,required_reference_metric_unavailable,,,,,,,,,,,,,,,1.0,1.0,0.9310344827586207,,,,,,,,,,,,,
trace-case5-paper,base,adaptive,rasp,native,0.95,False,0,unavailable,required_reference_metric_unavailable,,,,,,,,,,,,,,,1.0,1.0,0.9310344827586207,,,,,,,,,,,,,
trace-case5-paper,base,adaptive,rasp,native,0.95,True,0,unavailable,required_reference_metric_unavailable,,,,,,,,,,,,,,,1.0,1.0,0.9310344827586207,,,,,,,,,,,,,
trace-case5-paper,base,adaptive,rasp,native,0.99,False,0,unavailable,required_reference_metric_unavailable,,,,,,,,,,,,,,,1.0,1.0,0.9310344827586207,,,,,,,,,,,,,
trace-case5-paper,base,adaptive,rasp,native,0.99,True,0,unavailable,required_reference_metric_unavailable,,,,,,,,,,,,,,,1.0,1.0,0.9310344827586207,,,,,,,,,,,,,
trace-case5-paper,base,adaptive,rasp,native,1.0,False,0,unavailable,required_reference_metric_unavailable,,,,,,,,,,,,,,,1.0,1.0,0.9310344827586207,,,,,,,,,,,,,
trace-case5-paper,base,adaptive,rasp,native,1.0,True,0,unavailable,required_reference_metric_unavailable,,,,,,,,,,,,,,,1.0,1.0,0.9310344827586207,,,,,,,,,,,,,
trace-case5-paper,base,adaptive,rasp,augmented,0.9,False,0,met,,,68881,68881,0.5,0.5,0.9354838709677419,29,31,1.0,3,3,1.0,3,3,1.0,1.0,0.9354838709677419,,,,,,,,,,,,,
trace-case5-paper,base,adaptive,rasp,augmented,0.9,True,0,met,,,68881,68881,0.5,0.5,0.9354838709677419,29,31,1.0,3,3,1.0,3,3,1.0,1.0,0.9354838709677419,,,,,,,,,,,,,
trace-case5-paper,base,adaptive,rasp,augmented,0.95,False,0,unmet,temporal_event_ceiling,0.9354838709677419,,,,,,,,,,,,,,1.0,1.0,0.9354838709677419,68881,68881,0.5,0.5,0.9354838709677419,29,31,1.0,3,3,1.0,3,3
trace-case5-paper,base,adaptive,rasp,augmented,0.95,True,0,unmet,temporal_event_ceiling,0.9354838709677419,,,,,,,,,,,,,,1.0,1.0,0.9354838709677419,68881,68881,0.5,0.5,0.9354838709677419,29,31,1.0,3,3,1.0,3,3
trace-case5-paper,base,adaptive,rasp,augmented,0.99,False,0,unmet,temporal_event_ceiling,0.9354838709677419,,,,,,,,,,,,,,1.0,1.0,0.9354838709677419,68881,68881,0.5,0.5,0.9354838709677419,29,31,1.0,3,3,1.0,3,3
trace-case5-paper,base,adaptive,rasp,augmented,0.99,True,0,unmet,temporal_event_ceiling,0.9354838709677419,,,,,,,,,,,,,,1.0,1.0,0.9354838709677419,68881,68881,0.5,0.5,0.9354838709677419,29,31,1.0,3,3,1.0,3,3
trace-case5-paper,base,adaptive,rasp,augmented,1.0,False,0,unmet,temporal_event_ceiling,0.9354838709677419,,,,,,,,,,,,,,1.0,1.0,0.9354838709677419,68881,68881,0.5,0.5,0.9354838709677419,29,31,1.0,3,3,1.0,3,3
trace-case5-paper,base,adaptive,rasp,augmented,1.0,True,0,unmet,temporal_event_ceiling,0.9354838709677419,,,,,,,,,,,,,,1.0,1.0,0.9354838709677419,68881,68881,0.5,0.5,0.9354838709677419,29,31,1.0,3,3,1.0,3,3
trace-case5-paper,base,adaptive,context_v1,native,0.9,False,0,unavailable,required_reference_metric_unavailable,,,,,,,,,,,,,,,1.0,1.0,0.9310344827586207,,,,,,,,,,,,,
trace-case5-paper,base,adaptive,context_v1,native,0.9,True,0,unavailable,required_reference_metric_unavailable,,,,,,,,,,,,,,,1.0,1.0,0.9310344827586207,,,,,,,,,,,,,
trace-case5-paper,base,adaptive,context_v1,native,0.95,False,0,unavailable,required_reference_metric_unavailable,,,,,,,,,,,,,,,1.0,1.0,0.9310344827586207,,,,,,,,,,,,,
trace-case5-paper,base,adaptive,context_v1,native,0.95,True,0,unavailable,required_reference_metric_unavailable,,,,,,,,,,,,,,,1.0,1.0,0.9310344827586207,,,,,,,,,,,,,
trace-case5-paper,base,adaptive,context_v1,native,0.99,False,0,unavailable,required_reference_metric_unavailable,,,,,,,,,,,,,,,1.0,1.0,0.9310344827586207,,,,,,,,,,,,,
trace-case5-paper,base,adaptive,context_v1,native,0.99,True,0,unavailable,required_reference_metric_unavailable,,,,,,,,,,,,,,,1.0,1.0,0.9310344827586207,,,,,,,,,,,,,
trace-case5-paper,base,adaptive,context_v1,native,1.0,False,0,unavailable,required_reference_metric_unavailable,,,,,,,,,,,,,,,1.0,1.0,0.9310344827586207,,,,,,,,,,,,,
trace-case5-paper,base,adaptive,context_v1,native,1.0,True,0,unavailable,required_reference_metric_unavailable,,,,,,,,,,,,,,,1.0,1.0,0.9310344827586207,,,,,,,,,,,,,
trace-case5-paper,base,adaptive,context_v1,augmented,0.9,False,0,met,,,68881,68881,0.5,0.5,0.9354838709677419,29,31,1.0,3,3,1.0,3,3,1.0,1.0,0.9354838709677419,,,,,,,,,,,,,
trace-case5-paper,base,adaptive,context_v1,augmented,0.9,True,0,met,,,68881,68881,0.5,0.5,0.9354838709677419,29,31,1.0,3,3,1.0,3,3,1.0,1.0,0.9354838709677419,,,,,,,,,,,,,
trace-case5-paper,base,adaptive,context_v1,augmented,0.95,False,0,unmet,temporal_event_ceiling,0.9354838709677419,,,,,,,,,,,,,,1.0,1.0,0.9354838709677419,68881,68881,0.5,0.5,0.9354838709677419,29,31,1.0,3,3,1.0,3,3
trace-case5-paper,base,adaptive,context_v1,augmented,0.95,True,0,unmet,temporal_event_ceiling,0.9354838709677419,,,,,,,,,,,,,,1.0,1.0,0.9354838709677419,68881,68881,0.5,0.5,0.9354838709677419,29,31,1.0,3,3,1.0,3,3
trace-case5-paper,base,adaptive,context_v1,augmented,0.99,False,0,unmet,temporal_event_ceiling,0.9354838709677419,,,,,,,,,,,,,,1.0,1.0,0.9354838709677419,68881,68881,0.5,0.5,0.9354838709677419,29,31,1.0,3,3,1.0,3,3
trace-case5-paper,base,adaptive,context_v1,augmented,0.99,True,0,unmet,temporal_event_ceiling,0.9354838709677419,,,,,,,,,,,,,,1.0,1.0,0.9354838709677419,68881,68881,0.5,0.5,0.9354838709677419,29,31,1.0,3,3,1.0,3,3
trace-case5-paper,base,adaptive,context_v1,augmented,1.0,False,0,unmet,temporal_event_ceiling,0.9354838709677419,,,,,,,,,,,,,,1.0,1.0,0.9354838709677419,68881,68881,0.5,0.5,0.9354838709677419,29,31,1.0,3,3,1.0,3,3
trace-case5-paper,base,adaptive,context_v1,augmented,1.0,True,0,unmet,temporal_event_ceiling,0.9354838709677419,,,,,,,,,,,,,,1.0,1.0,0.9354838709677419,68881,68881,0.5,0.5,0.9354838709677419,29,31,1.0,3,3,1.0,3,3
trace-case5-paper,base,adaptive,reliability,native,0.9,False,0,unavailable,required_reference_metric_unavailable,,,,,,,,,,,,,,,1.0,1.0,0.9310344827586207,,,,,,,,,,,,,
trace-case5-paper,base,adaptive,reliability,native,0.9,True,0,unavailable,required_reference_metric_unavailable,,,,,,,,,,,,,,,1.0,1.0,0.9310344827586207,,,,,,,,,,,,,
trace-case5-paper,base,adaptive,reliability,native,0.95,False,0,unavailable,required_reference_metric_unavailable,,,,,,,,,,,,,,,1.0,1.0,0.9310344827586207,,,,,,,,,,,,,
trace-case5-paper,base,adaptive,reliability,native,0.95,True,0,unavailable,required_reference_metric_unavailable,,,,,,,,,,,,,,,1.0,1.0,0.9310344827586207,,,,,,,,,,,,,
trace-case5-paper,base,adaptive,reliability,native,0.99,False,0,unavailable,required_reference_metric_unavailable,,,,,,,,,,,,,,,1.0,1.0,0.9310344827586207,,,,,,,,,,,,,
trace-case5-paper,base,adaptive,reliability,native,0.99,True,0,unavailable,required_reference_metric_unavailable,,,,,,,,,,,,,,,1.0,1.0,0.9310344827586207,,,,,,,,,,,,,
trace-case5-paper,base,adaptive,reliability,native,1.0,False,0,unavailable,required_reference_metric_unavailable,,,,,,,,,,,,,,,1.0,1.0,0.9310344827586207,,,,,,,,,,,,,
trace-case5-paper,base,adaptive,reliability,native,1.0,True,0,unavailable,required_reference_metric_unavailable,,,,,,,,,,,,,,,1.0,1.0,0.9310344827586207,,,,,,,,,,,,,
trace-case5-paper,base,adaptive,reliability,augmented,0.9,False,0,met,,,68881,68881,0.5,0.5,0.9354838709677419,29,31,1.0,3,3,1.0,3,3,1.0,1.0,0.9354838709677419,,,,,,,,,,,,,
trace-case5-paper,base,adaptive,reliability,augmented,0.9,True,0,met,,,68881,68881,0.5,0.5,0.9354838709677419,29,31,1.0,3,3,1.0,3,3,1.0,1.0,0.9354838709677419,,,,,,,,,,,,,
trace-case5-paper,base,adaptive,reliability,augmented,0.95,False,0,unmet,temporal_event_ceiling,0.9354838709677419,,,,,,,,,,,,,,1.0,1.0,0.9354838709677419,68881,68881,0.5,0.5,0.9354838709677419,29,31,1.0,3,3,1.0,3,3
trace-case5-paper,base,adaptive,reliability,augmented,0.95,True,0,unmet,temporal_event_ceiling,0.9354838709677419,,,,,,,,,,,,,,1.0,1.0,0.9354838709677419,68881,68881,0.5,0.5,0.9354838709677419,29,31,1.0,3,3,1.0,3,3
trace-case5-paper,base,adaptive,reliability,augmented,0.99,False,0,unmet,temporal_event_ceiling,0.9354838709677419,,,,,,,,,,,,,,1.0,1.0,0.9354838709677419,68881,68881,0.5,0.5,0.9354838709677419,29,31,1.0,3,3,1.0,3,3
trace-case5-paper,base,adaptive,reliability,augmented,0.99,True,0,unmet,temporal_event_ceiling,0.9354838709677419,,,,,,,,,,,,,,1.0,1.0,0.9354838709677419,68881,68881,0.5,0.5,0.9354838709677419,29,31,1.0,3,3,1.0,3,3
trace-case5-paper,base,adaptive,reliability,augmented,1.0,False,0,unmet,temporal_event_ceiling,0.9354838709677419,,,,,,,,,,,,,,1.0,1.0,0.9354838709677419,68881,68881,0.5,0.5,0.9354838709677419,29,31,1.0,3,3,1.0,3,3
trace-case5-paper,base,adaptive,reliability,augmented,1.0,True,0,unmet,temporal_event_ceiling,0.9354838709677419,,,,,,,,,,,,,,1.0,1.0,0.9354838709677419,68881,68881,0.5,0.5,0.9354838709677419,29,31,1.0,3,3,1.0,3,3
trace-case5-paper,base,adaptive,adaptive_v1,native,0.9,False,0,unavailable,required_reference_metric_unavailable,,,,,,,,,,,,,,,1.0,1.0,0.9310344827586207,,,,,,,,,,,,,
trace-case5-paper,base,adaptive,adaptive_v1,native,0.9,True,0,unavailable,required_reference_metric_unavailable,,,,,,,,,,,,,,,1.0,1.0,0.9310344827586207,,,,,,,,,,,,,
trace-case5-paper,base,adaptive,adaptive_v1,native,0.95,False,0,unavailable,required_reference_metric_unavailable,,,,,,,,,,,,,,,1.0,1.0,0.9310344827586207,,,,,,,,,,,,,
trace-case5-paper,base,adaptive,adaptive_v1,native,0.95,True,0,unavailable,required_reference_metric_unavailable,,,,,,,,,,,,,,,1.0,1.0,0.9310344827586207,,,,,,,,,,,,,
trace-case5-paper,base,adaptive,adaptive_v1,native,0.99,False,0,unavailable,required_reference_metric_unavailable,,,,,,,,,,,,,,,1.0,1.0,0.9310344827586207,,,,,,,,,,,,,
trace-case5-paper,base,adaptive,adaptive_v1,native,0.99,True,0,unavailable,required_reference_metric_unavailable,,,,,,,,,,,,,,,1.0,1.0,0.9310344827586207,,,,,,,,,,,,,
trace-case5-paper,base,adaptive,adaptive_v1,native,1.0,False,0,unavailable,required_reference_metric_unavailable,,,,,,,,,,,,,,,1.0,1.0,0.9310344827586207,,,,,,,,,,,,,
trace-case5-paper,base,adaptive,adaptive_v1,native,1.0,True,0,unavailable,required_reference_metric_unavailable,,,,,,,,,,,,,,,1.0,1.0,0.9310344827586207,,,,,,,,,,,,,
trace-case5-paper,base,adaptive,adaptive_v1,augmented,0.9,False,0,met,,,68881,68881,0.5,0.5,0.9354838709677419,29,31,1.0,3,3,1.0,3,3,1.0,1.0,0.9354838709677419,,,,,,,,,,,,,
trace-case5-paper,base,adaptive,adaptive_v1,augmented,0.9,True,0,met,,,68881,68881,0.5,0.5,0.9354838709677419,29,31,1.0,3,3,1.0,3,3,1.0,1.0,0.9354838709677419,,,,,,,,,,,,,
trace-case5-paper,base,adaptive,adaptive_v1,augmented,0.95,False,0,unmet,temporal_event_ceiling,0.9354838709677419,,,,,,,,,,,,,,1.0,1.0,0.9354838709677419,68881,68881,0.5,0.5,0.9354838709677419,29,31,1.0,3,3,1.0,3,3
trace-case5-paper,base,adaptive,adaptive_v1,augmented,0.95,True,0,unmet,temporal_event_ceiling,0.9354838709677419,,,,,,,,,,,,,,1.0,1.0,0.9354838709677419,68881,68881,0.5,0.5,0.9354838709677419,29,31,1.0,3,3,1.0,3,3
trace-case5-paper,base,adaptive,adaptive_v1,augmented,0.99,False,0,unmet,temporal_event_ceiling,0.9354838709677419,,,,,,,,,,,,,,1.0,1.0,0.9354838709677419,68881,68881,0.5,0.5,0.9354838709677419,29,31,1.0,3,3,1.0,3,3
trace-case5-paper,base,adaptive,adaptive_v1,augmented,0.99,True,0,unmet,temporal_event_ceiling,0.9354838709677419,,,,,,,,,,,,,,1.0,1.0,0.9354838709677419,68881,68881,0.5,0.5,0.9354838709677419,29,31,1.0,3,3,1.0,3,3
trace-case5-paper,base,adaptive,adaptive_v1,augmented,1.0,False,0,unmet,temporal_event_ceiling,0.9354838709677419,,,,,,,,,,,,,,1.0,1.0,0.9354838709677419,68881,68881,0.5,0.5,0.9354838709677419,29,31,1.0,3,3,1.0,3,3
trace-case5-paper,base,adaptive,adaptive_v1,augmented,1.0,True,0,unmet,temporal_event_ceiling,0.9354838709677419,,,,,,,,,,,,,,1.0,1.0,0.9354838709677419,68881,68881,0.5,0.5,0.9354838709677419,29,31,1.0,3,3,1.0,3,3
trace-case5-paper,base,adaptive,reliability_chain,native,0.9,False,0,unavailable,required_reference_metric_unavailable,,,,,,,,,,,,,,,1.0,1.0,0.9310344827586207,,,,,,,,,,,,,
trace-case5-paper,base,adaptive,reliability_chain,native,0.9,True,0,unavailable,required_reference_metric_unavailable,,,,,,,,,,,,,,,1.0,1.0,0.9310344827586207,,,,,,,,,,,,,
trace-case5-paper,base,adaptive,reliability_chain,native,0.95,False,0,unavailable,required_reference_metric_unavailable,,,,,,,,,,,,,,,1.0,1.0,0.9310344827586207,,,,,,,,,,,,,
trace-case5-paper,base,adaptive,reliability_chain,native,0.95,True,0,unavailable,required_reference_metric_unavailable,,,,,,,,,,,,,,,1.0,1.0,0.9310344827586207,,,,,,,,,,,,,
trace-case5-paper,base,adaptive,reliability_chain,native,0.99,False,0,unavailable,required_reference_metric_unavailable,,,,,,,,,,,,,,,1.0,1.0,0.9310344827586207,,,,,,,,,,,,,
trace-case5-paper,base,adaptive,reliability_chain,native,0.99,True,0,unavailable,required_reference_metric_unavailable,,,,,,,,,,,,,,,1.0,1.0,0.9310344827586207,,,,,,,,,,,,,
trace-case5-paper,base,adaptive,reliability_chain,native,1.0,False,0,unavailable,required_reference_metric_unavailable,,,,,,,,,,,,,,,1.0,1.0,0.9310344827586207,,,,,,,,,,,,,
trace-case5-paper,base,adaptive,reliability_chain,native,1.0,True,0,unavailable,required_reference_metric_unavailable,,,,,,,,,,,,,,,1.0,1.0,0.9310344827586207,,,,,,,,,,,,,
trace-case5-paper,base,adaptive,reliability_chain,augmented,0.9,False,0,met,,,68881,68881,0.5,0.5,0.9354838709677419,29,31,1.0,3,3,1.0,3,3,1.0,1.0,0.9354838709677419,,,,,,,,,,,,,
trace-case5-paper,base,adaptive,reliability_chain,augmented,0.9,True,0,met,,,68881,68881,0.5,0.5,0.9354838709677419,29,31,1.0,3,3,1.0,3,3,1.0,1.0,0.9354838709677419,,,,,,,,,,,,,
trace-case5-paper,base,adaptive,reliability_chain,augmented,0.95,False,0,unmet,temporal_event_ceiling,0.9354838709677419,,,,,,,,,,,,,,1.0,1.0,0.9354838709677419,68881,68881,0.5,0.5,0.9354838709677419,29,31,1.0,3,3,1.0,3,3
trace-case5-paper,base,adaptive,reliability_chain,augmented,0.95,True,0,unmet,temporal_event_ceiling,0.9354838709677419,,,,,,,,,,,,,,1.0,1.0,0.9354838709677419,68881,68881,0.5,0.5,0.9354838709677419,29,31,1.0,3,3,1.0,3,3
trace-case5-paper,base,adaptive,reliability_chain,augmented,0.99,False,0,unmet,temporal_event_ceiling,0.9354838709677419,,,,,,,,,,,,,,1.0,1.0,0.9354838709677419,68881,68881,0.5,0.5,0.9354838709677419,29,31,1.0,3,3,1.0,3,3
trace-case5-paper,base,adaptive,reliability_chain,augmented,0.99,True,0,unmet,temporal_event_ceiling,0.9354838709677419,,,,,,,,,,,,,,1.0,1.0,0.9354838709677419,68881,68881,0.5,0.5,0.9354838709677419,29,31,1.0,3,3,1.0,3,3
trace-case5-paper,base,adaptive,reliability_chain,augmented,1.0,False,0,unmet,temporal_event_ceiling,0.9354838709677419,,,,,,,,,,,,,,1.0,1.0,0.9354838709677419,68881,68881,0.5,0.5,0.9354838709677419,29,31,1.0,3,3,1.0,3,3
trace-case5-paper,base,adaptive,reliability_chain,augmented,1.0,True,0,unmet,temporal_event_ceiling,0.9354838709677419,,,,,,,,,,,,,,1.0,1.0,0.9354838709677419,68881,68881,0.5,0.5,0.9354838709677419,29,31,1.0,3,3,1.0,3,3
