case,scenario,track,method,raw_cap,status,raw_events,episodes,mandatory_events,components,poi_component_fraction,temporal_fork_fraction,proxy_tp,proxy_fp,proxy_fn,proxy_tn,proxy_precision,proxy_recall,proxy_f1,proxy_fpr,proxy_fnr,groups_hit,groups_total,stages_hit,stages_total,selected_uncertain,complete_episodes,partial_episodes,complete_poi_episodes,poi_episodes,timing_samples,selection_seconds_median,selection_seconds_min,selection_seconds_max,shared_kernel_seconds,kernel_plus_selection_seconds,pcst_multiplier,pcst_prize
Five Dir Case 1,all,poi_only,old_score_top,64,ok,64,25,1,1,1.0,1.0,1,63,37,466156,0.015625,0.02631578947368421,0.0196078431372549,0.00013512962792164198,0.9736842105263158,1,9,1,3,0,24,1,0,1,1,0.07330314442515373,0.07330314442515373,0.07330314442515373,,,,
Five Dir Case 1,all,poi_only,old_score_top,256,ok,256,73,1,1,1.0,1.0,12,244,26,465975,0.046875,0.3157894736842105,0.08163265306122448,0.0005233591938552483,0.6842105263157895,2,9,1,3,0,54,19,0,1,1,0.0695648230612278,0.0695648230612278,0.0695648230612278,,,,
Five Dir Case 1,all,poi_only,old_score_top,1024,ok,1024,309,1,1,1.0,1.0,12,1012,26,465207,0.01171875,0.3157894736842105,0.022598870056497175,0.0021706537056619315,0.6842105263157895,2,9,1,3,0,274,35,0,1,3,0.06968864798545837,0.06961451470851898,0.07036655768752098,,,,
Five Dir Case 1,all,poi_only,old_score_top,4096,ok,4096,1418,1,1,1.0,1.0,12,4084,26,462135,0.0029296875,0.3157894736842105,0.005805515239477504,0.008759831752888664,0.6842105263157895,2,9,1,3,0,1353,65,0,1,1,0.07031168788671494,0.07031168788671494,0.07031168788671494,,,,
Five Dir Case 1,all,poi_only,rarity_top,64,ok,64,26,1,10,0.015625,0.015625,1,63,37,466156,0.015625,0.02631578947368421,0.0196078431372549,0.00013512962792164198,0.9736842105263158,1,9,1,3,0,22,4,0,1,1,0.0845804437994957,0.0845804437994957,0.0845804437994957,,,,
Five Dir Case 1,all,poi_only,rarity_top,256,ok,256,210,1,45,0.00390625,0.00390625,3,253,35,465966,0.01171875,0.07894736842105263,0.02040816326530612,0.0005426634264154829,0.9210526315789473,3,9,3,3,0,207,3,0,1,1,0.08324580267071724,0.08324580267071724,0.08324580267071724,,,,
Five Dir Case 1,all,poi_only,rarity_top,1024,ok,1024,704,1,44,0.0146484375,0.0087890625,3,1021,35,465198,0.0029296875,0.07894736842105263,0.005649717514124294,0.002189957938222166,0.9210526315789473,3,9,3,3,0,687,17,0,1,3,0.0820016860961914,0.08165533095598221,0.08263140916824341,,,,
Five Dir Case 1,all,poi_only,rarity_top,4096,ok,4096,3332,1,66,0.800537109375,0.1162109375,4,4092,34,462127,0.0009765625,0.10526315789473684,0.0019351717464925011,0.008776991070719983,0.8947368421052632,4,9,3,3,0,3331,1,0,1,1,0.08528555929660797,0.08528555929660797,0.08528555929660797,,,,
Five Dir Case 1,all,poi_only,diffusion_top,64,ok,64,25,1,1,1.0,0.984375,18,46,20,466173,0.28125,0.47368421052631576,0.35294117647058826,9.866607753008778e-05,0.5263157894736842,2,9,1,3,0,19,6,1,1,1,0.09981165826320648,0.09981165826320648,0.09981165826320648,0.9401525557041168,1.0399642139673233,,
Five Dir Case 1,all,poi_only,diffusion_top,256,ok,256,76,1,1,1.0,0.9453125,18,238,20,465981,0.0703125,0.47368421052631576,0.12244897959183673,0.0005104897054817586,0.5263157894736842,2,9,1,3,0,67,9,1,1,1,0.09923452511429787,0.09923452511429787,0.09923452511429787,0.9401525557041168,1.0393870808184147,,
Five Dir Case 1,all,poi_only,diffusion_top,1024,ok,1024,745,1,1,1.0,0.9580078125,18,1006,20,465213,0.017578125,0.47368421052631576,0.03389830508474576,0.002157784217288442,0.5263157894736842,2,9,1,3,0,739,6,1,1,3,0.09828293323516846,0.09772452339529991,0.09878997132182121,0.9401525557041168,1.0384354889392853,,
Five Dir Case 1,all,poi_only,diffusion_top,4096,ok,4096,1637,1,1,1.0,0.916259765625,18,4078,20,462141,0.00439453125,0.47368421052631576,0.008708272859216255,0.008746962264515174,0.5263157894736842,2,9,1,3,0,1635,2,1,1,1,0.09939028695225716,0.09939028695225716,0.09939028695225716,0.9401525557041168,1.039542842656374,,
Five Dir Case 1,all,poi_only,localdegree_top,64,ok,64,64,1,28,0.015625,0.015625,1,63,37,466156,0.015625,0.02631578947368421,0.0196078431372549,0.00013512962792164198,0.9736842105263158,1,9,1,3,0,17,47,0,1,1,0.08742382377386093,0.08742382377386093,0.08742382377386093,1.9852400980889797,2.0726639218628407,,
Five Dir Case 1,all,poi_only,localdegree_top,256,ok,256,246,1,71,0.0078125,0.0078125,1,255,37,465964,0.00390625,0.02631578947368421,0.006802721088435374,0.0005469532558733128,0.9736842105263158,1,9,1,3,0,67,179,0,1,1,0.08858567848801613,0.08858567848801613,0.08858567848801613,1.9852400980889797,2.073825776576996,,
Five Dir Case 1,all,poi_only,localdegree_top,1024,ok,1024,892,1,152,0.0126953125,0.01171875,1,1023,37,465196,0.0009765625,0.02631578947368421,0.0018832391713747645,0.002194247767679996,0.9736842105263158,1,9,1,3,0,247,645,0,1,3,0.08430765196681023,0.08393099159002304,0.08535168692469597,1.9852400980889797,2.06954775005579,,
Five Dir Case 1,all,poi_only,localdegree_top,4096,ok,4096,3101,1,251,0.00830078125,0.007080078125,1,4095,37,462124,0.000244140625,0.02631578947368421,0.0004837929366231253,0.008783425814906728,0.9736842105263158,1,9,1,3,0,949,2152,0,1,1,0.08452075719833374,0.08452075719833374,0.08452075719833374,1.9852400980889797,2.0697608552873135,,
Five Dir Case 1,all,poi_only,episode,64,ok,64,29,1,1,1.0,1.0,18,46,20,466173,0.28125,0.47368421052631576,0.35294117647058826,9.866607753008778e-05,0.5263157894736842,2,9,1,3,0,28,1,1,1,1,0.19827060773968697,0.19827060773968697,0.19827060773968697,0.9401525557041168,1.1384231634438038,,
Five Dir Case 1,all,poi_only,episode,256,ok,256,80,1,1,1.0,1.0,18,238,20,465981,0.0703125,0.47368421052631576,0.12244897959183673,0.0005104897054817586,0.5263157894736842,2,9,1,3,0,76,4,1,1,1,0.19576996937394142,0.19576996937394142,0.19576996937394142,0.9401525557041168,1.1359225250780582,,
Five Dir Case 1,all,poi_only,episode,1024,ok,1024,743,1,1,1.0,1.0,18,1006,20,465213,0.017578125,0.47368421052631576,0.03389830508474576,0.002157784217288442,0.5263157894736842,2,9,1,3,0,736,7,1,1,3,0.19896897301077843,0.1971154734492302,0.20017601177096367,0.9401525557041168,1.1391215287148952,,
Five Dir Case 1,all,poi_only,episode,4096,ok,4096,1661,1,1,1.0,1.0,18,4078,20,462141,0.00439453125,0.47368421052631576,0.008708272859216255,0.008746962264515174,0.5263157894736842,2,9,1,3,0,1650,11,1,1,1,0.2045564204454422,0.2045564204454422,0.2045564204454422,0.9401525557041168,1.144708976149559,,
Five Dir Case 1,all,poi_only,coverage_exact,64,ok,64,29,1,1,1.0,1.0,18,46,20,466173,0.28125,0.47368421052631576,0.35294117647058826,9.866607753008778e-05,0.5263157894736842,2,9,1,3,0,28,1,1,1,1,0.6382963918149471,0.6382963918149471,0.6382963918149471,0.9401525557041168,1.578448947519064,,
Five Dir Case 1,all,poi_only,coverage_exact,256,ok,256,80,1,1,1.0,1.0,18,238,20,465981,0.0703125,0.47368421052631576,0.12244897959183673,0.0005104897054817586,0.5263157894736842,2,9,1,3,0,76,4,1,1,1,0.6461937129497528,0.6461937129497528,0.6461937129497528,0.9401525557041168,1.5863462686538696,,
Five Dir Case 1,all,poi_only,coverage_exact,1024,ok,1024,743,1,1,1.0,1.0,18,1006,20,465213,0.017578125,0.47368421052631576,0.03389830508474576,0.002157784217288442,0.5263157894736842,2,9,1,3,0,736,7,1,1,3,0.6472535245120525,0.6438107825815678,0.657871276140213,0.9401525557041168,1.5874060802161694,,
Five Dir Case 1,all,poi_only,coverage_exact,4096,ok,4096,1625,1,1,1.0,1.0,18,4078,20,462141,0.00439453125,0.47368421052631576,0.008708272859216255,0.008746962264515174,0.5263157894736842,2,9,1,3,0,1609,16,1,1,1,0.6555044688284397,0.6555044688284397,0.6555044688284397,0.9401525557041168,1.5956570245325565,,
Five Dir Case 1,all,poi_only,coverage_semantic,64,ok,64,29,1,1,1.0,1.0,18,46,20,466173,0.28125,0.47368421052631576,0.35294117647058826,9.866607753008778e-05,0.5263157894736842,2,9,1,3,0,28,1,1,1,1,0.7625263370573521,0.7625263370573521,0.7625263370573521,0.9401525557041168,1.7026788927614689,,
Five Dir Case 1,all,poi_only,coverage_semantic,256,ok,256,80,1,1,1.0,1.0,18,238,20,465981,0.0703125,0.47368421052631576,0.12244897959183673,0.0005104897054817586,0.5263157894736842,2,9,1,3,0,76,4,1,1,1,0.7588197477161884,0.7588197477161884,0.7588197477161884,0.9401525557041168,1.6989723034203053,,
Five Dir Case 1,all,poi_only,coverage_semantic,1024,ok,1024,743,1,1,1.0,1.0,18,1006,20,465213,0.017578125,0.47368421052631576,0.03389830508474576,0.002157784217288442,0.5263157894736842,2,9,1,3,0,736,7,1,1,3,0.7650027722120285,0.762734305113554,0.7738815471529961,0.9401525557041168,1.7051553279161453,,
Five Dir Case 1,all,poi_only,coverage_semantic,4096,ok,4096,1621,1,1,1.0,1.0,18,4078,20,462141,0.00439453125,0.47368421052631576,0.008708272859216255,0.008746962264515174,0.5263157894736842,2,9,1,3,0,1605,16,1,1,1,0.7899994254112244,0.7899994254112244,0.7899994254112244,0.9401525557041168,1.7301519811153412,,
Five Dir Case 1,all,poi_only,coverage_no_frequency,64,ok,64,13,1,1,1.0,1.0,18,46,20,466173,0.28125,0.47368421052631576,0.35294117647058826,9.866607753008778e-05,0.5263157894736842,2,9,1,3,0,13,0,1,1,1,0.7577155977487564,0.7577155977487564,0.7577155977487564,0.480484951287508,1.2382005490362644,,
Five Dir Case 1,all,poi_only,coverage_no_frequency,256,ok,256,43,1,1,1.0,1.0,18,238,20,465981,0.0703125,0.47368421052631576,0.12244897959183673,0.0005104897054817586,0.5263157894736842,2,9,1,3,0,43,0,1,1,1,0.7563280425965786,0.7563280425965786,0.7563280425965786,0.480484951287508,1.2368129938840866,,
Five Dir Case 1,all,poi_only,coverage_no_frequency,1024,ok,1024,755,1,1,1.0,1.0,18,1006,20,465213,0.017578125,0.47368421052631576,0.03389830508474576,0.002157784217288442,0.5263157894736842,2,9,1,3,0,754,1,1,1,3,0.7620774693787098,0.7558080591261387,0.7686569839715958,0.480484951287508,1.2425624206662178,,
Five Dir Case 1,all,poi_only,coverage_no_frequency,4096,ok,4096,1521,1,1,1.0,1.0,18,4078,20,462141,0.00439453125,0.47368421052631576,0.008708272859216255,0.008746962264515174,0.5263157894736842,2,9,1,3,0,1509,12,1,1,1,0.7872039675712585,0.7872039675712585,0.7872039675712585,0.480484951287508,1.2676889188587666,,
Five Dir Case 1,all,poi_only,pcst_native,64,ok,1,1,1,1,1.0,1.0,1,0,37,466219,1.0,0.02631578947368421,0.05128205128205128,0.0,0.9736842105263158,1,9,1,3,0,0,1,0,1,1,0.0054687149822711945,0.0054687149822711945,0.0054687149822711945,3.965661011636257,3.9711297266185284,1.0,0.0
Five Dir Case 1,all,poi_only,pcst_native,256,ok,1,1,1,1,1.0,1.0,1,0,37,466219,1.0,0.02631578947368421,0.05128205128205128,0.0,0.9736842105263158,1,9,1,3,0,0,1,0,1,1,0.005233515053987503,0.005233515053987503,0.005233515053987503,3.965661011636257,3.9708945266902447,1.0,0.0
Five Dir Case 1,all,poi_only,pcst_native,1024,ok,1,1,1,1,1.0,1.0,1,0,37,466219,1.0,0.02631578947368421,0.05128205128205128,0.0,0.9736842105263158,1,9,1,3,0,0,1,0,1,1,0.005140829831361771,0.005140829831361771,0.005140829831361771,3.965661011636257,3.970801841467619,1.0,0.0
Five Dir Case 1,all,poi_only,pcst_native,4096,ok,1970,1964,1,1,1.0,0.8730964467005076,1,1969,37,464250,0.0005076142131979696,0.02631578947368421,0.00099601593625498,0.00422333710123354,0.9736842105263158,1,9,1,3,0,1963,1,0,1,1,0.005389150232076645,0.005389150232076645,0.005389150232076645,3.965661011636257,3.971050161868334,0.3,870.9156209338835
Five Dir Case 1,all,poi_only,random_0,64,ok,64,63,1,39,0.015625,0.015625,1,63,37,466156,0.015625,0.02631578947368421,0.0196078431372549,0.00013512962792164198,0.9736842105263158,1,9,1,3,0,14,49,0,1,1,0.12197986245155334,0.12197986245155334,0.12197986245155334,,,,
Five Dir Case 1,all,poi_only,random_0,256,ok,256,249,1,82,0.00390625,0.00390625,1,255,37,465964,0.00390625,0.02631578947368421,0.006802721088435374,0.0005469532558733128,0.9736842105263158,1,9,1,3,0,45,204,0,1,1,0.11836713925004005,0.11836713925004005,0.11836713925004005,,,,
Five Dir Case 1,all,poi_only,random_0,1024,ok,1024,923,1,132,0.0048828125,0.0029296875,1,1023,37,465196,0.0009765625,0.02631578947368421,0.0018832391713747645,0.002194247767679996,0.9736842105263158,1,9,1,3,0,166,757,0,1,1,0.11774808168411255,0.11774808168411255,0.11774808168411255,,,,
Five Dir Case 1,all,poi_only,random_0,4096,ok,4096,3322,1,155,0.80126953125,0.0078125,1,4095,37,462124,0.000244140625,0.02631578947368421,0.0004837929366231253,0.008783425814906728,0.9736842105263158,1,9,1,3,0,676,2646,0,1,1,0.11745378375053406,0.11745378375053406,0.11745378375053406,,,,
Five Dir Case 1,all,poi_only,random_1,64,ok,64,63,1,42,0.015625,0.015625,1,63,37,466156,0.015625,0.02631578947368421,0.0196078431372549,0.00013512962792164198,0.9736842105263158,1,9,1,3,0,13,50,0,1,1,0.11778518930077553,0.11778518930077553,0.11778518930077553,,,,
Five Dir Case 1,all,poi_only,random_1,256,ok,256,247,1,83,0.0546875,0.0078125,1,255,37,465964,0.00390625,0.02631578947368421,0.006802721088435374,0.0005469532558733128,0.9736842105263158,1,9,1,3,0,43,204,0,1,1,0.11794937029480934,0.11794937029480934,0.11794937029480934,,,,
Five Dir Case 1,all,poi_only,random_1,1024,ok,1024,943,1,148,0.482421875,0.0068359375,1,1023,37,465196,0.0009765625,0.02631578947368421,0.0018832391713747645,0.002194247767679996,0.9736842105263158,1,9,1,3,0,165,778,0,1,1,0.11945543438196182,0.11945543438196182,0.11945543438196182,,,,
Five Dir Case 1,all,poi_only,random_1,4096,ok,4096,3327,1,148,0.794921875,0.003173828125,1,4095,37,462124,0.000244140625,0.02631578947368421,0.0004837929366231253,0.008783425814906728,0.9736842105263158,1,9,1,3,0,685,2642,0,1,1,0.11906175315380096,0.11906175315380096,0.11906175315380096,,,,
Five Dir Case 1,all,poi_only,random_2,64,ok,64,63,1,40,0.03125,0.03125,1,63,37,466156,0.015625,0.02631578947368421,0.0196078431372549,0.00013512962792164198,0.9736842105263158,1,9,1,3,0,10,53,0,1,1,0.11853061616420746,0.11853061616420746,0.11853061616420746,,,,
Five Dir Case 1,all,poi_only,random_2,256,ok,256,248,1,92,0.01171875,0.01171875,1,255,37,465964,0.00390625,0.02631578947368421,0.006802721088435374,0.0005469532558733128,0.9736842105263158,1,9,1,3,0,47,201,0,1,1,0.11981058120727539,0.11981058120727539,0.11981058120727539,,,,
Five Dir Case 1,all,poi_only,random_2,1024,ok,1024,935,1,132,0.005859375,0.00390625,1,1023,37,465196,0.0009765625,0.02631578947368421,0.0018832391713747645,0.002194247767679996,0.9736842105263158,1,9,1,3,0,172,763,0,1,1,0.11842972785234451,0.11842972785234451,0.11842972785234451,,,,
Five Dir Case 1,all,poi_only,random_2,4096,ok,4096,3363,1,155,0.86083984375,0.004150390625,1,4095,37,462124,0.000244140625,0.02631578947368421,0.0004837929366231253,0.008783425814906728,0.9736842105263158,1,9,1,3,0,738,2625,0,1,1,0.11970571428537369,0.11970571428537369,0.11970571428537369,,,,
Five Dir Case 1,all,poi_only,random_3,64,ok,64,63,1,39,0.015625,0.015625,1,63,37,466156,0.015625,0.02631578947368421,0.0196078431372549,0.00013512962792164198,0.9736842105263158,1,9,1,3,0,15,48,0,1,1,0.11697423830628395,0.11697423830628395,0.11697423830628395,,,,
Five Dir Case 1,all,poi_only,random_3,256,ok,256,249,1,78,0.12109375,0.0078125,1,255,37,465964,0.00390625,0.02631578947368421,0.006802721088435374,0.0005469532558733128,0.9736842105263158,1,9,1,3,0,52,197,0,1,1,0.11806011945009232,0.11806011945009232,0.11806011945009232,,,,
Five Dir Case 1,all,poi_only,random_3,1024,ok,1024,939,1,150,0.3486328125,0.0048828125,1,1023,37,465196,0.0009765625,0.02631578947368421,0.0018832391713747645,0.002194247767679996,0.9736842105263158,1,9,1,3,0,201,738,0,1,1,0.11847983300685883,0.11847983300685883,0.11847983300685883,,,,
Five Dir Case 1,all,poi_only,random_3,4096,ok,4096,3327,1,145,0.853759765625,0.003173828125,1,4095,37,462124,0.000244140625,0.02631578947368421,0.0004837929366231253,0.008783425814906728,0.9736842105263158,1,9,1,3,0,734,2593,0,1,1,0.11580067500472069,0.11580067500472069,0.11580067500472069,,,,
Five Dir Case 1,all,poi_only,random_4,64,ok,64,64,1,44,0.015625,0.015625,1,63,37,466156,0.015625,0.02631578947368421,0.0196078431372549,0.00013512962792164198,0.9736842105263158,1,9,1,3,0,18,46,0,1,1,0.11657090857625008,0.11657090857625008,0.11657090857625008,,,,
Five Dir Case 1,all,poi_only,random_4,256,ok,256,247,1,84,0.00390625,0.00390625,1,255,37,465964,0.00390625,0.02631578947368421,0.006802721088435374,0.0005469532558733128,0.9736842105263158,1,9,1,3,0,46,201,0,1,1,0.11547913029789925,0.11547913029789925,0.11547913029789925,,,,
Five Dir Case 1,all,poi_only,random_4,1024,ok,1024,937,1,150,0.005859375,0.0048828125,1,1023,37,465196,0.0009765625,0.02631578947368421,0.0018832391713747645,0.002194247767679996,0.9736842105263158,1,9,1,3,0,179,758,0,1,1,0.11568519100546837,0.11568519100546837,0.11568519100546837,,,,
Five Dir Case 1,all,poi_only,random_4,4096,ok,4096,3314,1,167,0.81396484375,0.00341796875,1,4095,37,462124,0.000244140625,0.02631578947368421,0.0004837929366231253,0.008783425814906728,0.9736842105263158,1,9,1,3,0,726,2588,0,1,1,0.11584364995360374,0.11584364995360374,0.11584364995360374,,,,
Five Dir Case 1,all,shared_context,old_score_top,64,ok,64,28,39,1,1.0,1.0,38,26,0,466193,0.59375,1.0,0.7450980392156863,5.576778295178875e-05,0.0,9,9,3,3,0,27,1,1,1,1,0.06893511861562729,0.06893511861562729,0.06893511861562729,,,,
Five Dir Case 1,all,shared_context,old_score_top,256,ok,256,71,39,1,1.0,1.0,38,218,0,466001,0.1484375,1.0,0.2585034013605442,0.00046759141090345954,0.0,9,9,3,3,0,58,13,1,1,1,0.06896437332034111,0.06896437332034111,0.06896437332034111,,,,
Five Dir Case 1,all,shared_context,old_score_top,1024,ok,1024,308,39,1,1.0,1.0,38,986,0,465233,0.037109375,1.0,0.07156308851224105,0.0021148859227101426,0.0,9,9,3,3,0,275,33,1,1,3,0.06930344179272652,0.06891702860593796,0.08090472221374512,,,,
Five Dir Case 1,all,shared_context,old_score_top,4096,ok,4096,1399,39,1,1.0,1.0,38,4058,0,462161,0.00927734375,1.0,0.018384131591678763,0.008704063969936875,0.0,9,9,3,3,0,1335,64,1,1,1,0.0687866173684597,0.0687866173684597,0.0687866173684597,,,,
Five Dir Case 1,all,shared_context,rarity_top,64,ok,64,15,39,3,0.609375,0.609375,38,26,0,466193,0.59375,1.0,0.7450980392156863,5.576778295178875e-05,0.0,9,9,3,3,0,13,2,1,1,1,0.08188045769929886,0.08188045769929886,0.08188045769929886,,,,
Five Dir Case 1,all,shared_context,rarity_top,256,ok,256,181,39,42,0.1953125,0.1640625,38,218,0,466001,0.1484375,1.0,0.2585034013605442,0.00046759141090345954,0.0,9,9,3,3,0,181,0,1,1,1,0.0821123719215393,0.0821123719215393,0.0821123719215393,,,,
Five Dir Case 1,all,shared_context,rarity_top,1024,ok,1024,677,39,43,0.0615234375,0.0498046875,38,986,0,465233,0.037109375,1.0,0.07156308851224105,0.0021148859227101426,0.0,9,9,3,3,0,667,10,1,1,3,0.08145756646990776,0.08121127262711525,0.08471445739269257,,,,
Five Dir Case 1,all,shared_context,rarity_top,4096,ok,4096,3303,39,73,0.759765625,0.1240234375,38,4058,0,462161,0.00927734375,1.0,0.018384131591678763,0.008704063969936875,0.0,9,9,3,3,0,3303,0,1,1,1,0.0838019959628582,0.0838019959628582,0.0838019959628582,,,,
Five Dir Case 1,all,shared_context,diffusion_top,64,ok,64,25,39,1,1.0,0.984375,38,26,0,466193,0.59375,1.0,0.7450980392156863,5.576778295178875e-05,0.0,9,9,3,3,0,24,1,1,1,1,0.09891991317272186,0.09891991317272186,0.09891991317272186,0.9401525557041168,1.0390724688768387,,
Five Dir Case 1,all,shared_context,diffusion_top,256,ok,256,80,39,1,1.0,0.94921875,38,218,0,466001,0.1484375,1.0,0.2585034013605442,0.00046759141090345954,0.0,9,9,3,3,0,75,5,1,1,1,0.09844429045915604,0.09844429045915604,0.09844429045915604,0.9401525557041168,1.0385968461632729,,
Five Dir Case 1,all,shared_context,diffusion_top,1024,ok,1024,733,39,1,1.0,0.97265625,38,986,0,465233,0.037109375,1.0,0.07156308851224105,0.0021148859227101426,0.0,9,9,3,3,0,732,1,1,1,3,0.09843675792217255,0.09746311232447624,0.09875382483005524,0.9401525557041168,1.0385893136262894,,
Five Dir Case 1,all,shared_context,diffusion_top,4096,ok,4096,1641,39,1,1.0,0.916259765625,38,4058,0,462161,0.00927734375,1.0,0.018384131591678763,0.008704063969936875,0.0,9,9,3,3,0,1640,1,1,1,1,0.09767640009522438,0.09767640009522438,0.09767640009522438,0.9401525557041168,1.0378289557993412,,
Five Dir Case 1,all,shared_context,localdegree_top,64,ok,64,35,39,17,0.609375,0.609375,38,26,0,466193,0.59375,1.0,0.7450980392156863,5.576778295178875e-05,0.0,9,9,3,3,0,17,18,1,1,1,0.0839049182832241,0.0839049182832241,0.0839049182832241,1.9852400980889797,2.069145016372204,,
Five Dir Case 1,all,shared_context,localdegree_top,256,ok,256,217,39,60,0.16015625,0.16015625,38,218,0,466001,0.1484375,1.0,0.2585034013605442,0.00046759141090345954,0.0,9,9,3,3,0,68,149,1,1,1,0.08290017396211624,0.08290017396211624,0.08290017396211624,1.9852400980889797,2.068140272051096,,
Five Dir Case 1,all,shared_context,localdegree_top,1024,ok,1024,868,39,150,0.0556640625,0.0556640625,38,986,0,465233,0.037109375,1.0,0.07156308851224105,0.0021148859227101426,0.0,9,9,3,3,0,250,618,1,1,3,0.0860246792435646,0.08404109999537468,0.0873427614569664,1.9852400980889797,2.0712647773325443,,
Five Dir Case 1,all,shared_context,localdegree_top,4096,ok,4096,3085,39,248,0.0234375,0.02197265625,38,4058,0,462161,0.00927734375,1.0,0.018384131591678763,0.008704063969936875,0.0,9,9,3,3,0,951,2134,1,1,1,0.08377379179000854,0.08377379179000854,0.08377379179000854,1.9852400980889797,2.0690138898789883,,
Five Dir Case 1,all,shared_context,episode,64,ok,64,27,39,1,1.0,1.0,38,26,0,466193,0.59375,1.0,0.7450980392156863,5.576778295178875e-05,0.0,9,9,3,3,0,26,1,1,1,1,0.19001144915819168,0.19001144915819168,0.19001144915819168,0.9401525557041168,1.1301640048623085,,
Five Dir Case 1,all,shared_context,episode,256,ok,256,85,39,1,1.0,1.0,38,218,0,466001,0.1484375,1.0,0.2585034013605442,0.00046759141090345954,0.0,9,9,3,3,0,81,4,1,1,1,0.1937624141573906,0.1937624141573906,0.1937624141573906,0.9401525557041168,1.1339149698615074,,
Five Dir Case 1,all,shared_context,episode,1024,ok,1024,733,39,1,1.0,1.0,38,986,0,465233,0.037109375,1.0,0.07156308851224105,0.0021148859227101426,0.0,9,9,3,3,0,726,7,1,1,3,0.19666793569922447,0.19646312668919563,0.19682595506310463,0.9401525557041168,1.1368204914033413,,
Five Dir Case 1,all,shared_context,episode,4096,ok,4096,1660,39,1,1.0,1.0,38,4058,0,462161,0.00927734375,1.0,0.018384131591678763,0.008704063969936875,0.0,9,9,3,3,0,1649,11,1,1,1,0.20540205016732216,0.20540205016732216,0.20540205016732216,0.9401525557041168,1.145554605871439,,
Five Dir Case 1,all,shared_context,coverage_exact,64,ok,64,27,39,1,1.0,1.0,38,26,0,466193,0.59375,1.0,0.7450980392156863,5.576778295178875e-05,0.0,9,9,3,3,0,26,1,1,1,1,0.6388596780598164,0.6388596780598164,0.6388596780598164,0.9401525557041168,1.5790122337639332,,
Five Dir Case 1,all,shared_context,coverage_exact,256,ok,256,85,39,1,1.0,1.0,38,218,0,466001,0.1484375,1.0,0.2585034013605442,0.00046759141090345954,0.0,9,9,3,3,0,81,4,1,1,1,0.6399885602295399,0.6399885602295399,0.6399885602295399,0.9401525557041168,1.5801411159336567,,
Five Dir Case 1,all,shared_context,coverage_exact,1024,ok,1024,733,39,1,1.0,1.0,38,986,0,465233,0.037109375,1.0,0.07156308851224105,0.0021148859227101426,0.0,9,9,3,3,0,726,7,1,1,3,0.6591960303485394,0.6578339599072933,0.6600485071539879,0.9401525557041168,1.5993485860526562,,
Five Dir Case 1,all,shared_context,coverage_exact,4096,ok,4096,1634,39,1,1.0,1.0,38,4058,0,462161,0.00927734375,1.0,0.018384131591678763,0.008704063969936875,0.0,9,9,3,3,0,1618,16,1,1,1,0.6709803529083729,0.6709803529083729,0.6709803529083729,0.9401525557041168,1.6111329086124897,,
Five Dir Case 1,all,shared_context,coverage_semantic,64,ok,64,27,39,1,1.0,1.0,38,26,0,466193,0.59375,1.0,0.7450980392156863,5.576778295178875e-05,0.0,9,9,3,3,0,26,1,1,1,1,0.7664915695786476,0.7664915695786476,0.7664915695786476,0.9401525557041168,1.7066441252827644,,
Five Dir Case 1,all,shared_context,coverage_semantic,256,ok,256,84,39,1,1.0,1.0,38,218,0,466001,0.1484375,1.0,0.2585034013605442,0.00046759141090345954,0.0,9,9,3,3,0,80,4,1,1,1,0.7636590078473091,0.7636590078473091,0.7636590078473091,0.9401525557041168,1.703811563551426,,
Five Dir Case 1,all,shared_context,coverage_semantic,1024,ok,1024,733,39,1,1.0,1.0,38,986,0,465233,0.037109375,1.0,0.07156308851224105,0.0021148859227101426,0.0,9,9,3,3,0,726,7,1,1,3,0.7764451019465923,0.7720116451382637,0.7839274406433105,0.9401525557041168,1.7165976576507092,,
Five Dir Case 1,all,shared_context,coverage_semantic,4096,ok,4096,1626,39,1,1.0,1.0,38,4058,0,462161,0.00927734375,1.0,0.018384131591678763,0.008704063969936875,0.0,9,9,3,3,0,1610,16,1,1,1,0.7851266637444496,0.7851266637444496,0.7851266637444496,0.9401525557041168,1.7252792194485664,,
Five Dir Case 1,all,shared_context,coverage_no_frequency,64,ok,64,14,39,1,1.0,1.0,38,26,0,466193,0.59375,1.0,0.7450980392156863,5.576778295178875e-05,0.0,9,9,3,3,0,14,0,1,1,1,0.7608579099178314,0.7608579099178314,0.7608579099178314,0.480484951287508,1.2413428612053394,,
Five Dir Case 1,all,shared_context,coverage_no_frequency,256,ok,256,37,39,1,1.0,1.0,38,218,0,466001,0.1484375,1.0,0.2585034013605442,0.00046759141090345954,0.0,9,9,3,3,0,37,0,1,1,1,0.7608848512172699,0.7608848512172699,0.7608848512172699,0.480484951287508,1.241369802504778,,
Five Dir Case 1,all,shared_context,coverage_no_frequency,1024,ok,1024,750,39,1,1.0,1.0,38,986,0,465233,0.037109375,1.0,0.07156308851224105,0.0021148859227101426,0.0,9,9,3,3,0,749,1,1,1,3,0.7866073437035084,0.7805344611406326,0.8808320127427578,0.480484951287508,1.2670922949910164,,
Five Dir Case 1,all,shared_context,coverage_no_frequency,4096,ok,4096,1524,39,1,1.0,1.0,38,4058,0,462161,0.00927734375,1.0,0.018384131591678763,0.008704063969936875,0.0,9,9,3,3,0,1512,12,1,1,1,0.7924031317234039,0.7924031317234039,0.7924031317234039,0.480484951287508,1.272888083010912,,
Five Dir Case 1,all,shared_context,pcst_native,64,ok,39,10,39,1,1.0,1.0,38,1,0,466218,0.9743589743589743,1.0,0.987012987012987,2.144914728914952e-06,0.0,9,9,3,3,0,10,0,1,1,1,0.0054388754069805145,0.0054388754069805145,0.0054388754069805145,3.965661011636257,3.9710998870432377,1.0,0.0
Five Dir Case 1,all,shared_context,pcst_native,256,ok,39,10,39,1,1.0,1.0,38,1,0,466218,0.9743589743589743,1.0,0.987012987012987,2.144914728914952e-06,0.0,9,9,3,3,0,10,0,1,1,1,0.005263414233922958,0.005263414233922958,0.005263414233922958,3.965661011636257,3.97092442587018,1.0,0.0
Five Dir Case 1,all,shared_context,pcst_native,1024,ok,39,10,39,1,1.0,1.0,38,1,0,466218,0.9743589743589743,1.0,0.987012987012987,2.144914728914952e-06,0.0,9,9,3,3,0,10,0,1,1,1,0.005179889500141144,0.005179889500141144,0.005179889500141144,3.965661011636257,3.9708409011363983,1.0,0.0
Five Dir Case 1,all,shared_context,pcst_native,4096,ok,2007,1972,39,1,1.0,0.8754359740906826,38,1969,0,464250,0.018933731938216243,1.0,0.037163814180929094,0.00422333710123354,0.0,9,9,3,3,0,1972,0,1,1,1,0.005413725972175598,0.005413725972175598,0.005413725972175598,3.965661011636257,3.9710747376084328,0.3,870.9156209338835
Five Dir Case 1,all,shared_context,random_0,64,ok,64,35,39,21,0.609375,0.609375,38,26,0,466193,0.59375,1.0,0.7450980392156863,5.576778295178875e-05,0.0,9,9,3,3,0,16,19,1,1,1,0.11897497624158859,0.11897497624158859,0.11897497624158859,,,,
Five Dir Case 1,all,shared_context,random_0,256,ok,256,223,39,73,0.1796875,0.15234375,38,218,0,466001,0.1484375,1.0,0.2585034013605442,0.00046759141090345954,0.0,9,9,3,3,0,50,173,1,1,1,0.11872569471597672,0.11872569471597672,0.11872569471597672,,,,
Five Dir Case 1,all,shared_context,random_0,1024,ok,1024,901,39,129,0.3486328125,0.0478515625,38,986,0,465233,0.037109375,1.0,0.07156308851224105,0.0021148859227101426,0.0,9,9,3,3,0,169,732,1,1,1,0.11554212495684624,0.11554212495684624,0.11554212495684624,,,,
Five Dir Case 1,all,shared_context,random_0,4096,ok,4096,3304,39,157,0.801513671875,0.028564453125,38,4058,0,462161,0.00927734375,1.0,0.018384131591678763,0.008704063969936875,0.0,9,9,3,3,0,684,2620,1,1,1,0.11548826098442078,0.11548826098442078,0.11548826098442078,,,,
Five Dir Case 1,all,shared_context,random_1,64,ok,64,35,39,18,0.609375,0.609375,38,26,0,466193,0.59375,1.0,0.7450980392156863,5.576778295178875e-05,0.0,9,9,3,3,0,13,22,1,1,1,0.11529500782489777,0.11529500782489777,0.11529500782489777,,,,
Five Dir Case 1,all,shared_context,random_1,256,ok,256,223,39,78,0.15625,0.15625,38,218,0,466001,0.1484375,1.0,0.2585034013605442,0.00046759141090345954,0.0,9,9,3,3,0,44,179,1,1,1,0.12101086229085922,0.12101086229085922,0.12101086229085922,,,,
Five Dir Case 1,all,shared_context,random_1,1024,ok,1024,917,39,148,0.5068359375,0.0458984375,38,986,0,465233,0.037109375,1.0,0.07156308851224105,0.0021148859227101426,0.0,9,9,3,3,0,172,745,1,1,1,0.11670439690351486,0.11670439690351486,0.11670439690351486,,,,
Five Dir Case 1,all,shared_context,random_1,4096,ok,4096,3312,39,147,0.79736328125,0.023681640625,38,4058,0,462161,0.00927734375,1.0,0.018384131591678763,0.008704063969936875,0.0,9,9,3,3,0,687,2625,1,1,1,0.11742943525314331,0.11742943525314331,0.11742943525314331,,,,
Five Dir Case 1,all,shared_context,random_2,64,ok,64,35,39,18,0.625,0.625,38,26,0,466193,0.59375,1.0,0.7450980392156863,5.576778295178875e-05,0.0,9,9,3,3,0,16,19,1,1,1,0.11755606904625893,0.11755606904625893,0.11755606904625893,,,,
Five Dir Case 1,all,shared_context,random_2,256,ok,256,221,39,78,0.1640625,0.1640625,38,218,0,466001,0.1484375,1.0,0.2585034013605442,0.00046759141090345954,0.0,9,9,3,3,0,48,173,1,1,1,0.11633804813027382,0.11633804813027382,0.11633804813027382,,,,
Five Dir Case 1,all,shared_context,random_2,1024,ok,1024,912,39,130,0.060546875,0.0478515625,38,986,0,465233,0.037109375,1.0,0.07156308851224105,0.0021148859227101426,0.0,9,9,3,3,0,175,737,1,1,1,0.11515698581933975,0.11515698581933975,0.11515698581933975,,,,
Five Dir Case 1,all,shared_context,random_2,4096,ok,4096,3348,39,156,0.85986328125,0.021484375,38,4058,0,462161,0.00927734375,1.0,0.018384131591678763,0.008704063969936875,0.0,9,9,3,3,0,744,2604,1,1,1,0.11882727965712547,0.11882727965712547,0.11882727965712547,,,,
Five Dir Case 1,all,shared_context,random_3,64,ok,64,35,39,18,0.625,0.625,38,26,0,466193,0.59375,1.0,0.7450980392156863,5.576778295178875e-05,0.0,9,9,3,3,0,13,22,1,1,1,0.11843815445899963,0.11843815445899963,0.11843815445899963,,,,
Five Dir Case 1,all,shared_context,random_3,256,ok,256,221,39,72,0.25390625,0.1640625,38,218,0,466001,0.1484375,1.0,0.2585034013605442,0.00046759141090345954,0.0,9,9,3,3,0,55,166,1,1,1,0.1171598918735981,0.1171598918735981,0.1171598918735981,,,,
Five Dir Case 1,all,shared_context,random_3,1024,ok,1024,915,39,148,0.3720703125,0.0537109375,38,986,0,465233,0.037109375,1.0,0.07156308851224105,0.0021148859227101426,0.0,9,9,3,3,0,207,708,1,1,1,0.11634687334299088,0.11634687334299088,0.11634687334299088,,,,
Five Dir Case 1,all,shared_context,random_3,4096,ok,4096,3308,39,146,0.853759765625,0.02685546875,38,4058,0,462161,0.00927734375,1.0,0.018384131591678763,0.008704063969936875,0.0,9,9,3,3,0,739,2569,1,1,1,0.11487855389714241,0.11487855389714241,0.11487855389714241,,,,
Five Dir Case 1,all,shared_context,random_4,64,ok,64,35,39,22,0.609375,0.609375,38,26,0,466193,0.59375,1.0,0.7450980392156863,5.576778295178875e-05,0.0,9,9,3,3,0,17,18,1,1,1,0.12821633741259575,0.12821633741259575,0.12821633741259575,,,,
Five Dir Case 1,all,shared_context,random_4,256,ok,256,222,39,80,0.15234375,0.15234375,38,218,0,466001,0.1484375,1.0,0.2585034013605442,0.00046759141090345954,0.0,9,9,3,3,0,51,171,1,1,1,0.11970782279968262,0.11970782279968262,0.11970782279968262,,,,
Five Dir Case 1,all,shared_context,random_4,1024,ok,1024,913,39,147,0.048828125,0.0478515625,38,986,0,465233,0.037109375,1.0,0.07156308851224105,0.0021148859227101426,0.0,9,9,3,3,0,179,734,1,1,1,0.12049536406993866,0.12049536406993866,0.12049536406993866,,,,
Five Dir Case 1,all,shared_context,random_4,4096,ok,4096,3293,39,170,0.814208984375,0.037841796875,38,4058,0,462161,0.00927734375,1.0,0.018384131591678763,0.008704063969936875,0.0,9,9,3,3,0,730,2563,1,1,1,0.1179465726017952,0.1179465726017952,0.1179465726017952,,,,
Five Dir Case 3,all,poi_only,old_score_top,64,ok,64,54,2,2,1.0,1.0,10,54,5,424176,0.15625,0.6666666666666666,0.25316455696202533,0.00012728944204794569,0.3333333333333333,3,7,2,3,0,53,1,1,2,1,0.07029718160629272,0.07029718160629272,0.07029718160629272,,,,
Five Dir Case 3,all,poi_only,old_score_top,256,ok,256,114,2,1,1.0,1.0,10,246,5,423984,0.0390625,0.6666666666666666,0.07380073800738007,0.000579874124885086,0.3333333333333333,3,7,2,3,0,99,15,1,2,1,0.06334550678730011,0.06334550678730011,0.06334550678730011,,,,
Five Dir Case 3,all,poi_only,old_score_top,1024,ok,1024,269,2,1,1.0,0.9990234375,11,1013,4,423217,0.0107421875,0.7333333333333333,0.021174205967276226,0.0023878556443438703,0.26666666666666666,4,7,2,3,0,252,17,1,2,3,0.06304550915956497,0.06280968710780144,0.06357992067933083,,,,
Five Dir Case 3,all,poi_only,old_score_top,4096,ok,4096,854,2,1,1.0,0.999755859375,11,4085,4,420145,0.002685546875,0.7333333333333333,0.00535149598637801,0.009629210569738113,0.26666666666666666,4,7,2,3,0,808,46,1,2,1,0.06315483525395393,0.06315483525395393,0.06315483525395393,,,,
Five Dir Case 3,all,poi_only,rarity_top,64,ok,64,62,2,19,0.03125,0.03125,2,62,13,424168,0.03125,0.13333333333333333,0.05063291139240506,0.00014614713716615987,0.8666666666666667,2,7,2,3,0,34,28,1,2,1,0.07429097592830658,0.07429097592830658,0.07429097592830658,,,,
Five Dir Case 3,all,poi_only,rarity_top,256,ok,256,223,2,34,0.0078125,0.0078125,2,254,13,423976,0.0078125,0.13333333333333333,0.014760147601476014,0.0005987318200033001,0.8666666666666667,2,7,2,3,0,138,85,1,2,1,0.07147973775863647,0.07147973775863647,0.07147973775863647,,,,
Five Dir Case 3,all,poi_only,rarity_top,1024,ok,1024,847,2,66,0.00390625,0.0029296875,2,1022,13,423208,0.001953125,0.13333333333333333,0.0038498556304138597,0.002409070551351861,0.8666666666666667,2,7,2,3,0,553,294,1,2,3,0.07208632305264473,0.07148096710443497,0.07236441969871521,,,,
Five Dir Case 3,all,poi_only,rarity_top,4096,ok,4096,3198,2,120,0.002197265625,0.00146484375,2,4094,13,420136,0.00048828125,0.13333333333333333,0.0009729992702505473,0.009650425476746105,0.8666666666666667,2,7,2,3,0,2221,977,1,2,1,0.07389732077717781,0.07389732077717781,0.07389732077717781,,,,
Five Dir Case 3,all,poi_only,diffusion_top,64,ok,64,60,2,2,1.0,0.484375,4,60,11,424170,0.0625,0.26666666666666666,0.10126582278481013,0.0001414327133866063,0.7333333333333333,3,7,2,3,0,60,0,2,2,1,0.08774960041046143,0.08774960041046143,0.08774960041046143,0.9352581724524498,1.0230077728629112,,
Five Dir Case 3,all,poi_only,diffusion_top,256,ok,256,103,2,2,1.0,0.71484375,12,244,3,423986,0.046875,0.8,0.08856088560885608,0.0005751597011055324,0.2,4,7,2,3,0,102,1,2,2,1,0.0869031511247158,0.0869031511247158,0.0869031511247158,0.9352581724524498,1.0221613235771656,,
Five Dir Case 3,all,poi_only,diffusion_top,1024,ok,1024,282,2,5,0.8916015625,0.6630859375,13,1011,2,423219,0.0126953125,0.8666666666666667,0.025024061597690085,0.0023831412205643165,0.13333333333333333,5,7,3,3,0,281,1,2,2,3,0.08575977012515068,0.0854114294052124,0.0891832672059536,0.9352581724524498,1.0210179425776005,,
Five Dir Case 3,all,poi_only,diffusion_top,4096,ok,4096,1112,2,2,0.99365234375,0.91943359375,14,4082,1,420148,0.00341796875,0.9333333333333333,0.006810994891753831,0.009622138934068783,0.06666666666666667,6,7,3,3,0,1109,3,2,2,1,0.0858701691031456,0.0858701691031456,0.0858701691031456,0.9352581724524498,1.0211283415555954,,
Five Dir Case 3,all,poi_only,localdegree_top,64,ok,64,63,2,19,0.03125,0.03125,2,62,13,424168,0.03125,0.13333333333333333,0.05063291139240506,0.00014614713716615987,0.8666666666666667,2,7,2,3,0,11,52,1,2,1,0.0739133469760418,0.0739133469760418,0.0739133469760418,1.8634119145572186,1.9373252615332603,,
Five Dir Case 3,all,poi_only,localdegree_top,256,ok,256,239,2,32,0.0078125,0.0078125,2,254,13,423976,0.0078125,0.13333333333333333,0.014760147601476014,0.0005987318200033001,0.8666666666666667,2,7,2,3,0,38,201,1,2,1,0.07386744022369385,0.07386744022369385,0.07386744022369385,1.8634119145572186,1.9372793547809124,,
Five Dir Case 3,all,poi_only,localdegree_top,1024,ok,1024,815,2,69,0.001953125,0.001953125,2,1022,13,423208,0.001953125,0.13333333333333333,0.0038498556304138597,0.002409070551351861,0.8666666666666667,2,7,2,3,0,159,656,1,2,3,0.07248508930206299,0.07242133468389511,0.07287496328353882,1.8634119145572186,1.9358970038592815,,
Five Dir Case 3,all,poi_only,localdegree_top,4096,ok,4096,2595,2,130,0.202880859375,0.032958984375,2,4094,13,420136,0.00048828125,0.13333333333333333,0.0009729992702505473,0.009650425476746105,0.8666666666666667,2,7,2,3,0,676,1919,1,2,1,0.07328847050666809,0.07328847050666809,0.07328847050666809,1.8634119145572186,1.9367003850638866,,
Five Dir Case 3,all,poi_only,episode,64,ok,64,60,2,1,1.0,1.0,4,60,11,424170,0.0625,0.26666666666666666,0.10126582278481013,0.0001414327133866063,0.7333333333333333,3,7,2,3,0,59,1,2,2,1,0.14582513272762299,0.14582513272762299,0.14582513272762299,0.9352581724524498,1.0810833051800728,,
Five Dir Case 3,all,poi_only,episode,256,ok,256,139,2,1,1.0,1.0,12,244,3,423986,0.046875,0.8,0.08856088560885608,0.0005751597011055324,0.2,4,7,2,3,0,137,2,2,2,1,0.14345227926969528,0.14345227926969528,0.14345227926969528,0.9352581724524498,1.078710451722145,,
Five Dir Case 3,all,poi_only,episode,1024,ok,1024,293,2,1,1.0,1.0,12,1012,3,423218,0.01171875,0.8,0.023099133782483156,0.002385498432454093,0.2,4,7,2,3,0,284,9,2,2,3,0.14400754868984222,0.14366570860147476,0.14471306651830673,0.9352581724524498,1.079265721142292,,
Five Dir Case 3,all,poi_only,episode,4096,ok,4096,1110,2,1,1.0,0.999755859375,13,4083,2,420147,0.003173828125,0.8666666666666667,0.006324495256628557,0.009624496145958561,0.13333333333333333,5,7,2,3,0,1101,9,2,2,1,0.15122099965810776,0.15122099965810776,0.15122099965810776,0.9352581724524498,1.0864791721105576,,
Five Dir Case 3,all,poi_only,coverage_exact,64,ok,64,60,2,1,1.0,1.0,4,60,11,424170,0.0625,0.26666666666666666,0.10126582278481013,0.0001414327133866063,0.7333333333333333,3,7,2,3,0,59,1,2,2,1,0.5351607799530029,0.5351607799530029,0.5351607799530029,0.9352581724524498,1.4704189524054527,,
Five Dir Case 3,all,poi_only,coverage_exact,256,ok,256,141,2,1,1.0,1.0,12,244,3,423986,0.046875,0.8,0.08856088560885608,0.0005751597011055324,0.2,4,7,2,3,0,138,3,2,2,1,0.5378619581460953,0.5378619581460953,0.5378619581460953,0.9352581724524498,1.473120130598545,,
Five Dir Case 3,all,poi_only,coverage_exact,1024,ok,1024,295,2,1,1.0,1.0,12,1012,3,423218,0.01171875,0.8,0.023099133782483156,0.002385498432454093,0.2,4,7,2,3,0,285,10,2,2,3,0.5439560040831566,0.5423586890101433,0.547531146556139,0.9352581724524498,1.4792141765356064,,
Five Dir Case 3,all,poi_only,coverage_exact,4096,ok,4096,1089,2,1,1.0,1.0,13,4083,2,420147,0.003173828125,0.8666666666666667,0.006324495256628557,0.009624496145958561,0.13333333333333333,5,7,2,3,0,1071,18,2,2,1,0.5533488355576992,0.5533488355576992,0.5533488355576992,0.9352581724524498,1.488607008010149,,
Five Dir Case 3,all,poi_only,coverage_semantic,64,ok,64,60,2,1,1.0,1.0,4,60,11,424170,0.0625,0.26666666666666666,0.10126582278481013,0.0001414327133866063,0.7333333333333333,3,7,2,3,0,59,1,2,2,1,0.6267326772212982,0.6267326772212982,0.6267326772212982,0.9352581724524498,1.561990849673748,,
Five Dir Case 3,all,poi_only,coverage_semantic,256,ok,256,141,2,1,1.0,1.0,12,244,3,423986,0.046875,0.8,0.08856088560885608,0.0005751597011055324,0.2,4,7,2,3,0,138,3,2,2,1,0.629290483891964,0.629290483891964,0.629290483891964,0.9352581724524498,1.5645486563444138,,
Five Dir Case 3,all,poi_only,coverage_semantic,1024,ok,1024,295,2,1,1.0,1.0,12,1012,3,423218,0.01171875,0.8,0.023099133782483156,0.002385498432454093,0.2,4,7,2,3,0,285,10,2,2,3,0.630549855530262,0.6261781789362431,0.6312694139778614,0.9352581724524498,1.5658080279827118,,
Five Dir Case 3,all,poi_only,coverage_semantic,4096,ok,4096,1061,2,1,1.0,1.0,13,4083,2,420147,0.003173828125,0.8666666666666667,0.006324495256628557,0.009624496145958561,0.13333333333333333,5,7,2,3,0,1044,17,2,2,1,0.6433972977101803,0.6433972977101803,0.6433972977101803,0.9352581724524498,1.57865547016263,,
Five Dir Case 3,all,poi_only,coverage_no_frequency,64,ok,64,12,2,1,1.0,1.0,4,60,11,424170,0.0625,0.26666666666666666,0.10126582278481013,0.0001414327133866063,0.7333333333333333,3,7,2,3,0,11,1,2,2,1,0.6177344396710396,0.6177344396710396,0.6177344396710396,0.4480673782527447,1.0658018179237843,,
Five Dir Case 3,all,poi_only,coverage_no_frequency,256,ok,256,121,2,1,1.0,1.0,12,244,3,423986,0.046875,0.8,0.08856088560885608,0.0005751597011055324,0.2,4,7,2,3,0,118,3,2,2,1,0.6269220113754272,0.6269220113754272,0.6269220113754272,0.4480673782527447,1.074989389628172,,
Five Dir Case 3,all,poi_only,coverage_no_frequency,1024,ok,1024,269,2,1,1.0,1.0,13,1011,2,423219,0.0126953125,0.8666666666666667,0.025024061597690085,0.0023831412205643165,0.13333333333333333,5,7,2,3,0,261,8,2,2,3,0.6285218670964241,0.6247850470244884,0.6304538138210773,0.4480673782527447,1.0765892453491688,,
Five Dir Case 3,all,poi_only,coverage_no_frequency,4096,ok,4096,1377,2,1,1.0,1.0,14,4082,1,420148,0.00341796875,0.9333333333333333,0.006810994891753831,0.009622138934068783,0.06666666666666667,6,7,3,3,0,1357,20,2,2,1,0.6520371027290821,0.6520371027290821,0.6520371027290821,0.4480673782527447,1.1001044809818268,,
Five Dir Case 3,all,poi_only,pcst_native,64,ok,2,2,2,2,1.0,1.0,2,0,13,424230,1.0,0.13333333333333333,0.23529411764705882,0.0,0.8666666666666667,2,7,2,3,0,1,1,1,2,1,0.004757016897201538,0.004757016897201538,0.004757016897201538,2.7730159014463425,2.777772918343544,1.0,0.0
Five Dir Case 3,all,poi_only,pcst_native,256,ok,2,2,2,2,1.0,1.0,2,0,13,424230,1.0,0.13333333333333333,0.23529411764705882,0.0,0.8666666666666667,2,7,2,3,0,1,1,1,2,1,0.004622533917427063,0.004622533917427063,0.004622533917427063,2.7730159014463425,2.7776384353637695,1.0,0.0
Five Dir Case 3,all,poi_only,pcst_native,1024,ok,708,696,2,1,1.0,0.4209039548022599,6,702,9,423528,0.00847457627118644,0.4,0.016597510373443983,0.001654762746623294,0.6,5,7,3,3,0,696,0,2,2,1,0.004774615168571472,0.004774615168571472,0.004774615168571472,2.7730159014463425,2.777790516614914,0.3,342.5532641604656
Five Dir Case 3,all,poi_only,pcst_native,4096,ok,708,696,2,1,1.0,0.4209039548022599,6,702,9,423528,0.00847457627118644,0.4,0.016597510373443983,0.001654762746623294,0.6,5,7,3,3,0,696,0,2,2,1,0.004842191934585571,0.004842191934585571,0.004842191934585571,2.7730159014463425,2.777858093380928,0.3,342.5532641604656
Five Dir Case 3,all,poi_only,random_0,64,ok,64,62,2,31,0.03125,0.03125,2,62,13,424168,0.03125,0.13333333333333333,0.05063291139240506,0.00014614713716615987,0.8666666666666667,2,7,2,3,0,6,56,1,2,1,0.10658235847949982,0.10658235847949982,0.10658235847949982,,,,
Five Dir Case 3,all,poi_only,random_0,256,ok,256,247,2,55,0.01171875,0.0078125,2,254,13,423976,0.0078125,0.13333333333333333,0.014760147601476014,0.0005987318200033001,0.8666666666666667,2,7,2,3,0,43,204,1,2,1,0.10376859828829765,0.10376859828829765,0.10376859828829765,,,,
Five Dir Case 3,all,poi_only,random_0,1024,ok,1024,887,2,92,0.00390625,0.001953125,2,1022,13,423208,0.001953125,0.13333333333333333,0.0038498556304138597,0.002409070551351861,0.8666666666666667,2,7,2,3,0,150,737,1,2,1,0.10392289608716965,0.10392289608716965,0.10392289608716965,,,,
Five Dir Case 3,all,poi_only,random_0,4096,ok,4096,2979,2,94,0.773193359375,0.002685546875,3,4093,12,420137,0.000732421875,0.2,0.001459498905375821,0.009648068264856327,0.8,3,7,2,3,0,634,2345,1,2,1,0.10385847464203835,0.10385847464203835,0.10385847464203835,,,,
Five Dir Case 3,all,poi_only,random_1,64,ok,64,63,2,36,0.03125,0.03125,2,62,13,424168,0.03125,0.13333333333333333,0.05063291139240506,0.00014614713716615987,0.8666666666666667,2,7,2,3,0,10,53,1,2,1,0.10379106178879738,0.10379106178879738,0.10379106178879738,,,,
Five Dir Case 3,all,poi_only,random_1,256,ok,256,243,2,52,0.0078125,0.0078125,2,254,13,423976,0.0078125,0.13333333333333333,0.014760147601476014,0.0005987318200033001,0.8666666666666667,2,7,2,3,0,36,207,1,2,1,0.10363022610545158,0.10363022610545158,0.10363022610545158,,,,
Five Dir Case 3,all,poi_only,random_1,1024,ok,1024,900,2,96,0.583984375,0.0087890625,2,1022,13,423208,0.001953125,0.13333333333333333,0.0038498556304138597,0.002409070551351861,0.8666666666666667,2,7,2,3,0,160,740,1,2,1,0.10349337756633759,0.10349337756633759,0.10349337756633759,,,,
Five Dir Case 3,all,poi_only,random_1,4096,ok,4096,2975,2,108,0.699951171875,0.015625,2,4094,13,420136,0.00048828125,0.13333333333333333,0.0009729992702505473,0.009650425476746105,0.8666666666666667,2,7,2,3,0,614,2361,1,2,1,0.10381771624088287,0.10381771624088287,0.10381771624088287,,,,
Five Dir Case 3,all,poi_only,random_2,64,ok,64,61,2,26,0.03125,0.03125,2,62,13,424168,0.03125,0.13333333333333333,0.05063291139240506,0.00014614713716615987,0.8666666666666667,2,7,2,3,0,9,52,1,2,1,0.10419964417815208,0.10419964417815208,0.10419964417815208,,,,
Five Dir Case 3,all,poi_only,random_2,256,ok,256,243,2,55,0.0078125,0.0078125,2,254,13,423976,0.0078125,0.13333333333333333,0.014760147601476014,0.0005987318200033001,0.8666666666666667,2,7,2,3,0,35,208,1,2,1,0.10387512668967247,0.10387512668967247,0.10387512668967247,,,,
Five Dir Case 3,all,poi_only,random_2,1024,ok,1024,887,2,89,0.0029296875,0.001953125,2,1022,13,423208,0.001953125,0.13333333333333333,0.0038498556304138597,0.002409070551351861,0.8666666666666667,2,7,2,3,0,137,750,1,2,1,0.10385846719145775,0.10385846719145775,0.10385846719145775,,,,
Five Dir Case 3,all,poi_only,random_2,4096,ok,4096,3030,2,106,0.814697265625,0.001708984375,2,4094,13,420136,0.00048828125,0.13333333333333333,0.0009729992702505473,0.009650425476746105,0.8666666666666667,2,7,2,3,0,624,2406,1,2,1,0.10382634401321411,0.10382634401321411,0.10382634401321411,,,,
Five Dir Case 3,all,poi_only,random_3,64,ok,64,62,2,33,0.03125,0.03125,2,62,13,424168,0.03125,0.13333333333333333,0.05063291139240506,0.00014614713716615987,0.8666666666666667,2,7,2,3,0,13,49,1,2,1,0.10361252725124359,0.10361252725124359,0.10361252725124359,,,,
Five Dir Case 3,all,poi_only,random_3,256,ok,256,237,2,48,0.01171875,0.01171875,2,254,13,423976,0.0078125,0.13333333333333333,0.014760147601476014,0.0005987318200033001,0.8666666666666667,2,7,2,3,0,38,199,1,2,1,0.10386822372674942,0.10386822372674942,0.10386822372674942,,,,
Five Dir Case 3,all,poi_only,random_3,1024,ok,1024,881,2,102,0.6181640625,0.0029296875,2,1022,13,423208,0.001953125,0.13333333333333333,0.0038498556304138597,0.002409070551351861,0.8666666666666667,2,7,2,3,0,158,723,1,2,1,0.10337524116039276,0.10337524116039276,0.10337524116039276,,,,
Five Dir Case 3,all,poi_only,random_3,4096,ok,4096,2989,2,110,0.777587890625,0.013427734375,2,4094,13,420136,0.00048828125,0.13333333333333333,0.0009729992702505473,0.009650425476746105,0.8666666666666667,2,7,2,3,0,653,2336,1,2,1,0.10356788709759712,0.10356788709759712,0.10356788709759712,,,,
Five Dir Case 3,all,poi_only,random_4,64,ok,64,62,2,25,0.03125,0.03125,2,62,13,424168,0.03125,0.13333333333333333,0.05063291139240506,0.00014614713716615987,0.8666666666666667,2,7,2,3,0,7,55,1,2,1,0.10398054495453835,0.10398054495453835,0.10398054495453835,,,,
Five Dir Case 3,all,poi_only,random_4,256,ok,256,242,2,52,0.0078125,0.0078125,2,254,13,423976,0.0078125,0.13333333333333333,0.014760147601476014,0.0005987318200033001,0.8666666666666667,2,7,2,3,0,30,212,1,2,1,0.10372832790017128,0.10372832790017128,0.10372832790017128,,,,
Five Dir Case 3,all,poi_only,random_4,1024,ok,1024,879,2,81,0.626953125,0.0029296875,2,1022,13,423208,0.001953125,0.13333333333333333,0.0038498556304138597,0.002409070551351861,0.8666666666666667,2,7,2,3,0,146,733,1,2,1,0.10348685458302498,0.10348685458302498,0.10348685458302498,,,,
Five Dir Case 3,all,poi_only,random_4,4096,ok,4096,3046,2,97,0.718017578125,0.019287109375,2,4094,13,420136,0.00048828125,0.13333333333333333,0.0009729992702505473,0.009650425476746105,0.8666666666666667,2,7,2,3,0,648,2398,1,2,1,0.10354970023036003,0.10354970023036003,0.10354970023036003,,,,
Five Dir Case 3,all,shared_context,old_score_top,64,ok,64,40,38,1,1.0,0.96875,15,49,0,424181,0.234375,1.0,0.379746835443038,0.00011550338259906183,0.0,7,7,3,3,0,38,2,2,2,1,0.06288003548979759,0.06288003548979759,0.06288003548979759,,,,
Five Dir Case 3,all,shared_context,old_score_top,256,ok,256,119,38,1,1.0,0.9921875,15,241,0,423989,0.05859375,1.0,0.11070110701107011,0.000568088065436202,0.0,7,7,3,3,0,108,11,2,2,1,0.06259465217590332,0.06259465217590332,0.06259465217590332,,,,
Five Dir Case 3,all,shared_context,old_score_top,1024,ok,1024,275,38,1,1.0,0.9970703125,15,1009,0,423221,0.0146484375,1.0,0.028873917228103944,0.002378426796784763,0.0,7,7,3,3,0,257,18,2,2,3,0.062648706138134,0.06259139999747276,0.06271813064813614,,,,
Five Dir Case 3,all,shared_context,old_score_top,4096,ok,4096,860,38,1,1.0,0.999267578125,15,4081,0,420149,0.003662109375,1.0,0.0072974945268791044,0.009619781722179007,0.0,7,7,3,3,0,814,46,2,2,1,0.06276357173919678,0.06276357173919678,0.06276357173919678,,,,
Five Dir Case 3,all,shared_context,rarity_top,64,ok,64,41,38,11,0.59375,0.484375,15,49,0,424181,0.234375,1.0,0.379746835443038,0.00011550338259906183,0.0,7,7,3,3,0,31,10,2,2,1,0.0717768557369709,0.0717768557369709,0.0717768557369709,,,,
Five Dir Case 3,all,shared_context,rarity_top,256,ok,256,206,38,33,0.15234375,0.125,15,241,0,423989,0.05859375,1.0,0.11070110701107011,0.000568088065436202,0.0,7,7,3,3,0,132,74,2,2,1,0.07123878225684166,0.07123878225684166,0.07123878225684166,,,,
Five Dir Case 3,all,shared_context,rarity_top,1024,ok,1024,832,38,61,0.0419921875,0.03515625,15,1009,0,423221,0.0146484375,1.0,0.028873917228103944,0.002378426796784763,0.0,7,7,3,3,0,546,286,2,2,3,0.07198706269264221,0.07117226347327232,0.07409744337201118,,,,
Five Dir Case 3,all,shared_context,rarity_top,4096,ok,4096,3187,38,117,0.013916015625,0.01171875,15,4081,0,420149,0.003662109375,1.0,0.0072974945268791044,0.009619781722179007,0.0,7,7,3,3,0,2213,974,2,2,1,0.07096569985151291,0.07096569985151291,0.07096569985151291,,,,
Five Dir Case 3,all,shared_context,diffusion_top,64,ok,64,38,38,1,1.0,0.859375,15,49,0,424181,0.234375,1.0,0.379746835443038,0.00011550338259906183,0.0,7,7,3,3,0,36,2,2,2,1,0.08575544878840446,0.08575544878840446,0.08575544878840446,0.9352581724524498,1.0210136212408543,,
Five Dir Case 3,all,shared_context,diffusion_top,256,ok,256,113,38,1,1.0,0.796875,15,241,0,423989,0.05859375,1.0,0.11070110701107011,0.000568088065436202,0.0,7,7,3,3,0,111,2,2,2,1,0.08572787046432495,0.08572787046432495,0.08572787046432495,0.9352581724524498,1.0209860429167747,,
Five Dir Case 3,all,shared_context,diffusion_top,1024,ok,1024,289,38,2,0.9794921875,0.7724609375,15,1009,0,423221,0.0146484375,1.0,0.028873917228103944,0.002378426796784763,0.0,7,7,3,3,0,287,2,2,2,3,0.08537181094288826,0.08531023561954498,0.08552104979753494,0.9352581724524498,1.020629983395338,,
Five Dir Case 3,all,shared_context,diffusion_top,4096,ok,4096,1115,38,2,0.99365234375,0.92236328125,15,4081,0,420149,0.003662109375,1.0,0.0072974945268791044,0.009619781722179007,0.0,7,7,3,3,0,1112,3,2,2,1,0.08557616546750069,0.08557616546750069,0.08557616546750069,0.9352581724524498,1.0208343379199505,,
Five Dir Case 3,all,shared_context,localdegree_top,64,ok,64,40,38,14,0.59375,0.484375,15,49,0,424181,0.234375,1.0,0.379746835443038,0.00011550338259906183,0.0,7,7,3,3,0,18,22,2,2,1,0.0722547098994255,0.0722547098994255,0.0722547098994255,1.8634119145572186,1.935666624456644,,
Five Dir Case 3,all,shared_context,localdegree_top,256,ok,256,221,38,30,0.1484375,0.12109375,15,241,0,423989,0.05859375,1.0,0.11070110701107011,0.000568088065436202,0.0,7,7,3,3,0,47,174,2,2,1,0.07817629352211952,0.07817629352211952,0.07817629352211952,1.8634119145572186,1.941588208079338,,
Five Dir Case 3,all,shared_context,localdegree_top,1024,ok,1024,802,38,66,0.0419921875,0.03125,15,1009,0,423221,0.0146484375,1.0,0.028873917228103944,0.002378426796784763,0.0,7,7,3,3,0,167,635,2,2,3,0.07084045186638832,0.0707656480371952,0.07087283954024315,1.8634119145572186,1.9342523664236069,,
Five Dir Case 3,all,shared_context,localdegree_top,4096,ok,4096,2590,38,126,0.21435546875,0.041259765625,15,4081,0,420149,0.003662109375,1.0,0.0072974945268791044,0.009619781722179007,0.0,7,7,3,3,0,679,1911,2,2,1,0.07057883217930794,0.07057883217930794,0.07057883217930794,1.8634119145572186,1.9339907467365265,,
Five Dir Case 3,all,shared_context,episode,64,ok,64,39,38,1,1.0,0.90625,15,49,0,424181,0.234375,1.0,0.379746835443038,0.00011550338259906183,0.0,7,7,3,3,0,36,3,2,2,1,0.16139094904065132,0.16139094904065132,0.16139094904065132,0.9352581724524498,1.0966491214931011,,
Five Dir Case 3,all,shared_context,episode,256,ok,256,151,38,1,1.0,0.9765625,15,241,0,423989,0.05859375,1.0,0.11070110701107011,0.000568088065436202,0.0,7,7,3,3,0,147,4,2,2,1,0.14787859097123146,0.14787859097123146,0.14787859097123146,0.9352581724524498,1.0831367634236813,,
Five Dir Case 3,all,shared_context,episode,1024,ok,1024,298,38,1,1.0,0.9990234375,15,1009,0,423221,0.0146484375,1.0,0.028873917228103944,0.002378426796784763,0.0,7,7,3,3,0,289,9,2,2,3,0.14529455453157425,0.1436294987797737,0.16597585752606392,0.9352581724524498,1.080552726984024,,
Five Dir Case 3,all,shared_context,episode,4096,ok,4096,1113,38,1,1.0,0.99951171875,15,4081,0,420149,0.003662109375,1.0,0.0072974945268791044,0.009619781722179007,0.0,7,7,3,3,0,1104,9,2,2,1,0.1567000187933445,0.1567000187933445,0.1567000187933445,0.9352581724524498,1.0919581912457943,,
Five Dir Case 3,all,shared_context,coverage_exact,64,ok,64,38,38,1,1.0,0.890625,15,49,0,424181,0.234375,1.0,0.379746835443038,0.00011550338259906183,0.0,7,7,3,3,0,36,2,2,2,1,0.5601240545511246,0.5601240545511246,0.5601240545511246,0.9352581724524498,1.4953822270035744,,
Five Dir Case 3,all,shared_context,coverage_exact,256,ok,256,151,38,1,1.0,0.9765625,15,241,0,423989,0.05859375,1.0,0.11070110701107011,0.000568088065436202,0.0,7,7,3,3,0,147,4,2,2,1,0.5656672455370426,0.5656672455370426,0.5656672455370426,0.9352581724524498,1.5009254179894924,,
Five Dir Case 3,all,shared_context,coverage_exact,1024,ok,1024,303,38,1,1.0,0.9990234375,15,1009,0,423221,0.0146484375,1.0,0.028873917228103944,0.002378426796784763,0.0,7,7,3,3,0,293,10,2,2,3,0.5467387139797211,0.5394395478069782,0.5673245824873447,0.9352581724524498,1.4819968864321709,,
Five Dir Case 3,all,shared_context,coverage_exact,4096,ok,4096,1131,38,1,1.0,0.999755859375,15,4081,0,420149,0.003662109375,1.0,0.0072974945268791044,0.009619781722179007,0.0,7,7,3,3,0,1113,18,2,2,1,0.56776063144207,0.56776063144207,0.56776063144207,0.9352581724524498,1.5030188038945198,,
Five Dir Case 3,all,shared_context,coverage_semantic,64,ok,64,38,38,1,1.0,0.890625,15,49,0,424181,0.234375,1.0,0.379746835443038,0.00011550338259906183,0.0,7,7,3,3,0,36,2,2,2,1,0.6254021227359772,0.6254021227359772,0.6254021227359772,0.9352581724524498,1.560660295188427,,
Five Dir Case 3,all,shared_context,coverage_semantic,256,ok,256,151,38,1,1.0,0.9765625,15,241,0,423989,0.05859375,1.0,0.11070110701107011,0.000568088065436202,0.0,7,7,3,3,0,147,4,2,2,1,0.6315359473228455,0.6315359473228455,0.6315359473228455,0.9352581724524498,1.5667941197752953,,
Five Dir Case 3,all,shared_context,coverage_semantic,1024,ok,1024,303,38,1,1.0,0.9990234375,15,1009,0,423221,0.0146484375,1.0,0.028873917228103944,0.002378426796784763,0.0,7,7,3,3,0,293,10,2,2,3,0.632426057010889,0.6302190609276295,0.6439667865633965,0.9352581724524498,1.5676842294633389,,
Five Dir Case 3,all,shared_context,coverage_semantic,4096,ok,4096,1132,38,1,1.0,0.999755859375,15,4081,0,420149,0.003662109375,1.0,0.0072974945268791044,0.009619781722179007,0.0,7,7,3,3,0,1113,19,2,2,1,0.6526715159416199,0.6526715159416199,0.6526715159416199,0.9352581724524498,1.5879296883940697,,
Five Dir Case 3,all,shared_context,coverage_no_frequency,64,ok,64,33,38,1,1.0,0.890625,15,49,0,424181,0.234375,1.0,0.379746835443038,0.00011550338259906183,0.0,7,7,3,3,0,31,2,2,2,1,0.622028861194849,0.622028861194849,0.622028861194849,0.4480673782527447,1.0700962394475937,,
Five Dir Case 3,all,shared_context,coverage_no_frequency,256,ok,256,135,38,1,1.0,0.9921875,15,241,0,423989,0.05859375,1.0,0.11070110701107011,0.000568088065436202,0.0,7,7,3,3,0,131,4,2,2,1,0.6244153939187527,0.6244153939187527,0.6244153939187527,0.4480673782527447,1.0724827721714973,,
Five Dir Case 3,all,shared_context,coverage_no_frequency,1024,ok,1024,266,38,1,1.0,0.9990234375,15,1009,0,423221,0.0146484375,1.0,0.028873917228103944,0.002378426796784763,0.0,7,7,3,3,0,259,7,2,2,3,0.6268410570919514,0.6249476112425327,0.6352079585194588,0.4480673782527447,1.074908435344696,,
Five Dir Case 3,all,shared_context,coverage_no_frequency,4096,ok,4096,1375,38,1,1.0,0.999755859375,15,4081,0,420149,0.003662109375,1.0,0.0072974945268791044,0.009619781722179007,0.0,7,7,3,3,0,1355,20,2,2,1,0.6512585878372192,0.6512585878372192,0.6512585878372192,0.4480673782527447,1.099325966089964,,
Five Dir Case 3,all,shared_context,pcst_native,64,ok,38,15,38,1,1.0,0.8157894736842105,15,23,0,424207,0.39473684210526316,1.0,0.5660377358490566,5.421587346486576e-05,0.0,7,7,3,3,0,13,2,2,2,1,0.0047964416444301605,0.0047964416444301605,0.0047964416444301605,2.7730159014463425,2.7778123430907726,1.0,0.0
Five Dir Case 3,all,shared_context,pcst_native,256,ok,38,15,38,1,1.0,0.8157894736842105,15,23,0,424207,0.39473684210526316,1.0,0.5660377358490566,5.421587346486576e-05,0.0,7,7,3,3,0,13,2,2,2,1,0.004700511693954468,0.004700511693954468,0.004700511693954468,2.7730159014463425,2.777716413140297,1.0,0.0
Five Dir Case 3,all,shared_context,pcst_native,1024,ok,738,704,38,1,1.0,0.6680216802168022,15,723,0,423507,0.02032520325203252,1.0,0.0398406374501992,0.0017042641963086061,0.0,7,7,3,3,0,702,2,2,2,1,0.004928566515445709,0.004928566515445709,0.004928566515445709,2.7730159014463425,2.777944467961788,0.3,342.5532641604656
Five Dir Case 3,all,shared_context,pcst_native,4096,ok,738,704,38,1,1.0,0.6680216802168022,15,723,0,423507,0.02032520325203252,1.0,0.0398406374501992,0.0017042641963086061,0.0,7,7,3,3,0,702,2,2,2,1,0.004942312836647034,0.004942312836647034,0.004942312836647034,2.7730159014463425,2.7779582142829895,0.3,342.5532641604656
Five Dir Case 3,all,shared_context,random_0,64,ok,64,41,38,17,0.59375,0.484375,15,49,0,424181,0.234375,1.0,0.379746835443038,0.00011550338259906183,0.0,7,7,3,3,0,15,26,2,2,1,0.10576269030570984,0.10576269030570984,0.10576269030570984,,,,
Five Dir Case 3,all,shared_context,random_0,256,ok,256,227,38,49,0.16015625,0.125,15,241,0,423989,0.05859375,1.0,0.11070110701107011,0.000568088065436202,0.0,7,7,3,3,0,45,182,2,2,1,0.10362474992871284,0.10362474992871284,0.10362474992871284,,,,
Five Dir Case 3,all,shared_context,random_0,1024,ok,1024,874,38,87,0.5361328125,0.033203125,15,1009,0,423221,0.0146484375,1.0,0.028873917228103944,0.002378426796784763,0.0,7,7,3,3,0,159,715,2,2,1,0.10341879352927208,0.10341879352927208,0.10341879352927208,,,,
Five Dir Case 3,all,shared_context,random_0,4096,ok,4096,2969,38,93,0.776123046875,0.013916015625,15,4081,0,420149,0.003662109375,1.0,0.0072974945268791044,0.009619781722179007,0.0,7,7,3,3,0,639,2330,2,2,1,0.10330243036150932,0.10330243036150932,0.10330243036150932,,,,
Five Dir Case 3,all,shared_context,random_1,64,ok,64,41,38,20,0.59375,0.484375,15,49,0,424181,0.234375,1.0,0.379746835443038,0.00011550338259906183,0.0,7,7,3,3,0,18,23,2,2,1,0.10329525172710419,0.10329525172710419,0.10329525172710419,,,,
Five Dir Case 3,all,shared_context,random_1,256,ok,256,227,38,50,0.16015625,0.12109375,15,241,0,423989,0.05859375,1.0,0.11070110701107011,0.000568088065436202,0.0,7,7,3,3,0,41,186,2,2,1,0.10474685952067375,0.10474685952067375,0.10474685952067375,,,,
Five Dir Case 3,all,shared_context,random_1,1024,ok,1024,882,38,94,0.60546875,0.0380859375,15,1009,0,423221,0.0146484375,1.0,0.028873917228103944,0.002378426796784763,0.0,7,7,3,3,0,164,718,2,2,1,0.10372946038842201,0.10372946038842201,0.10372946038842201,,,,
Five Dir Case 3,all,shared_context,random_1,4096,ok,4096,2969,38,107,0.70263671875,0.023193359375,15,4081,0,420149,0.003662109375,1.0,0.0072974945268791044,0.009619781722179007,0.0,7,7,3,3,0,623,2346,2,2,1,0.10365559533238411,0.10365559533238411,0.10365559533238411,,,,
Five Dir Case 3,all,shared_context,random_2,64,ok,64,40,38,16,0.625,0.5,15,49,0,424181,0.234375,1.0,0.379746835443038,0.00011550338259906183,0.0,7,7,3,3,0,16,24,2,2,1,0.10344377532601357,0.10344377532601357,0.10344377532601357,,,,
Five Dir Case 3,all,shared_context,random_2,256,ok,256,223,38,47,0.1640625,0.125,15,241,0,423989,0.05859375,1.0,0.11070110701107011,0.000568088065436202,0.0,7,7,3,3,0,44,179,2,2,1,0.10340950638055801,0.10340950638055801,0.10340950638055801,,,,
Five Dir Case 3,all,shared_context,random_2,1024,ok,1024,874,38,83,0.52734375,0.0322265625,15,1009,0,423221,0.0146484375,1.0,0.028873917228103944,0.002378426796784763,0.0,7,7,3,3,0,146,728,2,2,1,0.10329299420118332,0.10329299420118332,0.10329299420118332,,,,
Five Dir Case 3,all,shared_context,random_2,4096,ok,4096,3021,38,103,0.817626953125,0.0107421875,15,4081,0,420149,0.003662109375,1.0,0.0072974945268791044,0.009619781722179007,0.0,7,7,3,3,0,628,2393,2,2,1,0.10373833030462265,0.10373833030462265,0.10373833030462265,,,,
Five Dir Case 3,all,shared_context,random_3,64,ok,64,39,38,17,0.609375,0.484375,15,49,0,424181,0.234375,1.0,0.379746835443038,0.00011550338259906183,0.0,7,7,3,3,0,17,22,2,2,1,0.10565285384654999,0.10565285384654999,0.10565285384654999,,,,
Five Dir Case 3,all,shared_context,random_3,256,ok,256,218,38,40,0.1640625,0.125,15,241,0,423989,0.05859375,1.0,0.11070110701107011,0.000568088065436202,0.0,7,7,3,3,0,44,174,2,2,1,0.10334651544690132,0.10334651544690132,0.10334651544690132,,,,
Five Dir Case 3,all,shared_context,random_3,1024,ok,1024,865,38,97,0.6328125,0.033203125,15,1009,0,423221,0.0146484375,1.0,0.028873917228103944,0.002378426796784763,0.0,7,7,3,3,0,162,703,2,2,1,0.10505693405866623,0.10505693405866623,0.10505693405866623,,,,
Five Dir Case 3,all,shared_context,random_3,4096,ok,4096,2978,38,108,0.781005859375,0.021484375,15,4081,0,420149,0.003662109375,1.0,0.0072974945268791044,0.009619781722179007,0.0,7,7,3,3,0,657,2321,2,2,1,0.10344774276018143,0.10344774276018143,0.10344774276018143,,,,
Five Dir Case 3,all,shared_context,random_4,64,ok,64,40,38,16,0.59375,0.484375,15,49,0,424181,0.234375,1.0,0.379746835443038,0.00011550338259906183,0.0,7,7,3,3,0,16,24,2,2,1,0.10347543656826019,0.10347543656826019,0.10347543656826019,,,,
Five Dir Case 3,all,shared_context,random_4,256,ok,256,222,38,43,0.1484375,0.12109375,15,241,0,423989,0.05859375,1.0,0.11070110701107011,0.000568088065436202,0.0,7,7,3,3,0,37,185,2,2,1,0.10348236933350563,0.10348236933350563,0.10348236933350563,,,,
Five Dir Case 3,all,shared_context,random_4,1024,ok,1024,864,38,80,0.642578125,0.0322265625,15,1009,0,423221,0.0146484375,1.0,0.028873917228103944,0.002378426796784763,0.0,7,7,3,3,0,152,712,2,2,1,0.10343516618013382,0.10343516618013382,0.10343516618013382,,,,
Five Dir Case 3,all,shared_context,random_4,4096,ok,4096,3033,38,97,0.720703125,0.05419921875,15,4081,0,420149,0.003662109375,1.0,0.0072974945268791044,0.009619781722179007,0.0,7,7,3,3,0,653,2380,2,2,1,0.10338748246431351,0.10338748246431351,0.10338748246431351,,,,
Five Dir Case 3,drop-0,poi_only,diffusion_top,1024,ok,1024,210,1,2,0.9736328125,0.7255859375,3,1021,12,423209,0.0029296875,0.2,0.005774783445620789,0.0024067133394620843,0.8,2,7,2,3,0,209,1,1,1,1,0.08776365220546722,0.08776365220546722,0.08776365220546722,0.8236817419528961,0.9114453941583633,,
Five Dir Case 3,drop-0,poi_only,episode,1024,ok,1024,218,1,1,1.0,1.0,2,1022,13,423208,0.001953125,0.13333333333333333,0.0038498556304138597,0.002409070551351861,0.8666666666666667,1,7,1,3,0,213,5,1,1,1,0.14831871166825294,0.14831871166825294,0.14831871166825294,0.8236817419528961,0.9720004536211491,,
Five Dir Case 3,drop-0,poi_only,coverage_semantic,1024,ok,1024,219,1,1,1.0,1.0,2,1022,13,423208,0.001953125,0.13333333333333333,0.0038498556304138597,0.002409070551351861,0.8666666666666667,1,7,1,3,0,213,6,1,1,1,0.636047013103962,0.636047013103962,0.636047013103962,0.8236817419528961,1.459728755056858,,
Five Dir Case 3,drop-0,poi_only,coverage_no_frequency,1024,ok,1024,259,1,1,1.0,1.0,3,1021,12,423209,0.0029296875,0.2,0.005774783445620789,0.0024067133394620843,0.8,2,7,1,3,0,252,7,1,1,1,0.6394982859492302,0.6394982859492302,0.6394982859492302,0.34786955267190933,0.9873678386211395,,
Five Dir Case 3,drop-0,shared_context,diffusion_top,1024,ok,1024,214,24,1,1.0,0.7275390625,5,1019,10,423211,0.0048828125,0.3333333333333333,0.009624639076034648,0.002401998915682531,0.6666666666666666,4,7,2,3,0,212,2,1,1,1,0.08882585540413857,0.08882585540413857,0.08882585540413857,0.8236817419528961,0.9125075973570347,,
Five Dir Case 3,drop-0,shared_context,episode,1024,ok,1024,223,24,1,1.0,0.9990234375,5,1019,10,423211,0.0048828125,0.3333333333333333,0.009624639076034648,0.002401998915682531,0.6666666666666666,4,7,2,3,0,217,6,1,1,1,0.14708345010876656,0.14708345010876656,0.14708345010876656,0.8236817419528961,0.9707651920616627,,
Five Dir Case 3,drop-0,shared_context,coverage_semantic,1024,ok,1024,228,24,1,1.0,0.9990234375,5,1019,10,423211,0.0048828125,0.3333333333333333,0.009624639076034648,0.002401998915682531,0.6666666666666666,4,7,2,3,0,220,8,1,1,1,0.6400989294052124,0.6400989294052124,0.6400989294052124,0.8236817419528961,1.4637806713581085,,
Five Dir Case 3,drop-0,shared_context,coverage_no_frequency,1024,ok,1024,265,24,1,1.0,0.9990234375,5,1019,10,423211,0.0048828125,0.3333333333333333,0.009624639076034648,0.002401998915682531,0.6666666666666666,4,7,2,3,0,257,8,1,1,1,0.6365105994045734,0.6365105994045734,0.6365105994045734,0.34786955267190933,0.9843801520764828,,
Five Dir Case 3,drop-1,poi_only,diffusion_top,1024,ok,1024,562,1,3,0.970703125,0.4736328125,10,1014,5,423216,0.009765625,0.6666666666666666,0.019249278152069296,0.002390212856233647,0.3333333333333333,3,7,1,3,0,558,4,1,1,1,0.08823873847723007,0.08823873847723007,0.08823873847723007,0.8183274082839489,0.906566146761179,,
Five Dir Case 3,drop-1,poi_only,episode,1024,ok,1024,567,1,1,1.0,1.0,10,1014,5,423216,0.009765625,0.6666666666666666,0.019249278152069296,0.002390212856233647,0.3333333333333333,3,7,1,3,0,565,2,1,1,1,0.14575446769595146,0.14575446769595146,0.14575446769595146,0.8183274082839489,0.9640818759799004,,
Five Dir Case 3,drop-1,poi_only,coverage_semantic,1024,ok,1024,675,1,1,1.0,1.0,10,1014,5,423216,0.009765625,0.6666666666666666,0.019249278152069296,0.002390212856233647,0.3333333333333333,3,7,1,3,0,669,6,1,1,1,0.6229064837098122,0.6229064837098122,0.6229064837098122,0.8183274082839489,1.441233891993761,,
Five Dir Case 3,drop-1,poi_only,coverage_no_frequency,1024,ok,1024,660,1,1,1.0,1.0,10,1014,5,423216,0.009765625,0.6666666666666666,0.019249278152069296,0.002390212856233647,0.3333333333333333,3,7,1,3,0,655,5,1,1,1,0.62756672129035,0.62756672129035,0.62756672129035,0.34467821195721626,0.9722449332475662,,
Five Dir Case 3,drop-1,shared_context,diffusion_top,1024,ok,1024,562,2,3,0.970703125,0.4736328125,10,1014,5,423216,0.009765625,0.6666666666666666,0.019249278152069296,0.002390212856233647,0.3333333333333333,3,7,1,3,0,558,4,1,1,1,0.08807501196861267,0.08807501196861267,0.08807501196861267,0.8183274082839489,0.9064024202525616,,
Five Dir Case 3,drop-1,shared_context,episode,1024,ok,1024,567,2,1,1.0,1.0,10,1014,5,423216,0.009765625,0.6666666666666666,0.019249278152069296,0.002390212856233647,0.3333333333333333,3,7,1,3,0,565,2,1,1,1,0.14602599292993546,0.14602599292993546,0.14602599292993546,0.8183274082839489,0.9643534012138844,,
Five Dir Case 3,drop-1,shared_context,coverage_semantic,1024,ok,1024,673,2,1,1.0,1.0,10,1014,5,423216,0.009765625,0.6666666666666666,0.019249278152069296,0.002390212856233647,0.3333333333333333,3,7,1,3,0,668,5,1,1,1,0.6310051307082176,0.6310051307082176,0.6310051307082176,0.8183274082839489,1.4493325389921665,,
Five Dir Case 3,drop-1,shared_context,coverage_no_frequency,1024,ok,1024,659,2,1,1.0,1.0,10,1014,5,423216,0.009765625,0.6666666666666666,0.019249278152069296,0.002390212856233647,0.3333333333333333,3,7,1,3,0,655,4,1,1,1,0.6327555552124977,0.6327555552124977,0.6327555552124977,0.34467821195721626,0.977433767169714,,
Theia Case 1,all,poi_only,old_score_top,64,ok,64,50,3,1,1.0,1.0,7,57,232,897957,0.109375,0.029288702928870293,0.0462046204620462,6.347339796484242e-05,0.9707112970711297,6,12,4,6,0,50,0,3,3,1,0.19384891167283058,0.19384891167283058,0.19384891167283058,,,,
Theia Case 1,all,poi_only,old_score_top,256,ok,256,174,3,1,1.0,0.9765625,12,244,227,897770,0.046875,0.0502092050209205,0.048484848484848485,0.0002717106860249395,0.9497907949790795,8,12,5,6,0,169,5,3,3,1,0.1978059485554695,0.1978059485554695,0.1978059485554695,,,,
Theia Case 1,all,poi_only,old_score_top,1024,ok,1024,212,3,1,1.0,0.994140625,12,1012,227,897002,0.01171875,0.0502092050209205,0.019002375296912115,0.0011269312059722899,0.9497907949790795,8,12,5,6,0,177,35,3,3,3,0.1881180740892887,0.18673107028007507,0.19120503962039948,,,,
Theia Case 1,all,poi_only,old_score_top,4096,ok,4096,243,3,1,1.0,0.99853515625,12,4084,227,893930,0.0029296875,0.0502092050209205,0.005536332179930796,0.004547813285761692,0.9497907949790795,8,12,5,6,0,207,36,3,3,1,0.19271420687437057,0.19271420687437057,0.19271420687437057,,,,
Theia Case 1,all,poi_only,rarity_top,64,ok,64,36,3,6,0.046875,0.046875,3,61,236,897953,0.046875,0.012552301255230125,0.019801980198019802,6.792767150623487e-05,0.9874476987447699,3,12,3,6,0,33,3,3,3,1,0.1673799864947796,0.1673799864947796,0.1673799864947796,,,,
Theia Case 1,all,poi_only,rarity_top,256,ok,256,53,3,5,0.01171875,0.01171875,3,253,236,897761,0.01171875,0.012552301255230125,0.012121212121212121,0.00028173280149307246,0.9874476987447699,3,12,3,6,0,33,20,3,3,1,0.1645776368677616,0.1645776368677616,0.1645776368677616,,,,
Theia Case 1,all,poi_only,rarity_top,1024,ok,1024,63,3,5,0.0029296875,0.0029296875,3,1021,236,896993,0.0029296875,0.012552301255230125,0.004750593824228029,0.001136953321440423,0.9874476987447699,3,12,3,6,0,34,29,3,3,3,0.16999489068984985,0.16944048926234245,0.1724051646888256,,,,
Theia Case 1,all,poi_only,rarity_top,4096,ok,4096,115,3,5,0.000732421875,0.000732421875,3,4093,236,893921,0.000732421875,0.012552301255230125,0.001384083044982699,0.004557835401229825,0.9874476987447699,3,12,3,6,0,75,40,3,3,1,0.165176372975111,0.165176372975111,0.165176372975111,,,,
Theia Case 1,all,poi_only,diffusion_top,64,ok,64,52,3,3,0.96875,0.796875,8,56,231,897958,0.125,0.03347280334728033,0.052805280528052806,6.235982957949431e-05,0.9665271966527197,7,12,5,6,0,52,0,3,3,1,0.18366378545761108,0.18366378545761108,0.18366378545761108,3.1645496003329754,3.3482133857905865,,
Theia Case 1,all,poi_only,diffusion_top,256,ok,256,151,3,8,0.95703125,0.8046875,12,244,227,897770,0.046875,0.0502092050209205,0.048484848484848485,0.0002717106860249395,0.9497907949790795,8,12,5,6,0,150,1,3,3,1,0.19228500872850418,0.19228500872850418,0.19228500872850418,3.1645496003329754,3.3568346090614796,,
Theia Case 1,all,poi_only,diffusion_top,1024,ok,1024,535,3,1,1.0,0.8154296875,14,1010,225,897004,0.013671875,0.058577405857740586,0.022169437846397466,0.0011247040692015937,0.9414225941422594,9,12,5,6,0,484,51,3,3,3,0.18638308346271515,0.18280520662665367,0.18984846770763397,3.1645496003329754,3.3509326837956905,,
Theia Case 1,all,poi_only,diffusion_top,4096,ok,4096,1322,3,1,1.0,0.979736328125,14,4082,225,893932,0.00341796875,0.058577405857740586,0.006459054209919262,0.004545586148990996,0.9414225941422594,9,12,5,6,0,1311,11,3,3,1,0.19148928299546242,0.19148928299546242,0.19148928299546242,3.1645496003329754,3.356038883328438,,
Theia Case 1,all,poi_only,localdegree_top,64,ok,64,61,3,10,0.046875,0.046875,3,61,236,897953,0.046875,0.012552301255230125,0.019801980198019802,6.792767150623487e-05,0.9874476987447699,3,12,3,6,0,7,54,3,3,1,0.1508629396557808,0.1508629396557808,0.1508629396557808,2.306535854935646,2.457398794591427,,
Theia Case 1,all,poi_only,localdegree_top,256,ok,256,203,3,26,0.01171875,0.01171875,3,253,236,897761,0.01171875,0.012552301255230125,0.012121212121212121,0.00028173280149307246,0.9874476987447699,3,12,3,6,0,22,181,3,3,1,0.14656111598014832,0.14656111598014832,0.14656111598014832,2.306535854935646,2.4530969709157944,,
Theia Case 1,all,poi_only,localdegree_top,1024,ok,1024,677,3,67,0.0029296875,0.0029296875,3,1021,236,896993,0.0029296875,0.012552301255230125,0.004750593824228029,0.001136953321440423,0.9874476987447699,3,12,3,6,0,80,597,3,3,3,0.1500413455069065,0.14555613696575165,0.1524084433913231,2.306535854935646,2.4565772004425526,,
Theia Case 1,all,poi_only,localdegree_top,4096,ok,4096,2159,3,152,0.000732421875,0.000732421875,3,4093,236,893921,0.000732421875,0.012552301255230125,0.001384083044982699,0.004557835401229825,0.9874476987447699,3,12,3,6,0,278,1881,3,3,1,0.1504502184689045,0.1504502184689045,0.1504502184689045,2.306535854935646,2.4569860734045506,,
Theia Case 1,all,poi_only,episode,64,ok,64,53,3,1,1.0,1.0,8,56,231,897958,0.125,0.03347280334728033,0.052805280528052806,6.235982957949431e-05,0.9665271966527197,7,12,5,6,0,49,4,3,3,1,0.2896530218422413,0.2896530218422413,0.2896530218422413,3.1645496003329754,3.4542026221752167,,
Theia Case 1,all,poi_only,episode,256,ok,256,203,3,1,1.0,1.0,12,244,227,897770,0.046875,0.0502092050209205,0.048484848484848485,0.0002717106860249395,0.9497907949790795,8,12,5,6,0,199,4,3,3,1,0.29630300030112267,0.29630300030112267,0.29630300030112267,3.1645496003329754,3.460852600634098,,
Theia Case 1,all,poi_only,episode,1024,ok,1024,523,3,1,1.0,1.0,14,1010,225,897004,0.013671875,0.058577405857740586,0.022169437846397466,0.0011247040692015937,0.9414225941422594,9,12,5,6,0,517,6,3,3,3,0.29530978947877884,0.2943747416138649,0.2974909283220768,3.1645496003329754,3.4598593898117542,,
Theia Case 1,all,poi_only,episode,4096,ok,4096,1317,3,1,1.0,1.0,14,4082,225,893932,0.00341796875,0.058577405857740586,0.006459054209919262,0.004545586148990996,0.9414225941422594,9,12,5,6,0,1308,9,3,3,1,0.3063674308359623,0.3063674308359623,0.3063674308359623,3.1645496003329754,3.4709170311689377,,
Theia Case 1,all,poi_only,coverage_exact,64,ok,64,53,3,1,1.0,1.0,8,56,231,897958,0.125,0.03347280334728033,0.052805280528052806,6.235982957949431e-05,0.9665271966527197,7,12,5,6,0,49,4,3,3,1,0.8131710328161716,0.8131710328161716,0.8131710328161716,3.1645496003329754,3.977720633149147,,
Theia Case 1,all,poi_only,coverage_exact,256,ok,256,204,3,1,1.0,1.0,12,244,227,897770,0.046875,0.0502092050209205,0.048484848484848485,0.0002717106860249395,0.9497907949790795,8,12,5,6,0,199,5,3,3,1,0.8199692331254482,0.8199692331254482,0.8199692331254482,3.1645496003329754,3.9845188334584236,,
Theia Case 1,all,poi_only,coverage_exact,1024,ok,1024,523,3,1,1.0,1.0,14,1010,225,897004,0.013671875,0.058577405857740586,0.022169437846397466,0.0011247040692015937,0.9414225941422594,9,12,5,6,0,516,7,3,3,3,0.8232144340872765,0.8136188685894012,0.8314143009483814,3.1645496003329754,3.987764034420252,,
Theia Case 1,all,poi_only,coverage_exact,4096,ok,4096,1315,3,1,1.0,1.0,14,4082,225,893932,0.00341796875,0.058577405857740586,0.006459054209919262,0.004545586148990996,0.9414225941422594,9,12,5,6,0,1298,17,3,3,1,0.8325439020991325,0.8325439020991325,0.8325439020991325,3.1645496003329754,3.997093502432108,,
Theia Case 1,all,poi_only,coverage_semantic,64,ok,64,59,3,1,1.0,1.0,8,56,231,897958,0.125,0.03347280334728033,0.052805280528052806,6.235982957949431e-05,0.9665271966527197,7,12,5,6,0,56,3,3,3,1,0.9527770057320595,0.9527770057320595,0.9527770057320595,3.1645496003329754,4.117326606065035,,
Theia Case 1,all,poi_only,coverage_semantic,256,ok,256,213,3,1,1.0,1.0,14,242,225,897772,0.0546875,0.058577405857740586,0.05656565656565657,0.00026948354925424326,0.9414225941422594,9,12,5,6,0,205,8,3,3,1,0.9443071372807026,0.9443071372807026,0.9443071372807026,3.1645496003329754,4.108856737613678,,
Theia Case 1,all,poi_only,coverage_semantic,1024,ok,1024,606,3,1,1.0,1.0,14,1010,225,897004,0.013671875,0.058577405857740586,0.022169437846397466,0.0011247040692015937,0.9414225941422594,9,12,5,6,0,597,9,3,3,3,0.9417131803929806,0.9391146376729012,0.9485299922525883,3.1645496003329754,4.106262780725956,,
Theia Case 1,all,poi_only,coverage_semantic,4096,ok,4096,1209,3,1,1.0,1.0,14,4082,225,893932,0.00341796875,0.058577405857740586,0.006459054209919262,0.004545586148990996,0.9414225941422594,9,12,5,6,0,1197,12,3,3,1,0.952181663364172,0.952181663364172,0.952181663364172,3.1645496003329754,4.116731263697147,,
Theia Case 1,all,poi_only,coverage_no_frequency,64,ok,64,58,3,1,1.0,1.0,7,57,232,897957,0.109375,0.029288702928870293,0.0462046204620462,6.347339796484242e-05,0.9707112970711297,6,12,4,6,0,56,2,3,3,1,0.9526733420789242,0.9526733420789242,0.9526733420789242,0.7502574548125267,1.7029307968914509,,
Theia Case 1,all,poi_only,coverage_no_frequency,256,ok,256,165,3,1,1.0,1.0,14,242,225,897772,0.0546875,0.058577405857740586,0.05656565656565657,0.00026948354925424326,0.9414225941422594,9,12,5,6,0,162,3,3,3,1,0.9433858245611191,0.9433858245611191,0.9433858245611191,0.7502574548125267,1.6936432793736458,,
Theia Case 1,all,poi_only,coverage_no_frequency,1024,ok,1024,491,3,1,1.0,1.0,14,1010,225,897004,0.013671875,0.058577405857740586,0.022169437846397466,0.0011247040692015937,0.9414225941422594,9,12,5,6,0,484,7,3,3,3,0.949576836079359,0.9460775926709175,0.9510801173746586,0.7502574548125267,1.6998342908918858,,
Theia Case 1,all,poi_only,coverage_no_frequency,4096,ok,4096,1275,3,1,1.0,1.0,14,4082,225,893932,0.00341796875,0.058577405857740586,0.006459054209919262,0.004545586148990996,0.9414225941422594,9,12,5,6,0,1253,22,3,3,1,0.9575700163841248,0.9575700163841248,0.9575700163841248,0.7502574548125267,1.7078274711966515,,
Theia Case 1,all,poi_only,pcst_native,64,ok,3,3,3,3,1.0,1.0,3,0,236,898014,1.0,0.012552301255230125,0.024793388429752067,0.0,0.9874476987447699,3,12,3,6,0,3,0,3,3,1,0.009677086025476456,0.009677086025476456,0.009677086025476456,3.0546584762632847,3.064335562288761,1.0,0.0
Theia Case 1,all,poi_only,pcst_native,256,ok,114,114,3,2,1.0,0.8771929824561403,6,108,233,897906,0.05263157894736842,0.02510460251046025,0.0339943342776204,0.00012026538561759617,0.9748953974895398,6,12,5,6,0,114,0,3,3,1,0.010110657662153244,0.010110657662153244,0.010110657662153244,3.0546584762632847,3.064769133925438,0.3,51.98139206055923
Theia Case 1,all,poi_only,pcst_native,1024,ok,940,873,3,1,1.0,0.9638297872340426,10,930,229,897084,0.010638297872340425,0.04184100418410042,0.016963528413910092,0.0010356185983737447,0.9581589958158996,8,12,5,6,0,873,0,3,3,1,0.010486584156751633,0.010486584156751633,0.010486584156751633,3.0546584762632847,3.0651450604200363,0.1,186.52300201115204
Theia Case 1,all,poi_only,pcst_native,4096,ok,940,873,3,1,1.0,0.9638297872340426,10,930,229,897084,0.010638297872340425,0.04184100418410042,0.016963528413910092,0.0010356185983737447,0.9581589958158996,8,12,5,6,0,873,0,3,3,1,0.010354209691286087,0.010354209691286087,0.010354209691286087,3.0546584762632847,3.0650126859545708,0.1,186.52300201115204
Theia Case 1,all,poi_only,random_0,64,ok,64,57,3,12,0.046875,0.046875,3,61,236,897953,0.046875,0.012552301255230125,0.019801980198019802,6.792767150623487e-05,0.9874476987447699,3,12,3,6,0,7,50,3,3,1,0.23172058165073395,0.23172058165073395,0.23172058165073395,,,,
Theia Case 1,all,poi_only,random_0,256,ok,256,213,3,29,0.01171875,0.01171875,3,253,236,897761,0.01171875,0.012552301255230125,0.012121212121212121,0.00028173280149307246,0.9874476987447699,3,12,3,6,0,23,190,3,3,1,0.22718291357159615,0.22718291357159615,0.22718291357159615,,,,
Theia Case 1,all,poi_only,random_0,1024,ok,1024,762,3,60,0.0029296875,0.0029296875,3,1021,236,896993,0.0029296875,0.012552301255230125,0.004750593824228029,0.001136953321440423,0.9874476987447699,3,12,3,6,0,84,678,3,3,1,0.2268787957727909,0.2268787957727909,0.2268787957727909,,,,
Theia Case 1,all,poi_only,random_0,4096,ok,4096,2405,3,104,0.000732421875,0.000732421875,4,4092,235,893922,0.0009765625,0.016736401673640166,0.001845444059976932,0.004556721832844477,0.9832635983263598,4,12,4,6,0,346,2059,3,3,1,0.2269311584532261,0.2269311584532261,0.2269311584532261,,,,
Theia Case 1,all,poi_only,random_1,64,ok,64,60,3,17,0.046875,0.046875,3,61,236,897953,0.046875,0.012552301255230125,0.019801980198019802,6.792767150623487e-05,0.9874476987447699,3,12,3,6,0,7,53,3,3,1,0.22663628309965134,0.22663628309965134,0.22663628309965134,,,,
Theia Case 1,all,poi_only,random_1,256,ok,256,215,3,20,0.01171875,0.01171875,3,253,236,897761,0.01171875,0.012552301255230125,0.012121212121212121,0.00028173280149307246,0.9874476987447699,3,12,3,6,0,16,199,3,3,1,0.2311413213610649,0.2311413213610649,0.2311413213610649,,,,
Theia Case 1,all,poi_only,random_1,1024,ok,1024,728,3,53,0.0029296875,0.0029296875,3,1021,236,896993,0.0029296875,0.012552301255230125,0.004750593824228029,0.001136953321440423,0.9874476987447699,3,12,3,6,0,79,649,3,3,1,0.22640688717365265,0.22640688717365265,0.22640688717365265,,,,
Theia Case 1,all,poi_only,random_1,4096,ok,4096,2394,3,117,0.000732421875,0.000732421875,4,4092,235,893922,0.0009765625,0.016736401673640166,0.001845444059976932,0.004556721832844477,0.9832635983263598,4,12,4,6,0,318,2076,3,3,1,0.2257835492491722,0.2257835492491722,0.2257835492491722,,,,
Theia Case 1,all,poi_only,random_2,64,ok,64,63,3,23,0.046875,0.046875,3,61,236,897953,0.046875,0.012552301255230125,0.019801980198019802,6.792767150623487e-05,0.9874476987447699,3,12,3,6,0,13,50,3,3,1,0.2261362336575985,0.2261362336575985,0.2261362336575985,,,,
Theia Case 1,all,poi_only,random_2,256,ok,256,229,3,30,0.01171875,0.01171875,3,253,236,897761,0.01171875,0.012552301255230125,0.012121212121212121,0.00028173280149307246,0.9874476987447699,3,12,3,6,0,32,197,3,3,1,0.22728748619556427,0.22728748619556427,0.22728748619556427,,,,
Theia Case 1,all,poi_only,random_2,1024,ok,1024,744,3,57,0.0029296875,0.0029296875,4,1020,235,896994,0.00390625,0.016736401673640166,0.006334125098970704,0.001135839753055075,0.9832635983263598,4,12,4,6,0,80,664,3,3,1,0.22568202763795853,0.22568202763795853,0.22568202763795853,,,,
Theia Case 1,all,poi_only,random_2,4096,ok,4096,2386,3,115,0.000732421875,0.000732421875,4,4092,235,893922,0.0009765625,0.016736401673640166,0.001845444059976932,0.004556721832844477,0.9832635983263598,4,12,4,6,0,308,2078,3,3,1,0.2251892313361168,0.2251892313361168,0.2251892313361168,,,,
Theia Case 1,all,poi_only,random_3,64,ok,64,62,3,15,0.046875,0.046875,3,61,236,897953,0.046875,0.012552301255230125,0.019801980198019802,6.792767150623487e-05,0.9874476987447699,3,12,3,6,0,6,56,3,3,1,0.22679777815937996,0.22679777815937996,0.22679777815937996,,,,
Theia Case 1,all,poi_only,random_3,256,ok,256,216,3,29,0.01171875,0.01171875,4,252,235,897762,0.015625,0.016736401673640166,0.01616161616161616,0.0002806192331077244,0.9832635983263598,4,12,4,6,0,16,200,3,3,1,0.23488476872444153,0.23488476872444153,0.23488476872444153,,,,
Theia Case 1,all,poi_only,random_3,1024,ok,1024,748,3,50,0.0029296875,0.0029296875,4,1020,235,896994,0.00390625,0.016736401673640166,0.006334125098970704,0.001135839753055075,0.9832635983263598,4,12,4,6,0,73,675,3,3,1,0.22693513706326485,0.22693513706326485,0.22693513706326485,,,,
Theia Case 1,all,poi_only,random_3,4096,ok,4096,2413,3,122,0.000732421875,0.000732421875,4,4092,235,893922,0.0009765625,0.016736401673640166,0.001845444059976932,0.004556721832844477,0.9832635983263598,4,12,4,6,0,291,2122,3,3,1,0.22625324875116348,0.22625324875116348,0.22625324875116348,,,,
Theia Case 1,all,poi_only,random_4,64,ok,64,58,3,14,0.046875,0.046875,3,61,236,897953,0.046875,0.012552301255230125,0.019801980198019802,6.792767150623487e-05,0.9874476987447699,3,12,3,6,0,6,52,3,3,1,0.2259577065706253,0.2259577065706253,0.2259577065706253,,,,
Theia Case 1,all,poi_only,random_4,256,ok,256,222,3,26,0.01171875,0.01171875,3,253,236,897761,0.01171875,0.012552301255230125,0.012121212121212121,0.00028173280149307246,0.9874476987447699,3,12,3,6,0,22,200,3,3,1,0.22589372843503952,0.22589372843503952,0.22589372843503952,,,,
Theia Case 1,all,poi_only,random_4,1024,ok,1024,730,3,63,0.0029296875,0.0029296875,5,1019,234,896995,0.0048828125,0.02092050209205021,0.00791765637371338,0.0011347261846697267,0.9790794979079498,4,12,4,6,0,82,648,3,3,1,0.22588041052222252,0.22588041052222252,0.22588041052222252,,,,
Theia Case 1,all,poi_only,random_4,4096,ok,4096,2390,3,104,0.000732421875,0.000732421875,5,4091,234,893923,0.001220703125,0.02092050209205021,0.002306805074971165,0.004555608264459129,0.9790794979079498,4,12,4,6,0,301,2089,3,3,1,0.2272944413125515,0.2272944413125515,0.2272944413125515,,,,
Theia Case 1,all,shared_context,old_score_top,64,infeasible_mandatory,,,165,,,,,,,,,,,,,,,,,,,,,,,,,,,,,
Theia Case 1,all,shared_context,old_score_top,256,ok,256,81,165,1,1.0,1.0,7,249,232,897765,0.02734375,0.029288702928870293,0.028282828282828285,0.00027727852795168004,0.9707112970711297,6,12,4,6,0,68,13,3,3,1,0.1849747598171234,0.1849747598171234,0.1849747598171234,,,,
Theia Case 1,all,shared_context,old_score_top,1024,ok,1024,224,165,1,1.0,0.994140625,12,1012,227,897002,0.01171875,0.0502092050209205,0.019002375296912115,0.0011269312059722899,0.9497907949790795,8,12,5,6,0,177,47,3,3,3,0.18166982382535934,0.18096105754375458,0.18299994990229607,,,,
Theia Case 1,all,shared_context,old_score_top,4096,ok,4096,249,165,1,1.0,0.99853515625,12,4084,227,893930,0.0029296875,0.0502092050209205,0.005536332179930796,0.004547813285761692,0.9497907949790795,8,12,5,6,0,207,42,3,3,1,0.18103407695889473,0.18103407695889473,0.18103407695889473,,,,
Theia Case 1,all,shared_context,rarity_top,64,infeasible_mandatory,,,165,,,,,,,,,,,,,,,,,,,,,,,,,,,,,
Theia Case 1,all,shared_context,rarity_top,256,ok,256,56,165,5,0.64453125,0.64453125,3,253,236,897761,0.01171875,0.012552301255230125,0.012121212121212121,0.00028173280149307246,0.9874476987447699,3,12,3,6,0,35,21,3,3,1,0.16069370880723,0.16069370880723,0.16069370880723,,,,
Theia Case 1,all,shared_context,rarity_top,1024,ok,1024,76,165,4,0.1611328125,0.1611328125,3,1021,236,896993,0.0029296875,0.012552301255230125,0.004750593824228029,0.001136953321440423,0.9874476987447699,3,12,3,6,0,36,40,3,3,3,0.16005827113986015,0.16003702580928802,0.16011687368154526,,,,
Theia Case 1,all,shared_context,rarity_top,4096,ok,4096,128,165,3,0.999267578125,0.337158203125,3,4093,236,893921,0.000732421875,0.012552301255230125,0.001384083044982699,0.004557835401229825,0.9874476987447699,3,12,3,6,0,76,52,3,3,1,0.16348286345601082,0.16348286345601082,0.16348286345601082,,,,
Theia Case 1,all,shared_context,diffusion_top,64,infeasible_mandatory,,,165,,,,,,,,,,,,,,,,,,,,,,,,,,,,,
Theia Case 1,all,shared_context,diffusion_top,256,ok,256,90,165,1,1.0,0.953125,8,248,231,897766,0.03125,0.03347280334728033,0.03232323232323232,0.0002761649595663319,0.9665271966527197,7,12,5,6,0,78,12,3,3,1,0.17994800955057144,0.17994800955057144,0.17994800955057144,3.1645496003329754,3.344497609883547,,
Theia Case 1,all,shared_context,diffusion_top,1024,ok,1024,474,165,1,1.0,0.818359375,14,1010,225,897004,0.013671875,0.058577405857740586,0.022169437846397466,0.0011247040692015937,0.9414225941422594,9,12,5,6,0,461,13,3,3,3,0.1776648685336113,0.17739639803767204,0.19164268672466278,3.1645496003329754,3.3422144688665867,,
Theia Case 1,all,shared_context,diffusion_top,4096,ok,4096,1210,165,1,1.0,0.981201171875,14,4082,225,893932,0.00341796875,0.058577405857740586,0.006459054209919262,0.004545586148990996,0.9414225941422594,9,12,5,6,0,1197,13,3,3,1,0.18100057914853096,0.18100057914853096,0.18100057914853096,3.1645496003329754,3.3455501794815063,,
Theia Case 1,all,shared_context,localdegree_top,64,infeasible_mandatory,,,165,,,,,,,,,,,,,,,,,,,,,,,,,,,,,
Theia Case 1,all,shared_context,localdegree_top,256,ok,256,99,165,10,0.95703125,0.7109375,3,253,236,897761,0.01171875,0.012552301255230125,0.012121212121212121,0.00028173280149307246,0.9874476987447699,3,12,3,6,0,10,89,3,3,1,0.1459175869822502,0.1459175869822502,0.1459175869822502,2.306535854935646,2.4524534419178963,,
Theia Case 1,all,shared_context,localdegree_top,1024,ok,1024,594,165,60,0.916015625,0.5380859375,3,1021,236,896993,0.0029296875,0.012552301255230125,0.004750593824228029,0.001136953321440423,0.9874476987447699,3,12,3,6,0,70,524,3,3,3,0.14367001131176949,0.14291826263070107,0.1436934769153595,2.306535854935646,2.4502058662474155,,
Theia Case 1,all,shared_context,localdegree_top,4096,ok,4096,2105,165,150,0.918212890625,0.498779296875,3,4093,236,893921,0.000732421875,0.012552301255230125,0.001384083044982699,0.004557835401229825,0.9874476987447699,3,12,3,6,0,273,1832,3,3,1,0.14702382683753967,0.14702382683753967,0.14702382683753967,2.306535854935646,2.4535596817731857,,
Theia Case 1,all,shared_context,episode,64,infeasible_mandatory,,,165,,,,,,,,,,,,,,,,,,,,,,,,,,,,,
Theia Case 1,all,shared_context,episode,256,ok,256,90,165,1,1.0,1.0,8,248,231,897766,0.03125,0.03347280334728033,0.03232323232323232,0.0002761649595663319,0.9665271966527197,7,12,5,6,0,74,16,3,3,1,0.29149966686964035,0.29149966686964035,0.29149966686964035,3.1645496003329754,3.4560492672026157,,
Theia Case 1,all,shared_context,episode,1024,ok,1024,474,165,1,1.0,1.0,14,1010,225,897004,0.013671875,0.058577405857740586,0.022169437846397466,0.0011247040692015937,0.9414225941422594,9,12,5,6,0,456,18,3,3,3,0.29077673330903053,0.28968730568885803,0.2924167402088642,3.1645496003329754,3.455326333642006,,
Theia Case 1,all,shared_context,episode,4096,ok,4096,1239,165,1,1.0,1.0,14,4082,225,893932,0.00341796875,0.058577405857740586,0.006459054209919262,0.004545586148990996,0.9414225941422594,9,12,5,6,0,1219,20,3,3,1,0.2960571274161339,0.2960571274161339,0.2960571274161339,3.1645496003329754,3.4606067277491093,,
Theia Case 1,all,shared_context,coverage_exact,64,infeasible_mandatory,,,165,,,,,,,,,,,,,,,,,,,,,,,,,,,,,
Theia Case 1,all,shared_context,coverage_exact,256,ok,256,90,165,1,1.0,1.0,8,248,231,897766,0.03125,0.03347280334728033,0.03232323232323232,0.0002761649595663319,0.9665271966527197,7,12,5,6,0,74,16,3,3,1,0.8063696585595608,0.8063696585595608,0.8063696585595608,3.1645496003329754,3.970919258892536,,
Theia Case 1,all,shared_context,coverage_exact,1024,ok,1024,487,165,1,1.0,1.0,14,1010,225,897004,0.013671875,0.058577405857740586,0.022169437846397466,0.0011247040692015937,0.9414225941422594,9,12,5,6,0,468,19,3,3,3,0.807588666677475,0.8038144707679749,0.8106688000261784,3.1645496003329754,3.9721382670104504,,
Theia Case 1,all,shared_context,coverage_exact,4096,ok,4096,1324,165,1,1.0,1.0,14,4082,225,893932,0.00341796875,0.058577405857740586,0.006459054209919262,0.004545586148990996,0.9414225941422594,9,12,5,6,0,1295,29,3,3,1,0.8256202340126038,0.8256202340126038,0.8256202340126038,3.1645496003329754,3.990169834345579,,
Theia Case 1,all,shared_context,coverage_semantic,64,infeasible_mandatory,,,165,,,,,,,,,,,,,,,,,,,,,,,,,,,,,
Theia Case 1,all,shared_context,coverage_semantic,256,ok,256,102,165,1,1.0,1.0,8,248,231,897766,0.03125,0.03347280334728033,0.03232323232323232,0.0002761649595663319,0.9665271966527197,7,12,5,6,0,87,15,3,3,1,0.9355049729347229,0.9355049729347229,0.9355049729347229,3.1645496003329754,4.100054573267698,,
Theia Case 1,all,shared_context,coverage_semantic,1024,ok,1024,523,165,1,1.0,1.0,14,1010,225,897004,0.013671875,0.058577405857740586,0.022169437846397466,0.0011247040692015937,0.9414225941422594,9,12,5,6,0,501,22,3,3,3,0.9372761249542236,0.935626246035099,0.9463591538369656,3.1645496003329754,4.101825725287199,,
Theia Case 1,all,shared_context,coverage_semantic,4096,ok,4096,1218,165,1,1.0,1.0,14,4082,225,893932,0.00341796875,0.058577405857740586,0.006459054209919262,0.004545586148990996,0.9414225941422594,9,12,5,6,0,1194,24,3,3,1,0.9534555971622467,0.9534555971622467,0.9534555971622467,3.1645496003329754,4.118005197495222,,
Theia Case 1,all,shared_context,coverage_no_frequency,64,infeasible_mandatory,,,165,,,,,,,,,,,,,,,,,,,,,,,,,,,,,
Theia Case 1,all,shared_context,coverage_no_frequency,256,ok,256,102,165,1,1.0,1.0,7,249,232,897765,0.02734375,0.029288702928870293,0.028282828282828285,0.00027727852795168004,0.9707112970711297,6,12,4,6,0,88,14,3,3,1,1.0521979816257954,1.0521979816257954,1.0521979816257954,0.7502574548125267,1.802455436438322,,
Theia Case 1,all,shared_context,coverage_no_frequency,1024,ok,1024,423,165,1,1.0,1.0,14,1010,225,897004,0.013671875,0.058577405857740586,0.022169437846397466,0.0011247040692015937,0.9414225941422594,9,12,5,6,0,404,19,3,3,3,1.038399364799261,0.9473529011011124,1.0830034986138344,0.7502574548125267,1.7886568196117878,,
Theia Case 1,all,shared_context,coverage_no_frequency,4096,ok,4096,1284,165,1,1.0,1.0,14,4082,225,893932,0.00341796875,0.058577405857740586,0.006459054209919262,0.004545586148990996,0.9414225941422594,9,12,5,6,0,1250,34,3,3,1,0.9600750133395195,0.9600750133395195,0.9600750133395195,0.7502574548125267,1.7103324681520462,,
Theia Case 1,all,shared_context,pcst_native,64,infeasible_mandatory,,,165,,,,,,,,,,,,,,,,,,,,,,,,,,,,,
Theia Case 1,all,shared_context,pcst_native,256,ok,165,17,165,2,1.0,1.0,3,162,236,897852,0.01818181818181818,0.012552301255230125,0.01485148514851485,0.00018039807842639425,0.9874476987447699,3,12,3,6,0,5,12,3,3,1,0.009799335151910782,0.009799335151910782,0.009799335151910782,3.0546584762632847,3.0644578114151955,1.0,0.0
Theia Case 1,all,shared_context,pcst_native,1024,ok,275,127,165,1,1.0,0.9490909090909091,6,269,233,897745,0.02181818181818182,0.02510460251046025,0.023346303501945526,0.0002995498956586423,0.9748953974895398,6,12,5,6,0,115,12,3,3,1,0.010124005377292633,0.010124005377292633,0.010124005377292633,3.0546584762632847,3.0647824816405773,0.3,51.98139206055923
Theia Case 1,all,shared_context,pcst_native,4096,ok,1100,885,165,1,1.0,0.9690909090909091,10,1090,229,896924,0.00909090909090909,0.04184100418410042,0.014936519790888723,0.0012137895400294427,0.9581589958158996,8,12,5,6,0,873,12,3,3,1,0.010479878634214401,0.010479878634214401,0.010479878634214401,3.0546584762632847,3.065138354897499,0.1,186.52300201115204
Theia Case 1,all,shared_context,random_0,64,infeasible_mandatory,,,165,,,,,,,,,,,,,,,,,,,,,,,,,,,,,
Theia Case 1,all,shared_context,random_0,256,ok,256,96,165,13,0.953125,0.85546875,3,253,236,897761,0.01171875,0.012552301255230125,0.012121212121212121,0.00028173280149307246,0.9874476987447699,3,12,3,6,0,10,86,3,3,1,0.23188580945134163,0.23188580945134163,0.23188580945134163,,,,
Theia Case 1,all,shared_context,random_0,1024,ok,1024,669,165,53,0.9326171875,0.8662109375,3,1021,236,896993,0.0029296875,0.012552301255230125,0.004750593824228029,0.001136953321440423,0.9874476987447699,3,12,3,6,0,72,597,3,3,1,0.22901982814073563,0.22901982814073563,0.22901982814073563,,,,
Theia Case 1,all,shared_context,random_0,4096,ok,4096,2339,165,99,0.970458984375,0.90380859375,4,4092,235,893922,0.0009765625,0.016736401673640166,0.001845444059976932,0.004556721832844477,0.9832635983263598,4,12,4,6,0,332,2007,3,3,1,0.23015039414167404,0.23015039414167404,0.23015039414167404,,,,
Theia Case 1,all,shared_context,random_1,64,infeasible_mandatory,,,165,,,,,,,,,,,,,,,,,,,,,,,,,,,,,
Theia Case 1,all,shared_context,random_1,256,ok,256,99,165,14,0.9453125,0.859375,3,253,236,897761,0.01171875,0.012552301255230125,0.012121212121212121,0.00028173280149307246,0.9874476987447699,3,12,3,6,0,9,90,3,3,1,0.23033686354756355,0.23033686354756355,0.23033686354756355,,,,
Theia Case 1,all,shared_context,random_1,1024,ok,1024,643,165,44,0.9482421875,0.896484375,3,1021,236,896993,0.0029296875,0.012552301255230125,0.004750593824228029,0.001136953321440423,0.9874476987447699,3,12,3,6,0,66,577,3,3,1,0.23087412118911743,0.23087412118911743,0.23087412118911743,,,,
Theia Case 1,all,shared_context,random_1,4096,ok,4096,2330,165,114,0.9658203125,0.905029296875,4,4092,235,893922,0.0009765625,0.016736401673640166,0.001845444059976932,0.004556721832844477,0.9832635983263598,4,12,4,6,0,310,2020,3,3,1,0.22637341544032097,0.22637341544032097,0.22637341544032097,,,,
Theia Case 1,all,shared_context,random_2,64,infeasible_mandatory,,,165,,,,,,,,,,,,,,,,,,,,,,,,,,,,,
Theia Case 1,all,shared_context,random_2,256,ok,256,105,165,27,0.88671875,0.87109375,3,253,236,897761,0.01171875,0.012552301255230125,0.012121212121212121,0.00028173280149307246,0.9874476987447699,3,12,3,6,0,18,87,3,3,1,0.2256397008895874,0.2256397008895874,0.2256397008895874,,,,
Theia Case 1,all,shared_context,random_2,1024,ok,1024,661,165,49,0.9404296875,0.873046875,3,1021,236,896993,0.0029296875,0.012552301255230125,0.004750593824228029,0.001136953321440423,0.9874476987447699,3,12,3,6,0,73,588,3,3,1,0.2251289077103138,0.2251289077103138,0.2251289077103138,,,,
Theia Case 1,all,shared_context,random_2,4096,ok,4096,2308,165,113,0.9677734375,0.916015625,4,4092,235,893922,0.0009765625,0.016736401673640166,0.001845444059976932,0.004556721832844477,0.9832635983263598,4,12,4,6,0,297,2011,3,3,1,0.2249017357826233,0.2249017357826233,0.2249017357826233,,,,
Theia Case 1,all,shared_context,random_3,64,infeasible_mandatory,,,165,,,,,,,,,,,,,,,,,,,,,,,,,,,,,
Theia Case 1,all,shared_context,random_3,256,ok,256,103,165,16,0.94140625,0.86328125,3,253,236,897761,0.01171875,0.012552301255230125,0.012121212121212121,0.00028173280149307246,0.9874476987447699,3,12,3,6,0,9,94,3,3,1,0.22756101563572884,0.22756101563572884,0.22756101563572884,,,,
Theia Case 1,all,shared_context,random_3,1024,ok,1024,650,165,43,0.94140625,0.875,4,1020,235,896994,0.00390625,0.016736401673640166,0.006334125098970704,0.001135839753055075,0.9832635983263598,4,12,4,6,0,60,590,3,3,1,0.22763366997241974,0.22763366997241974,0.22763366997241974,,,,
Theia Case 1,all,shared_context,random_3,4096,ok,4096,2332,165,119,0.965576171875,0.908203125,4,4092,235,893922,0.0009765625,0.016736401673640166,0.001845444059976932,0.004556721832844477,0.9832635983263598,4,12,4,6,0,282,2050,3,3,1,0.22689315676689148,0.22689315676689148,0.22689315676689148,,,,
Theia Case 1,all,shared_context,random_4,64,infeasible_mandatory,,,165,,,,,,,,,,,,,,,,,,,,,,,,,,,,,
Theia Case 1,all,shared_context,random_4,256,ok,256,101,165,12,0.94921875,0.90234375,3,253,236,897761,0.01171875,0.012552301255230125,0.012121212121212121,0.00028173280149307246,0.9874476987447699,3,12,3,6,0,10,91,3,3,1,0.2352442368865013,0.2352442368865013,0.2352442368865013,,,,
Theia Case 1,all,shared_context,random_4,1024,ok,1024,648,165,52,0.9306640625,0.8740234375,4,1020,235,896994,0.00390625,0.016736401673640166,0.006334125098970704,0.001135839753055075,0.9832635983263598,4,12,4,6,0,72,576,3,3,1,0.23653607442975044,0.23653607442975044,0.23653607442975044,,,,
Theia Case 1,all,shared_context,random_4,4096,ok,4096,2339,165,101,0.97314453125,0.917724609375,5,4091,234,893923,0.001220703125,0.02092050209205021,0.002306805074971165,0.004555608264459129,0.9790794979079498,4,12,4,6,0,294,2045,3,3,1,0.231789268553257,0.231789268553257,0.231789268553257,,,,
Theia Case 1,drop-0,poi_only,diffusion_top,1024,ok,1024,519,2,1,1.0,0.8154296875,14,1010,225,897004,0.013671875,0.058577405857740586,0.022169437846397466,0.0011247040692015937,0.9414225941422594,9,12,5,6,0,519,0,2,2,1,0.1872864104807377,0.1872864104807377,0.1872864104807377,3.025875359773636,3.2131617702543736,,
Theia Case 1,drop-0,poi_only,episode,1024,ok,1024,531,2,1,1.0,1.0,12,1012,227,897002,0.01171875,0.0502092050209205,0.019002375296912115,0.0011269312059722899,0.9497907949790795,8,12,5,6,0,510,21,2,2,1,0.2915125824511051,0.2915125824511051,0.2915125824511051,3.025875359773636,3.317387942224741,,
Theia Case 1,drop-0,poi_only,coverage_semantic,1024,ok,1024,569,2,1,1.0,1.0,8,1016,231,896998,0.0078125,0.03347280334728033,0.012668250197941409,0.0011313854795136824,0.9665271966527197,7,12,5,6,0,546,23,2,2,1,0.940031711012125,0.940031711012125,0.940031711012125,3.025875359773636,3.965907070785761,,
Theia Case 1,drop-0,poi_only,coverage_no_frequency,1024,ok,1024,554,2,1,1.0,1.0,8,1016,231,896998,0.0078125,0.03347280334728033,0.012668250197941409,0.0011313854795136824,0.9665271966527197,7,12,5,6,0,545,9,2,2,1,0.9407117255032063,0.9407117255032063,0.9407117255032063,0.6059961393475533,1.5467078648507595,,
Theia Case 1,drop-0,shared_context,diffusion_top,1024,ok,1024,498,83,1,1.0,0.3251953125,12,1012,227,897002,0.01171875,0.0502092050209205,0.019002375296912115,0.0011269312059722899,0.9497907949790795,8,12,5,6,0,471,27,2,2,1,0.19518817216157913,0.19518817216157913,0.19518817216157913,3.025875359773636,3.221063531935215,,
Theia Case 1,drop-0,shared_context,episode,1024,ok,1024,505,83,1,1.0,1.0,12,1012,227,897002,0.01171875,0.0502092050209205,0.019002375296912115,0.0011269312059722899,0.9497907949790795,8,12,5,6,0,478,27,2,2,1,0.29097048938274384,0.29097048938274384,0.29097048938274384,3.025875359773636,3.3168458491563797,,
Theia Case 1,drop-0,shared_context,coverage_semantic,1024,ok,1024,552,83,1,1.0,1.0,8,1016,231,896998,0.0078125,0.03347280334728033,0.012668250197941409,0.0011313854795136824,0.9665271966527197,7,12,5,6,0,531,21,2,2,1,0.9412202537059784,0.9412202537059784,0.9412202537059784,3.025875359773636,3.9670956134796143,,
Theia Case 1,drop-0,shared_context,coverage_no_frequency,1024,ok,1024,493,83,1,1.0,1.0,7,1017,232,896997,0.0068359375,0.029288702928870293,0.011084718923198733,0.0011324990478990306,0.9707112970711297,6,12,4,6,0,480,13,2,2,1,0.9404212944209576,0.9404212944209576,0.9404212944209576,0.6059961393475533,1.5464174337685108,,
Theia Case 1,drop-1,poi_only,diffusion_top,1024,ok,1024,520,2,1,1.0,0.8154296875,14,1010,225,897004,0.013671875,0.058577405857740586,0.022169437846397466,0.0011247040692015937,0.9414225941422594,9,12,5,6,0,514,6,2,2,1,0.18688470497727394,0.18688470497727394,0.18688470497727394,3.0632835030555725,3.2501682080328465,,
Theia Case 1,drop-1,poi_only,episode,1024,ok,1024,530,2,1,1.0,1.0,14,1010,225,897004,0.013671875,0.058577405857740586,0.022169437846397466,0.0011247040692015937,0.9414225941422594,9,12,5,6,0,523,7,2,2,1,0.2959876284003258,0.2959876284003258,0.2959876284003258,3.0632835030555725,3.3592711314558983,,
Theia Case 1,drop-1,poi_only,coverage_semantic,1024,ok,1024,564,2,1,1.0,1.0,14,1010,225,897004,0.013671875,0.058577405857740586,0.022169437846397466,0.0011247040692015937,0.9414225941422594,9,12,5,6,0,555,9,2,2,1,0.9413239769637585,0.9413239769637585,0.9413239769637585,3.0632835030555725,4.004607480019331,,
Theia Case 1,drop-1,poi_only,coverage_no_frequency,1024,ok,1024,554,2,1,1.0,1.0,14,1010,225,897004,0.013671875,0.058577405857740586,0.022169437846397466,0.0011247040692015937,0.9414225941422594,9,12,5,6,0,544,10,2,2,1,0.9581312164664268,0.9581312164664268,0.9581312164664268,0.6049361154437065,1.5630673319101334,,
Theia Case 1,drop-1,shared_context,diffusion_top,1024,ok,1024,512,83,1,1.0,0.8154296875,14,1010,225,897004,0.013671875,0.058577405857740586,0.022169437846397466,0.0011247040692015937,0.9414225941422594,9,12,5,6,0,465,47,2,2,1,0.17880923673510551,0.17880923673510551,0.17880923673510551,3.0632835030555725,3.242092739790678,,
Theia Case 1,drop-1,shared_context,episode,1024,ok,1024,504,83,1,1.0,1.0,14,1010,225,897004,0.013671875,0.058577405857740586,0.022169437846397466,0.0011247040692015937,0.9414225941422594,9,12,5,6,0,491,13,2,2,1,0.286881897598505,0.286881897598505,0.286881897598505,3.0632835030555725,3.3501654006540775,,
Theia Case 1,drop-1,shared_context,coverage_semantic,1024,ok,1024,546,83,1,1.0,1.0,14,1010,225,897004,0.013671875,0.058577405857740586,0.022169437846397466,0.0011247040692015937,0.9414225941422594,9,12,5,6,0,531,15,2,2,1,0.9321189373731613,0.9321189373731613,0.9321189373731613,3.0632835030555725,3.995402440428734,,
Theia Case 1,drop-1,shared_context,coverage_no_frequency,1024,ok,1024,482,83,1,1.0,1.0,14,1010,225,897004,0.013671875,0.058577405857740586,0.022169437846397466,0.0011247040692015937,0.9414225941422594,9,12,5,6,0,466,16,2,2,1,0.9421435631811619,0.9421435631811619,0.9421435631811619,0.6049361154437065,1.5470796786248684,,
Theia Case 1,drop-2,poi_only,diffusion_top,1024,ok,1024,674,2,1,1.0,0.984375,14,1010,225,897004,0.013671875,0.058577405857740586,0.022169437846397466,0.0011247040692015937,0.9414225941422594,9,12,5,6,0,674,0,2,2,1,0.17523514106869698,0.17523514106869698,0.17523514106869698,3.0752739273011684,3.2505090683698654,,
Theia Case 1,drop-2,poi_only,episode,1024,ok,1024,682,2,1,1.0,1.0,14,1010,225,897004,0.013671875,0.058577405857740586,0.022169437846397466,0.0011247040692015937,0.9414225941422594,9,12,5,6,0,661,21,2,2,1,0.2895556353032589,0.2895556353032589,0.2895556353032589,3.0752739273011684,3.3648295626044273,,
Theia Case 1,drop-2,poi_only,coverage_semantic,1024,ok,1024,655,2,1,1.0,1.0,14,1010,225,897004,0.013671875,0.058577405857740586,0.022169437846397466,0.0011247040692015937,0.9414225941422594,9,12,5,6,0,630,25,2,2,1,0.9351362399756908,0.9351362399756908,0.9351362399756908,3.0752739273011684,4.010410167276859,,
Theia Case 1,drop-2,poi_only,coverage_no_frequency,1024,ok,1024,680,2,1,1.0,1.0,14,1010,225,897004,0.013671875,0.058577405857740586,0.022169437846397466,0.0011247040692015937,0.9414225941422594,9,12,5,6,0,656,24,2,2,1,0.9458577036857605,0.9458577036857605,0.9458577036857605,0.6027949266135693,1.5486526302993298,,
Theia Case 1,drop-2,shared_context,diffusion_top,1024,ok,1024,572,164,1,1.0,0.986328125,14,1010,225,897004,0.013671875,0.058577405857740586,0.022169437846397466,0.0011247040692015937,0.9414225941422594,9,12,5,6,0,560,12,2,2,1,0.1788886822760105,0.1788886822760105,0.1788886822760105,3.0752739273011684,3.254162609577179,,
Theia Case 1,drop-2,shared_context,episode,1024,ok,1024,573,164,1,1.0,1.0,14,1010,225,897004,0.013671875,0.058577405857740586,0.022169437846397466,0.0011247040692015937,0.9414225941422594,9,12,5,6,0,540,33,2,2,1,0.28896524384617805,0.28896524384617805,0.28896524384617805,3.0752739273011684,3.3642391711473465,,
Theia Case 1,drop-2,shared_context,coverage_semantic,1024,ok,1024,581,164,1,1.0,1.0,14,1010,225,897004,0.013671875,0.058577405857740586,0.022169437846397466,0.0011247040692015937,0.9414225941422594,9,12,5,6,0,562,19,2,2,1,0.9320211559534073,0.9320211559534073,0.9320211559534073,3.0752739273011684,4.007295083254576,,
Theia Case 1,drop-2,shared_context,coverage_no_frequency,1024,ok,1024,608,164,1,1.0,1.0,14,1010,225,897004,0.013671875,0.058577405857740586,0.022169437846397466,0.0011247040692015937,0.9414225941422594,9,12,5,6,0,590,18,2,2,1,1.0453760214149952,1.0453760214149952,1.0453760214149952,0.6027949266135693,1.6481709480285645,,
Theia Case 3,all,poi_only,old_score_top,64,ok,64,10,3,3,1.0,1.0,58,6,171,1131983,0.90625,0.25327510917030566,0.39590443686006827,5.300404862591421e-06,0.7467248908296943,5,9,3,5,0,9,1,3,3,1,0.24223217740654945,0.24223217740654945,0.24223217740654945,,,,
Theia Case 3,all,poi_only,old_score_top,256,ok,256,33,3,1,1.0,1.0,223,33,6,1131956,0.87109375,0.9737991266375546,0.9195876288659793,2.9152226744252814e-05,0.026200873362445413,5,9,3,5,0,32,1,3,3,1,0.24037977680563927,0.24037977680563927,0.24037977680563927,,,,
Theia Case 3,all,poi_only,old_score_top,1024,ok,1024,485,3,1,1.0,1.0,225,799,4,1131190,0.2197265625,0.982532751091703,0.35913806863527536,0.0007058372475350909,0.017467248908296942,7,9,5,5,0,384,101,3,3,3,0.24410919100046158,0.24243901669979095,0.24538373947143555,,,,
Theia Case 3,all,poi_only,old_score_top,4096,ok,4096,3352,3,1,1.0,1.0,225,3871,4,1128118,0.054931640625,0.982532751091703,0.10404624277456648,0.0034196445371818983,0.017467248908296942,7,9,5,5,0,2826,526,3,3,1,0.24532028660178185,0.24532028660178185,0.24532028660178185,,,,
Theia Case 3,all,poi_only,rarity_top,64,ok,64,45,3,7,0.21875,0.078125,3,61,226,1131928,0.046875,0.013100436681222707,0.020477815699658702,5.388744943634611e-05,0.9868995633187773,3,9,3,5,0,43,2,3,3,1,0.21681970730423927,0.21681970730423927,0.21681970730423927,,,,
Theia Case 3,all,poi_only,rarity_top,256,ok,256,172,3,21,0.0546875,0.01953125,3,253,226,1131736,0.01171875,0.013100436681222707,0.012371134020618556,0.00022350040503927158,0.9868995633187773,3,9,3,5,0,172,0,3,3,1,0.21600403264164925,0.21600403264164925,0.21600403264164925,,,,
Theia Case 3,all,poi_only,rarity_top,1024,ok,1024,818,3,21,0.443359375,0.427734375,3,1021,226,1130968,0.0029296875,0.013100436681222707,0.004788507581803671,0.0009019522274509734,0.9868995633187773,3,9,3,5,0,702,116,3,3,3,0.21609848737716675,0.21367666125297546,0.21618470922112465,,,,
Theia Case 3,all,poi_only,rarity_top,4096,ok,4096,3697,3,54,0.839599609375,0.8212890625,3,4093,226,1127896,0.000732421875,0.013100436681222707,0.0013872832369942196,0.003615759517097781,0.9868995633187773,3,9,3,5,0,3168,529,3,3,1,0.22504789754748344,0.22504789754748344,0.22504789754748344,,,,
Theia Case 3,all,poi_only,diffusion_top,64,ok,64,18,3,3,1.0,0.984375,49,15,180,1131974,0.765625,0.21397379912663755,0.33447098976109213,1.3251012156478553e-05,0.7860262008733624,4,9,3,5,0,17,1,3,3,1,0.237381499260664,0.237381499260664,0.237381499260664,2.718322668224573,2.955704167485237,,
Theia Case 3,all,poi_only,diffusion_top,256,ok,256,38,3,3,1.0,0.9921875,223,33,6,1131956,0.87109375,0.9737991266375546,0.9195876288659793,2.9152226744252814e-05,0.026200873362445413,6,9,4,5,0,30,8,3,3,1,0.24016287550330162,0.24016287550330162,0.24016287550330162,2.718322668224573,2.9584855437278748,,
Theia Case 3,all,poi_only,diffusion_top,1024,ok,1024,778,3,3,1.0,0.998046875,225,799,4,1131190,0.2197265625,0.982532751091703,0.35913806863527536,0.0007058372475350909,0.017467248908296942,7,9,5,5,0,598,180,3,3,3,0.24663833528757095,0.24584756046533585,0.24906636774539948,2.718322668224573,2.964961003512144,,
Theia Case 3,all,poi_only,diffusion_top,4096,ok,4096,3806,3,3,1.0,0.99951171875,225,3871,4,1128118,0.054931640625,0.982532751091703,0.10404624277456648,0.0034196445371818983,0.017467248908296942,7,9,5,5,0,2924,882,3,3,1,0.24172649160027504,0.24172649160027504,0.24172649160027504,2.718322668224573,2.960049159824848,,
Theia Case 3,all,poi_only,localdegree_top,64,ok,64,57,3,8,0.578125,0.3125,3,61,226,1131928,0.046875,0.013100436681222707,0.020477815699658702,5.388744943634611e-05,0.9868995633187773,3,9,3,5,0,9,48,3,3,1,0.20290491357445717,0.20290491357445717,0.20290491357445717,2.7294403091073036,2.932345222681761,,
Theia Case 3,all,poi_only,localdegree_top,256,ok,256,222,3,18,0.515625,0.2265625,3,253,226,1131736,0.01171875,0.013100436681222707,0.012371134020618556,0.00022350040503927158,0.9868995633187773,3,9,3,5,0,32,190,3,3,1,0.20365291461348534,0.20365291461348534,0.20365291461348534,2.7294403091073036,2.933093223720789,,
Theia Case 3,all,poi_only,localdegree_top,1024,ok,1024,795,3,40,0.544921875,0.2294921875,4,1020,225,1130969,0.00390625,0.017467248908296942,0.006384676775738229,0.0009010688266405416,0.982532751091703,4,9,3,5,0,129,666,3,3,3,0.20202689245343208,0.20132910087704659,0.20220379531383514,2.7294403091073036,2.9314672015607357,,
Theia Case 3,all,poi_only,localdegree_top,4096,ok,4096,2951,3,90,0.52783203125,0.46337890625,4,4092,225,1127897,0.0009765625,0.017467248908296942,0.0018497109826589595,0.003614876116287349,0.982532751091703,4,9,3,5,0,542,2409,3,3,1,0.2031075730919838,0.2031075730919838,0.2031075730919838,2.7294403091073036,2.9325478821992874,,
Theia Case 3,all,poi_only,episode,64,ok,64,44,3,3,1.0,1.0,7,57,222,1131932,0.109375,0.03056768558951965,0.04778156996587031,5.0353846194618496e-05,0.9694323144104804,6,9,4,5,0,43,1,3,3,1,0.3924689441919327,0.3924689441919327,0.3924689441919327,2.718322668224573,3.110791612416506,,
Theia Case 3,all,poi_only,episode,256,ok,256,35,3,3,1.0,1.0,222,34,7,1131955,0.8671875,0.9694323144104804,0.9154639175257732,3.0035627554684718e-05,0.03056768558951965,5,9,4,5,0,35,0,3,3,1,0.3904283083975315,0.3904283083975315,0.3904283083975315,2.718322668224573,3.1087509766221046,,
Theia Case 3,all,poi_only,episode,1024,ok,1024,625,3,3,1.0,1.0,225,799,4,1131190,0.2197265625,0.982532751091703,0.35913806863527536,0.0007058372475350909,0.017467248908296942,7,9,5,5,0,625,0,3,3,3,0.3902950957417488,0.3898879885673523,0.3915246017277241,2.718322668224573,3.108617763966322,,
Theia Case 3,all,poi_only,episode,4096,ok,4096,3022,3,3,1.0,1.0,225,3871,4,1128118,0.054931640625,0.982532751091703,0.10404624277456648,0.0034196445371818983,0.017467248908296942,7,9,5,5,0,3022,0,3,3,1,0.4096313416957855,0.4096313416957855,0.4096313416957855,2.718322668224573,3.1279540099203587,,
Theia Case 3,all,poi_only,coverage_exact,64,ok,64,56,3,3,1.0,1.0,6,58,223,1131931,0.09375,0.026200873362445413,0.040955631399317405,5.12372470050504e-05,0.9737991266375546,6,9,5,5,0,55,1,3,3,1,1.0680138431489468,1.0680138431489468,1.0680138431489468,2.718322668224573,3.78633651137352,,
Theia Case 3,all,poi_only,coverage_exact,256,ok,256,208,3,3,1.0,1.0,6,250,223,1131739,0.0234375,0.026200873362445413,0.024742268041237112,0.00022085020260797586,0.9737991266375546,6,9,5,5,0,207,1,3,3,1,1.069938100874424,1.069938100874424,1.069938100874424,2.718322668224573,3.788260769098997,,
Theia Case 3,all,poi_only,coverage_exact,1024,ok,1024,795,3,3,1.0,1.0,6,1018,223,1130971,0.005859375,0.026200873362445413,0.009577015163607342,0.0008993020250196778,0.9737991266375546,6,9,5,5,0,794,1,3,3,3,1.0793112441897392,1.0773259960114956,1.0813993997871876,2.718322668224573,3.7976339124143124,,
Theia Case 3,all,poi_only,coverage_exact,4096,ok,4096,3181,3,3,1.0,1.0,6,4090,223,1127899,0.00146484375,0.026200873362445413,0.0027745664739884392,0.0036131093146664853,0.9737991266375546,6,9,5,5,0,3180,1,3,3,1,1.1607944928109646,1.1607944928109646,1.1607944928109646,2.718322668224573,3.8791171610355377,,
Theia Case 3,all,poi_only,coverage_semantic,64,ok,64,56,3,3,1.0,1.0,6,58,223,1131931,0.09375,0.026200873362445413,0.040955631399317405,5.12372470050504e-05,0.9737991266375546,6,9,5,5,0,55,1,3,3,1,1.2411950789391994,1.2411950789391994,1.2411950789391994,2.718322668224573,3.9595177471637726,,
Theia Case 3,all,poi_only,coverage_semantic,256,ok,256,207,3,3,1.0,1.0,6,250,223,1131739,0.0234375,0.026200873362445413,0.024742268041237112,0.00022085020260797586,0.9737991266375546,6,9,5,5,0,206,1,3,3,1,1.2520854361355305,1.2520854361355305,1.2520854361355305,2.718322668224573,3.9704081043601036,,
Theia Case 3,all,poi_only,coverage_semantic,1024,ok,1024,792,3,3,1.0,1.0,6,1018,223,1130971,0.005859375,0.026200873362445413,0.009577015163607342,0.0008993020250196778,0.9737991266375546,6,9,5,5,0,791,1,3,3,3,1.268510852009058,1.256062425673008,1.2851805500686169,2.718322668224573,3.986833520233631,,
Theia Case 3,all,poi_only,coverage_semantic,4096,ok,4096,3181,3,3,1.0,1.0,6,4090,223,1127899,0.00146484375,0.026200873362445413,0.0027745664739884392,0.0036131093146664853,0.9737991266375546,6,9,5,5,0,3180,1,3,3,1,1.2954879999160767,1.2954879999160767,1.2954879999160767,2.718322668224573,4.01381066814065,,
Theia Case 3,all,poi_only,coverage_no_frequency,64,ok,64,56,3,3,1.0,1.0,6,58,223,1131931,0.09375,0.026200873362445413,0.040955631399317405,5.12372470050504e-05,0.9737991266375546,6,9,5,5,0,55,1,3,3,1,1.2347020767629147,1.2347020767629147,1.2347020767629147,0.8346034362912178,2.0693055130541325,,
Theia Case 3,all,poi_only,coverage_no_frequency,256,ok,256,38,3,3,1.0,1.0,223,33,6,1131956,0.87109375,0.9737991266375546,0.9195876288659793,2.9152226744252814e-05,0.026200873362445413,6,9,5,5,0,38,0,3,3,1,1.247040517628193,1.247040517628193,1.247040517628193,0.8346034362912178,2.0816439539194107,,
Theia Case 3,all,poi_only,coverage_no_frequency,1024,ok,1024,638,3,3,1.0,1.0,223,801,6,1131188,0.2177734375,0.9737991266375546,0.3559457302474062,0.0007076040491559547,0.026200873362445413,6,9,5,5,0,638,0,3,3,3,1.254620935767889,1.2437820509076118,1.3715518712997437,0.8346034362912178,2.089224372059107,,
Theia Case 3,all,poi_only,coverage_no_frequency,4096,ok,4096,3025,3,3,1.0,1.0,223,3873,6,1128116,0.054443359375,0.9737991266375546,0.103121387283237,0.0034214113388027624,0.026200873362445413,6,9,5,5,0,3025,0,3,3,1,1.4093916416168213,1.4093916416168213,1.4093916416168213,0.8346034362912178,2.243995077908039,,
Theia Case 3,all,poi_only,pcst_native,64,ok,3,3,3,3,1.0,1.0,3,0,226,1131989,1.0,0.013100436681222707,0.02586206896551724,0.0,0.9868995633187773,3,9,3,5,0,3,0,3,3,1,0.01268693432211876,0.01268693432211876,0.01268693432211876,5.126982022076845,5.139668956398964,1.0,0.0
Theia Case 3,all,poi_only,pcst_native,256,ok,3,3,3,3,1.0,1.0,3,0,226,1131989,1.0,0.013100436681222707,0.02586206896551724,0.0,0.9868995633187773,3,9,3,5,0,3,0,3,3,1,0.012468341737985611,0.012468341737985611,0.012468341737985611,5.126982022076845,5.139450363814831,1.0,0.0
Theia Case 3,all,poi_only,pcst_native,1024,ok,3,3,3,3,1.0,1.0,3,0,226,1131989,1.0,0.013100436681222707,0.02586206896551724,0.0,0.9868995633187773,3,9,3,5,0,3,0,3,3,1,0.012414231896400452,0.012414231896400452,0.012414231896400452,5.126982022076845,5.139396253973246,1.0,0.0
Theia Case 3,all,poi_only,pcst_native,4096,ok,3,3,3,3,1.0,1.0,3,0,226,1131989,1.0,0.013100436681222707,0.02586206896551724,0.0,0.9868995633187773,3,9,3,5,0,3,0,3,3,1,0.012567579746246338,0.012567579746246338,0.012567579746246338,5.126982022076845,5.1395496018230915,1.0,0.0
Theia Case 3,all,poi_only,random_0,64,ok,64,57,3,6,0.953125,0.21875,3,61,226,1131928,0.046875,0.013100436681222707,0.020477815699658702,5.388744943634611e-05,0.9868995633187773,3,9,3,5,0,6,51,3,3,1,0.3209294453263283,0.3209294453263283,0.3209294453263283,,,,
Theia Case 3,all,poi_only,random_0,256,ok,256,218,3,22,0.921875,0.14453125,3,253,226,1131736,0.01171875,0.013100436681222707,0.012371134020618556,0.00022350040503927158,0.9868995633187773,3,9,3,5,0,26,192,3,3,1,0.3165765181183815,0.3165765181183815,0.3165765181183815,,,,
Theia Case 3,all,poi_only,random_0,1024,ok,1024,737,3,30,0.9677734375,0.142578125,3,1021,226,1130968,0.0029296875,0.013100436681222707,0.004788507581803671,0.0009019522274509734,0.9868995633187773,3,9,3,5,0,84,653,3,3,1,0.3161609172821045,0.3161609172821045,0.3161609172821045,,,,
Theia Case 3,all,poi_only,random_0,4096,ok,4096,2532,3,47,0.9873046875,0.89697265625,4,4092,225,1127897,0.0009765625,0.017467248908296942,0.0018497109826589595,0.003614876116287349,0.982532751091703,4,9,3,5,0,376,2156,3,3,1,0.3156924732029438,0.3156924732029438,0.3156924732029438,,,,
Theia Case 3,all,poi_only,random_1,64,ok,64,63,3,8,0.90625,0.140625,3,61,226,1131928,0.046875,0.013100436681222707,0.020477815699658702,5.388744943634611e-05,0.9868995633187773,3,9,3,5,0,6,57,3,3,1,0.3170376718044281,0.3170376718044281,0.3170376718044281,,,,
Theia Case 3,all,poi_only,random_1,256,ok,256,228,3,15,0.953125,0.13671875,3,253,226,1131736,0.01171875,0.013100436681222707,0.012371134020618556,0.00022350040503927158,0.9868995633187773,3,9,3,5,0,27,201,3,3,1,0.3266685828566551,0.3266685828566551,0.3266685828566551,,,,
Theia Case 3,all,poi_only,random_1,1024,ok,1024,762,3,27,0.96875,0.1162109375,3,1021,226,1130968,0.0029296875,0.013100436681222707,0.004788507581803671,0.0009019522274509734,0.9868995633187773,3,9,3,5,0,80,682,3,3,1,0.3193506747484207,0.3193506747484207,0.3193506747484207,,,,
Theia Case 3,all,poi_only,random_1,4096,ok,4096,2544,3,40,0.989013671875,0.135009765625,4,4092,225,1127897,0.0009765625,0.017467248908296942,0.0018497109826589595,0.003614876116287349,0.982532751091703,4,9,3,5,0,339,2205,3,3,1,0.31617847830057144,0.31617847830057144,0.31617847830057144,,,,
Theia Case 3,all,poi_only,random_2,64,ok,64,63,3,13,0.8125,0.671875,3,61,226,1131928,0.046875,0.013100436681222707,0.020477815699658702,5.388744943634611e-05,0.9868995633187773,3,9,3,5,0,10,53,3,3,1,0.3156900145113468,0.3156900145113468,0.3156900145113468,,,,
Theia Case 3,all,poi_only,random_2,256,ok,256,229,3,20,0.9140625,0.83203125,3,253,226,1131736,0.01171875,0.013100436681222707,0.012371134020618556,0.00022350040503927158,0.9868995633187773,3,9,3,5,0,24,205,3,3,1,0.31982240080833435,0.31982240080833435,0.31982240080833435,,,,
Theia Case 3,all,poi_only,random_2,1024,ok,1024,768,3,34,0.9619140625,0.845703125,3,1021,226,1130968,0.0029296875,0.013100436681222707,0.004788507581803671,0.0009019522274509734,0.9868995633187773,3,9,3,5,0,102,666,3,3,1,0.3179422728717327,0.3179422728717327,0.3179422728717327,,,,
Theia Case 3,all,poi_only,random_2,4096,ok,4096,2563,3,47,0.9853515625,0.89501953125,3,4093,226,1127896,0.000732421875,0.013100436681222707,0.0013872832369942196,0.003615759517097781,0.9868995633187773,3,9,3,5,0,366,2197,3,3,1,0.32332227751612663,0.32332227751612663,0.32332227751612663,,,,
Theia Case 3,all,poi_only,random_3,64,ok,64,62,3,8,0.921875,0.203125,3,61,226,1131928,0.046875,0.013100436681222707,0.020477815699658702,5.388744943634611e-05,0.9868995633187773,3,9,3,5,0,9,53,3,3,1,0.31696587428450584,0.31696587428450584,0.31696587428450584,,,,
Theia Case 3,all,poi_only,random_3,256,ok,256,223,3,24,0.90234375,0.12109375,4,252,225,1131737,0.015625,0.017467248908296942,0.016494845360824743,0.00022261700422883968,0.982532751091703,4,9,3,5,0,29,194,3,3,1,0.3174060173332691,0.3174060173332691,0.3174060173332691,,,,
Theia Case 3,all,poi_only,random_3,1024,ok,1024,762,3,46,0.9482421875,0.1044921875,4,1020,225,1130969,0.00390625,0.017467248908296942,0.006384676775738229,0.0009010688266405416,0.982532751091703,4,9,3,5,0,88,674,3,3,1,0.3160000219941139,0.3160000219941139,0.3160000219941139,,,,
Theia Case 3,all,poi_only,random_3,4096,ok,4096,2513,3,50,0.98583984375,0.119140625,4,4092,225,1127897,0.0009765625,0.017467248908296942,0.0018497109826589595,0.003614876116287349,0.982532751091703,4,9,3,5,0,334,2179,3,3,1,0.3157297298312187,0.3157297298312187,0.3157297298312187,,,,
Theia Case 3,all,poi_only,random_4,64,ok,64,62,3,7,0.9375,0.125,3,61,226,1131928,0.046875,0.013100436681222707,0.020477815699658702,5.388744943634611e-05,0.9868995633187773,3,9,3,5,0,8,54,3,3,1,0.3153367303311825,0.3153367303311825,0.3153367303311825,,,,
Theia Case 3,all,poi_only,random_4,256,ok,256,220,3,18,0.90625,0.125,3,253,226,1131736,0.01171875,0.013100436681222707,0.012371134020618556,0.00022350040503927158,0.9868995633187773,3,9,3,5,0,19,201,3,3,1,0.3157016858458519,0.3157016858458519,0.3157016858458519,,,,
Theia Case 3,all,poi_only,random_4,1024,ok,1024,781,3,43,0.9501953125,0.111328125,3,1021,226,1130968,0.0029296875,0.013100436681222707,0.004788507581803671,0.0009019522274509734,0.9868995633187773,3,9,3,5,0,96,685,3,3,1,0.3301115818321705,0.3301115818321705,0.3301115818321705,,,,
Theia Case 3,all,poi_only,random_4,4096,ok,4096,2507,3,52,0.98291015625,0.90771484375,4,4092,225,1127897,0.0009765625,0.017467248908296942,0.0018497109826589595,0.003614876116287349,0.982532751091703,4,9,3,5,0,356,2151,3,3,1,0.33199550583958626,0.33199550583958626,0.33199550583958626,,,,
Theia Case 3,all,shared_context,old_score_top,64,infeasible_mandatory,,,87,,,,,,,,,,,,,,,,,,,,,,,,,,,,,
Theia Case 3,all,shared_context,old_score_top,256,ok,256,34,87,1,1.0,1.0,223,33,6,1131956,0.87109375,0.9737991266375546,0.9195876288659793,2.9152226744252814e-05,0.026200873362445413,5,9,3,5,0,33,1,3,3,1,0.25295501202344894,0.25295501202344894,0.25295501202344894,,,,
Theia Case 3,all,shared_context,old_score_top,1024,ok,1024,485,87,1,1.0,1.0,225,799,4,1131190,0.2197265625,0.982532751091703,0.35913806863527536,0.0007058372475350909,0.017467248908296942,7,9,5,5,0,384,101,3,3,3,0.2530255429446697,0.24527816846966743,0.25556580722332,,,,
Theia Case 3,all,shared_context,old_score_top,4096,ok,4096,3352,87,1,1.0,1.0,225,3871,4,1128118,0.054931640625,0.982532751091703,0.10404624277456648,0.0034196445371818983,0.017467248908296942,7,9,5,5,0,2826,526,3,3,1,0.2552863545715809,0.2552863545715809,0.2552863545715809,,,,
Theia Case 3,all,shared_context,rarity_top,64,infeasible_mandatory,,,87,,,,,,,,,,,,,,,,,,,,,,,,,,,,,
Theia Case 3,all,shared_context,rarity_top,256,ok,256,132,87,10,0.37890625,0.34375,83,173,146,1131816,0.32421875,0.3624454148471616,0.3422680412371134,0.0001528283402047193,0.6375545851528385,4,9,3,5,0,123,9,3,3,1,0.21842744946479797,0.21842744946479797,0.21842744946479797,,,,
Theia Case 3,all,shared_context,rarity_top,1024,ok,1024,739,87,20,0.4453125,0.431640625,83,941,146,1131048,0.0810546875,0.3624454148471616,0.13248204309656825,0.0008312801626164212,0.6375545851528385,4,9,3,5,0,646,93,3,3,3,0.2122013419866562,0.21144255623221397,0.2143818363547325,,,,
Theia Case 3,all,shared_context,rarity_top,4096,ok,4096,3630,87,54,0.840087890625,0.822265625,83,4013,146,1127976,0.020263671875,0.3624454148471616,0.03838150289017341,0.0035450874522632288,0.6375545851528385,4,9,3,5,0,3099,531,3,3,1,0.2144506871700287,0.2144506871700287,0.2144506871700287,,,,
Theia Case 3,all,shared_context,diffusion_top,64,infeasible_mandatory,,,87,,,,,,,,,,,,,,,,,,,,,,,,,,,,,
Theia Case 3,all,shared_context,diffusion_top,256,ok,256,38,87,3,1.0,0.9921875,222,34,7,1131955,0.8671875,0.9694323144104804,0.9154639175257732,3.0035627554684718e-05,0.03056768558951965,5,9,4,5,0,31,7,3,3,1,0.2363877221941948,0.2363877221941948,0.2363877221941948,2.718322668224573,2.954710390418768,,
Theia Case 3,all,shared_context,diffusion_top,1024,ok,1024,778,87,3,1.0,0.998046875,225,799,4,1131190,0.2197265625,0.982532751091703,0.35913806863527536,0.0007058372475350909,0.017467248908296942,7,9,5,5,0,599,179,3,3,3,0.2370184063911438,0.23643624410033226,0.23718412965536118,2.718322668224573,2.955341074615717,,
Theia Case 3,all,shared_context,diffusion_top,4096,ok,4096,3806,87,3,1.0,0.99951171875,225,3871,4,1128118,0.054931640625,0.982532751091703,0.10404624277456648,0.0034196445371818983,0.017467248908296942,7,9,5,5,0,2924,882,3,3,1,0.23597995191812515,0.23597995191812515,0.23597995191812515,2.718322668224573,2.9543026201426983,,
Theia Case 3,all,shared_context,localdegree_top,64,infeasible_mandatory,,,87,,,,,,,,,,,,,,,,,,,,,,,,,,,,,
Theia Case 3,all,shared_context,localdegree_top,256,ok,256,155,87,17,0.66796875,0.484375,83,173,146,1131816,0.32421875,0.3624454148471616,0.3422680412371134,0.0001528283402047193,0.6375545851528385,4,9,3,5,0,24,131,3,3,1,0.20188133418560028,0.20188133418560028,0.20188133418560028,2.7294403091073036,2.931321643292904,,
Theia Case 3,all,shared_context,localdegree_top,1024,ok,1024,740,87,37,0.5869140625,0.291015625,83,941,146,1131048,0.0810546875,0.3624454148471616,0.13248204309656825,0.0008312801626164212,0.6375545851528385,4,9,3,5,0,125,615,3,3,3,0.2006250023841858,0.1999305598437786,0.20609773695468903,2.7294403091073036,2.9300653114914894,,
Theia Case 3,all,shared_context,localdegree_top,4096,ok,4096,2895,87,88,0.53857421875,0.47265625,83,4013,146,1127976,0.020263671875,0.3624454148471616,0.03838150289017341,0.0035450874522632288,0.6375545851528385,4,9,3,5,0,537,2358,3,3,1,0.2056872472167015,0.2056872472167015,0.2056872472167015,2.7294403091073036,2.935127556324005,,
Theia Case 3,all,shared_context,episode,64,infeasible_mandatory,,,87,,,,,,,,,,,,,,,,,,,,,,,,,,,,,
Theia Case 3,all,shared_context,episode,256,ok,256,37,87,3,1.0,1.0,222,34,7,1131955,0.8671875,0.9694323144104804,0.9154639175257732,3.0035627554684718e-05,0.03056768558951965,5,9,4,5,0,37,0,3,3,1,0.37748856097459793,0.37748856097459793,0.37748856097459793,2.718322668224573,3.095811229199171,,
Theia Case 3,all,shared_context,episode,1024,ok,1024,625,87,3,1.0,1.0,225,799,4,1131190,0.2197265625,0.982532751091703,0.35913806863527536,0.0007058372475350909,0.017467248908296942,7,9,5,5,0,625,0,3,3,3,0.3874123841524124,0.3817005231976509,0.39409758523106575,2.718322668224573,3.1057350523769855,,
Theia Case 3,all,shared_context,episode,4096,ok,4096,3022,87,3,1.0,1.0,225,3871,4,1128118,0.054931640625,0.982532751091703,0.10404624277456648,0.0034196445371818983,0.017467248908296942,7,9,5,5,0,3022,0,3,3,1,0.39596303552389145,0.39596303552389145,0.39596303552389145,2.718322668224573,3.1142857037484646,,
Theia Case 3,all,shared_context,coverage_exact,64,infeasible_mandatory,,,87,,,,,,,,,,,,,,,,,,,,,,,,,,,,,
Theia Case 3,all,shared_context,coverage_exact,256,ok,256,148,87,3,1.0,1.0,85,171,144,1131818,0.33203125,0.37117903930131,0.35051546391752575,0.0001510615385838555,0.62882096069869,6,9,5,5,0,147,1,3,3,1,1.076203592121601,1.076203592121601,1.076203592121601,2.718322668224573,3.7945262603461742,,
Theia Case 3,all,shared_context,coverage_exact,1024,ok,1024,739,87,3,1.0,1.0,85,939,144,1131050,0.0830078125,0.37117903930131,0.13567438148443736,0.0008295133609955574,0.62882096069869,6,9,5,5,0,738,1,3,3,3,1.078868679702282,1.0726232901215553,1.080457791686058,2.718322668224573,3.797191347926855,,
Theia Case 3,all,shared_context,coverage_exact,4096,ok,4096,3123,87,3,1.0,1.0,85,4011,144,1127978,0.020751953125,0.37117903930131,0.03930635838150289,0.003543320650642365,0.62882096069869,6,9,5,5,0,3122,1,3,3,1,1.1036756187677383,1.1036756187677383,1.1036756187677383,2.718322668224573,3.8219982869923115,,
Theia Case 3,all,shared_context,coverage_semantic,64,infeasible_mandatory,,,87,,,,,,,,,,,,,,,,,,,,,,,,,,,,,
Theia Case 3,all,shared_context,coverage_semantic,256,ok,256,147,87,3,1.0,1.0,85,171,144,1131818,0.33203125,0.37117903930131,0.35051546391752575,0.0001510615385838555,0.62882096069869,6,9,5,5,0,146,1,3,3,1,1.2364509142935276,1.2364509142935276,1.2364509142935276,2.718322668224573,3.9547735825181007,,
Theia Case 3,all,shared_context,coverage_semantic,1024,ok,1024,739,87,3,1.0,1.0,85,939,144,1131050,0.0830078125,0.37117903930131,0.13567438148443736,0.0008295133609955574,0.62882096069869,6,9,5,5,0,738,1,3,3,3,1.2537556774914265,1.243667010217905,1.255420282483101,2.718322668224573,3.9720783457159996,,
Theia Case 3,all,shared_context,coverage_semantic,4096,ok,4096,3122,87,3,1.0,1.0,85,4011,144,1127978,0.020751953125,0.37117903930131,0.03930635838150289,0.003543320650642365,0.62882096069869,6,9,5,5,0,3121,1,3,3,1,1.2863705530762672,1.2863705530762672,1.2863705530762672,2.718322668224573,4.00469322130084,,
Theia Case 3,all,shared_context,coverage_no_frequency,64,infeasible_mandatory,,,87,,,,,,,,,,,,,,,,,,,,,,,,,,,,,
Theia Case 3,all,shared_context,coverage_no_frequency,256,ok,256,148,87,3,1.0,1.0,85,171,144,1131818,0.33203125,0.37117903930131,0.35051546391752575,0.0001510615385838555,0.62882096069869,6,9,5,5,0,147,1,3,3,1,1.2462346702814102,1.2462346702814102,1.2462346702814102,0.8346034362912178,2.080838106572628,,
Theia Case 3,all,shared_context,coverage_no_frequency,1024,ok,1024,737,87,3,1.0,1.0,85,939,144,1131050,0.0830078125,0.37117903930131,0.13567438148443736,0.0008295133609955574,0.62882096069869,6,9,5,5,0,736,1,3,3,3,1.2436966598033905,1.2420116290450096,1.2452895306050777,0.8346034362912178,2.0783000960946083,,
Theia Case 3,all,shared_context,coverage_no_frequency,4096,ok,4096,3125,87,3,1.0,1.0,85,4011,144,1127978,0.020751953125,0.37117903930131,0.03930635838150289,0.003543320650642365,0.62882096069869,6,9,5,5,0,3124,1,3,3,1,1.3009238503873348,1.3009238503873348,1.3009238503873348,0.8346034362912178,2.1355272866785526,,
Theia Case 3,all,shared_context,pcst_native,64,infeasible_mandatory,,,87,,,,,,,,,,,,,,,,,,,,,,,,,,,,,
Theia Case 3,all,shared_context,pcst_native,256,ok,87,8,87,3,1.0,1.0,83,4,146,1131985,0.9540229885057471,0.3624454148471616,0.5253164556962026,3.533603241727614e-06,0.6375545851528385,4,9,3,5,0,7,1,3,3,1,0.012451693415641785,0.012451693415641785,0.012451693415641785,5.126982022076845,5.139433715492487,1.0,0.0
Theia Case 3,all,shared_context,pcst_native,1024,ok,87,8,87,3,1.0,1.0,83,4,146,1131985,0.9540229885057471,0.3624454148471616,0.5253164556962026,3.533603241727614e-06,0.6375545851528385,4,9,3,5,0,7,1,3,3,1,0.012387562543153763,0.012387562543153763,0.012387562543153763,5.126982022076845,5.139369584619999,1.0,0.0
Theia Case 3,all,shared_context,pcst_native,4096,ok,87,8,87,3,1.0,1.0,83,4,146,1131985,0.9540229885057471,0.3624454148471616,0.5253164556962026,3.533603241727614e-06,0.6375545851528385,4,9,3,5,0,7,1,3,3,1,0.012220349162817001,0.012220349162817001,0.012220349162817001,5.126982022076845,5.139202371239662,1.0,0.0
Theia Case 3,all,shared_context,random_0,64,infeasible_mandatory,,,87,,,,,,,,,,,,,,,,,,,,,,,,,,,,,
Theia Case 3,all,shared_context,random_0,256,ok,256,154,87,14,0.953125,0.421875,83,173,146,1131816,0.32421875,0.3624454148471616,0.3422680412371134,0.0001528283402047193,0.6375545851528385,4,9,3,5,0,21,133,3,3,1,0.31999797374010086,0.31999797374010086,0.31999797374010086,,,,
Theia Case 3,all,shared_context,random_0,1024,ok,1024,682,87,32,0.9638671875,0.216796875,83,941,146,1131048,0.0810546875,0.3624454148471616,0.13248204309656825,0.0008312801626164212,0.6375545851528385,4,9,3,5,0,83,599,3,3,1,0.31673142313957214,0.31673142313957214,0.31673142313957214,,,,
Theia Case 3,all,shared_context,random_0,4096,ok,4096,2488,87,47,0.987548828125,0.89697265625,84,4012,145,1127977,0.0205078125,0.36681222707423583,0.03884393063583815,0.003544204051452797,0.6331877729257642,4,9,3,5,0,373,2115,3,3,1,0.31613051891326904,0.31613051891326904,0.31613051891326904,,,,
Theia Case 3,all,shared_context,random_1,64,infeasible_mandatory,,,87,,,,,,,,,,,,,,,,,,,,,,,,,,,,,
Theia Case 3,all,shared_context,random_1,256,ok,256,163,87,15,0.94921875,0.4140625,83,173,146,1131816,0.32421875,0.3624454148471616,0.3422680412371134,0.0001528283402047193,0.6375545851528385,4,9,3,5,0,24,139,3,3,1,0.31747162714600563,0.31747162714600563,0.31747162714600563,,,,
Theia Case 3,all,shared_context,random_1,1024,ok,1024,711,87,26,0.96875,0.193359375,83,941,146,1131048,0.0810546875,0.3624454148471616,0.13248204309656825,0.0008312801626164212,0.6375545851528385,4,9,3,5,0,79,632,3,3,1,0.32158244028687477,0.32158244028687477,0.32158244028687477,,,,
Theia Case 3,all,shared_context,random_1,4096,ok,4096,2498,87,39,0.989013671875,0.150634765625,83,4013,146,1127976,0.020263671875,0.3624454148471616,0.03838150289017341,0.0035450874522632288,0.6375545851528385,4,9,3,5,0,329,2169,3,3,1,0.3330775275826454,0.3330775275826454,0.3330775275826454,,,,
Theia Case 3,all,shared_context,random_2,64,infeasible_mandatory,,,87,,,,,,,,,,,,,,,,,,,,,,,,,,,,,
Theia Case 3,all,shared_context,random_2,256,ok,256,159,87,18,0.9296875,0.86328125,83,173,146,1131816,0.32421875,0.3624454148471616,0.3422680412371134,0.0001528283402047193,0.6375545851528385,4,9,3,5,0,22,137,3,3,1,0.3174506425857544,0.3174506425857544,0.3174506425857544,,,,
Theia Case 3,all,shared_context,random_2,1024,ok,1024,717,87,33,0.962890625,0.85546875,83,941,146,1131048,0.0810546875,0.3624454148471616,0.13248204309656825,0.0008312801626164212,0.6375545851528385,4,9,3,5,0,97,620,3,3,1,0.3160298876464367,0.3160298876464367,0.3160298876464367,,,,
Theia Case 3,all,shared_context,random_2,4096,ok,4096,2522,87,47,0.9853515625,0.89599609375,83,4013,146,1127976,0.020263671875,0.3624454148471616,0.03838150289017341,0.0035450874522632288,0.6375545851528385,4,9,3,5,0,361,2161,3,3,1,0.3156972639262676,0.3156972639262676,0.3156972639262676,,,,
Theia Case 3,all,shared_context,random_3,64,infeasible_mandatory,,,87,,,,,,,,,,,,,,,,,,,,,,,,,,,,,
Theia Case 3,all,shared_context,random_3,256,ok,256,159,87,15,0.94140625,0.4140625,83,173,146,1131816,0.32421875,0.3624454148471616,0.3422680412371134,0.0001528283402047193,0.6375545851528385,4,9,3,5,0,24,135,3,3,1,0.3165876381099224,0.3165876381099224,0.3165876381099224,,,,
Theia Case 3,all,shared_context,random_3,1024,ok,1024,708,87,45,0.94921875,0.1767578125,83,941,146,1131048,0.0810546875,0.3624454148471616,0.13248204309656825,0.0008312801626164212,0.6375545851528385,4,9,3,5,0,89,619,3,3,1,0.3162418194115162,0.3162418194115162,0.3162418194115162,,,,
Theia Case 3,all,shared_context,random_3,4096,ok,4096,2479,87,48,0.986083984375,0.137451171875,83,4013,146,1127976,0.020263671875,0.3624454148471616,0.03838150289017341,0.0035450874522632288,0.6375545851528385,4,9,3,5,0,334,2145,3,3,1,0.31636979803442955,0.31636979803442955,0.31636979803442955,,,,
Theia Case 3,all,shared_context,random_4,64,infeasible_mandatory,,,87,,,,,,,,,,,,,,,,,,,,,,,,,,,,,
Theia Case 3,all,shared_context,random_4,256,ok,256,158,87,16,0.92578125,0.4296875,83,173,146,1131816,0.32421875,0.3624454148471616,0.3422680412371134,0.0001528283402047193,0.6375545851528385,4,9,3,5,0,21,137,3,3,1,0.33049605414271355,0.33049605414271355,0.33049605414271355,,,,
Theia Case 3,all,shared_context,random_4,1024,ok,1024,734,87,40,0.955078125,0.18359375,83,941,146,1131048,0.0810546875,0.3624454148471616,0.13248204309656825,0.0008312801626164212,0.6375545851528385,4,9,3,5,0,88,646,3,3,1,0.31717436015605927,0.31717436015605927,0.31717436015605927,,,,
Theia Case 3,all,shared_context,random_4,4096,ok,4096,2477,87,52,0.982666015625,0.9091796875,83,4013,146,1127976,0.020263671875,0.3624454148471616,0.03838150289017341,0.0035450874522632288,0.6375545851528385,4,9,3,5,0,358,2119,3,3,1,0.3167401999235153,0.3167401999235153,0.3167401999235153,,,,
Theia Case 3,drop-0,poi_only,diffusion_top,1024,ok,1024,995,2,2,1.0,0.998046875,6,1018,223,1130971,0.005859375,0.026200873362445413,0.009577015163607342,0.0008993020250196778,0.9737991266375546,5,9,4,5,0,753,242,2,2,1,0.2402968853712082,0.2402968853712082,0.2402968853712082,2.673384103924036,2.913680989295244,,
Theia Case 3,drop-0,poi_only,episode,1024,ok,1024,781,2,2,1.0,1.0,6,1018,223,1130971,0.005859375,0.026200873362445413,0.009577015163607342,0.0008993020250196778,0.9737991266375546,5,9,4,5,0,781,0,2,2,1,0.3933590315282345,0.3933590315282345,0.3933590315282345,2.673384103924036,3.0667431354522705,,
Theia Case 3,drop-0,poi_only,coverage_semantic,1024,ok,1024,790,2,2,1.0,1.0,4,1020,225,1130969,0.00390625,0.017467248908296942,0.006384676775738229,0.0009010688266405416,0.982532751091703,4,9,4,5,0,790,0,2,2,1,1.2382962554693222,1.2382962554693222,1.2382962554693222,2.673384103924036,3.9116803593933582,,
Theia Case 3,drop-0,poi_only,coverage_no_frequency,1024,ok,1024,787,2,2,1.0,1.0,4,1020,225,1130969,0.00390625,0.017467248908296942,0.006384676775738229,0.0009010688266405416,0.982532751091703,4,9,4,5,0,787,0,2,2,1,1.2399554401636124,1.2399554401636124,1.2399554401636124,0.6753939278423786,1.915349368005991,,
Theia Case 3,drop-0,shared_context,diffusion_top,1024,ok,1024,995,2,2,1.0,0.998046875,6,1018,223,1130971,0.005859375,0.026200873362445413,0.009577015163607342,0.0008993020250196778,0.9737991266375546,5,9,4,5,0,753,242,2,2,1,0.23166479170322418,0.23166479170322418,0.23166479170322418,2.673384103924036,2.90504889562726,,
Theia Case 3,drop-0,shared_context,episode,1024,ok,1024,781,2,2,1.0,1.0,6,1018,223,1130971,0.005859375,0.026200873362445413,0.009577015163607342,0.0008993020250196778,0.9737991266375546,5,9,4,5,0,781,0,2,2,1,0.38288699463009834,0.38288699463009834,0.38288699463009834,2.673384103924036,3.0562710985541344,,
Theia Case 3,drop-0,shared_context,coverage_semantic,1024,ok,1024,790,2,2,1.0,1.0,4,1020,225,1130969,0.00390625,0.017467248908296942,0.006384676775738229,0.0009010688266405416,0.982532751091703,4,9,4,5,0,790,0,2,2,1,1.232401728630066,1.232401728630066,1.232401728630066,2.673384103924036,3.905785832554102,,
Theia Case 3,drop-0,shared_context,coverage_no_frequency,1024,ok,1024,787,2,2,1.0,1.0,4,1020,225,1130969,0.00390625,0.017467248908296942,0.006384676775738229,0.0009010688266405416,0.982532751091703,4,9,4,5,0,787,0,2,2,1,1.2537435367703438,1.2537435367703438,1.2537435367703438,0.6753939278423786,1.9291374646127224,,
Theia Case 3,drop-1,poi_only,diffusion_top,1024,ok,1024,778,2,2,1.0,0.9990234375,224,800,5,1131189,0.21875,0.9781659388646288,0.3575418994413408,0.0007067206483455228,0.021834061135371178,6,9,4,5,0,597,181,2,2,1,0.2309238612651825,0.2309238612651825,0.2309238612651825,2.69335762783885,2.9242814891040325,,
Theia Case 3,drop-1,poi_only,episode,1024,ok,1024,623,2,2,1.0,1.0,224,800,5,1131189,0.21875,0.9781659388646288,0.3575418994413408,0.0007067206483455228,0.021834061135371178,6,9,4,5,0,623,0,2,2,1,0.3779996447265148,0.3779996447265148,0.3779996447265148,2.69335762783885,3.071357272565365,,
Theia Case 3,drop-1,poi_only,coverage_semantic,1024,ok,1024,790,2,2,1.0,1.0,5,1019,224,1130970,0.0048828125,0.021834061135371178,0.007980845969672785,0.0009001854258301096,0.9781659388646288,5,9,4,5,0,789,1,2,2,1,1.2320245280861855,1.2320245280861855,1.2320245280861855,2.69335762783885,3.9253821559250355,,
Theia Case 3,drop-1,poi_only,coverage_no_frequency,1024,ok,1024,636,2,2,1.0,1.0,222,802,7,1131187,0.216796875,0.9694323144104804,0.35434956105347165,0.0007084874499663866,0.03056768558951965,5,9,4,5,0,636,0,2,2,1,1.2463053651154041,1.2463053651154041,1.2463053651154041,0.6907580718398094,1.9370634369552135,,
Theia Case 3,drop-1,shared_context,diffusion_top,1024,ok,1024,778,86,2,1.0,0.9990234375,224,800,5,1131189,0.21875,0.9781659388646288,0.3575418994413408,0.0007067206483455228,0.021834061135371178,6,9,4,5,0,598,180,2,2,1,0.23187315464019775,0.23187315464019775,0.23187315464019775,2.69335762783885,2.9252307824790478,,
Theia Case 3,drop-1,shared_context,episode,1024,ok,1024,624,86,2,1.0,1.0,224,800,5,1131189,0.21875,0.9781659388646288,0.3575418994413408,0.0007067206483455228,0.021834061135371178,6,9,4,5,0,624,0,2,2,1,0.38467542454600334,0.38467542454600334,0.38467542454600334,2.69335762783885,3.0780330523848534,,
Theia Case 3,drop-1,shared_context,coverage_semantic,1024,ok,1024,738,86,2,1.0,1.0,84,940,145,1131049,0.08203125,0.36681222707423583,0.1340782122905028,0.0008303967618059892,0.6331877729257642,5,9,4,5,0,737,1,2,2,1,1.2340777553617954,1.2340777553617954,1.2340777553617954,2.69335762783885,3.9274353832006454,,
Theia Case 3,drop-1,shared_context,coverage_no_frequency,1024,ok,1024,737,86,2,1.0,1.0,84,940,145,1131049,0.08203125,0.36681222707423583,0.1340782122905028,0.0008303967618059892,0.6331877729257642,5,9,4,5,0,736,1,2,2,1,1.2379691451787949,1.2379691451787949,1.2379691451787949,0.6907580718398094,1.9287272170186043,,
Theia Case 3,drop-2,poi_only,diffusion_top,1024,ok,1024,282,2,1,1.0,0.9931640625,222,802,7,1131187,0.216796875,0.9694323144104804,0.35434956105347165,0.0007084874499663866,0.03056768558951965,4,9,2,5,0,217,65,2,2,1,0.2254681959748268,0.2254681959748268,0.2254681959748268,2.558018047362566,2.783486243337393,,
Theia Case 3,drop-2,poi_only,episode,1024,ok,1024,235,2,1,1.0,0.998046875,222,802,7,1131187,0.216796875,0.9694323144104804,0.35434956105347165,0.0007084874499663866,0.03056768558951965,4,9,2,5,0,233,2,2,2,1,0.37605441361665726,0.37605441361665726,0.37605441361665726,2.558018047362566,2.9340724609792233,,
Theia Case 3,drop-2,poi_only,coverage_semantic,1024,ok,1024,188,2,1,1.0,0.9990234375,5,1019,224,1130970,0.0048828125,0.021834061135371178,0.007980845969672785,0.0009001854258301096,0.9781659388646288,4,9,2,5,0,184,4,2,2,1,1.2187503650784492,1.2187503650784492,1.2187503650784492,2.558018047362566,3.7767684124410152,,
Theia Case 3,drop-2,poi_only,coverage_no_frequency,1024,ok,1024,154,2,1,1.0,1.0,222,802,7,1131187,0.216796875,0.9694323144104804,0.35434956105347165,0.0007084874499663866,0.03056768558951965,4,9,2,5,0,154,0,2,2,1,1.2217186242341995,1.2217186242341995,1.2217186242341995,0.6751808039844036,1.8968994282186031,,
Theia Case 3,drop-2,shared_context,diffusion_top,1024,ok,1024,282,86,1,1.0,0.9931640625,222,802,7,1131187,0.216796875,0.9694323144104804,0.35434956105347165,0.0007084874499663866,0.03056768558951965,4,9,2,5,0,217,65,2,2,1,0.22885027155280113,0.22885027155280113,0.22885027155280113,2.558018047362566,2.786868318915367,,
Theia Case 3,drop-2,shared_context,episode,1024,ok,1024,235,86,1,1.0,0.998046875,222,802,7,1131187,0.216796875,0.9694323144104804,0.35434956105347165,0.0007084874499663866,0.03056768558951965,4,9,2,5,0,233,2,2,2,1,0.3753223605453968,0.3753223605453968,0.3753223605453968,2.558018047362566,2.933340407907963,,
Theia Case 3,drop-2,shared_context,coverage_semantic,1024,ok,1024,184,86,1,1.0,0.9990234375,84,940,145,1131049,0.08203125,0.36681222707423583,0.1340782122905028,0.0008303967618059892,0.6331877729257642,4,9,2,5,0,180,4,2,2,1,1.2214745171368122,1.2214745171368122,1.2214745171368122,2.558018047362566,3.779492564499378,,
Theia Case 3,drop-2,shared_context,coverage_no_frequency,1024,ok,1024,164,86,1,1.0,1.0,84,940,145,1131049,0.08203125,0.36681222707423583,0.1340782122905028,0.0008303967618059892,0.6331877729257642,4,9,2,5,0,163,1,2,2,1,1.2259539552032948,1.2259539552032948,1.2259539552032948,0.6751808039844036,1.9011347591876984,,
Theia Case 5,all,poi_only,old_score_top,64,ok,64,49,1,1,1.0,1.0,1,63,30,137668,0.015625,0.03225806451612903,0.021052631578947368,0.00045741336373075054,0.967741935483871,1,8,1,6,0,44,5,0,1,1,0.019369959831237793,0.019369959831237793,0.019369959831237793,,,,
Theia Case 5,all,poi_only,old_score_top,256,ok,256,98,1,1,1.0,1.0,1,255,30,137476,0.00390625,0.03225806451612903,0.006968641114982578,0.0018514350436720855,0.967741935483871,1,8,1,6,0,94,4,0,1,1,0.018665917217731476,0.018665917217731476,0.018665917217731476,,,,
Theia Case 5,all,poi_only,old_score_top,1024,ok,1024,358,1,1,1.0,0.8095703125,2,1022,29,136709,0.001953125,0.06451612903225806,0.0037914691943127963,0.007420261233854398,0.9354838709677419,2,8,1,6,0,346,12,0,1,3,0.018694967031478882,0.01868942752480507,0.029038727283477783,,,,
Theia Case 5,all,poi_only,old_score_top,4096,ok,4096,3430,1,1,1.0,0.95166015625,5,4091,26,133640,0.001220703125,0.16129032258064516,0.00242306760358614,0.029702826524166673,0.8387096774193549,5,8,4,6,0,3418,12,0,1,1,0.018723156303167343,0.018723156303167343,0.018723156303167343,,,,
Theia Case 5,all,poi_only,rarity_top,64,ok,64,64,1,6,0.890625,0.609375,2,62,29,137669,0.03125,0.06451612903225806,0.042105263157894736,0.00045015283414772273,0.9354838709677419,2,8,2,6,0,63,1,0,1,1,0.018903609365224838,0.018903609365224838,0.018903609365224838,,,,
Theia Case 5,all,poi_only,rarity_top,256,ok,256,256,1,6,0.97265625,0.90234375,2,254,29,137477,0.0078125,0.06451612903225806,0.013937282229965157,0.0018441745140890576,0.9354838709677419,2,8,2,6,0,255,1,0,1,1,0.018901970237493515,0.018901970237493515,0.018901970237493515,,,,
Theia Case 5,all,poi_only,rarity_top,1024,ok,1024,1024,1,6,0.9931640625,0.9755859375,2,1022,29,136709,0.001953125,0.06451612903225806,0.0037914691943127963,0.007420261233854398,0.9354838709677419,2,8,2,6,0,1023,1,0,1,3,0.018787983804941177,0.018721897155046463,0.01903621479868889,,,,
Theia Case 5,all,poi_only,rarity_top,4096,ok,4096,4096,1,6,0.998291015625,0.993896484375,2,4094,29,133637,0.00048828125,0.06451612903225806,0.000969227041434456,0.029724608112915756,0.9354838709677419,2,8,2,6,0,4095,1,0,1,1,0.019025929272174835,0.019025929272174835,0.019025929272174835,,,,
Theia Case 5,all,poi_only,diffusion_top,64,ok,64,20,1,1,1.0,1.0,24,40,7,137691,0.375,0.7741935483870968,0.5052631578947369,0.00029042118332111145,0.22580645161290322,1,8,1,6,0,18,2,1,1,1,0.01890871301293373,0.01890871301293373,0.01890871301293373,1.2793910130858421,1.2982997260987759,,
Theia Case 5,all,poi_only,diffusion_top,256,ok,256,101,1,1,1.0,1.0,25,231,6,137500,0.09765625,0.8064516129032258,0.17421602787456447,0.0016771823336794187,0.1935483870967742,2,8,2,6,0,101,0,1,1,1,0.018713902682065964,0.018713902682065964,0.018713902682065964,1.2793910130858421,1.298104915767908,,
Theia Case 5,all,poi_only,diffusion_top,1024,ok,1024,292,1,1,1.0,0.9677734375,28,996,3,136735,0.02734375,0.9032258064516129,0.05308056872037915,0.007231487464695675,0.0967741935483871,5,8,4,6,0,289,3,1,1,3,0.01867217943072319,0.018604185432195663,0.018703531473875046,1.2793910130858421,1.2980631925165653,,
Theia Case 5,all,poi_only,diffusion_top,4096,ok,4096,3138,1,1,1.0,0.887939453125,30,4066,1,133665,0.00732421875,0.967741935483871,0.01453840562151684,0.02952131328459098,0.03225806451612903,7,8,5,6,0,3138,0,1,1,1,0.018656078726053238,0.018656078726053238,0.018656078726053238,1.2793910130858421,1.2980470918118954,,
Theia Case 5,all,poi_only,localdegree_top,64,ok,64,63,1,8,0.015625,0.015625,1,63,30,137668,0.015625,0.03225806451612903,0.021052631578947368,0.00045741336373075054,0.967741935483871,1,8,1,6,0,57,6,0,1,1,0.014230888336896896,0.014230888336896896,0.014230888336896896,2.2669174633920193,2.281148351728916,,
Theia Case 5,all,poi_only,localdegree_top,256,ok,256,252,1,9,0.0078125,0.0078125,1,255,30,137476,0.00390625,0.03225806451612903,0.006968641114982578,0.0018514350436720855,0.967741935483871,1,8,1,6,0,236,16,0,1,1,0.014130234718322754,0.014130234718322754,0.014130234718322754,2.2669174633920193,2.281047698110342,,
Theia Case 5,all,poi_only,localdegree_top,1024,ok,1024,1003,1,11,0.00390625,0.00390625,2,1022,29,136709,0.001953125,0.06451612903225806,0.0037914691943127963,0.007420261233854398,0.9354838709677419,1,8,1,6,0,964,39,0,1,3,0.014144714921712875,0.014131270349025726,0.014191929250955582,2.2669174633920193,2.281062178313732,,
Theia Case 5,all,poi_only,localdegree_top,4096,ok,4096,3974,1,15,0.001953125,0.001953125,2,4094,29,133637,0.00048828125,0.06451612903225806,0.000969227041434456,0.029724608112915756,0.9354838709677419,1,8,1,6,0,3876,98,0,1,1,0.014135953038930893,0.014135953038930893,0.014135953038930893,2.2669174633920193,2.28105341643095,,
Theia Case 5,all,poi_only,episode,64,ok,64,27,1,1,1.0,1.0,24,40,7,137691,0.375,0.7741935483870968,0.5052631578947369,0.00029042118332111145,0.22580645161290322,1,8,1,6,0,25,2,1,1,1,0.09715485945343971,0.09715485945343971,0.09715485945343971,1.2793910130858421,1.3765458725392818,,
Theia Case 5,all,poi_only,episode,256,ok,256,101,1,1,1.0,1.0,25,231,6,137500,0.09765625,0.8064516129032258,0.17421602787456447,0.0016771823336794187,0.1935483870967742,2,8,2,6,0,100,1,1,1,1,0.09557924047112465,0.09557924047112465,0.09557924047112465,1.2793910130858421,1.3749702535569668,,
Theia Case 5,all,poi_only,episode,1024,ok,1024,265,1,1,1.0,0.998046875,26,998,5,136733,0.025390625,0.8387096774193549,0.04928909952606635,0.007246008523861731,0.16129032258064516,3,8,2,6,0,264,1,1,1,3,0.09611903131008148,0.09543566405773163,0.09915801510214806,1.2793910130858421,1.3755100443959236,,
Theia Case 5,all,poi_only,episode,4096,ok,4096,3191,1,1,1.0,0.998779296875,28,4068,3,133663,0.0068359375,0.9032258064516129,0.013569178580082384,0.029535834343757034,0.0967741935483871,5,8,3,6,0,3191,0,1,1,1,0.11355279758572578,0.11355279758572578,0.11355279758572578,1.2793910130858421,1.392943810671568,,
Theia Case 5,all,poi_only,coverage_exact,64,ok,64,32,1,1,1.0,1.0,24,40,7,137691,0.375,0.7741935483870968,0.5052631578947369,0.00029042118332111145,0.22580645161290322,1,8,1,6,0,31,1,1,1,1,0.5525223538279533,0.5525223538279533,0.5525223538279533,1.2793910130858421,1.8319133669137955,,
Theia Case 5,all,poi_only,coverage_exact,256,ok,256,177,1,1,1.0,1.0,25,231,6,137500,0.09765625,0.8064516129032258,0.17421602787456447,0.0016771823336794187,0.1935483870967742,2,8,2,6,0,175,2,1,1,1,0.5601990520954132,0.5601990520954132,0.5601990520954132,1.2793910130858421,1.8395900651812553,,
Theia Case 5,all,poi_only,coverage_exact,1024,ok,1024,456,1,1,1.0,0.9951171875,28,996,3,136735,0.02734375,0.9032258064516129,0.05308056872037915,0.007231487464695675,0.0967741935483871,5,8,3,6,0,451,5,1,1,3,0.5646025948226452,0.5604942962527275,0.5674324072897434,1.2793910130858421,1.8439936079084873,,
Theia Case 5,all,poi_only,coverage_exact,4096,ok,4096,3528,1,1,1.0,0.998779296875,28,4068,3,133663,0.0068359375,0.9032258064516129,0.013569178580082384,0.029535834343757034,0.0967741935483871,5,8,3,6,0,3523,5,1,1,1,0.6001766733825207,0.6001766733825207,0.6001766733825207,1.2793910130858421,1.8795676864683628,,
Theia Case 5,all,poi_only,coverage_semantic,64,ok,64,30,1,1,1.0,1.0,24,40,7,137691,0.375,0.7741935483870968,0.5052631578947369,0.00029042118332111145,0.22580645161290322,1,8,1,6,0,29,1,1,1,1,0.6492506302893162,0.6492506302893162,0.6492506302893162,1.2793910130858421,1.9286416433751583,,
Theia Case 5,all,poi_only,coverage_semantic,256,ok,256,178,1,1,1.0,1.0,25,231,6,137500,0.09765625,0.8064516129032258,0.17421602787456447,0.0016771823336794187,0.1935483870967742,2,8,2,6,0,176,2,1,1,1,0.6442360319197178,0.6442360319197178,0.6442360319197178,1.2793910130858421,1.92362704500556,,
Theia Case 5,all,poi_only,coverage_semantic,1024,ok,1024,456,1,1,1.0,0.9951171875,28,996,3,136735,0.02734375,0.9032258064516129,0.05308056872037915,0.007231487464695675,0.0967741935483871,5,8,3,6,0,451,5,1,1,3,0.6534261591732502,0.6450540572404861,0.655277144163847,1.2793910130858421,1.9328171722590923,,
Theia Case 5,all,poi_only,coverage_semantic,4096,ok,4096,3528,1,1,1.0,0.998779296875,28,4068,3,133663,0.0068359375,0.9032258064516129,0.013569178580082384,0.029535834343757034,0.0967741935483871,5,8,3,6,0,3523,5,1,1,1,0.7006022483110428,0.7006022483110428,0.7006022483110428,1.2793910130858421,1.979993261396885,,
Theia Case 5,all,poi_only,coverage_no_frequency,64,ok,64,10,1,1,1.0,1.0,24,40,7,137691,0.375,0.7741935483870968,0.5052631578947369,0.00029042118332111145,0.22580645161290322,1,8,1,6,0,10,0,1,1,1,0.6523104161024094,0.6523104161024094,0.6523104161024094,0.6451217941939831,1.2974322102963924,,
Theia Case 5,all,poi_only,coverage_no_frequency,256,ok,256,155,1,1,1.0,1.0,25,231,6,137500,0.09765625,0.8064516129032258,0.17421602787456447,0.0016771823336794187,0.1935483870967742,2,8,2,6,0,154,1,1,1,1,0.6497094258666039,0.6497094258666039,0.6497094258666039,0.6451217941939831,1.294831220060587,,
Theia Case 5,all,poi_only,coverage_no_frequency,1024,ok,1024,546,1,1,1.0,0.998046875,26,998,5,136733,0.025390625,0.8387096774193549,0.04928909952606635,0.007246008523861731,0.16129032258064516,3,8,2,6,0,543,3,1,1,3,0.6476402580738068,0.6473119296133518,0.6594346761703491,0.6451217941939831,1.2927620522677898,,
Theia Case 5,all,poi_only,coverage_no_frequency,4096,ok,4096,3618,1,1,1.0,0.99951171875,26,4070,5,133661,0.00634765625,0.8387096774193549,0.012599951538647928,0.029550355402923088,0.16129032258064516,3,8,2,6,0,3615,3,1,1,1,0.6987006589770317,0.6987006589770317,0.6987006589770317,0.6451217941939831,1.3438224531710148,,
Theia Case 5,all,poi_only,pcst_native,64,ok,1,1,1,1,1.0,1.0,1,0,30,137731,1.0,0.03225806451612903,0.0625,0.0,0.967741935483871,1,8,1,6,0,0,1,0,1,1,0.0014987587928771973,0.0014987587928771973,0.0014987587928771973,2.2200481072068214,2.2215468659996986,1.0,0.0
Theia Case 5,all,poi_only,pcst_native,256,ok,209,174,1,1,1.0,0.9904306220095693,2,207,29,137524,0.009569377990430622,0.06451612903225806,0.016666666666666666,0.0015029296236867516,0.9354838709677419,2,8,2,6,0,173,1,0,1,1,0.001629795879125595,0.001629795879125595,0.001629795879125595,2.2200481072068214,2.221677903085947,0.1,66.6722963221184
Theia Case 5,all,poi_only,pcst_native,1024,ok,925,271,1,1,1.0,0.9621621621621622,27,898,4,136833,0.02918918918918919,0.8709677419354839,0.056485355648535567,0.006519955565558952,0.12903225806451613,4,8,3,6,0,271,0,1,1,1,0.0024733394384384155,0.0024733394384384155,0.0024733394384384155,2.2200481072068214,2.22252144664526,1e-06,77.39345714837839
Theia Case 5,all,poi_only,pcst_native,4096,ok,925,271,1,1,1.0,0.9621621621621622,27,898,4,136833,0.02918918918918919,0.8709677419354839,0.056485355648535567,0.006519955565558952,0.12903225806451613,4,8,3,6,0,271,0,1,1,1,0.0024594776332378387,0.0024594776332378387,0.0024594776332378387,2.2200481072068214,2.2225075848400593,1e-06,77.39345714837839
Theia Case 5,all,poi_only,random_0,64,ok,64,64,1,5,0.015625,0.015625,1,63,30,137668,0.015625,0.03225806451612903,0.021052631578947368,0.00045741336373075054,0.967741935483871,1,8,1,6,0,61,3,0,1,1,0.02963222563266754,0.02963222563266754,0.02963222563266754,,,,
Theia Case 5,all,poi_only,random_0,256,ok,256,256,1,8,0.0078125,0.00390625,1,255,30,137476,0.00390625,0.03225806451612903,0.006968641114982578,0.0018514350436720855,0.967741935483871,1,8,1,6,0,242,14,0,1,1,0.029038619250059128,0.029038619250059128,0.029038619250059128,,,,
Theia Case 5,all,poi_only,random_0,1024,ok,1024,996,1,9,0.900390625,0.0068359375,1,1023,30,136708,0.0009765625,0.03225806451612903,0.0018957345971563982,0.0074275217634374256,0.967741935483871,1,8,1,6,0,955,41,0,1,1,0.028935838490724564,0.028935838490724564,0.028935838490724564,,,,
Theia Case 5,all,poi_only,random_0,4096,ok,4096,3928,1,15,0.895751953125,0.007568359375,4,4092,27,133639,0.0009765625,0.12903225806451613,0.001938454082868912,0.029710087053749702,0.8709677419354839,1,8,1,6,0,3807,121,0,1,1,0.0288926400244236,0.0288926400244236,0.0288926400244236,,,,
Theia Case 5,all,poi_only,random_1,64,ok,64,64,1,5,0.015625,0.015625,1,63,30,137668,0.015625,0.03225806451612903,0.021052631578947368,0.00045741336373075054,0.967741935483871,1,8,1,6,0,62,2,0,1,1,0.02940463274717331,0.02940463274717331,0.02940463274717331,,,,
Theia Case 5,all,poi_only,random_1,256,ok,256,254,1,11,0.01171875,0.01171875,1,255,30,137476,0.00390625,0.03225806451612903,0.006968641114982578,0.0018514350436720855,0.967741935483871,1,8,1,6,0,236,18,0,1,1,0.029445555061101913,0.029445555061101913,0.029445555061101913,,,,
Theia Case 5,all,poi_only,random_1,1024,ok,1024,995,1,13,0.0048828125,0.0048828125,1,1023,30,136708,0.0009765625,0.03225806451612903,0.0018957345971563982,0.0074275217634374256,0.967741935483871,1,8,1,6,0,954,41,0,1,1,0.029075898230075836,0.029075898230075836,0.029075898230075836,,,,
Theia Case 5,all,poi_only,random_1,4096,ok,4096,3930,1,17,0.00537109375,0.005126953125,2,4094,29,133637,0.00048828125,0.06451612903225806,0.000969227041434456,0.029724608112915756,0.9354838709677419,1,8,1,6,0,3816,114,0,1,1,0.029050037264823914,0.029050037264823914,0.029050037264823914,,,,
Theia Case 5,all,poi_only,random_2,64,ok,64,64,1,5,0.015625,0.015625,1,63,30,137668,0.015625,0.03225806451612903,0.021052631578947368,0.00045741336373075054,0.967741935483871,1,8,1,6,0,57,7,0,1,1,0.03213705122470856,0.03213705122470856,0.03213705122470856,,,,
Theia Case 5,all,poi_only,random_2,256,ok,256,254,1,9,0.00390625,0.00390625,1,255,30,137476,0.00390625,0.03225806451612903,0.006968641114982578,0.0018514350436720855,0.967741935483871,1,8,1,6,0,235,19,0,1,1,0.029090512543916702,0.029090512543916702,0.029090512543916702,,,,
Theia Case 5,all,poi_only,random_2,1024,ok,1024,995,1,16,0.8876953125,0.0009765625,1,1023,30,136708,0.0009765625,0.03225806451612903,0.0018957345971563982,0.0074275217634374256,0.967741935483871,1,8,1,6,0,939,56,0,1,1,0.02892439439892769,0.02892439439892769,0.02892439439892769,,,,
Theia Case 5,all,poi_only,random_2,4096,ok,4096,3914,1,19,0.892822265625,0.005615234375,3,4093,28,133638,0.000732421875,0.0967741935483871,0.001453840562151684,0.029717347583332727,0.9032258064516129,1,8,1,6,0,3776,138,0,1,1,0.028908833861351013,0.028908833861351013,0.028908833861351013,,,,
Theia Case 5,all,poi_only,random_3,64,ok,64,64,1,6,0.03125,0.03125,1,63,30,137668,0.015625,0.03225806451612903,0.021052631578947368,0.00045741336373075054,0.967741935483871,1,8,1,6,0,56,8,0,1,1,0.029008228331804276,0.029008228331804276,0.029008228331804276,,,,
Theia Case 5,all,poi_only,random_3,256,ok,256,251,1,11,0.015625,0.0078125,1,255,30,137476,0.00390625,0.03225806451612903,0.006968641114982578,0.0018514350436720855,0.967741935483871,1,8,1,6,0,233,18,0,1,1,0.02919299528002739,0.02919299528002739,0.02919299528002739,,,,
Theia Case 5,all,poi_only,random_3,1024,ok,1024,989,1,14,0.0048828125,0.001953125,1,1023,30,136708,0.0009765625,0.03225806451612903,0.0018957345971563982,0.0074275217634374256,0.967741935483871,1,8,1,6,0,950,39,0,1,1,0.029389161616563797,0.029389161616563797,0.029389161616563797,,,,
Theia Case 5,all,poi_only,random_3,4096,ok,4096,3942,1,16,0.892822265625,0.003173828125,1,4095,30,133636,0.000244140625,0.03225806451612903,0.000484613520717228,0.029731868642498785,0.967741935483871,1,8,1,6,0,3816,126,0,1,1,0.029323987662792206,0.029323987662792206,0.029323987662792206,,,,
Theia Case 5,all,poi_only,random_4,64,ok,64,63,1,5,0.015625,0.015625,1,63,30,137668,0.015625,0.03225806451612903,0.021052631578947368,0.00045741336373075054,0.967741935483871,1,8,1,6,0,59,4,0,1,1,0.02932671085000038,0.02932671085000038,0.02932671085000038,,,,
Theia Case 5,all,poi_only,random_4,256,ok,256,249,1,8,0.01171875,0.0078125,1,255,30,137476,0.00390625,0.03225806451612903,0.006968641114982578,0.0018514350436720855,0.967741935483871,1,8,1,6,0,235,14,0,1,1,0.029499929398298264,0.029499929398298264,0.029499929398298264,,,,
Theia Case 5,all,poi_only,random_4,1024,ok,1024,994,1,16,0.009765625,0.009765625,1,1023,30,136708,0.0009765625,0.03225806451612903,0.0018957345971563982,0.0074275217634374256,0.967741935483871,1,8,1,6,0,949,45,0,1,1,0.029475703835487366,0.029475703835487366,0.029475703835487366,,,,
Theia Case 5,all,poi_only,random_4,4096,ok,4096,3921,1,19,0.0107421875,0.007568359375,2,4094,29,133637,0.00048828125,0.06451612903225806,0.000969227041434456,0.029724608112915756,0.9354838709677419,1,8,1,6,0,3781,140,0,1,1,0.029455188661813736,0.029455188661813736,0.029455188661813736,,,,
Theia Case 5,all,shared_context,old_score_top,64,infeasible_mandatory,,,114,,,,,,,,,,,,,,,,,,,,,,,,,,,,,
Theia Case 5,all,shared_context,old_score_top,256,ok,256,83,114,1,1.0,0.9921875,31,225,0,137506,0.12109375,1.0,0.21602787456445993,0.001633619156181252,0.0,8,8,6,6,0,83,0,1,1,1,0.01883654296398163,0.01883654296398163,0.01883654296398163,,,,
Theia Case 5,all,shared_context,old_score_top,1024,ok,1024,336,114,1,1.0,0.828125,31,993,0,136738,0.0302734375,1.0,0.058767772511848344,0.007209705875946592,0.0,8,8,6,6,0,325,11,1,1,3,0.018431391566991806,0.018407344818115234,0.01855909824371338,,,,
Theia Case 5,all,shared_context,old_score_top,4096,ok,4096,3407,114,1,1.0,0.95166015625,31,4065,0,133666,0.007568359375,1.0,0.015023019142234069,0.02951405275500795,0.0,8,8,6,6,0,3396,11,1,1,1,0.018776461482048035,0.018776461482048035,0.018776461482048035,,,,
Theia Case 5,all,shared_context,rarity_top,64,infeasible_mandatory,,,114,,,,,,,,,,,,,,,,,,,,,,,,,,,,,
Theia Case 5,all,shared_context,rarity_top,256,ok,256,158,114,6,0.97265625,0.8984375,31,225,0,137506,0.12109375,1.0,0.21602787456445993,0.001633619156181252,0.0,8,8,6,6,0,158,0,1,1,1,0.018884558230638504,0.018884558230638504,0.018884558230638504,,,,
Theia Case 5,all,shared_context,rarity_top,1024,ok,1024,926,114,6,0.9931640625,0.974609375,31,993,0,136738,0.0302734375,1.0,0.058767772511848344,0.007209705875946592,0.0,8,8,6,6,0,926,0,1,1,3,0.018783874809741974,0.018754716962575912,0.018830556422472,,,,
Theia Case 5,all,shared_context,rarity_top,4096,ok,4096,3998,114,6,0.998291015625,0.99365234375,31,4065,0,133666,0.007568359375,1.0,0.015023019142234069,0.02951405275500795,0.0,8,8,6,6,0,3998,0,1,1,1,0.018915701657533646,0.018915701657533646,0.018915701657533646,,,,
Theia Case 5,all,shared_context,diffusion_top,64,infeasible_mandatory,,,114,,,,,,,,,,,,,,,,,,,,,,,,,,,,,
Theia Case 5,all,shared_context,diffusion_top,256,ok,256,102,114,1,1.0,0.9921875,31,225,0,137506,0.12109375,1.0,0.21602787456445993,0.001633619156181252,0.0,8,8,6,6,0,100,2,1,1,1,0.0187237411737442,0.0187237411737442,0.0187237411737442,1.2793910130858421,1.2981147542595863,,
Theia Case 5,all,shared_context,diffusion_top,1024,ok,1024,294,114,1,1.0,0.9677734375,31,993,0,136738,0.0302734375,1.0,0.058767772511848344,0.007209705875946592,0.0,8,8,6,6,0,292,2,1,1,3,0.01861143484711647,0.018582649528980255,0.01868787407875061,1.2793910130858421,1.2980024479329586,,
Theia Case 5,all,shared_context,diffusion_top,4096,ok,4096,3138,114,1,1.0,0.887939453125,31,4065,0,133666,0.007568359375,1.0,0.015023019142234069,0.02951405275500795,0.0,8,8,6,6,0,3138,0,1,1,1,0.019072815775871277,0.019072815775871277,0.019072815775871277,1.2793910130858421,1.2984638288617134,,
Theia Case 5,all,shared_context,localdegree_top,64,infeasible_mandatory,,,114,,,,,,,,,,,,,,,,,,,,,,,,,,,,,
Theia Case 5,all,shared_context,localdegree_top,256,ok,256,156,114,8,0.9453125,0.9375,31,225,0,137506,0.12109375,1.0,0.21602787456445993,0.001633619156181252,0.0,8,8,6,6,0,147,9,1,1,1,0.014226607978343964,0.014226607978343964,0.014226607978343964,2.2669174633920193,2.2811440713703632,,
Theia Case 5,all,shared_context,localdegree_top,1024,ok,1024,908,114,10,0.92578125,0.923828125,31,993,0,136738,0.0302734375,1.0,0.058767772511848344,0.007209705875946592,0.0,8,8,6,6,0,873,35,1,1,3,0.014183636754751205,0.014174893498420715,0.014196038246154785,2.2669174633920193,2.2811011001467705,,
Theia Case 5,all,shared_context,localdegree_top,4096,ok,4096,3880,114,14,0.9140625,0.913330078125,31,4065,0,133666,0.007568359375,1.0,0.015023019142234069,0.02951405275500795,0.0,8,8,6,6,0,3790,90,1,1,1,0.014324404299259186,0.014324404299259186,0.014324404299259186,2.2669174633920193,2.2812418676912785,,
Theia Case 5,all,shared_context,episode,64,infeasible_mandatory,,,114,,,,,,,,,,,,,,,,,,,,,,,,,,,,,
Theia Case 5,all,shared_context,episode,256,ok,256,100,114,1,1.0,0.9921875,31,225,0,137506,0.12109375,1.0,0.21602787456445993,0.001633619156181252,0.0,8,8,6,6,0,99,1,1,1,1,0.10115474462509155,0.10115474462509155,0.10115474462509155,1.2793910130858421,1.3805457577109337,,
Theia Case 5,all,shared_context,episode,1024,ok,1024,268,114,1,1.0,0.99609375,31,993,0,136738,0.0302734375,1.0,0.058767772511848344,0.007209705875946592,0.0,8,8,6,6,0,267,1,1,1,3,0.09951535984873772,0.0987403392791748,0.10295850783586502,1.2793910130858421,1.3789063729345798,,
Theia Case 5,all,shared_context,episode,4096,ok,4096,3191,114,1,1.0,0.998291015625,31,4065,0,133666,0.007568359375,1.0,0.015023019142234069,0.02951405275500795,0.0,8,8,6,6,0,3191,0,1,1,1,0.11752773076295853,0.11752773076295853,0.11752773076295853,1.2793910130858421,1.3969187438488007,,
Theia Case 5,all,shared_context,coverage_exact,64,infeasible_mandatory,,,114,,,,,,,,,,,,,,,,,,,,,,,,,,,,,
Theia Case 5,all,shared_context,coverage_exact,256,ok,256,122,114,1,1.0,0.9921875,31,225,0,137506,0.12109375,1.0,0.21602787456445993,0.001633619156181252,0.0,8,8,6,6,0,121,1,1,1,1,0.5705003440380096,0.5705003440380096,0.5705003440380096,1.2793910130858421,1.8498913571238518,,
Theia Case 5,all,shared_context,coverage_exact,1024,ok,1024,382,114,1,1.0,0.9931640625,31,993,0,136738,0.0302734375,1.0,0.058767772511848344,0.007209705875946592,0.0,8,8,6,6,0,378,4,1,1,3,0.5665471442043781,0.5635936185717583,0.5669703483581543,1.2793910130858421,1.8459381572902203,,
Theia Case 5,all,shared_context,coverage_exact,4096,ok,4096,3454,114,1,1.0,0.998291015625,31,4065,0,133666,0.007568359375,1.0,0.015023019142234069,0.02951405275500795,0.0,8,8,6,6,0,3450,4,1,1,1,0.6075218133628368,0.6075218133628368,0.6075218133628368,1.2793910130858421,1.886912826448679,,
Theia Case 5,all,shared_context,coverage_semantic,64,infeasible_mandatory,,,114,,,,,,,,,,,,,,,,,,,,,,,,,,,,,
Theia Case 5,all,shared_context,coverage_semantic,256,ok,256,121,114,1,1.0,0.9921875,31,225,0,137506,0.12109375,1.0,0.21602787456445993,0.001633619156181252,0.0,8,8,6,6,0,120,1,1,1,1,0.649159375578165,0.649159375578165,0.649159375578165,1.2793910130858421,1.9285503886640072,,
Theia Case 5,all,shared_context,coverage_semantic,1024,ok,1024,382,114,1,1.0,0.9931640625,31,993,0,136738,0.0302734375,1.0,0.058767772511848344,0.007209705875946592,0.0,8,8,6,6,0,378,4,1,1,3,0.6511922515928745,0.6447972729802132,0.6515368074178696,1.2793910130858421,1.9305832646787167,,
Theia Case 5,all,shared_context,coverage_semantic,4096,ok,4096,3454,114,1,1.0,0.998291015625,31,4065,0,133666,0.007568359375,1.0,0.015023019142234069,0.02951405275500795,0.0,8,8,6,6,0,3450,4,1,1,1,0.7024031952023506,0.7024031952023506,0.7024031952023506,1.2793910130858421,1.9817942082881927,,
Theia Case 5,all,shared_context,coverage_no_frequency,64,infeasible_mandatory,,,114,,,,,,,,,,,,,,,,,,,,,,,,,,,,,
Theia Case 5,all,shared_context,coverage_no_frequency,256,ok,256,121,114,1,1.0,0.9921875,31,225,0,137506,0.12109375,1.0,0.21602787456445993,0.001633619156181252,0.0,8,8,6,6,0,121,0,1,1,1,0.6494033597409725,0.6494033597409725,0.6494033597409725,0.6451217941939831,1.2945251539349556,,
Theia Case 5,all,shared_context,coverage_no_frequency,1024,ok,1024,501,114,1,1.0,0.99609375,31,993,0,136738,0.0302734375,1.0,0.058767772511848344,0.007209705875946592,0.0,8,8,6,6,0,498,3,1,1,3,0.6478164009749889,0.6468329764902592,0.6566668339073658,0.6451217941939831,1.292938195168972,,
Theia Case 5,all,shared_context,coverage_no_frequency,4096,ok,4096,3573,114,1,1.0,0.9990234375,31,4065,0,133666,0.007568359375,1.0,0.015023019142234069,0.02951405275500795,0.0,8,8,6,6,0,3570,3,1,1,1,0.7015857920050621,0.7015857920050621,0.7015857920050621,0.6451217941939831,1.3467075861990452,,
Theia Case 5,all,shared_context,pcst_native,64,infeasible_mandatory,,,114,,,,,,,,,,,,,,,,,,,,,,,,,,,,,
Theia Case 5,all,shared_context,pcst_native,256,ok,216,118,114,1,1.0,0.9907407407407407,31,185,0,137546,0.14351851851851852,1.0,0.25101214574898784,0.0013431979728601405,0.0,8,8,6,6,0,118,0,1,1,1,0.001542259007692337,0.001542259007692337,0.001542259007692337,2.2200481072068214,2.221590366214514,0.3,45.94221576443853
Theia Case 5,all,shared_context,pcst_native,1024,ok,929,275,114,1,1.0,0.961248654467169,31,898,0,136833,0.03336921420882669,1.0,0.06458333333333334,0.006519955565558952,0.0,8,8,6,6,0,275,0,1,1,1,0.002542153000831604,0.002542153000831604,0.002542153000831604,2.2200481072068214,2.222590260207653,1e-06,77.39345714837839
Theia Case 5,all,shared_context,pcst_native,4096,ok,929,275,114,1,1.0,0.961248654467169,31,898,0,136833,0.03336921420882669,1.0,0.06458333333333334,0.006519955565558952,0.0,8,8,6,6,0,275,0,1,1,1,0.0024711936712265015,0.0024711936712265015,0.0024711936712265015,2.2200481072068214,2.222519300878048,1e-06,77.39345714837839
Theia Case 5,all,shared_context,random_0,64,infeasible_mandatory,,,114,,,,,,,,,,,,,,,,,,,,,,,,,,,,,
Theia Case 5,all,shared_context,random_0,256,ok,256,158,114,7,0.9453125,0.9375,31,225,0,137506,0.12109375,1.0,0.21602787456445993,0.001633619156181252,0.0,8,8,6,6,0,149,9,1,1,1,0.02964283525943756,0.02964283525943756,0.02964283525943756,,,,
Theia Case 5,all,shared_context,random_0,1024,ok,1024,906,114,9,0.9130859375,0.91015625,31,993,0,136738,0.0302734375,1.0,0.058767772511848344,0.007209705875946592,0.0,8,8,6,6,0,870,36,1,1,1,0.02892528474330902,0.02892528474330902,0.02892528474330902,,,,
Theia Case 5,all,shared_context,random_0,4096,ok,4096,3843,114,13,0.90185546875,0.900390625,31,4065,0,133666,0.007568359375,1.0,0.015023019142234069,0.02951405275500795,0.0,8,8,6,6,0,3726,117,1,1,1,0.02898312732577324,0.02898312732577324,0.02898312732577324,,,,
Theia Case 5,all,shared_context,random_1,64,infeasible_mandatory,,,114,,,,,,,,,,,,,,,,,,,,,,,,,,,,,
Theia Case 5,all,shared_context,random_1,256,ok,256,158,114,7,0.9453125,0.9375,31,225,0,137506,0.12109375,1.0,0.21602787456445993,0.001633619156181252,0.0,8,8,6,6,0,150,8,1,1,1,0.029094960540533066,0.029094960540533066,0.029094960540533066,,,,
Theia Case 5,all,shared_context,random_1,1024,ok,1024,899,114,11,0.9091796875,0.90625,31,993,0,136738,0.0302734375,1.0,0.058767772511848344,0.007209705875946592,0.0,8,8,6,6,0,864,35,1,1,1,0.0288877934217453,0.0288877934217453,0.0288877934217453,,,,
Theia Case 5,all,shared_context,random_1,4096,ok,4096,3839,114,15,0.9033203125,0.900634765625,31,4065,0,133666,0.007568359375,1.0,0.015023019142234069,0.02951405275500795,0.0,8,8,6,6,0,3728,111,1,1,1,0.02902771160006523,0.02902771160006523,0.02902771160006523,,,,
Theia Case 5,all,shared_context,random_2,64,infeasible_mandatory,,,114,,,,,,,,,,,,,,,,,,,,,,,,,,,,,
Theia Case 5,all,shared_context,random_2,256,ok,256,158,114,6,0.94921875,0.94140625,31,225,0,137506,0.12109375,1.0,0.21602787456445993,0.001633619156181252,0.0,8,8,6,6,0,147,11,1,1,1,0.028958864510059357,0.028958864510059357,0.028958864510059357,,,,
Theia Case 5,all,shared_context,random_2,1024,ok,1024,899,114,14,0.8984375,0.8955078125,31,993,0,136738,0.0302734375,1.0,0.058767772511848344,0.007209705875946592,0.0,8,8,6,6,0,850,49,1,1,1,0.028945300728082657,0.028945300728082657,0.028945300728082657,,,,
Theia Case 5,all,shared_context,random_2,4096,ok,4096,3827,114,17,0.8974609375,0.89306640625,31,4065,0,133666,0.007568359375,1.0,0.015023019142234069,0.02951405275500795,0.0,8,8,6,6,0,3695,132,1,1,1,0.02898440882563591,0.02898440882563591,0.02898440882563591,,,,
Theia Case 5,all,shared_context,random_3,64,infeasible_mandatory,,,114,,,,,,,,,,,,,,,,,,,,,,,,,,,,,
Theia Case 5,all,shared_context,random_3,256,ok,256,158,114,7,0.9296875,0.921875,31,225,0,137506,0.12109375,1.0,0.21602787456445993,0.001633619156181252,0.0,8,8,6,6,0,144,14,1,1,1,0.029501229524612427,0.029501229524612427,0.029501229524612427,,,,
Theia Case 5,all,shared_context,random_3,1024,ok,1024,897,114,12,0.90234375,0.8974609375,31,993,0,136738,0.0302734375,1.0,0.058767772511848344,0.007209705875946592,0.0,8,8,6,6,0,863,34,1,1,1,0.029139593243598938,0.029139593243598938,0.029139593243598938,,,,
Theia Case 5,all,shared_context,random_3,4096,ok,4096,3848,114,16,0.8984375,0.896484375,31,4065,0,133666,0.007568359375,1.0,0.015023019142234069,0.02951405275500795,0.0,8,8,6,6,0,3729,119,1,1,1,0.02931765466928482,0.02931765466928482,0.02931765466928482,,,,
Theia Case 5,all,shared_context,random_4,64,infeasible_mandatory,,,114,,,,,,,,,,,,,,,,,,,,,,,,,,,,,
Theia Case 5,all,shared_context,random_4,256,ok,256,154,114,5,0.9453125,0.9375,31,225,0,137506,0.12109375,1.0,0.21602787456445993,0.001633619156181252,0.0,8,8,6,6,0,147,7,1,1,1,0.029095489531755447,0.029095489531755447,0.029095489531755447,,,,
Theia Case 5,all,shared_context,random_4,1024,ok,1024,899,114,13,0.9052734375,0.90234375,31,993,0,136738,0.0302734375,1.0,0.058767772511848344,0.007209705875946592,0.0,8,8,6,6,0,859,40,1,1,1,0.028873804956674576,0.028873804956674576,0.028873804956674576,,,,
Theia Case 5,all,shared_context,random_4,4096,ok,4096,3835,114,16,0.89453125,0.8896484375,31,4065,0,133666,0.007568359375,1.0,0.015023019142234069,0.02951405275500795,0.0,8,8,6,6,0,3699,136,1,1,1,0.02915288507938385,0.02915288507938385,0.02915288507938385,,,,
