case,scenario,track,method,raw_cap,status,raw_events,episodes,mandatory_events,components,poi_component_fraction,temporal_fork_fraction,proxy_tp,proxy_fp,proxy_fn,proxy_tn,proxy_precision,proxy_recall,proxy_f1,proxy_fpr,proxy_fnr,groups_hit,groups_total,stages_hit,stages_total,selected_uncertain,complete_episodes,partial_episodes,complete_poi_episodes,poi_episodes,timing_samples,selection_seconds_median,selection_seconds_min,selection_seconds_max,shared_kernel_seconds,kernel_plus_selection_seconds,pcst_multiplier,pcst_prize
Five Dir Case 1,all,poi_only,old_score_top,64,ok,64,25,1,1,1.0,1.0,1,63,37,466156,0.015625,0.02631578947368421,0.0196078431372549,0.00013512962792164198,0.9736842105263158,1,9,1,3,0,24,1,0,1,1,0.07701815664768219,0.07701815664768219,0.07701815664768219,,,,
Five Dir Case 1,all,poi_only,old_score_top,256,ok,256,73,1,1,1.0,1.0,12,244,26,465975,0.046875,0.3157894736842105,0.08163265306122448,0.0005233591938552483,0.6842105263157895,2,9,1,3,0,54,19,0,1,1,0.0701899342238903,0.0701899342238903,0.0701899342238903,,,,
Five Dir Case 1,all,poi_only,old_score_top,1024,ok,1024,309,1,1,1.0,1.0,12,1012,26,465207,0.01171875,0.3157894736842105,0.022598870056497175,0.0021706537056619315,0.6842105263157895,2,9,1,3,0,274,35,0,1,3,0.06931772083044052,0.06920952722430229,0.07012211158871651,,,,
Five Dir Case 1,all,poi_only,old_score_top,4096,ok,4096,1418,1,1,1.0,1.0,12,4084,26,462135,0.0029296875,0.3157894736842105,0.005805515239477504,0.008759831752888664,0.6842105263157895,2,9,1,3,0,1353,65,0,1,1,0.06929054856300354,0.06929054856300354,0.06929054856300354,,,,
Five Dir Case 1,all,poi_only,rarity_top,64,ok,64,26,1,10,0.015625,0.015625,1,63,37,466156,0.015625,0.02631578947368421,0.0196078431372549,0.00013512962792164198,0.9736842105263158,1,9,1,3,0,22,4,0,1,1,0.08493275567889214,0.08493275567889214,0.08493275567889214,,,,
Five Dir Case 1,all,poi_only,rarity_top,256,ok,256,210,1,45,0.00390625,0.00390625,3,253,35,465966,0.01171875,0.07894736842105263,0.02040816326530612,0.0005426634264154829,0.9210526315789473,3,9,3,3,0,207,3,0,1,1,0.08629310876131058,0.08629310876131058,0.08629310876131058,,,,
Five Dir Case 1,all,poi_only,rarity_top,1024,ok,1024,704,1,44,0.0146484375,0.0087890625,3,1021,35,465198,0.0029296875,0.07894736842105263,0.005649717514124294,0.002189957938222166,0.9210526315789473,3,9,3,3,0,687,17,0,1,3,0.08431538939476013,0.08345699310302734,0.08478251099586487,,,,
Five Dir Case 1,all,poi_only,rarity_top,4096,ok,4096,3332,1,66,0.800537109375,0.1162109375,4,4092,34,462127,0.0009765625,0.10526315789473684,0.0019351717464925011,0.008776991070719983,0.8947368421052632,4,9,3,3,0,3331,1,0,1,1,0.08294321969151497,0.08294321969151497,0.08294321969151497,,,,
Five Dir Case 1,all,poi_only,diffusion_top,64,ok,64,25,1,1,1.0,0.984375,18,46,20,466173,0.28125,0.47368421052631576,0.35294117647058826,9.866607753008778e-05,0.5263157894736842,2,9,1,3,0,19,6,1,1,1,0.09807868301868439,0.09807868301868439,0.09807868301868439,0.9488874860107899,1.0469661690294743,,
Five Dir Case 1,all,poi_only,diffusion_top,256,ok,256,76,1,1,1.0,0.9453125,18,238,20,465981,0.0703125,0.47368421052631576,0.12244897959183673,0.0005104897054817586,0.5263157894736842,2,9,1,3,0,67,9,1,1,1,0.09942297637462616,0.09942297637462616,0.09942297637462616,0.9488874860107899,1.048310462385416,,
Five Dir Case 1,all,poi_only,diffusion_top,1024,ok,1024,745,1,1,1.0,0.9580078125,18,1006,20,465213,0.017578125,0.47368421052631576,0.03389830508474576,0.002157784217288442,0.5263157894736842,2,9,1,3,0,739,6,1,1,3,0.09775052964687347,0.0970931276679039,0.10258828848600388,0.9488874860107899,1.0466380156576633,,
Five Dir Case 1,all,poi_only,diffusion_top,4096,ok,4096,1637,1,1,1.0,0.916259765625,18,4078,20,462141,0.00439453125,0.47368421052631576,0.008708272859216255,0.008746962264515174,0.5263157894736842,2,9,1,3,0,1635,2,1,1,1,0.09920350089669228,0.09920350089669228,0.09920350089669228,0.9488874860107899,1.0480909869074821,,
Five Dir Case 1,all,poi_only,localdegree_top,64,ok,64,64,1,28,0.015625,0.015625,1,63,37,466156,0.015625,0.02631578947368421,0.0196078431372549,0.00013512962792164198,0.9736842105263158,1,9,1,3,0,17,47,0,1,1,0.08931217342615128,0.08931217342615128,0.08931217342615128,2.0070230327546597,2.096335206180811,,
Five Dir Case 1,all,poi_only,localdegree_top,256,ok,256,246,1,71,0.0078125,0.0078125,1,255,37,465964,0.00390625,0.02631578947368421,0.006802721088435374,0.0005469532558733128,0.9736842105263158,1,9,1,3,0,67,179,0,1,1,0.08512049913406372,0.08512049913406372,0.08512049913406372,2.0070230327546597,2.0921435318887234,,
Five Dir Case 1,all,poi_only,localdegree_top,1024,ok,1024,892,1,152,0.0126953125,0.01171875,1,1023,37,465196,0.0009765625,0.02631578947368421,0.0018832391713747645,0.002194247767679996,0.9736842105263158,1,9,1,3,0,247,645,0,1,3,0.08538881316781044,0.08401815220713615,0.08777257055044174,2.0070230327546597,2.09241184592247,,
Five Dir Case 1,all,poi_only,localdegree_top,4096,ok,4096,3101,1,251,0.00830078125,0.007080078125,1,4095,37,462124,0.000244140625,0.02631578947368421,0.0004837929366231253,0.008783425814906728,0.9736842105263158,1,9,1,3,0,949,2152,0,1,1,0.08674350008368492,0.08674350008368492,0.08674350008368492,2.0070230327546597,2.0937665328383446,,
Five Dir Case 1,all,poi_only,episode,64,ok,64,29,1,1,1.0,1.0,18,46,20,466173,0.28125,0.47368421052631576,0.35294117647058826,9.866607753008778e-05,0.5263157894736842,2,9,1,3,0,28,1,1,1,1,0.19362632185220718,0.19362632185220718,0.19362632185220718,0.9488874860107899,1.142513807862997,,
Five Dir Case 1,all,poi_only,episode,256,ok,256,80,1,1,1.0,1.0,18,238,20,465981,0.0703125,0.47368421052631576,0.12244897959183673,0.0005104897054817586,0.5263157894736842,2,9,1,3,0,76,4,1,1,1,0.19625208526849747,0.19625208526849747,0.19625208526849747,0.9488874860107899,1.1451395712792873,,
Five Dir Case 1,all,poi_only,episode,1024,ok,1024,743,1,1,1.0,1.0,18,1006,20,465213,0.017578125,0.47368421052631576,0.03389830508474576,0.002157784217288442,0.5263157894736842,2,9,1,3,0,736,7,1,1,3,0.19803833961486816,0.19780070334672928,0.20027250424027443,0.9488874860107899,1.146925825625658,,
Five Dir Case 1,all,poi_only,episode,4096,ok,4096,1661,1,1,1.0,1.0,18,4078,20,462141,0.00439453125,0.47368421052631576,0.008708272859216255,0.008746962264515174,0.5263157894736842,2,9,1,3,0,1650,11,1,1,1,0.2031436748802662,0.2031436748802662,0.2031436748802662,0.9488874860107899,1.152031160891056,,
Five Dir Case 1,all,poi_only,coverage_exact,64,ok,64,29,1,1,1.0,1.0,18,46,20,466173,0.28125,0.47368421052631576,0.35294117647058826,9.866607753008778e-05,0.5263157894736842,2,9,1,3,0,28,1,1,1,1,0.6558986753225327,0.6558986753225327,0.6558986753225327,0.9488874860107899,1.6047861613333225,,
Five Dir Case 1,all,poi_only,coverage_exact,256,ok,256,80,1,1,1.0,1.0,18,238,20,465981,0.0703125,0.47368421052631576,0.12244897959183673,0.0005104897054817586,0.5263157894736842,2,9,1,3,0,76,4,1,1,1,0.6548893451690674,0.6548893451690674,0.6548893451690674,0.9488874860107899,1.6037768311798573,,
Five Dir Case 1,all,poi_only,coverage_exact,1024,ok,1024,743,1,1,1.0,1.0,18,1006,20,465213,0.017578125,0.47368421052631576,0.03389830508474576,0.002157784217288442,0.5263157894736842,2,9,1,3,0,736,7,1,1,3,0.660745944827795,0.6599091216921806,0.6701280251145363,0.9488874860107899,1.609633430838585,,
Five Dir Case 1,all,poi_only,coverage_exact,4096,ok,4096,1621,1,1,1.0,1.0,18,4078,20,462141,0.00439453125,0.47368421052631576,0.008708272859216255,0.008746962264515174,0.5263157894736842,2,9,1,3,0,1609,12,1,1,1,0.70046241953969,0.70046241953969,0.70046241953969,0.9488874860107899,1.6493499055504799,,
Five Dir Case 1,all,poi_only,coverage_semantic,64,ok,64,29,1,1,1.0,1.0,18,46,20,466173,0.28125,0.47368421052631576,0.35294117647058826,9.866607753008778e-05,0.5263157894736842,2,9,1,3,0,28,1,1,1,1,0.7761019431054592,0.7761019431054592,0.7761019431054592,0.9488874860107899,1.724989429116249,,
Five Dir Case 1,all,poi_only,coverage_semantic,256,ok,256,80,1,1,1.0,1.0,18,238,20,465981,0.0703125,0.47368421052631576,0.12244897959183673,0.0005104897054817586,0.5263157894736842,2,9,1,3,0,76,4,1,1,1,0.770163893699646,0.770163893699646,0.770163893699646,0.9488874860107899,1.7190513797104359,,
Five Dir Case 1,all,poi_only,coverage_semantic,1024,ok,1024,743,1,1,1.0,1.0,18,1006,20,465213,0.017578125,0.47368421052631576,0.03389830508474576,0.002157784217288442,0.5263157894736842,2,9,1,3,0,736,7,1,1,3,0.7903524152934551,0.7898816466331482,0.795011468231678,0.9488874860107899,1.739239901304245,,
Five Dir Case 1,all,poi_only,coverage_semantic,4096,ok,4096,1620,1,1,1.0,1.0,18,4078,20,462141,0.00439453125,0.47368421052631576,0.008708272859216255,0.008746962264515174,0.5263157894736842,2,9,1,3,0,1608,12,1,1,1,0.8326744250953197,0.8326744250953197,0.8326744250953197,0.9488874860107899,1.7815619111061096,,
Five Dir Case 1,all,poi_only,coverage_partial,64,ok,64,29,1,1,1.0,1.0,18,46,20,466173,0.28125,0.47368421052631576,0.35294117647058826,9.866607753008778e-05,0.5263157894736842,2,9,1,3,0,28,1,1,1,1,0.7855973541736603,0.7855973541736603,0.7855973541736603,0.9488874860107899,1.7344848401844501,,
Five Dir Case 1,all,poi_only,coverage_partial,256,ok,256,80,1,1,1.0,1.0,18,238,20,465981,0.0703125,0.47368421052631576,0.12244897959183673,0.0005104897054817586,0.5263157894736842,2,9,1,3,0,76,4,1,1,1,0.7682837024331093,0.7682837024331093,0.7682837024331093,0.9488874860107899,1.7171711884438992,,
Five Dir Case 1,all,poi_only,coverage_partial,1024,ok,1024,743,1,1,1.0,1.0,18,1006,20,465213,0.017578125,0.47368421052631576,0.03389830508474576,0.002157784217288442,0.5263157894736842,2,9,1,3,0,736,7,1,1,3,0.7762209288775921,0.7756317853927612,0.7865053340792656,0.9488874860107899,1.725108414888382,,
Five Dir Case 1,all,poi_only,coverage_partial,4096,ok,4096,1621,1,1,1.0,1.0,18,4078,20,462141,0.00439453125,0.47368421052631576,0.008708272859216255,0.008746962264515174,0.5263157894736842,2,9,1,3,0,1605,16,1,1,1,0.7950721643865108,0.7950721643865108,0.7950721643865108,0.9488874860107899,1.7439596503973007,,
Five Dir Case 1,all,poi_only,coverage_no_frequency,64,ok,64,13,1,1,1.0,1.0,18,46,20,466173,0.28125,0.47368421052631576,0.35294117647058826,9.866607753008778e-05,0.5263157894736842,2,9,1,3,0,13,0,1,1,1,0.7685491815209389,0.7685491815209389,0.7685491815209389,0.4838293716311455,1.2523785531520844,,
Five Dir Case 1,all,poi_only,coverage_no_frequency,256,ok,256,43,1,1,1.0,1.0,18,238,20,465981,0.0703125,0.47368421052631576,0.12244897959183673,0.0005104897054817586,0.5263157894736842,2,9,1,3,0,43,0,1,1,1,0.7790347449481487,0.7790347449481487,0.7790347449481487,0.4838293716311455,1.2628641165792942,,
Five Dir Case 1,all,poi_only,coverage_no_frequency,1024,ok,1024,754,1,1,1.0,1.0,18,1006,20,465213,0.017578125,0.47368421052631576,0.03389830508474576,0.002157784217288442,0.5263157894736842,2,9,1,3,0,754,0,1,1,3,0.7870741970837116,0.7857555225491524,0.7947491854429245,0.4838293716311455,1.270903568714857,,
Five Dir Case 1,all,poi_only,coverage_no_frequency,4096,ok,4096,1523,1,1,1.0,1.0,18,4078,20,462141,0.00439453125,0.47368421052631576,0.008708272859216255,0.008746962264515174,0.5263157894736842,2,9,1,3,0,1518,5,1,1,1,0.8163840621709824,0.8163840621709824,0.8163840621709824,0.4838293716311455,1.3002134338021278,,
Five Dir Case 1,all,poi_only,pcst_native,64,ok,1,1,1,1,1.0,1.0,1,0,37,466219,1.0,0.02631578947368421,0.05128205128205128,0.0,0.9736842105263158,1,9,1,3,0,0,1,0,1,1,0.005340747535228729,0.005340747535228729,0.005340747535228729,4.933613438159227,4.938954185694456,1.0,0.0
Five Dir Case 1,all,poi_only,pcst_native,256,ok,1,1,1,1,1.0,1.0,1,0,37,466219,1.0,0.02631578947368421,0.05128205128205128,0.0,0.9736842105263158,1,9,1,3,0,0,1,0,1,1,0.005217917263507843,0.005217917263507843,0.005217917263507843,4.933613438159227,4.938831355422735,1.0,0.0
Five Dir Case 1,all,poi_only,pcst_native,1024,ok,1,1,1,1,1.0,1.0,1,0,37,466219,1.0,0.02631578947368421,0.05128205128205128,0.0,0.9736842105263158,1,9,1,3,0,0,1,0,1,1,0.0051192231476306915,0.0051192231476306915,0.0051192231476306915,4.933613438159227,4.938732661306858,1.0,0.0
Five Dir Case 1,all,poi_only,pcst_native,4096,ok,1970,1964,1,1,1.0,0.8730964467005076,1,1969,37,464250,0.0005076142131979696,0.02631578947368421,0.00099601593625498,0.00422333710123354,0.9736842105263158,1,9,1,3,0,1963,1,0,1,1,0.005384683609008789,0.005384683609008789,0.005384683609008789,4.933613438159227,4.938998121768236,0.3,870.9156209338835
Five Dir Case 1,all,poi_only,random_0,64,ok,64,63,1,39,0.015625,0.015625,1,63,37,466156,0.015625,0.02631578947368421,0.0196078431372549,0.00013512962792164198,0.9736842105263158,1,9,1,3,0,14,49,0,1,1,0.12025932967662811,0.12025932967662811,0.12025932967662811,,,,
Five Dir Case 1,all,poi_only,random_0,256,ok,256,249,1,82,0.00390625,0.00390625,1,255,37,465964,0.00390625,0.02631578947368421,0.006802721088435374,0.0005469532558733128,0.9736842105263158,1,9,1,3,0,45,204,0,1,1,0.11563735827803612,0.11563735827803612,0.11563735827803612,,,,
Five Dir Case 1,all,poi_only,random_0,1024,ok,1024,923,1,132,0.0048828125,0.0029296875,1,1023,37,465196,0.0009765625,0.02631578947368421,0.0018832391713747645,0.002194247767679996,0.9736842105263158,1,9,1,3,0,166,757,0,1,1,0.11858348175883293,0.11858348175883293,0.11858348175883293,,,,
Five Dir Case 1,all,poi_only,random_0,4096,ok,4096,3322,1,155,0.80126953125,0.0078125,1,4095,37,462124,0.000244140625,0.02631578947368421,0.0004837929366231253,0.008783425814906728,0.9736842105263158,1,9,1,3,0,676,2646,0,1,1,0.11720478907227516,0.11720478907227516,0.11720478907227516,,,,
Five Dir Case 1,all,poi_only,random_1,64,ok,64,63,1,42,0.015625,0.015625,1,63,37,466156,0.015625,0.02631578947368421,0.0196078431372549,0.00013512962792164198,0.9736842105263158,1,9,1,3,0,13,50,0,1,1,0.11644671857357025,0.11644671857357025,0.11644671857357025,,,,
Five Dir Case 1,all,poi_only,random_1,256,ok,256,247,1,83,0.0546875,0.0078125,1,255,37,465964,0.00390625,0.02631578947368421,0.006802721088435374,0.0005469532558733128,0.9736842105263158,1,9,1,3,0,43,204,0,1,1,0.11562739685177803,0.11562739685177803,0.11562739685177803,,,,
Five Dir Case 1,all,poi_only,random_1,1024,ok,1024,943,1,148,0.482421875,0.0068359375,1,1023,37,465196,0.0009765625,0.02631578947368421,0.0018832391713747645,0.002194247767679996,0.9736842105263158,1,9,1,3,0,165,778,0,1,1,0.11788840219378471,0.11788840219378471,0.11788840219378471,,,,
Five Dir Case 1,all,poi_only,random_1,4096,ok,4096,3327,1,148,0.794921875,0.003173828125,1,4095,37,462124,0.000244140625,0.02631578947368421,0.0004837929366231253,0.008783425814906728,0.9736842105263158,1,9,1,3,0,685,2642,0,1,1,0.11786194518208504,0.11786194518208504,0.11786194518208504,,,,
Five Dir Case 1,all,poi_only,random_2,64,ok,64,63,1,40,0.03125,0.03125,1,63,37,466156,0.015625,0.02631578947368421,0.0196078431372549,0.00013512962792164198,0.9736842105263158,1,9,1,3,0,10,53,0,1,1,0.11660447344183922,0.11660447344183922,0.11660447344183922,,,,
Five Dir Case 1,all,poi_only,random_2,256,ok,256,248,1,92,0.01171875,0.01171875,1,255,37,465964,0.00390625,0.02631578947368421,0.006802721088435374,0.0005469532558733128,0.9736842105263158,1,9,1,3,0,47,201,0,1,1,0.11547073349356651,0.11547073349356651,0.11547073349356651,,,,
Five Dir Case 1,all,poi_only,random_2,1024,ok,1024,935,1,132,0.005859375,0.00390625,1,1023,37,465196,0.0009765625,0.02631578947368421,0.0018832391713747645,0.002194247767679996,0.9736842105263158,1,9,1,3,0,172,763,0,1,1,0.11779024079442024,0.11779024079442024,0.11779024079442024,,,,
Five Dir Case 1,all,poi_only,random_2,4096,ok,4096,3363,1,155,0.86083984375,0.004150390625,1,4095,37,462124,0.000244140625,0.02631578947368421,0.0004837929366231253,0.008783425814906728,0.9736842105263158,1,9,1,3,0,738,2625,0,1,1,0.11804020404815674,0.11804020404815674,0.11804020404815674,,,,
Five Dir Case 1,all,poi_only,random_3,64,ok,64,63,1,39,0.015625,0.015625,1,63,37,466156,0.015625,0.02631578947368421,0.0196078431372549,0.00013512962792164198,0.9736842105263158,1,9,1,3,0,15,48,0,1,1,0.11603347212076187,0.11603347212076187,0.11603347212076187,,,,
Five Dir Case 1,all,poi_only,random_3,256,ok,256,249,1,78,0.12109375,0.0078125,1,255,37,465964,0.00390625,0.02631578947368421,0.006802721088435374,0.0005469532558733128,0.9736842105263158,1,9,1,3,0,52,197,0,1,1,0.11496346443891525,0.11496346443891525,0.11496346443891525,,,,
Five Dir Case 1,all,poi_only,random_3,1024,ok,1024,939,1,150,0.3486328125,0.0048828125,1,1023,37,465196,0.0009765625,0.02631578947368421,0.0018832391713747645,0.002194247767679996,0.9736842105263158,1,9,1,3,0,201,738,0,1,1,0.11765558272600174,0.11765558272600174,0.11765558272600174,,,,
Five Dir Case 1,all,poi_only,random_3,4096,ok,4096,3327,1,145,0.853759765625,0.003173828125,1,4095,37,462124,0.000244140625,0.02631578947368421,0.0004837929366231253,0.008783425814906728,0.9736842105263158,1,9,1,3,0,734,2593,0,1,1,0.11821582540869713,0.11821582540869713,0.11821582540869713,,,,
Five Dir Case 1,all,poi_only,random_4,64,ok,64,64,1,44,0.015625,0.015625,1,63,37,466156,0.015625,0.02631578947368421,0.0196078431372549,0.00013512962792164198,0.9736842105263158,1,9,1,3,0,18,46,0,1,1,0.11685323342680931,0.11685323342680931,0.11685323342680931,,,,
Five Dir Case 1,all,poi_only,random_4,256,ok,256,247,1,84,0.00390625,0.00390625,1,255,37,465964,0.00390625,0.02631578947368421,0.006802721088435374,0.0005469532558733128,0.9736842105263158,1,9,1,3,0,46,201,0,1,1,0.11602606624364853,0.11602606624364853,0.11602606624364853,,,,
Five Dir Case 1,all,poi_only,random_4,1024,ok,1024,937,1,150,0.005859375,0.0048828125,1,1023,37,465196,0.0009765625,0.02631578947368421,0.0018832391713747645,0.002194247767679996,0.9736842105263158,1,9,1,3,0,179,758,0,1,1,0.11700060591101646,0.11700060591101646,0.11700060591101646,,,,
Five Dir Case 1,all,poi_only,random_4,4096,ok,4096,3314,1,167,0.81396484375,0.00341796875,1,4095,37,462124,0.000244140625,0.02631578947368421,0.0004837929366231253,0.008783425814906728,0.9736842105263158,1,9,1,3,0,726,2588,0,1,1,0.11857838556170464,0.11857838556170464,0.11857838556170464,,,,
Five Dir Case 1,all,shared_context,old_score_top,64,ok,64,28,39,1,1.0,1.0,38,26,0,466193,0.59375,1.0,0.7450980392156863,5.576778295178875e-05,0.0,9,9,3,3,0,27,1,1,1,1,0.07011530175805092,0.07011530175805092,0.07011530175805092,,,,
Five Dir Case 1,all,shared_context,old_score_top,256,ok,256,71,39,1,1.0,1.0,38,218,0,466001,0.1484375,1.0,0.2585034013605442,0.00046759141090345954,0.0,9,9,3,3,0,58,13,1,1,1,0.06815595179796219,0.06815595179796219,0.06815595179796219,,,,
Five Dir Case 1,all,shared_context,old_score_top,1024,ok,1024,308,39,1,1.0,1.0,38,986,0,465233,0.037109375,1.0,0.07156308851224105,0.0021148859227101426,0.0,9,9,3,3,0,275,33,1,1,3,0.06821250170469284,0.068178940564394,0.06828554719686508,,,,
Five Dir Case 1,all,shared_context,old_score_top,4096,ok,4096,1399,39,1,1.0,1.0,38,4058,0,462161,0.00927734375,1.0,0.018384131591678763,0.008704063969936875,0.0,9,9,3,3,0,1335,64,1,1,1,0.06901435554027557,0.06901435554027557,0.06901435554027557,,,,
Five Dir Case 1,all,shared_context,rarity_top,64,ok,64,15,39,3,0.609375,0.609375,38,26,0,466193,0.59375,1.0,0.7450980392156863,5.576778295178875e-05,0.0,9,9,3,3,0,13,2,1,1,1,0.08772614970803261,0.08772614970803261,0.08772614970803261,,,,
Five Dir Case 1,all,shared_context,rarity_top,256,ok,256,181,39,42,0.1953125,0.1640625,38,218,0,466001,0.1484375,1.0,0.2585034013605442,0.00046759141090345954,0.0,9,9,3,3,0,181,0,1,1,1,0.08338173478841782,0.08338173478841782,0.08338173478841782,,,,
Five Dir Case 1,all,shared_context,rarity_top,1024,ok,1024,677,39,43,0.0615234375,0.0498046875,38,986,0,465233,0.037109375,1.0,0.07156308851224105,0.0021148859227101426,0.0,9,9,3,3,0,667,10,1,1,3,0.08115587756037712,0.08114216476678848,0.08208214491605759,,,,
Five Dir Case 1,all,shared_context,rarity_top,4096,ok,4096,3303,39,73,0.759765625,0.1240234375,38,4058,0,462161,0.00927734375,1.0,0.018384131591678763,0.008704063969936875,0.0,9,9,3,3,0,3303,0,1,1,1,0.08369516208767891,0.08369516208767891,0.08369516208767891,,,,
Five Dir Case 1,all,shared_context,diffusion_top,64,ok,64,25,39,1,1.0,0.984375,38,26,0,466193,0.59375,1.0,0.7450980392156863,5.576778295178875e-05,0.0,9,9,3,3,0,24,1,1,1,1,0.10014689713716507,0.10014689713716507,0.10014689713716507,0.9488874860107899,1.049034383147955,,
Five Dir Case 1,all,shared_context,diffusion_top,256,ok,256,80,39,1,1.0,0.94921875,38,218,0,466001,0.1484375,1.0,0.2585034013605442,0.00046759141090345954,0.0,9,9,3,3,0,75,5,1,1,1,0.09850752726197243,0.09850752726197243,0.09850752726197243,0.9488874860107899,1.0473950132727623,,
Five Dir Case 1,all,shared_context,diffusion_top,1024,ok,1024,733,39,1,1.0,0.97265625,38,986,0,465233,0.037109375,1.0,0.07156308851224105,0.0021148859227101426,0.0,9,9,3,3,0,732,1,1,1,3,0.09718813374638557,0.09661906212568283,0.09836000949144363,0.9488874860107899,1.0460756197571754,,
Five Dir Case 1,all,shared_context,diffusion_top,4096,ok,4096,1641,39,1,1.0,0.916259765625,38,4058,0,462161,0.00927734375,1.0,0.018384131591678763,0.008704063969936875,0.0,9,9,3,3,0,1640,1,1,1,1,0.10005694627761841,0.10005694627761841,0.10005694627761841,0.9488874860107899,1.0489444322884083,,
Five Dir Case 1,all,shared_context,localdegree_top,64,ok,64,35,39,17,0.609375,0.609375,38,26,0,466193,0.59375,1.0,0.7450980392156863,5.576778295178875e-05,0.0,9,9,3,3,0,17,18,1,1,1,0.08578980341553688,0.08578980341553688,0.08578980341553688,2.0070230327546597,2.0928128361701965,,
Five Dir Case 1,all,shared_context,localdegree_top,256,ok,256,217,39,60,0.16015625,0.16015625,38,218,0,466001,0.1484375,1.0,0.2585034013605442,0.00046759141090345954,0.0,9,9,3,3,0,68,149,1,1,1,0.08385727554559708,0.08385727554559708,0.08385727554559708,2.0070230327546597,2.0908803083002567,,
Five Dir Case 1,all,shared_context,localdegree_top,1024,ok,1024,868,39,150,0.0556640625,0.0556640625,38,986,0,465233,0.037109375,1.0,0.07156308851224105,0.0021148859227101426,0.0,9,9,3,3,0,250,618,1,1,3,0.08320707082748413,0.08295285329222679,0.08526299893856049,2.0070230327546597,2.090230103582144,,
Five Dir Case 1,all,shared_context,localdegree_top,4096,ok,4096,3085,39,248,0.0234375,0.02197265625,38,4058,0,462161,0.00927734375,1.0,0.018384131591678763,0.008704063969936875,0.0,9,9,3,3,0,951,2134,1,1,1,0.08644713461399078,0.08644713461399078,0.08644713461399078,2.0070230327546597,2.0934701673686504,,
Five Dir Case 1,all,shared_context,episode,64,ok,64,27,39,1,1.0,1.0,38,26,0,466193,0.59375,1.0,0.7450980392156863,5.576778295178875e-05,0.0,9,9,3,3,0,26,1,1,1,1,0.19180914759635925,0.19180914759635925,0.19180914759635925,0.9488874860107899,1.1406966336071491,,
Five Dir Case 1,all,shared_context,episode,256,ok,256,85,39,1,1.0,1.0,38,218,0,466001,0.1484375,1.0,0.2585034013605442,0.00046759141090345954,0.0,9,9,3,3,0,81,4,1,1,1,0.1930740550160408,0.1930740550160408,0.1930740550160408,0.9488874860107899,1.1419615410268307,,
Five Dir Case 1,all,shared_context,episode,1024,ok,1024,733,39,1,1.0,1.0,38,986,0,465233,0.037109375,1.0,0.07156308851224105,0.0021148859227101426,0.0,9,9,3,3,0,726,7,1,1,3,0.19598469138145447,0.19396431744098663,0.19915622472763062,0.9488874860107899,1.1448721773922443,,
Five Dir Case 1,all,shared_context,episode,4096,ok,4096,1660,39,1,1.0,1.0,38,4058,0,462161,0.00927734375,1.0,0.018384131591678763,0.008704063969936875,0.0,9,9,3,3,0,1649,11,1,1,1,0.2073029689490795,0.2073029689490795,0.2073029689490795,0.9488874860107899,1.1561904549598694,,
Five Dir Case 1,all,shared_context,coverage_exact,64,ok,64,27,39,1,1.0,1.0,38,26,0,466193,0.59375,1.0,0.7450980392156863,5.576778295178875e-05,0.0,9,9,3,3,0,26,1,1,1,1,0.6533273681998253,0.6533273681998253,0.6533273681998253,0.9488874860107899,1.6022148542106152,,
Five Dir Case 1,all,shared_context,coverage_exact,256,ok,256,85,39,1,1.0,1.0,38,218,0,466001,0.1484375,1.0,0.2585034013605442,0.00046759141090345954,0.0,9,9,3,3,0,81,4,1,1,1,0.6478551588952541,0.6478551588952541,0.6478551588952541,0.9488874860107899,1.596742644906044,,
Five Dir Case 1,all,shared_context,coverage_exact,1024,ok,1024,733,39,1,1.0,1.0,38,986,0,465233,0.037109375,1.0,0.07156308851224105,0.0021148859227101426,0.0,9,9,3,3,0,726,7,1,1,3,0.6732851266860962,0.6705717667937279,0.8222472183406353,0.9488874860107899,1.622172612696886,,
Five Dir Case 1,all,shared_context,coverage_exact,4096,ok,4096,1625,39,1,1.0,1.0,38,4058,0,462161,0.00927734375,1.0,0.018384131591678763,0.008704063969936875,0.0,9,9,3,3,0,1613,12,1,1,1,0.6950676068663597,0.6950676068663597,0.6950676068663597,0.9488874860107899,1.6439550928771496,,
Five Dir Case 1,all,shared_context,coverage_semantic,64,ok,64,27,39,1,1.0,1.0,38,26,0,466193,0.59375,1.0,0.7450980392156863,5.576778295178875e-05,0.0,9,9,3,3,0,26,1,1,1,1,0.7693460397422314,0.7693460397422314,0.7693460397422314,0.9488874860107899,1.7182335257530212,,
Five Dir Case 1,all,shared_context,coverage_semantic,256,ok,256,84,39,1,1.0,1.0,38,218,0,466001,0.1484375,1.0,0.2585034013605442,0.00046759141090345954,0.0,9,9,3,3,0,80,4,1,1,1,0.9456938281655312,0.9456938281655312,0.9456938281655312,0.9488874860107899,1.894581314176321,,
Five Dir Case 1,all,shared_context,coverage_semantic,1024,ok,1024,733,39,1,1.0,1.0,38,986,0,465233,0.037109375,1.0,0.07156308851224105,0.0021148859227101426,0.0,9,9,3,3,0,726,7,1,1,3,0.7787939384579659,0.7764505557715893,0.7835150398313999,0.9488874860107899,1.7276814244687557,,
Five Dir Case 1,all,shared_context,coverage_semantic,4096,ok,4096,1622,39,1,1.0,1.0,38,4058,0,462161,0.00927734375,1.0,0.018384131591678763,0.008704063969936875,0.0,9,9,3,3,0,1610,12,1,1,1,0.8087847754359245,0.8087847754359245,0.8087847754359245,0.9488874860107899,1.7576722614467144,,
Five Dir Case 1,all,shared_context,coverage_partial,64,ok,64,27,39,1,1.0,1.0,38,26,0,466193,0.59375,1.0,0.7450980392156863,5.576778295178875e-05,0.0,9,9,3,3,0,26,1,1,1,1,0.760016392916441,0.760016392916441,0.760016392916441,0.9488874860107899,1.7089038789272308,,
Five Dir Case 1,all,shared_context,coverage_partial,256,ok,256,84,39,1,1.0,1.0,38,218,0,466001,0.1484375,1.0,0.2585034013605442,0.00046759141090345954,0.0,9,9,3,3,0,80,4,1,1,1,0.7619868069887161,0.7619868069887161,0.7619868069887161,0.9488874860107899,1.710874292999506,,
Five Dir Case 1,all,shared_context,coverage_partial,1024,ok,1024,733,39,1,1.0,1.0,38,986,0,465233,0.037109375,1.0,0.07156308851224105,0.0021148859227101426,0.0,9,9,3,3,0,726,7,1,1,3,0.7742040865123272,0.7650370858609676,0.7811873592436314,0.9488874860107899,1.723091572523117,,
Five Dir Case 1,all,shared_context,coverage_partial,4096,ok,4096,1626,39,1,1.0,1.0,38,4058,0,462161,0.00927734375,1.0,0.018384131591678763,0.008704063969936875,0.0,9,9,3,3,0,1610,16,1,1,1,0.7892073281109333,0.7892073281109333,0.7892073281109333,0.9488874860107899,1.7380948141217232,,
Five Dir Case 1,all,shared_context,coverage_no_frequency,64,ok,64,14,39,1,1.0,1.0,38,26,0,466193,0.59375,1.0,0.7450980392156863,5.576778295178875e-05,0.0,9,9,3,3,0,14,0,1,1,1,0.7590599022805691,0.7590599022805691,0.7590599022805691,0.4838293716311455,1.2428892739117146,,
Five Dir Case 1,all,shared_context,coverage_no_frequency,256,ok,256,37,39,1,1.0,1.0,38,218,0,466001,0.1484375,1.0,0.2585034013605442,0.00046759141090345954,0.0,9,9,3,3,0,37,0,1,1,1,0.7609212137758732,0.7609212137758732,0.7609212137758732,0.4838293716311455,1.2447505854070187,,
Five Dir Case 1,all,shared_context,coverage_no_frequency,1024,ok,1024,749,39,1,1.0,1.0,38,986,0,465233,0.037109375,1.0,0.07156308851224105,0.0021148859227101426,0.0,9,9,3,3,0,749,0,1,1,3,0.790566448122263,0.7814987637102604,0.7958301715552807,0.4838293716311455,1.2743958197534084,,
Five Dir Case 1,all,shared_context,coverage_no_frequency,4096,ok,4096,1526,39,1,1.0,1.0,38,4058,0,462161,0.00927734375,1.0,0.018384131591678763,0.008704063969936875,0.0,9,9,3,3,0,1521,5,1,1,1,0.8081479705870152,0.8081479705870152,0.8081479705870152,0.4838293716311455,1.2919773422181606,,
Five Dir Case 1,all,shared_context,pcst_native,64,ok,39,10,39,1,1.0,1.0,38,1,0,466218,0.9743589743589743,1.0,0.987012987012987,2.144914728914952e-06,0.0,9,9,3,3,0,10,0,1,1,1,0.005315005779266357,0.005315005779266357,0.005315005779266357,4.933613438159227,4.938928443938494,1.0,0.0
Five Dir Case 1,all,shared_context,pcst_native,256,ok,39,10,39,1,1.0,1.0,38,1,0,466218,0.9743589743589743,1.0,0.987012987012987,2.144914728914952e-06,0.0,9,9,3,3,0,10,0,1,1,1,0.00516819953918457,0.00516819953918457,0.00516819953918457,4.933613438159227,4.938781637698412,1.0,0.0
Five Dir Case 1,all,shared_context,pcst_native,1024,ok,39,10,39,1,1.0,1.0,38,1,0,466218,0.9743589743589743,1.0,0.987012987012987,2.144914728914952e-06,0.0,9,9,3,3,0,10,0,1,1,1,0.005056705325841904,0.005056705325841904,0.005056705325841904,4.933613438159227,4.938670143485069,1.0,0.0
Five Dir Case 1,all,shared_context,pcst_native,4096,ok,2007,1972,39,1,1.0,0.8754359740906826,38,1969,0,464250,0.018933731938216243,1.0,0.037163814180929094,0.00422333710123354,0.0,9,9,3,3,0,1972,0,1,1,1,0.005310524255037308,0.005310524255037308,0.005310524255037308,4.933613438159227,4.938923962414265,0.3,870.9156209338835
Five Dir Case 1,all,shared_context,random_0,64,ok,64,35,39,21,0.609375,0.609375,38,26,0,466193,0.59375,1.0,0.7450980392156863,5.576778295178875e-05,0.0,9,9,3,3,0,16,19,1,1,1,0.11773303896188736,0.11773303896188736,0.11773303896188736,,,,
Five Dir Case 1,all,shared_context,random_0,256,ok,256,223,39,73,0.1796875,0.15234375,38,218,0,466001,0.1484375,1.0,0.2585034013605442,0.00046759141090345954,0.0,9,9,3,3,0,50,173,1,1,1,0.11789419129490852,0.11789419129490852,0.11789419129490852,,,,
Five Dir Case 1,all,shared_context,random_0,1024,ok,1024,901,39,129,0.3486328125,0.0478515625,38,986,0,465233,0.037109375,1.0,0.07156308851224105,0.0021148859227101426,0.0,9,9,3,3,0,169,732,1,1,1,0.11558467149734497,0.11558467149734497,0.11558467149734497,,,,
Five Dir Case 1,all,shared_context,random_0,4096,ok,4096,3304,39,157,0.801513671875,0.028564453125,38,4058,0,462161,0.00927734375,1.0,0.018384131591678763,0.008704063969936875,0.0,9,9,3,3,0,684,2620,1,1,1,0.11545154824852943,0.11545154824852943,0.11545154824852943,,,,
Five Dir Case 1,all,shared_context,random_1,64,ok,64,35,39,18,0.609375,0.609375,38,26,0,466193,0.59375,1.0,0.7450980392156863,5.576778295178875e-05,0.0,9,9,3,3,0,13,22,1,1,1,0.11759103462100029,0.11759103462100029,0.11759103462100029,,,,
Five Dir Case 1,all,shared_context,random_1,256,ok,256,223,39,78,0.15625,0.15625,38,218,0,466001,0.1484375,1.0,0.2585034013605442,0.00046759141090345954,0.0,9,9,3,3,0,44,179,1,1,1,0.1149836853146553,0.1149836853146553,0.1149836853146553,,,,
Five Dir Case 1,all,shared_context,random_1,1024,ok,1024,917,39,148,0.5068359375,0.0458984375,38,986,0,465233,0.037109375,1.0,0.07156308851224105,0.0021148859227101426,0.0,9,9,3,3,0,172,745,1,1,1,0.11593779549002647,0.11593779549002647,0.11593779549002647,,,,
Five Dir Case 1,all,shared_context,random_1,4096,ok,4096,3312,39,147,0.79736328125,0.023681640625,38,4058,0,462161,0.00927734375,1.0,0.018384131591678763,0.008704063969936875,0.0,9,9,3,3,0,687,2625,1,1,1,0.11658726260066032,0.11658726260066032,0.11658726260066032,,,,
Five Dir Case 1,all,shared_context,random_2,64,ok,64,35,39,18,0.625,0.625,38,26,0,466193,0.59375,1.0,0.7450980392156863,5.576778295178875e-05,0.0,9,9,3,3,0,16,19,1,1,1,0.11722273007035255,0.11722273007035255,0.11722273007035255,,,,
Five Dir Case 1,all,shared_context,random_2,256,ok,256,221,39,78,0.1640625,0.1640625,38,218,0,466001,0.1484375,1.0,0.2585034013605442,0.00046759141090345954,0.0,9,9,3,3,0,48,173,1,1,1,0.1179504506289959,0.1179504506289959,0.1179504506289959,,,,
Five Dir Case 1,all,shared_context,random_2,1024,ok,1024,912,39,130,0.060546875,0.0478515625,38,986,0,465233,0.037109375,1.0,0.07156308851224105,0.0021148859227101426,0.0,9,9,3,3,0,175,737,1,1,1,0.1163049191236496,0.1163049191236496,0.1163049191236496,,,,
Five Dir Case 1,all,shared_context,random_2,4096,ok,4096,3348,39,156,0.85986328125,0.021484375,38,4058,0,462161,0.00927734375,1.0,0.018384131591678763,0.008704063969936875,0.0,9,9,3,3,0,744,2604,1,1,1,0.11851413547992706,0.11851413547992706,0.11851413547992706,,,,
Five Dir Case 1,all,shared_context,random_3,64,ok,64,35,39,18,0.625,0.625,38,26,0,466193,0.59375,1.0,0.7450980392156863,5.576778295178875e-05,0.0,9,9,3,3,0,13,22,1,1,1,0.1176866926252842,0.1176866926252842,0.1176866926252842,,,,
Five Dir Case 1,all,shared_context,random_3,256,ok,256,221,39,72,0.25390625,0.1640625,38,218,0,466001,0.1484375,1.0,0.2585034013605442,0.00046759141090345954,0.0,9,9,3,3,0,55,166,1,1,1,0.12186085805296898,0.12186085805296898,0.12186085805296898,,,,
Five Dir Case 1,all,shared_context,random_3,1024,ok,1024,915,39,148,0.3720703125,0.0537109375,38,986,0,465233,0.037109375,1.0,0.07156308851224105,0.0021148859227101426,0.0,9,9,3,3,0,207,708,1,1,1,0.11635047569870949,0.11635047569870949,0.11635047569870949,,,,
Five Dir Case 1,all,shared_context,random_3,4096,ok,4096,3308,39,146,0.853759765625,0.02685546875,38,4058,0,462161,0.00927734375,1.0,0.018384131591678763,0.008704063969936875,0.0,9,9,3,3,0,739,2569,1,1,1,0.11692233383655548,0.11692233383655548,0.11692233383655548,,,,
Five Dir Case 1,all,shared_context,random_4,64,ok,64,35,39,22,0.609375,0.609375,38,26,0,466193,0.59375,1.0,0.7450980392156863,5.576778295178875e-05,0.0,9,9,3,3,0,17,18,1,1,1,0.1154179535806179,0.1154179535806179,0.1154179535806179,,,,
Five Dir Case 1,all,shared_context,random_4,256,ok,256,222,39,80,0.15234375,0.15234375,38,218,0,466001,0.1484375,1.0,0.2585034013605442,0.00046759141090345954,0.0,9,9,3,3,0,51,171,1,1,1,0.11603685840964317,0.11603685840964317,0.11603685840964317,,,,
Five Dir Case 1,all,shared_context,random_4,1024,ok,1024,913,39,147,0.048828125,0.0478515625,38,986,0,465233,0.037109375,1.0,0.07156308851224105,0.0021148859227101426,0.0,9,9,3,3,0,179,734,1,1,1,0.1168760396540165,0.1168760396540165,0.1168760396540165,,,,
Five Dir Case 1,all,shared_context,random_4,4096,ok,4096,3293,39,170,0.814208984375,0.037841796875,38,4058,0,462161,0.00927734375,1.0,0.018384131591678763,0.008704063969936875,0.0,9,9,3,3,0,730,2563,1,1,1,0.11835918202996254,0.11835918202996254,0.11835918202996254,,,,
Five Dir Case 3,all,poi_only,old_score_top,64,ok,64,54,2,2,1.0,1.0,10,54,5,424176,0.15625,0.6666666666666666,0.25316455696202533,0.00012728944204794569,0.3333333333333333,3,7,2,3,0,53,1,1,2,1,0.06451137736439705,0.06451137736439705,0.06451137736439705,,,,
Five Dir Case 3,all,poi_only,old_score_top,256,ok,256,114,2,1,1.0,1.0,10,246,5,423984,0.0390625,0.6666666666666666,0.07380073800738007,0.000579874124885086,0.3333333333333333,3,7,2,3,0,99,15,1,2,1,0.06482860818505287,0.06482860818505287,0.06482860818505287,,,,
Five Dir Case 3,all,poi_only,old_score_top,1024,ok,1024,269,2,1,1.0,0.9990234375,11,1013,4,423217,0.0107421875,0.7333333333333333,0.021174205967276226,0.0023878556443438703,0.26666666666666666,4,7,2,3,0,252,17,1,2,3,0.06403608992695808,0.06349335610866547,0.0645892545580864,,,,
Five Dir Case 3,all,poi_only,old_score_top,4096,ok,4096,854,2,1,1.0,0.999755859375,11,4085,4,420145,0.002685546875,0.7333333333333333,0.00535149598637801,0.009629210569738113,0.26666666666666666,4,7,2,3,0,808,46,1,2,1,0.06693995371460915,0.06693995371460915,0.06693995371460915,,,,
Five Dir Case 3,all,poi_only,rarity_top,64,ok,64,62,2,19,0.03125,0.03125,2,62,13,424168,0.03125,0.13333333333333333,0.05063291139240506,0.00014614713716615987,0.8666666666666667,2,7,2,3,0,34,28,1,2,1,0.07420394569635391,0.07420394569635391,0.07420394569635391,,,,
Five Dir Case 3,all,poi_only,rarity_top,256,ok,256,223,2,34,0.0078125,0.0078125,2,254,13,423976,0.0078125,0.13333333333333333,0.014760147601476014,0.0005987318200033001,0.8666666666666667,2,7,2,3,0,138,85,1,2,1,0.07249737158417702,0.07249737158417702,0.07249737158417702,,,,
Five Dir Case 3,all,poi_only,rarity_top,1024,ok,1024,847,2,66,0.00390625,0.0029296875,2,1022,13,423208,0.001953125,0.13333333333333333,0.0038498556304138597,0.002409070551351861,0.8666666666666667,2,7,2,3,0,553,294,1,2,3,0.07383815199136734,0.07367778196930885,0.07454874739050865,,,,
Five Dir Case 3,all,poi_only,rarity_top,4096,ok,4096,3198,2,120,0.002197265625,0.00146484375,2,4094,13,420136,0.00048828125,0.13333333333333333,0.0009729992702505473,0.009650425476746105,0.8666666666666667,2,7,2,3,0,2221,977,1,2,1,0.07322220876812935,0.07322220876812935,0.07322220876812935,,,,
Five Dir Case 3,all,poi_only,diffusion_top,64,ok,64,60,2,2,1.0,0.484375,4,60,11,424170,0.0625,0.26666666666666666,0.10126582278481013,0.0001414327133866063,0.7333333333333333,3,7,2,3,0,60,0,2,2,1,0.08883252739906311,0.08883252739906311,0.08883252739906311,0.8896116949617863,0.9784442223608494,,
Five Dir Case 3,all,poi_only,diffusion_top,256,ok,256,103,2,2,1.0,0.71484375,12,244,3,423986,0.046875,0.8,0.08856088560885608,0.0005751597011055324,0.2,4,7,2,3,0,102,1,2,2,1,0.08884597197175026,0.08884597197175026,0.08884597197175026,0.8896116949617863,0.9784576669335365,,
Five Dir Case 3,all,poi_only,diffusion_top,1024,ok,1024,282,2,5,0.8916015625,0.6630859375,13,1011,2,423219,0.0126953125,0.8666666666666667,0.025024061597690085,0.0023831412205643165,0.13333333333333333,5,7,3,3,0,281,1,2,2,3,0.08833183348178864,0.08737793564796448,0.08833631873130798,0.8896116949617863,0.9779435284435749,,
Five Dir Case 3,all,poi_only,diffusion_top,4096,ok,4096,1112,2,2,0.99365234375,0.91943359375,14,4082,1,420148,0.00341796875,0.9333333333333333,0.006810994891753831,0.009622138934068783,0.06666666666666667,6,7,3,3,0,1109,3,2,2,1,0.08870888128876686,0.08870888128876686,0.08870888128876686,0.8896116949617863,0.9783205762505531,,
Five Dir Case 3,all,poi_only,localdegree_top,64,ok,64,63,2,19,0.03125,0.03125,2,62,13,424168,0.03125,0.13333333333333333,0.05063291139240506,0.00014614713716615987,0.8666666666666667,2,7,2,3,0,11,52,1,2,1,0.07333206757903099,0.07333206757903099,0.07333206757903099,1.8177221193909645,1.8910541869699955,,
Five Dir Case 3,all,poi_only,localdegree_top,256,ok,256,239,2,32,0.0078125,0.0078125,2,254,13,423976,0.0078125,0.13333333333333333,0.014760147601476014,0.0005987318200033001,0.8666666666666667,2,7,2,3,0,38,201,1,2,1,0.07504988089203835,0.07504988089203835,0.07504988089203835,1.8177221193909645,1.8927720002830029,,
Five Dir Case 3,all,poi_only,localdegree_top,1024,ok,1024,815,2,69,0.001953125,0.001953125,2,1022,13,423208,0.001953125,0.13333333333333333,0.0038498556304138597,0.002409070551351861,0.8666666666666667,2,7,2,3,0,159,656,1,2,3,0.0738585852086544,0.07298944145441055,0.07431445270776749,1.8177221193909645,1.891580704599619,,
Five Dir Case 3,all,poi_only,localdegree_top,4096,ok,4096,2595,2,130,0.202880859375,0.032958984375,2,4094,13,420136,0.00048828125,0.13333333333333333,0.0009729992702505473,0.009650425476746105,0.8666666666666667,2,7,2,3,0,676,1919,1,2,1,0.073667012155056,0.073667012155056,0.073667012155056,1.8177221193909645,1.8913891315460205,,
Five Dir Case 3,all,poi_only,episode,64,ok,64,60,2,1,1.0,1.0,4,60,11,424170,0.0625,0.26666666666666666,0.10126582278481013,0.0001414327133866063,0.7333333333333333,3,7,2,3,0,59,1,2,2,1,0.14779406040906906,0.14779406040906906,0.14779406040906906,0.8896116949617863,1.0374057553708553,,
Five Dir Case 3,all,poi_only,episode,256,ok,256,139,2,1,1.0,1.0,12,244,3,423986,0.046875,0.8,0.08856088560885608,0.0005751597011055324,0.2,4,7,2,3,0,137,2,2,2,1,0.14854130893945694,0.14854130893945694,0.14854130893945694,0.8896116949617863,1.0381530039012432,,
Five Dir Case 3,all,poi_only,episode,1024,ok,1024,293,2,1,1.0,1.0,12,1012,3,423218,0.01171875,0.8,0.023099133782483156,0.002385498432454093,0.2,4,7,2,3,0,284,9,2,2,3,0.15171749517321587,0.14977964013814926,0.15775169432163239,0.8896116949617863,1.0413291901350021,,
Five Dir Case 3,all,poi_only,episode,4096,ok,4096,1110,2,1,1.0,0.999755859375,13,4083,2,420147,0.003173828125,0.8666666666666667,0.006324495256628557,0.009624496145958561,0.13333333333333333,5,7,2,3,0,1101,9,2,2,1,0.15228000655770302,0.15228000655770302,0.15228000655770302,0.8896116949617863,1.0418917015194893,,
Five Dir Case 3,all,poi_only,coverage_exact,64,ok,64,60,2,1,1.0,1.0,4,60,11,424170,0.0625,0.26666666666666666,0.10126582278481013,0.0001414327133866063,0.7333333333333333,3,7,2,3,0,59,1,2,2,1,0.45334916189312935,0.45334916189312935,0.45334916189312935,0.8896116949617863,1.3429608568549156,,
Five Dir Case 3,all,poi_only,coverage_exact,256,ok,256,139,2,1,1.0,1.0,12,244,3,423986,0.046875,0.8,0.08856088560885608,0.0005751597011055324,0.2,4,7,2,3,0,137,2,2,2,1,0.45379193872213364,0.45379193872213364,0.45379193872213364,0.8896116949617863,1.34340363368392,,
Five Dir Case 3,all,poi_only,coverage_exact,1024,ok,1024,293,2,1,1.0,1.0,12,1012,3,423218,0.01171875,0.8,0.023099133782483156,0.002385498432454093,0.2,4,7,2,3,0,284,9,2,2,3,0.45840558409690857,0.4541504867374897,0.4609767198562622,0.8896116949617863,1.3480172790586948,,
Five Dir Case 3,all,poi_only,coverage_exact,4096,ok,4096,1047,2,1,1.0,1.0,13,4083,2,420147,0.003173828125,0.8666666666666667,0.006324495256628557,0.009624496145958561,0.13333333333333333,5,7,2,3,0,1038,9,2,2,1,0.4863586686551571,0.4863586686551571,0.4863586686551571,0.8896116949617863,1.3759703636169434,,
Five Dir Case 3,all,poi_only,coverage_semantic,64,ok,64,60,2,1,1.0,1.0,4,60,11,424170,0.0625,0.26666666666666666,0.10126582278481013,0.0001414327133866063,0.7333333333333333,3,7,2,3,0,59,1,2,2,1,0.5476693734526634,0.5476693734526634,0.5476693734526634,0.8896116949617863,1.4372810684144497,,
Five Dir Case 3,all,poi_only,coverage_semantic,256,ok,256,139,2,1,1.0,1.0,12,244,3,423986,0.046875,0.8,0.08856088560885608,0.0005751597011055324,0.2,4,7,2,3,0,137,2,2,2,1,0.5482123680412769,0.5482123680412769,0.5482123680412769,0.8896116949617863,1.4378240630030632,,
Five Dir Case 3,all,poi_only,coverage_semantic,1024,ok,1024,293,2,1,1.0,1.0,12,1012,3,423218,0.01171875,0.8,0.023099133782483156,0.002385498432454093,0.2,4,7,2,3,0,284,9,2,2,3,0.5512107275426388,0.5504112094640732,0.5553240403532982,0.8896116949617863,1.440822422504425,,
Five Dir Case 3,all,poi_only,coverage_semantic,4096,ok,4096,1047,2,1,1.0,1.0,13,4083,2,420147,0.003173828125,0.8666666666666667,0.006324495256628557,0.009624496145958561,0.13333333333333333,5,7,2,3,0,1038,9,2,2,1,0.5719507224857807,0.5719507224857807,0.5719507224857807,0.8896116949617863,1.461562417447567,,
Five Dir Case 3,all,poi_only,coverage_partial,64,ok,64,60,2,1,1.0,1.0,4,60,11,424170,0.0625,0.26666666666666666,0.10126582278481013,0.0001414327133866063,0.7333333333333333,3,7,2,3,0,59,1,2,2,1,0.5372473634779453,0.5372473634779453,0.5372473634779453,0.8896116949617863,1.4268590584397316,,
Five Dir Case 3,all,poi_only,coverage_partial,256,ok,256,141,2,1,1.0,1.0,12,244,3,423986,0.046875,0.8,0.08856088560885608,0.0005751597011055324,0.2,4,7,2,3,0,138,3,2,2,1,0.545279148966074,0.545279148966074,0.545279148966074,0.8896116949617863,1.4348908439278603,,
Five Dir Case 3,all,poi_only,coverage_partial,1024,ok,1024,295,2,1,1.0,1.0,12,1012,3,423218,0.01171875,0.8,0.023099133782483156,0.002385498432454093,0.2,4,7,2,3,0,285,10,2,2,3,0.5486944764852524,0.5469455756247044,0.5497709661722183,0.8896116949617863,1.4383061714470387,,
Five Dir Case 3,all,poi_only,coverage_partial,4096,ok,4096,1061,2,1,1.0,1.0,13,4083,2,420147,0.003173828125,0.8666666666666667,0.006324495256628557,0.009624496145958561,0.13333333333333333,5,7,2,3,0,1044,17,2,2,1,0.6879160925745964,0.6879160925745964,0.6879160925745964,0.8896116949617863,1.5775277875363827,,
Five Dir Case 3,all,poi_only,coverage_no_frequency,64,ok,64,12,2,1,1.0,1.0,4,60,11,424170,0.0625,0.26666666666666666,0.10126582278481013,0.0001414327133866063,0.7333333333333333,3,7,2,3,0,11,1,2,2,1,0.5542102791368961,0.5542102791368961,0.5542102791368961,0.4399019852280617,0.9941122643649578,,
Five Dir Case 3,all,poi_only,coverage_no_frequency,256,ok,256,121,2,1,1.0,1.0,12,244,3,423986,0.046875,0.8,0.08856088560885608,0.0005751597011055324,0.2,4,7,2,3,0,118,3,2,2,1,0.5788664631545544,0.5788664631545544,0.5788664631545544,0.4399019852280617,1.018768448382616,,
Five Dir Case 3,all,poi_only,coverage_no_frequency,1024,ok,1024,235,2,1,1.0,1.0,13,1011,2,423219,0.0126953125,0.8666666666666667,0.025024061597690085,0.0023831412205643165,0.13333333333333333,5,7,2,3,0,230,5,2,2,3,0.5800764337182045,0.5670585669577122,0.6590963117778301,0.4399019852280617,1.0199784189462662,,
Five Dir Case 3,all,poi_only,coverage_no_frequency,4096,ok,4096,1258,2,1,1.0,1.0,14,4082,1,420148,0.00341796875,0.9333333333333333,0.006810994891753831,0.009622138934068783,0.06666666666666667,6,7,3,3,0,1250,8,2,2,1,0.5968538001179695,0.5968538001179695,0.5968538001179695,0.4399019852280617,1.0367557853460312,,
Five Dir Case 3,all,poi_only,pcst_native,64,ok,2,2,2,2,1.0,1.0,2,0,13,424230,1.0,0.13333333333333333,0.23529411764705882,0.0,0.8666666666666667,2,7,2,3,0,1,1,1,2,1,0.004835065454244614,0.004835065454244614,0.004835065454244614,3.6953976564109325,3.700232721865177,1.0,0.0
Five Dir Case 3,all,poi_only,pcst_native,256,ok,2,2,2,2,1.0,1.0,2,0,13,424230,1.0,0.13333333333333333,0.23529411764705882,0.0,0.8666666666666667,2,7,2,3,0,1,1,1,2,1,0.004705846309661865,0.004705846309661865,0.004705846309661865,3.6953976564109325,3.7001035027205944,1.0,0.0
Five Dir Case 3,all,poi_only,pcst_native,1024,ok,708,696,2,1,1.0,0.4209039548022599,6,702,9,423528,0.00847457627118644,0.4,0.016597510373443983,0.001654762746623294,0.6,5,7,3,3,0,696,0,2,2,1,0.004898980259895325,0.004898980259895325,0.004898980259895325,3.6953976564109325,3.700296636670828,0.3,342.5532641604656
Five Dir Case 3,all,poi_only,pcst_native,4096,ok,708,696,2,1,1.0,0.4209039548022599,6,702,9,423528,0.00847457627118644,0.4,0.016597510373443983,0.001654762746623294,0.6,5,7,3,3,0,696,0,2,2,1,0.004890933632850647,0.004890933632850647,0.004890933632850647,3.6953976564109325,3.700288590043783,0.3,342.5532641604656
Five Dir Case 3,all,poi_only,random_0,64,ok,64,62,2,31,0.03125,0.03125,2,62,13,424168,0.03125,0.13333333333333333,0.05063291139240506,0.00014614713716615987,0.8666666666666667,2,7,2,3,0,6,56,1,2,1,0.10496731474995613,0.10496731474995613,0.10496731474995613,,,,
Five Dir Case 3,all,poi_only,random_0,256,ok,256,247,2,55,0.01171875,0.0078125,2,254,13,423976,0.0078125,0.13333333333333333,0.014760147601476014,0.0005987318200033001,0.8666666666666667,2,7,2,3,0,43,204,1,2,1,0.10307871922850609,0.10307871922850609,0.10307871922850609,,,,
Five Dir Case 3,all,poi_only,random_0,1024,ok,1024,887,2,92,0.00390625,0.001953125,2,1022,13,423208,0.001953125,0.13333333333333333,0.0038498556304138597,0.002409070551351861,0.8666666666666667,2,7,2,3,0,150,737,1,2,1,0.10305964201688766,0.10305964201688766,0.10305964201688766,,,,
Five Dir Case 3,all,poi_only,random_0,4096,ok,4096,2979,2,94,0.773193359375,0.002685546875,3,4093,12,420137,0.000732421875,0.2,0.001459498905375821,0.009648068264856327,0.8,3,7,2,3,0,634,2345,1,2,1,0.10409974679350853,0.10409974679350853,0.10409974679350853,,,,
Five Dir Case 3,all,poi_only,random_1,64,ok,64,63,2,36,0.03125,0.03125,2,62,13,424168,0.03125,0.13333333333333333,0.05063291139240506,0.00014614713716615987,0.8666666666666667,2,7,2,3,0,10,53,1,2,1,0.10563725233078003,0.10563725233078003,0.10563725233078003,,,,
Five Dir Case 3,all,poi_only,random_1,256,ok,256,243,2,52,0.0078125,0.0078125,2,254,13,423976,0.0078125,0.13333333333333333,0.014760147601476014,0.0005987318200033001,0.8666666666666667,2,7,2,3,0,36,207,1,2,1,0.10527045279741287,0.10527045279741287,0.10527045279741287,,,,
Five Dir Case 3,all,poi_only,random_1,1024,ok,1024,900,2,96,0.583984375,0.0087890625,2,1022,13,423208,0.001953125,0.13333333333333333,0.0038498556304138597,0.002409070551351861,0.8666666666666667,2,7,2,3,0,160,740,1,2,1,0.10496535152196884,0.10496535152196884,0.10496535152196884,,,,
Five Dir Case 3,all,poi_only,random_1,4096,ok,4096,2975,2,108,0.699951171875,0.015625,2,4094,13,420136,0.00048828125,0.13333333333333333,0.0009729992702505473,0.009650425476746105,0.8666666666666667,2,7,2,3,0,614,2361,1,2,1,0.10313984006643295,0.10313984006643295,0.10313984006643295,,,,
Five Dir Case 3,all,poi_only,random_2,64,ok,64,61,2,26,0.03125,0.03125,2,62,13,424168,0.03125,0.13333333333333333,0.05063291139240506,0.00014614713716615987,0.8666666666666667,2,7,2,3,0,9,52,1,2,1,0.10438056662678719,0.10438056662678719,0.10438056662678719,,,,
Five Dir Case 3,all,poi_only,random_2,256,ok,256,243,2,55,0.0078125,0.0078125,2,254,13,423976,0.0078125,0.13333333333333333,0.014760147601476014,0.0005987318200033001,0.8666666666666667,2,7,2,3,0,35,208,1,2,1,0.1063900962471962,0.1063900962471962,0.1063900962471962,,,,
Five Dir Case 3,all,poi_only,random_2,1024,ok,1024,887,2,89,0.0029296875,0.001953125,2,1022,13,423208,0.001953125,0.13333333333333333,0.0038498556304138597,0.002409070551351861,0.8666666666666667,2,7,2,3,0,137,750,1,2,1,0.1050136648118496,0.1050136648118496,0.1050136648118496,,,,
Five Dir Case 3,all,poi_only,random_2,4096,ok,4096,3030,2,106,0.814697265625,0.001708984375,2,4094,13,420136,0.00048828125,0.13333333333333333,0.0009729992702505473,0.009650425476746105,0.8666666666666667,2,7,2,3,0,624,2406,1,2,1,0.1059453934431076,0.1059453934431076,0.1059453934431076,,,,
Five Dir Case 3,all,poi_only,random_3,64,ok,64,62,2,33,0.03125,0.03125,2,62,13,424168,0.03125,0.13333333333333333,0.05063291139240506,0.00014614713716615987,0.8666666666666667,2,7,2,3,0,13,49,1,2,1,0.10509514063596725,0.10509514063596725,0.10509514063596725,,,,
Five Dir Case 3,all,poi_only,random_3,256,ok,256,237,2,48,0.01171875,0.01171875,2,254,13,423976,0.0078125,0.13333333333333333,0.014760147601476014,0.0005987318200033001,0.8666666666666667,2,7,2,3,0,38,199,1,2,1,0.10322723537683487,0.10322723537683487,0.10322723537683487,,,,
Five Dir Case 3,all,poi_only,random_3,1024,ok,1024,881,2,102,0.6181640625,0.0029296875,2,1022,13,423208,0.001953125,0.13333333333333333,0.0038498556304138597,0.002409070551351861,0.8666666666666667,2,7,2,3,0,158,723,1,2,1,0.10278328880667686,0.10278328880667686,0.10278328880667686,,,,
Five Dir Case 3,all,poi_only,random_3,4096,ok,4096,2989,2,110,0.777587890625,0.013427734375,2,4094,13,420136,0.00048828125,0.13333333333333333,0.0009729992702505473,0.009650425476746105,0.8666666666666667,2,7,2,3,0,653,2336,1,2,1,0.10279930382966995,0.10279930382966995,0.10279930382966995,,,,
Five Dir Case 3,all,poi_only,random_4,64,ok,64,62,2,25,0.03125,0.03125,2,62,13,424168,0.03125,0.13333333333333333,0.05063291139240506,0.00014614713716615987,0.8666666666666667,2,7,2,3,0,7,55,1,2,1,0.10424713790416718,0.10424713790416718,0.10424713790416718,,,,
Five Dir Case 3,all,poi_only,random_4,256,ok,256,242,2,52,0.0078125,0.0078125,2,254,13,423976,0.0078125,0.13333333333333333,0.014760147601476014,0.0005987318200033001,0.8666666666666667,2,7,2,3,0,30,212,1,2,1,0.10556745156645775,0.10556745156645775,0.10556745156645775,,,,
Five Dir Case 3,all,poi_only,random_4,1024,ok,1024,879,2,81,0.626953125,0.0029296875,2,1022,13,423208,0.001953125,0.13333333333333333,0.0038498556304138597,0.002409070551351861,0.8666666666666667,2,7,2,3,0,146,733,1,2,1,0.10576057061553001,0.10576057061553001,0.10576057061553001,,,,
Five Dir Case 3,all,poi_only,random_4,4096,ok,4096,3046,2,97,0.718017578125,0.019287109375,2,4094,13,420136,0.00048828125,0.13333333333333333,0.0009729992702505473,0.009650425476746105,0.8666666666666667,2,7,2,3,0,648,2398,1,2,1,0.10502973571419716,0.10502973571419716,0.10502973571419716,,,,
Five Dir Case 3,all,shared_context,old_score_top,64,ok,64,40,38,1,1.0,0.96875,15,49,0,424181,0.234375,1.0,0.379746835443038,0.00011550338259906183,0.0,7,7,3,3,0,38,2,2,2,1,0.06345250084996223,0.06345250084996223,0.06345250084996223,,,,
Five Dir Case 3,all,shared_context,old_score_top,256,ok,256,119,38,1,1.0,0.9921875,15,241,0,423989,0.05859375,1.0,0.11070110701107011,0.000568088065436202,0.0,7,7,3,3,0,108,11,2,2,1,0.06229734420776367,0.06229734420776367,0.06229734420776367,,,,
Five Dir Case 3,all,shared_context,old_score_top,1024,ok,1024,275,38,1,1.0,0.9970703125,15,1009,0,423221,0.0146484375,1.0,0.028873917228103944,0.002378426796784763,0.0,7,7,3,3,0,257,18,2,2,3,0.062062934041023254,0.06187453120946884,0.06345206126570702,,,,
Five Dir Case 3,all,shared_context,old_score_top,4096,ok,4096,860,38,1,1.0,0.999267578125,15,4081,0,420149,0.003662109375,1.0,0.0072974945268791044,0.009619781722179007,0.0,7,7,3,3,0,814,46,2,2,1,0.06266609951853752,0.06266609951853752,0.06266609951853752,,,,
Five Dir Case 3,all,shared_context,rarity_top,64,ok,64,41,38,11,0.59375,0.484375,15,49,0,424181,0.234375,1.0,0.379746835443038,0.00011550338259906183,0.0,7,7,3,3,0,31,10,2,2,1,0.07209170237183571,0.07209170237183571,0.07209170237183571,,,,
Five Dir Case 3,all,shared_context,rarity_top,256,ok,256,206,38,33,0.15234375,0.125,15,241,0,423989,0.05859375,1.0,0.11070110701107011,0.000568088065436202,0.0,7,7,3,3,0,132,74,2,2,1,0.07247336581349373,0.07247336581349373,0.07247336581349373,,,,
Five Dir Case 3,all,shared_context,rarity_top,1024,ok,1024,832,38,61,0.0419921875,0.03515625,15,1009,0,423221,0.0146484375,1.0,0.028873917228103944,0.002378426796784763,0.0,7,7,3,3,0,546,286,2,2,3,0.07153184711933136,0.06997675448656082,0.07159949839115143,,,,
Five Dir Case 3,all,shared_context,rarity_top,4096,ok,4096,3187,38,117,0.013916015625,0.01171875,15,4081,0,420149,0.003662109375,1.0,0.0072974945268791044,0.009619781722179007,0.0,7,7,3,3,0,2213,974,2,2,1,0.06990513578057289,0.06990513578057289,0.06990513578057289,,,,
Five Dir Case 3,all,shared_context,diffusion_top,64,ok,64,38,38,1,1.0,0.859375,15,49,0,424181,0.234375,1.0,0.379746835443038,0.00011550338259906183,0.0,7,7,3,3,0,36,2,2,2,1,0.08525082468986511,0.08525082468986511,0.08525082468986511,0.8896116949617863,0.9748625196516514,,
Five Dir Case 3,all,shared_context,diffusion_top,256,ok,256,113,38,1,1.0,0.796875,15,241,0,423989,0.05859375,1.0,0.11070110701107011,0.000568088065436202,0.0,7,7,3,3,0,111,2,2,2,1,0.08515812456607819,0.08515812456607819,0.08515812456607819,0.8896116949617863,0.9747698195278645,,
Five Dir Case 3,all,shared_context,diffusion_top,1024,ok,1024,289,38,2,0.9794921875,0.7724609375,15,1009,0,423221,0.0146484375,1.0,0.028873917228103944,0.002378426796784763,0.0,7,7,3,3,0,287,2,2,2,3,0.08644890785217285,0.08627977222204208,0.0870421975851059,0.8896116949617863,0.9760606028139591,,
Five Dir Case 3,all,shared_context,diffusion_top,4096,ok,4096,1115,38,2,0.99365234375,0.92236328125,15,4081,0,420149,0.003662109375,1.0,0.0072974945268791044,0.009619781722179007,0.0,7,7,3,3,0,1112,3,2,2,1,0.08784990757703781,0.08784990757703781,0.08784990757703781,0.8896116949617863,0.9774616025388241,,
Five Dir Case 3,all,shared_context,localdegree_top,64,ok,64,40,38,14,0.59375,0.484375,15,49,0,424181,0.234375,1.0,0.379746835443038,0.00011550338259906183,0.0,7,7,3,3,0,18,22,2,2,1,0.07265914976596832,0.07265914976596832,0.07265914976596832,1.8177221193909645,1.8903812691569328,,
Five Dir Case 3,all,shared_context,localdegree_top,256,ok,256,221,38,30,0.1484375,0.12109375,15,241,0,423989,0.05859375,1.0,0.11070110701107011,0.000568088065436202,0.0,7,7,3,3,0,47,174,2,2,1,0.07051979750394821,0.07051979750394821,0.07051979750394821,1.8177221193909645,1.8882419168949127,,
Five Dir Case 3,all,shared_context,localdegree_top,1024,ok,1024,802,38,66,0.0419921875,0.03125,15,1009,0,423221,0.0146484375,1.0,0.028873917228103944,0.002378426796784763,0.0,7,7,3,3,0,167,635,2,2,3,0.06999124959111214,0.06966960802674294,0.07003408670425415,1.8177221193909645,1.8877133689820766,,
Five Dir Case 3,all,shared_context,localdegree_top,4096,ok,4096,2590,38,126,0.21435546875,0.041259765625,15,4081,0,420149,0.003662109375,1.0,0.0072974945268791044,0.009619781722179007,0.0,7,7,3,3,0,679,1911,2,2,1,0.07003795355558395,0.07003795355558395,0.07003795355558395,1.8177221193909645,1.8877600729465485,,
Five Dir Case 3,all,shared_context,episode,64,ok,64,39,38,1,1.0,0.90625,15,49,0,424181,0.234375,1.0,0.379746835443038,0.00011550338259906183,0.0,7,7,3,3,0,36,3,2,2,1,0.14508848264813423,0.14508848264813423,0.14508848264813423,0.8896116949617863,1.0347001776099205,,
Five Dir Case 3,all,shared_context,episode,256,ok,256,151,38,1,1.0,0.9765625,15,241,0,423989,0.05859375,1.0,0.11070110701107011,0.000568088065436202,0.0,7,7,3,3,0,147,4,2,2,1,0.14703063666820526,0.14703063666820526,0.14703063666820526,0.8896116949617863,1.0366423316299915,,
Five Dir Case 3,all,shared_context,episode,1024,ok,1024,298,38,1,1.0,0.9990234375,15,1009,0,423221,0.0146484375,1.0,0.028873917228103944,0.002378426796784763,0.0,7,7,3,3,0,289,9,2,2,3,0.14455294609069824,0.14324688538908958,0.1506645418703556,0.8896116949617863,1.0341646410524845,,
Five Dir Case 3,all,shared_context,episode,4096,ok,4096,1113,38,1,1.0,0.99951171875,15,4081,0,420149,0.003662109375,1.0,0.0072974945268791044,0.009619781722179007,0.0,7,7,3,3,0,1104,9,2,2,1,0.15191934257745743,0.15191934257745743,0.15191934257745743,0.8896116949617863,1.0415310375392437,,
Five Dir Case 3,all,shared_context,coverage_exact,64,ok,64,38,38,1,1.0,0.890625,15,49,0,424181,0.234375,1.0,0.379746835443038,0.00011550338259906183,0.0,7,7,3,3,0,36,2,2,2,1,0.45235782861709595,0.45235782861709595,0.45235782861709595,0.8896116949617863,1.3419695235788822,,
Five Dir Case 3,all,shared_context,coverage_exact,256,ok,256,151,38,1,1.0,0.9765625,15,241,0,423989,0.05859375,1.0,0.11070110701107011,0.000568088065436202,0.0,7,7,3,3,0,147,4,2,2,1,0.4475790373980999,0.4475790373980999,0.4475790373980999,0.8896116949617863,1.3371907323598862,,
Five Dir Case 3,all,shared_context,coverage_exact,1024,ok,1024,298,38,1,1.0,0.9990234375,15,1009,0,423221,0.0146484375,1.0,0.028873917228103944,0.002378426796784763,0.0,7,7,3,3,0,289,9,2,2,3,0.46373167634010315,0.45660922676324844,0.4657227694988251,0.8896116949617863,1.3533433713018894,,
Five Dir Case 3,all,shared_context,coverage_exact,4096,ok,4096,1047,38,1,1.0,0.999755859375,15,4081,0,420149,0.003662109375,1.0,0.0072974945268791044,0.009619781722179007,0.0,7,7,3,3,0,1038,9,2,2,1,0.4780517891049385,0.4780517891049385,0.4780517891049385,0.8896116949617863,1.3676634840667248,,
Five Dir Case 3,all,shared_context,coverage_semantic,64,ok,64,38,38,1,1.0,0.890625,15,49,0,424181,0.234375,1.0,0.379746835443038,0.00011550338259906183,0.0,7,7,3,3,0,36,2,2,2,1,0.5548490546643734,0.5548490546643734,0.5548490546643734,0.8896116949617863,1.4444607496261597,,
Five Dir Case 3,all,shared_context,coverage_semantic,256,ok,256,151,38,1,1.0,0.9765625,15,241,0,423989,0.05859375,1.0,0.11070110701107011,0.000568088065436202,0.0,7,7,3,3,0,147,4,2,2,1,0.5538003668189049,0.5538003668189049,0.5538003668189049,0.8896116949617863,1.4434120617806911,,
Five Dir Case 3,all,shared_context,coverage_semantic,1024,ok,1024,298,38,1,1.0,0.9990234375,15,1009,0,423221,0.0146484375,1.0,0.028873917228103944,0.002378426796784763,0.0,7,7,3,3,0,289,9,2,2,3,0.5459297522902489,0.5449128746986389,0.5502599254250526,0.8896116949617863,1.4355414472520351,,
Five Dir Case 3,all,shared_context,coverage_semantic,4096,ok,4096,1047,38,1,1.0,0.999755859375,15,4081,0,420149,0.003662109375,1.0,0.0072974945268791044,0.009619781722179007,0.0,7,7,3,3,0,1038,9,2,2,1,0.5777305141091347,0.5777305141091347,0.5777305141091347,0.8896116949617863,1.467342209070921,,
Five Dir Case 3,all,shared_context,coverage_partial,64,ok,64,38,38,1,1.0,0.890625,15,49,0,424181,0.234375,1.0,0.379746835443038,0.00011550338259906183,0.0,7,7,3,3,0,36,2,2,2,1,0.5418800935149193,0.5418800935149193,0.5418800935149193,0.8896116949617863,1.4314917884767056,,
Five Dir Case 3,all,shared_context,coverage_partial,256,ok,256,151,38,1,1.0,0.9765625,15,241,0,423989,0.05859375,1.0,0.11070110701107011,0.000568088065436202,0.0,7,7,3,3,0,147,4,2,2,1,0.5376526564359665,0.5376526564359665,0.5376526564359665,0.8896116949617863,1.4272643513977528,,
Five Dir Case 3,all,shared_context,coverage_partial,1024,ok,1024,303,38,1,1.0,0.9990234375,15,1009,0,423221,0.0146484375,1.0,0.028873917228103944,0.002378426796784763,0.0,7,7,3,3,0,293,10,2,2,3,0.5424809865653515,0.5387865602970123,0.5449886247515678,0.8896116949617863,1.4320926815271378,,
Five Dir Case 3,all,shared_context,coverage_partial,4096,ok,4096,1132,38,1,1.0,0.999755859375,15,4081,0,420149,0.003662109375,1.0,0.0072974945268791044,0.009619781722179007,0.0,7,7,3,3,0,1113,19,2,2,1,0.5602850653231144,0.5602850653231144,0.5602850653231144,0.8896116949617863,1.4498967602849007,,
Five Dir Case 3,all,shared_context,coverage_no_frequency,64,ok,64,33,38,1,1.0,0.890625,15,49,0,424181,0.234375,1.0,0.379746835443038,0.00011550338259906183,0.0,7,7,3,3,0,31,2,2,2,1,0.5380647629499435,0.5380647629499435,0.5380647629499435,0.4399019852280617,0.9779667481780052,,
Five Dir Case 3,all,shared_context,coverage_no_frequency,256,ok,256,135,38,1,1.0,0.9921875,15,241,0,423989,0.05859375,1.0,0.11070110701107011,0.000568088065436202,0.0,7,7,3,3,0,131,4,2,2,1,0.5407624579966068,0.5407624579966068,0.5407624579966068,0.4399019852280617,0.9806644432246685,,
Five Dir Case 3,all,shared_context,coverage_no_frequency,1024,ok,1024,265,38,1,1.0,0.9990234375,15,1009,0,423221,0.0146484375,1.0,0.028873917228103944,0.002378426796784763,0.0,7,7,3,3,0,259,6,2,2,3,0.5481600239872932,0.5476125739514828,0.5586335472762585,0.4399019852280617,0.9880620092153549,,
Five Dir Case 3,all,shared_context,coverage_no_frequency,4096,ok,4096,1259,38,1,1.0,0.999755859375,15,4081,0,420149,0.003662109375,1.0,0.0072974945268791044,0.009619781722179007,0.0,7,7,3,3,0,1250,9,2,2,1,0.7438305020332336,0.7438305020332336,0.7438305020332336,0.4399019852280617,1.1837324872612953,,
Five Dir Case 3,all,shared_context,pcst_native,64,ok,38,15,38,1,1.0,0.8157894736842105,15,23,0,424207,0.39473684210526316,1.0,0.5660377358490566,5.421587346486576e-05,0.0,7,7,3,3,0,13,2,2,2,1,0.004849173128604889,0.004849173128604889,0.004849173128604889,3.6953976564109325,3.7002468295395374,1.0,0.0
Five Dir Case 3,all,shared_context,pcst_native,256,ok,38,15,38,1,1.0,0.8157894736842105,15,23,0,424207,0.39473684210526316,1.0,0.5660377358490566,5.421587346486576e-05,0.0,7,7,3,3,0,13,2,2,2,1,0.004720818251371384,0.004720818251371384,0.004720818251371384,3.6953976564109325,3.700118474662304,1.0,0.0
Five Dir Case 3,all,shared_context,pcst_native,1024,ok,738,704,38,1,1.0,0.6680216802168022,15,723,0,423507,0.02032520325203252,1.0,0.0398406374501992,0.0017042641963086061,0.0,7,7,3,3,0,702,2,2,2,1,0.004935622215270996,0.004935622215270996,0.004935622215270996,3.6953976564109325,3.7003332786262035,0.3,342.5532641604656
Five Dir Case 3,all,shared_context,pcst_native,4096,ok,738,704,38,1,1.0,0.6680216802168022,15,723,0,423507,0.02032520325203252,1.0,0.0398406374501992,0.0017042641963086061,0.0,7,7,3,3,0,702,2,2,2,1,0.004869960248470306,0.004869960248470306,0.004869960248470306,3.6953976564109325,3.700267616659403,0.3,342.5532641604656
Five Dir Case 3,all,shared_context,random_0,64,ok,64,41,38,17,0.59375,0.484375,15,49,0,424181,0.234375,1.0,0.379746835443038,0.00011550338259906183,0.0,7,7,3,3,0,15,26,2,2,1,0.10655654966831207,0.10655654966831207,0.10655654966831207,,,,
Five Dir Case 3,all,shared_context,random_0,256,ok,256,227,38,49,0.16015625,0.125,15,241,0,423989,0.05859375,1.0,0.11070110701107011,0.000568088065436202,0.0,7,7,3,3,0,45,182,2,2,1,0.10329859331250191,0.10329859331250191,0.10329859331250191,,,,
Five Dir Case 3,all,shared_context,random_0,1024,ok,1024,874,38,87,0.5361328125,0.033203125,15,1009,0,423221,0.0146484375,1.0,0.028873917228103944,0.002378426796784763,0.0,7,7,3,3,0,159,715,2,2,1,0.10426200553774834,0.10426200553774834,0.10426200553774834,,,,
Five Dir Case 3,all,shared_context,random_0,4096,ok,4096,2969,38,93,0.776123046875,0.013916015625,15,4081,0,420149,0.003662109375,1.0,0.0072974945268791044,0.009619781722179007,0.0,7,7,3,3,0,639,2330,2,2,1,0.10542702674865723,0.10542702674865723,0.10542702674865723,,,,
Five Dir Case 3,all,shared_context,random_1,64,ok,64,41,38,20,0.59375,0.484375,15,49,0,424181,0.234375,1.0,0.379746835443038,0.00011550338259906183,0.0,7,7,3,3,0,18,23,2,2,1,0.10601527243852615,0.10601527243852615,0.10601527243852615,,,,
Five Dir Case 3,all,shared_context,random_1,256,ok,256,227,38,50,0.16015625,0.12109375,15,241,0,423989,0.05859375,1.0,0.11070110701107011,0.000568088065436202,0.0,7,7,3,3,0,41,186,2,2,1,0.1044459156692028,0.1044459156692028,0.1044459156692028,,,,
Five Dir Case 3,all,shared_context,random_1,1024,ok,1024,882,38,94,0.60546875,0.0380859375,15,1009,0,423221,0.0146484375,1.0,0.028873917228103944,0.002378426796784763,0.0,7,7,3,3,0,164,718,2,2,1,0.1035878099501133,0.1035878099501133,0.1035878099501133,,,,
Five Dir Case 3,all,shared_context,random_1,4096,ok,4096,2969,38,107,0.70263671875,0.023193359375,15,4081,0,420149,0.003662109375,1.0,0.0072974945268791044,0.009619781722179007,0.0,7,7,3,3,0,623,2346,2,2,1,0.10254256054759026,0.10254256054759026,0.10254256054759026,,,,
Five Dir Case 3,all,shared_context,random_2,64,ok,64,40,38,16,0.625,0.5,15,49,0,424181,0.234375,1.0,0.379746835443038,0.00011550338259906183,0.0,7,7,3,3,0,16,24,2,2,1,0.10316730663180351,0.10316730663180351,0.10316730663180351,,,,
Five Dir Case 3,all,shared_context,random_2,256,ok,256,223,38,47,0.1640625,0.125,15,241,0,423989,0.05859375,1.0,0.11070110701107011,0.000568088065436202,0.0,7,7,3,3,0,44,179,2,2,1,0.10228553414344788,0.10228553414344788,0.10228553414344788,,,,
Five Dir Case 3,all,shared_context,random_2,1024,ok,1024,874,38,83,0.52734375,0.0322265625,15,1009,0,423221,0.0146484375,1.0,0.028873917228103944,0.002378426796784763,0.0,7,7,3,3,0,146,728,2,2,1,0.10509254783391953,0.10509254783391953,0.10509254783391953,,,,
Five Dir Case 3,all,shared_context,random_2,4096,ok,4096,3021,38,103,0.817626953125,0.0107421875,15,4081,0,420149,0.003662109375,1.0,0.0072974945268791044,0.009619781722179007,0.0,7,7,3,3,0,628,2393,2,2,1,0.10601691529154778,0.10601691529154778,0.10601691529154778,,,,
Five Dir Case 3,all,shared_context,random_3,64,ok,64,39,38,17,0.609375,0.484375,15,49,0,424181,0.234375,1.0,0.379746835443038,0.00011550338259906183,0.0,7,7,3,3,0,17,22,2,2,1,0.10457560047507286,0.10457560047507286,0.10457560047507286,,,,
Five Dir Case 3,all,shared_context,random_3,256,ok,256,218,38,40,0.1640625,0.125,15,241,0,423989,0.05859375,1.0,0.11070110701107011,0.000568088065436202,0.0,7,7,3,3,0,44,174,2,2,1,0.1043224073946476,0.1043224073946476,0.1043224073946476,,,,
Five Dir Case 3,all,shared_context,random_3,1024,ok,1024,865,38,97,0.6328125,0.033203125,15,1009,0,423221,0.0146484375,1.0,0.028873917228103944,0.002378426796784763,0.0,7,7,3,3,0,162,703,2,2,1,0.10451691970229149,0.10451691970229149,0.10451691970229149,,,,
Five Dir Case 3,all,shared_context,random_3,4096,ok,4096,2978,38,108,0.781005859375,0.021484375,15,4081,0,420149,0.003662109375,1.0,0.0072974945268791044,0.009619781722179007,0.0,7,7,3,3,0,657,2321,2,2,1,0.10186757892370224,0.10186757892370224,0.10186757892370224,,,,
Five Dir Case 3,all,shared_context,random_4,64,ok,64,40,38,16,0.59375,0.484375,15,49,0,424181,0.234375,1.0,0.379746835443038,0.00011550338259906183,0.0,7,7,3,3,0,16,24,2,2,1,0.10213231295347214,0.10213231295347214,0.10213231295347214,,,,
Five Dir Case 3,all,shared_context,random_4,256,ok,256,222,38,43,0.1484375,0.12109375,15,241,0,423989,0.05859375,1.0,0.11070110701107011,0.000568088065436202,0.0,7,7,3,3,0,37,185,2,2,1,0.10201228782534599,0.10201228782534599,0.10201228782534599,,,,
Five Dir Case 3,all,shared_context,random_4,1024,ok,1024,864,38,80,0.642578125,0.0322265625,15,1009,0,423221,0.0146484375,1.0,0.028873917228103944,0.002378426796784763,0.0,7,7,3,3,0,152,712,2,2,1,0.10458605736494064,0.10458605736494064,0.10458605736494064,,,,
Five Dir Case 3,all,shared_context,random_4,4096,ok,4096,3033,38,97,0.720703125,0.05419921875,15,4081,0,420149,0.003662109375,1.0,0.0072974945268791044,0.009619781722179007,0.0,7,7,3,3,0,653,2380,2,2,1,0.105843685567379,0.105843685567379,0.105843685567379,,,,
Five Dir Case 3,drop-0,poi_only,diffusion_top,1024,ok,1024,210,1,2,0.9736328125,0.7255859375,3,1021,12,423209,0.0029296875,0.2,0.005774783445620789,0.0024067133394620843,0.8,2,7,2,3,0,209,1,1,1,1,0.08731810748577118,0.08731810748577118,0.08731810748577118,0.8066779151558876,0.8939960226416588,,
Five Dir Case 3,drop-0,poi_only,episode,1024,ok,1024,218,1,1,1.0,1.0,2,1022,13,423208,0.001953125,0.13333333333333333,0.0038498556304138597,0.002409070551351861,0.8666666666666667,1,7,1,3,0,213,5,1,1,1,0.14639170467853546,0.14639170467853546,0.14639170467853546,0.8066779151558876,0.9530696198344231,,
Five Dir Case 3,drop-0,poi_only,coverage_semantic,1024,ok,1024,218,1,1,1.0,1.0,2,1022,13,423208,0.001953125,0.13333333333333333,0.0038498556304138597,0.002409070551351861,0.8666666666666667,1,7,1,3,0,213,5,1,1,1,0.5478846617043018,0.5478846617043018,0.5478846617043018,0.8066779151558876,1.3545625768601894,,
Five Dir Case 3,drop-0,poi_only,coverage_no_frequency,1024,ok,1024,219,1,1,1.0,1.0,3,1021,12,423209,0.0029296875,0.2,0.005774783445620789,0.0024067133394620843,0.8,2,7,1,3,0,216,3,1,1,1,0.5507204011082649,0.5507204011082649,0.5507204011082649,0.34085147082805634,0.8915718719363213,,
Five Dir Case 3,drop-0,shared_context,diffusion_top,1024,ok,1024,214,24,1,1.0,0.7275390625,5,1019,10,423211,0.0048828125,0.3333333333333333,0.009624639076034648,0.002401998915682531,0.6666666666666666,4,7,2,3,0,212,2,1,1,1,0.08698371797800064,0.08698371797800064,0.08698371797800064,0.8066779151558876,0.8936616331338882,,
Five Dir Case 3,drop-0,shared_context,episode,1024,ok,1024,223,24,1,1.0,0.9990234375,5,1019,10,423211,0.0048828125,0.3333333333333333,0.009624639076034648,0.002401998915682531,0.6666666666666666,4,7,2,3,0,217,6,1,1,1,0.14590219408273697,0.14590219408273697,0.14590219408273697,0.8066779151558876,0.9525801092386246,,
Five Dir Case 3,drop-0,shared_context,coverage_semantic,1024,ok,1024,223,24,1,1.0,0.9990234375,5,1019,10,423211,0.0048828125,0.3333333333333333,0.009624639076034648,0.002401998915682531,0.6666666666666666,4,7,2,3,0,217,6,1,1,1,0.5552871376276016,0.5552871376276016,0.5552871376276016,0.8066779151558876,1.3619650527834892,,
Five Dir Case 3,drop-0,shared_context,coverage_no_frequency,1024,ok,1024,223,24,1,1.0,0.9990234375,5,1019,10,423211,0.0048828125,0.3333333333333333,0.009624639076034648,0.002401998915682531,0.6666666666666666,4,7,2,3,0,219,4,1,1,1,0.5391936600208282,0.5391936600208282,0.5391936600208282,0.34085147082805634,0.8800451308488846,,
Five Dir Case 3,drop-1,poi_only,diffusion_top,1024,ok,1024,562,1,3,0.970703125,0.4736328125,10,1014,5,423216,0.009765625,0.6666666666666666,0.019249278152069296,0.002390212856233647,0.3333333333333333,3,7,1,3,0,558,4,1,1,1,0.08753424510359764,0.08753424510359764,0.08753424510359764,0.7798152230679989,0.8673494681715965,,
Five Dir Case 3,drop-1,poi_only,episode,1024,ok,1024,567,1,1,1.0,1.0,10,1014,5,423216,0.009765625,0.6666666666666666,0.019249278152069296,0.002390212856233647,0.3333333333333333,3,7,1,3,0,565,2,1,1,1,0.1435830518603325,0.1435830518603325,0.1435830518603325,0.7798152230679989,0.9233982749283314,,
Five Dir Case 3,drop-1,poi_only,coverage_semantic,1024,ok,1024,649,1,1,1.0,1.0,10,1014,5,423216,0.009765625,0.6666666666666666,0.019249278152069296,0.002390212856233647,0.3333333333333333,3,7,1,3,0,646,3,1,1,1,0.5389360785484314,0.5389360785484314,0.5389360785484314,0.7798152230679989,1.3187513016164303,,
Five Dir Case 3,drop-1,poi_only,coverage_no_frequency,1024,ok,1024,654,1,1,1.0,1.0,10,1014,5,423216,0.009765625,0.6666666666666666,0.019249278152069296,0.002390212856233647,0.3333333333333333,3,7,1,3,0,651,3,1,1,1,0.5386799871921539,0.5386799871921539,0.5386799871921539,0.341960109770298,0.8806400969624519,,
Five Dir Case 3,drop-1,shared_context,diffusion_top,1024,ok,1024,562,2,3,0.970703125,0.4736328125,10,1014,5,423216,0.009765625,0.6666666666666666,0.019249278152069296,0.002390212856233647,0.3333333333333333,3,7,1,3,0,558,4,1,1,1,0.08698689192533493,0.08698689192533493,0.08698689192533493,0.7798152230679989,0.8668021149933338,,
Five Dir Case 3,drop-1,shared_context,episode,1024,ok,1024,567,2,1,1.0,1.0,10,1014,5,423216,0.009765625,0.6666666666666666,0.019249278152069296,0.002390212856233647,0.3333333333333333,3,7,1,3,0,565,2,1,1,1,0.14618955925107002,0.14618955925107002,0.14618955925107002,0.7798152230679989,0.9260047823190689,,
Five Dir Case 3,drop-1,shared_context,coverage_semantic,1024,ok,1024,649,2,1,1.0,1.0,10,1014,5,423216,0.009765625,0.6666666666666666,0.019249278152069296,0.002390212856233647,0.3333333333333333,3,7,1,3,0,646,3,1,1,1,0.5423737838864326,0.5423737838864326,0.5423737838864326,0.7798152230679989,1.3221890069544315,,
Five Dir Case 3,drop-1,shared_context,coverage_no_frequency,1024,ok,1024,654,2,1,1.0,1.0,10,1014,5,423216,0.009765625,0.6666666666666666,0.019249278152069296,0.002390212856233647,0.3333333333333333,3,7,1,3,0,651,3,1,1,1,0.5429782867431641,0.5429782867431641,0.5429782867431641,0.341960109770298,0.8849383965134621,,
Theia Case 1,all,poi_only,old_score_top,64,ok,64,50,3,1,1.0,1.0,7,57,232,897957,0.109375,0.029288702928870293,0.0462046204620462,6.347339796484242e-05,0.9707112970711297,6,12,4,6,0,50,0,3,3,1,0.19236620143055916,0.19236620143055916,0.19236620143055916,,,,
Theia Case 1,all,poi_only,old_score_top,256,ok,256,174,3,1,1.0,0.9765625,12,244,227,897770,0.046875,0.0502092050209205,0.048484848484848485,0.0002717106860249395,0.9497907949790795,8,12,5,6,0,169,5,3,3,1,0.19004040211439133,0.19004040211439133,0.19004040211439133,,,,
Theia Case 1,all,poi_only,old_score_top,1024,ok,1024,212,3,1,1.0,0.994140625,12,1012,227,897002,0.01171875,0.0502092050209205,0.019002375296912115,0.0011269312059722899,0.9497907949790795,8,12,5,6,0,177,35,3,3,3,0.19052862748503685,0.188608780503273,0.19063514471054077,,,,
Theia Case 1,all,poi_only,old_score_top,4096,ok,4096,243,3,1,1.0,0.99853515625,12,4084,227,893930,0.0029296875,0.0502092050209205,0.005536332179930796,0.004547813285761692,0.9497907949790795,8,12,5,6,0,207,36,3,3,1,0.19145677983760834,0.19145677983760834,0.19145677983760834,,,,
Theia Case 1,all,poi_only,rarity_top,64,ok,64,36,3,6,0.046875,0.046875,3,61,236,897953,0.046875,0.012552301255230125,0.019801980198019802,6.792767150623487e-05,0.9874476987447699,3,12,3,6,0,33,3,3,3,1,0.1683739423751831,0.1683739423751831,0.1683739423751831,,,,
Theia Case 1,all,poi_only,rarity_top,256,ok,256,53,3,5,0.01171875,0.01171875,3,253,236,897761,0.01171875,0.012552301255230125,0.012121212121212121,0.00028173280149307246,0.9874476987447699,3,12,3,6,0,33,20,3,3,1,0.1690816469490528,0.1690816469490528,0.1690816469490528,,,,
Theia Case 1,all,poi_only,rarity_top,1024,ok,1024,63,3,5,0.0029296875,0.0029296875,3,1021,236,896993,0.0029296875,0.012552301255230125,0.004750593824228029,0.001136953321440423,0.9874476987447699,3,12,3,6,0,34,29,3,3,3,0.16780546307563782,0.16734186559915543,0.17781436443328857,,,,
Theia Case 1,all,poi_only,rarity_top,4096,ok,4096,115,3,5,0.000732421875,0.000732421875,3,4093,236,893921,0.000732421875,0.012552301255230125,0.001384083044982699,0.004557835401229825,0.9874476987447699,3,12,3,6,0,75,40,3,3,1,0.1730518788099289,0.1730518788099289,0.1730518788099289,,,,
Theia Case 1,all,poi_only,diffusion_top,64,ok,64,52,3,3,0.96875,0.796875,8,56,231,897958,0.125,0.03347280334728033,0.052805280528052806,6.235982957949431e-05,0.9665271966527197,7,12,5,6,0,52,0,3,3,1,0.18757497146725655,0.18757497146725655,0.18757497146725655,3.1549688912928104,3.342543862760067,,
Theia Case 1,all,poi_only,diffusion_top,256,ok,256,151,3,8,0.95703125,0.8046875,12,244,227,897770,0.046875,0.0502092050209205,0.048484848484848485,0.0002717106860249395,0.9497907949790795,8,12,5,6,0,150,1,3,3,1,0.349797535687685,0.349797535687685,0.349797535687685,3.1549688912928104,3.5047664269804955,,
Theia Case 1,all,poi_only,diffusion_top,1024,ok,1024,535,3,1,1.0,0.8154296875,14,1010,225,897004,0.013671875,0.058577405857740586,0.022169437846397466,0.0011247040692015937,0.9414225941422594,9,12,5,6,0,484,51,3,3,3,0.1872345618903637,0.1870371215045452,0.19315960258245468,3.1549688912928104,3.342203453183174,,
Theia Case 1,all,poi_only,diffusion_top,4096,ok,4096,1322,3,1,1.0,0.979736328125,14,4082,225,893932,0.00341796875,0.058577405857740586,0.006459054209919262,0.004545586148990996,0.9414225941422594,9,12,5,6,0,1311,11,3,3,1,0.18629353493452072,0.18629353493452072,0.18629353493452072,3.1549688912928104,3.341262426227331,,
Theia Case 1,all,poi_only,localdegree_top,64,ok,64,61,3,10,0.046875,0.046875,3,61,236,897953,0.046875,0.012552301255230125,0.019801980198019802,6.792767150623487e-05,0.9874476987447699,3,12,3,6,0,7,54,3,3,1,0.14890852198004723,0.14890852198004723,0.14890852198004723,2.2875960394740105,2.4365045614540577,,
Theia Case 1,all,poi_only,localdegree_top,256,ok,256,203,3,26,0.01171875,0.01171875,3,253,236,897761,0.01171875,0.012552301255230125,0.012121212121212121,0.00028173280149307246,0.9874476987447699,3,12,3,6,0,22,181,3,3,1,0.14838189259171486,0.14838189259171486,0.14838189259171486,2.2875960394740105,2.4359779320657253,,
Theia Case 1,all,poi_only,localdegree_top,1024,ok,1024,677,3,67,0.0029296875,0.0029296875,3,1021,236,896993,0.0029296875,0.012552301255230125,0.004750593824228029,0.001136953321440423,0.9874476987447699,3,12,3,6,0,80,597,3,3,3,0.14822111278772354,0.14776283130049706,0.14826695248484612,2.2875960394740105,2.435817152261734,,
Theia Case 1,all,poi_only,localdegree_top,4096,ok,4096,2159,3,152,0.000732421875,0.000732421875,3,4093,236,893921,0.000732421875,0.012552301255230125,0.001384083044982699,0.004557835401229825,0.9874476987447699,3,12,3,6,0,278,1881,3,3,1,0.15344344079494476,0.15344344079494476,0.15344344079494476,2.2875960394740105,2.4410394802689552,,
Theia Case 1,all,poi_only,episode,64,ok,64,53,3,1,1.0,1.0,8,56,231,897958,0.125,0.03347280334728033,0.052805280528052806,6.235982957949431e-05,0.9665271966527197,7,12,5,6,0,49,4,3,3,1,0.30323420464992523,0.30323420464992523,0.30323420464992523,3.1549688912928104,3.4582030959427357,,
Theia Case 1,all,poi_only,episode,256,ok,256,203,3,1,1.0,1.0,12,244,227,897770,0.046875,0.0502092050209205,0.048484848484848485,0.0002717106860249395,0.9497907949790795,8,12,5,6,0,199,4,3,3,1,0.30465902388095856,0.30465902388095856,0.30465902388095856,3.1549688912928104,3.459627915173769,,
Theia Case 1,all,poi_only,episode,1024,ok,1024,523,3,1,1.0,1.0,14,1010,225,897004,0.013671875,0.058577405857740586,0.022169437846397466,0.0011247040692015937,0.9414225941422594,9,12,5,6,0,517,6,3,3,3,0.3051476590335369,0.30450233444571495,0.309683483093977,3.1549688912928104,3.4601165503263474,,
Theia Case 1,all,poi_only,episode,4096,ok,4096,1317,3,1,1.0,1.0,14,4082,225,893932,0.00341796875,0.058577405857740586,0.006459054209919262,0.004545586148990996,0.9414225941422594,9,12,5,6,0,1308,9,3,3,1,0.31427713111042976,0.31427713111042976,0.31427713111042976,3.1549688912928104,3.46924602240324,,
Theia Case 1,all,poi_only,coverage_exact,64,ok,64,53,3,1,1.0,1.0,8,56,231,897958,0.125,0.03347280334728033,0.052805280528052806,6.235982957949431e-05,0.9665271966527197,7,12,5,6,0,49,4,3,3,1,0.8636073991656303,0.8636073991656303,0.8636073991656303,3.1549688912928104,4.018576290458441,,
Theia Case 1,all,poi_only,coverage_exact,256,ok,256,203,3,1,1.0,1.0,12,244,227,897770,0.046875,0.0502092050209205,0.048484848484848485,0.0002717106860249395,0.9497907949790795,8,12,5,6,0,199,4,3,3,1,0.8775011748075485,0.8775011748075485,0.8775011748075485,3.1549688912928104,4.032470066100359,,
Theia Case 1,all,poi_only,coverage_exact,1024,ok,1024,523,3,1,1.0,1.0,14,1010,225,897004,0.013671875,0.058577405857740586,0.022169437846397466,0.0011247040692015937,0.9414225941422594,9,12,5,6,0,517,6,3,3,3,0.8801185451447964,0.8800075203180313,0.8879317827522755,3.1549688912928104,4.035087436437607,,
Theia Case 1,all,poi_only,coverage_exact,4096,ok,4096,1315,3,1,1.0,1.0,14,4082,225,893932,0.00341796875,0.058577405857740586,0.006459054209919262,0.004545586148990996,0.9414225941422594,9,12,5,6,0,1305,10,3,3,1,0.9065997153520584,0.9065997153520584,0.9065997153520584,3.1549688912928104,4.061568606644869,,
Theia Case 1,all,poi_only,coverage_semantic,64,ok,64,59,3,1,1.0,1.0,8,56,231,897958,0.125,0.03347280334728033,0.052805280528052806,6.235982957949431e-05,0.9665271966527197,7,12,5,6,0,56,3,3,3,1,1.017544224858284,1.017544224858284,1.017544224858284,3.1549688912928104,4.172513116151094,,
Theia Case 1,all,poi_only,coverage_semantic,256,ok,256,211,3,1,1.0,1.0,14,242,225,897772,0.0546875,0.058577405857740586,0.05656565656565657,0.00026948354925424326,0.9414225941422594,9,12,5,6,0,205,6,3,3,1,1.0027989335358143,1.0027989335358143,1.0027989335358143,3.1549688912928104,4.157767824828625,,
Theia Case 1,all,poi_only,coverage_semantic,1024,ok,1024,604,3,1,1.0,1.0,14,1010,225,897004,0.013671875,0.058577405857740586,0.022169437846397466,0.0011247040692015937,0.9414225941422594,9,12,5,6,0,597,7,3,3,3,1.0022677853703499,1.0016233995556831,1.0085899457335472,3.1549688912928104,4.15723667666316,,
Theia Case 1,all,poi_only,coverage_semantic,4096,ok,4096,1212,3,1,1.0,1.0,14,4082,225,893932,0.00341796875,0.058577405857740586,0.006459054209919262,0.004545586148990996,0.9414225941422594,9,12,5,6,0,1202,10,3,3,1,1.0315469056367874,1.0315469056367874,1.0315469056367874,3.1549688912928104,4.186515796929598,,
Theia Case 1,all,poi_only,coverage_partial,64,ok,64,59,3,1,1.0,1.0,8,56,231,897958,0.125,0.03347280334728033,0.052805280528052806,6.235982957949431e-05,0.9665271966527197,7,12,5,6,0,56,3,3,3,1,0.9890502393245697,0.9890502393245697,0.9890502393245697,3.1549688912928104,4.14401913061738,,
Theia Case 1,all,poi_only,coverage_partial,256,ok,256,213,3,1,1.0,1.0,14,242,225,897772,0.0546875,0.058577405857740586,0.05656565656565657,0.00026948354925424326,0.9414225941422594,9,12,5,6,0,205,8,3,3,1,1.005016267299652,1.005016267299652,1.005016267299652,3.1549688912928104,4.1599851585924625,,
Theia Case 1,all,poi_only,coverage_partial,1024,ok,1024,606,3,1,1.0,1.0,14,1010,225,897004,0.013671875,0.058577405857740586,0.022169437846397466,0.0011247040692015937,0.9414225941422594,9,12,5,6,0,597,9,3,3,3,1.0009362883865833,0.9977683313190937,1.0122254341840744,3.1549688912928104,4.155905179679394,,
Theia Case 1,all,poi_only,coverage_partial,4096,ok,4096,1209,3,1,1.0,1.0,14,4082,225,893932,0.00341796875,0.058577405857740586,0.006459054209919262,0.004545586148990996,0.9414225941422594,9,12,5,6,0,1197,12,3,3,1,1.0237616151571274,1.0237616151571274,1.0237616151571274,3.1549688912928104,4.178730506449938,,
Theia Case 1,all,poi_only,coverage_no_frequency,64,ok,64,58,3,1,1.0,1.0,7,57,232,897957,0.109375,0.029288702928870293,0.0462046204620462,6.347339796484242e-05,0.9707112970711297,6,12,4,6,0,56,2,3,3,1,1.0063198991119862,1.0063198991119862,1.0063198991119862,0.7413223870098591,1.7476422861218452,,
Theia Case 1,all,poi_only,coverage_no_frequency,256,ok,256,165,3,1,1.0,1.0,14,242,225,897772,0.0546875,0.058577405857740586,0.05656565656565657,0.00026948354925424326,0.9414225941422594,9,12,5,6,0,162,3,3,3,1,1.010098110884428,1.010098110884428,1.010098110884428,0.7413223870098591,1.751420497894287,,
Theia Case 1,all,poi_only,coverage_no_frequency,1024,ok,1024,488,3,1,1.0,1.0,14,1010,225,897004,0.013671875,0.058577405857740586,0.022169437846397466,0.0011247040692015937,0.9414225941422594,9,12,5,6,0,482,6,3,3,3,1.00697373598814,1.0054815746843815,1.0088215433061123,0.7413223870098591,1.7482961229979992,,
Theia Case 1,all,poi_only,coverage_no_frequency,4096,ok,4096,1107,3,1,1.0,1.0,14,4082,225,893932,0.00341796875,0.058577405857740586,0.006459054209919262,0.004545586148990996,0.9414225941422594,9,12,5,6,0,1101,6,3,3,1,1.0478268787264824,1.0478268787264824,1.0478268787264824,0.7413223870098591,1.7891492657363415,,
Theia Case 1,all,poi_only,pcst_native,64,ok,3,3,3,3,1.0,1.0,3,0,236,898014,1.0,0.012552301255230125,0.024793388429752067,0.0,0.9874476987447699,3,12,3,6,0,3,0,3,3,1,0.01010829210281372,0.01010829210281372,0.01010829210281372,6.146835528314114,6.156943820416927,1.0,0.0
Theia Case 1,all,poi_only,pcst_native,256,ok,114,114,3,2,1.0,0.8771929824561403,6,108,233,897906,0.05263157894736842,0.02510460251046025,0.0339943342776204,0.00012026538561759617,0.9748953974895398,6,12,5,6,0,114,0,3,3,1,0.010420925915241241,0.010420925915241241,0.010420925915241241,6.146835528314114,6.157256454229355,0.3,51.98139206055923
Theia Case 1,all,poi_only,pcst_native,1024,ok,940,873,3,1,1.0,0.9638297872340426,10,930,229,897084,0.010638297872340425,0.04184100418410042,0.016963528413910092,0.0010356185983737447,0.9581589958158996,8,12,5,6,0,873,0,3,3,1,0.010917428880929947,0.010917428880929947,0.010917428880929947,6.146835528314114,6.157752957195044,0.1,186.52300201115204
Theia Case 1,all,poi_only,pcst_native,4096,ok,940,873,3,1,1.0,0.9638297872340426,10,930,229,897084,0.010638297872340425,0.04184100418410042,0.016963528413910092,0.0010356185983737447,0.9581589958158996,8,12,5,6,0,873,0,3,3,1,0.011143255978822708,0.011143255978822708,0.011143255978822708,6.146835528314114,6.157978784292936,0.1,186.52300201115204
Theia Case 1,all,poi_only,random_0,64,ok,64,57,3,12,0.046875,0.046875,3,61,236,897953,0.046875,0.012552301255230125,0.019801980198019802,6.792767150623487e-05,0.9874476987447699,3,12,3,6,0,7,50,3,3,1,0.24100784584879875,0.24100784584879875,0.24100784584879875,,,,
Theia Case 1,all,poi_only,random_0,256,ok,256,213,3,29,0.01171875,0.01171875,3,253,236,897761,0.01171875,0.012552301255230125,0.012121212121212121,0.00028173280149307246,0.9874476987447699,3,12,3,6,0,23,190,3,3,1,0.2386801354587078,0.2386801354587078,0.2386801354587078,,,,
Theia Case 1,all,poi_only,random_0,1024,ok,1024,762,3,60,0.0029296875,0.0029296875,3,1021,236,896993,0.0029296875,0.012552301255230125,0.004750593824228029,0.001136953321440423,0.9874476987447699,3,12,3,6,0,84,678,3,3,1,0.23558728769421577,0.23558728769421577,0.23558728769421577,,,,
Theia Case 1,all,poi_only,random_0,4096,ok,4096,2405,3,104,0.000732421875,0.000732421875,4,4092,235,893922,0.0009765625,0.016736401673640166,0.001845444059976932,0.004556721832844477,0.9832635983263598,4,12,4,6,0,346,2059,3,3,1,0.23513057455420494,0.23513057455420494,0.23513057455420494,,,,
Theia Case 1,all,poi_only,random_1,64,ok,64,60,3,17,0.046875,0.046875,3,61,236,897953,0.046875,0.012552301255230125,0.019801980198019802,6.792767150623487e-05,0.9874476987447699,3,12,3,6,0,7,53,3,3,1,0.23950766772031784,0.23950766772031784,0.23950766772031784,,,,
Theia Case 1,all,poi_only,random_1,256,ok,256,215,3,20,0.01171875,0.01171875,3,253,236,897761,0.01171875,0.012552301255230125,0.012121212121212121,0.00028173280149307246,0.9874476987447699,3,12,3,6,0,16,199,3,3,1,0.2406979240477085,0.2406979240477085,0.2406979240477085,,,,
Theia Case 1,all,poi_only,random_1,1024,ok,1024,728,3,53,0.0029296875,0.0029296875,3,1021,236,896993,0.0029296875,0.012552301255230125,0.004750593824228029,0.001136953321440423,0.9874476987447699,3,12,3,6,0,79,649,3,3,1,0.24434218928217888,0.24434218928217888,0.24434218928217888,,,,
Theia Case 1,all,poi_only,random_1,4096,ok,4096,2394,3,117,0.000732421875,0.000732421875,4,4092,235,893922,0.0009765625,0.016736401673640166,0.001845444059976932,0.004556721832844477,0.9832635983263598,4,12,4,6,0,318,2076,3,3,1,0.2360491044819355,0.2360491044819355,0.2360491044819355,,,,
Theia Case 1,all,poi_only,random_2,64,ok,64,63,3,23,0.046875,0.046875,3,61,236,897953,0.046875,0.012552301255230125,0.019801980198019802,6.792767150623487e-05,0.9874476987447699,3,12,3,6,0,13,50,3,3,1,0.2329111546278,0.2329111546278,0.2329111546278,,,,
Theia Case 1,all,poi_only,random_2,256,ok,256,229,3,30,0.01171875,0.01171875,3,253,236,897761,0.01171875,0.012552301255230125,0.012121212121212121,0.00028173280149307246,0.9874476987447699,3,12,3,6,0,32,197,3,3,1,0.2355230450630188,0.2355230450630188,0.2355230450630188,,,,
Theia Case 1,all,poi_only,random_2,1024,ok,1024,744,3,57,0.0029296875,0.0029296875,4,1020,235,896994,0.00390625,0.016736401673640166,0.006334125098970704,0.001135839753055075,0.9832635983263598,4,12,4,6,0,80,664,3,3,1,0.2445702999830246,0.2445702999830246,0.2445702999830246,,,,
Theia Case 1,all,poi_only,random_2,4096,ok,4096,2386,3,115,0.000732421875,0.000732421875,4,4092,235,893922,0.0009765625,0.016736401673640166,0.001845444059976932,0.004556721832844477,0.9832635983263598,4,12,4,6,0,308,2078,3,3,1,0.2403872013092041,0.2403872013092041,0.2403872013092041,,,,
Theia Case 1,all,poi_only,random_3,64,ok,64,62,3,15,0.046875,0.046875,3,61,236,897953,0.046875,0.012552301255230125,0.019801980198019802,6.792767150623487e-05,0.9874476987447699,3,12,3,6,0,6,56,3,3,1,0.2356625571846962,0.2356625571846962,0.2356625571846962,,,,
Theia Case 1,all,poi_only,random_3,256,ok,256,216,3,29,0.01171875,0.01171875,4,252,235,897762,0.015625,0.016736401673640166,0.01616161616161616,0.0002806192331077244,0.9832635983263598,4,12,4,6,0,16,200,3,3,1,0.23434662073850632,0.23434662073850632,0.23434662073850632,,,,
Theia Case 1,all,poi_only,random_3,1024,ok,1024,748,3,50,0.0029296875,0.0029296875,4,1020,235,896994,0.00390625,0.016736401673640166,0.006334125098970704,0.001135839753055075,0.9832635983263598,4,12,4,6,0,73,675,3,3,1,0.23675213009119034,0.23675213009119034,0.23675213009119034,,,,
Theia Case 1,all,poi_only,random_3,4096,ok,4096,2413,3,122,0.000732421875,0.000732421875,4,4092,235,893922,0.0009765625,0.016736401673640166,0.001845444059976932,0.004556721832844477,0.9832635983263598,4,12,4,6,0,291,2122,3,3,1,0.25463660806417465,0.25463660806417465,0.25463660806417465,,,,
Theia Case 1,all,poi_only,random_4,64,ok,64,58,3,14,0.046875,0.046875,3,61,236,897953,0.046875,0.012552301255230125,0.019801980198019802,6.792767150623487e-05,0.9874476987447699,3,12,3,6,0,6,52,3,3,1,0.23839415237307549,0.23839415237307549,0.23839415237307549,,,,
Theia Case 1,all,poi_only,random_4,256,ok,256,222,3,26,0.01171875,0.01171875,3,253,236,897761,0.01171875,0.012552301255230125,0.012121212121212121,0.00028173280149307246,0.9874476987447699,3,12,3,6,0,22,200,3,3,1,0.23581137135624886,0.23581137135624886,0.23581137135624886,,,,
Theia Case 1,all,poi_only,random_4,1024,ok,1024,730,3,63,0.0029296875,0.0029296875,5,1019,234,896995,0.0048828125,0.02092050209205021,0.00791765637371338,0.0011347261846697267,0.9790794979079498,4,12,4,6,0,82,648,3,3,1,0.234255563467741,0.234255563467741,0.234255563467741,,,,
Theia Case 1,all,poi_only,random_4,4096,ok,4096,2390,3,104,0.000732421875,0.000732421875,5,4091,234,893923,0.001220703125,0.02092050209205021,0.002306805074971165,0.004555608264459129,0.9790794979079498,4,12,4,6,0,301,2089,3,3,1,0.23408615961670876,0.23408615961670876,0.23408615961670876,,,,
Theia Case 1,all,shared_context,old_score_top,64,infeasible_mandatory,,,165,,,,,,,,,,,,,,,,,,,,,,,,,,,,,
Theia Case 1,all,shared_context,old_score_top,256,ok,256,81,165,1,1.0,1.0,7,249,232,897765,0.02734375,0.029288702928870293,0.028282828282828285,0.00027727852795168004,0.9707112970711297,6,12,4,6,0,68,13,3,3,1,0.2018279731273651,0.2018279731273651,0.2018279731273651,,,,
Theia Case 1,all,shared_context,old_score_top,1024,ok,1024,224,165,1,1.0,0.994140625,12,1012,227,897002,0.01171875,0.0502092050209205,0.019002375296912115,0.0011269312059722899,0.9497907949790795,8,12,5,6,0,177,47,3,3,3,0.19376885518431664,0.18949340656399727,0.19497179985046387,,,,
Theia Case 1,all,shared_context,old_score_top,4096,ok,4096,249,165,1,1.0,0.99853515625,12,4084,227,893930,0.0029296875,0.0502092050209205,0.005536332179930796,0.004547813285761692,0.9497907949790795,8,12,5,6,0,207,42,3,3,1,0.18911349773406982,0.18911349773406982,0.18911349773406982,,,,
Theia Case 1,all,shared_context,rarity_top,64,infeasible_mandatory,,,165,,,,,,,,,,,,,,,,,,,,,,,,,,,,,
Theia Case 1,all,shared_context,rarity_top,256,ok,256,56,165,5,0.64453125,0.64453125,3,253,236,897761,0.01171875,0.012552301255230125,0.012121212121212121,0.00028173280149307246,0.9874476987447699,3,12,3,6,0,35,21,3,3,1,0.16582632064819336,0.16582632064819336,0.16582632064819336,,,,
Theia Case 1,all,shared_context,rarity_top,1024,ok,1024,76,165,4,0.1611328125,0.1611328125,3,1021,236,896993,0.0029296875,0.012552301255230125,0.004750593824228029,0.001136953321440423,0.9874476987447699,3,12,3,6,0,36,40,3,3,3,0.1751089096069336,0.16724327206611633,0.17837326973676682,,,,
Theia Case 1,all,shared_context,rarity_top,4096,ok,4096,128,165,3,0.999267578125,0.337158203125,3,4093,236,893921,0.000732421875,0.012552301255230125,0.001384083044982699,0.004557835401229825,0.9874476987447699,3,12,3,6,0,76,52,3,3,1,0.17293532565236092,0.17293532565236092,0.17293532565236092,,,,
Theia Case 1,all,shared_context,diffusion_top,64,infeasible_mandatory,,,165,,,,,,,,,,,,,,,,,,,,,,,,,,,,,
Theia Case 1,all,shared_context,diffusion_top,256,ok,256,90,165,1,1.0,0.953125,8,248,231,897766,0.03125,0.03347280334728033,0.03232323232323232,0.0002761649595663319,0.9665271966527197,7,12,5,6,0,78,12,3,3,1,0.1901993416249752,0.1901993416249752,0.1901993416249752,3.1549688912928104,3.3451682329177856,,
Theia Case 1,all,shared_context,diffusion_top,1024,ok,1024,474,165,1,1.0,0.818359375,14,1010,225,897004,0.013671875,0.058577405857740586,0.022169437846397466,0.0011247040692015937,0.9414225941422594,9,12,5,6,0,461,13,3,3,3,0.18369872868061066,0.1835719831287861,0.18418006226420403,3.1549688912928104,3.338667619973421,,
Theia Case 1,all,shared_context,diffusion_top,4096,ok,4096,1210,165,1,1.0,0.981201171875,14,4082,225,893932,0.00341796875,0.058577405857740586,0.006459054209919262,0.004545586148990996,0.9414225941422594,9,12,5,6,0,1197,13,3,3,1,0.19822212681174278,0.19822212681174278,0.19822212681174278,3.1549688912928104,3.3531910181045532,,
Theia Case 1,all,shared_context,localdegree_top,64,infeasible_mandatory,,,165,,,,,,,,,,,,,,,,,,,,,,,,,,,,,
Theia Case 1,all,shared_context,localdegree_top,256,ok,256,99,165,10,0.95703125,0.7109375,3,253,236,897761,0.01171875,0.012552301255230125,0.012121212121212121,0.00028173280149307246,0.9874476987447699,3,12,3,6,0,10,89,3,3,1,0.15377895906567574,0.15377895906567574,0.15377895906567574,2.2875960394740105,2.441374998539686,,
Theia Case 1,all,shared_context,localdegree_top,1024,ok,1024,594,165,60,0.916015625,0.5380859375,3,1021,236,896993,0.0029296875,0.012552301255230125,0.004750593824228029,0.001136953321440423,0.9874476987447699,3,12,3,6,0,70,524,3,3,3,0.15192488953471184,0.1470578946173191,0.1529316045343876,2.2875960394740105,2.4395209290087223,,
Theia Case 1,all,shared_context,localdegree_top,4096,ok,4096,2105,165,150,0.918212890625,0.498779296875,3,4093,236,893921,0.000732421875,0.012552301255230125,0.001384083044982699,0.004557835401229825,0.9874476987447699,3,12,3,6,0,273,1832,3,3,1,0.14724835008382797,0.14724835008382797,0.14724835008382797,2.2875960394740105,2.4348443895578384,,
Theia Case 1,all,shared_context,episode,64,infeasible_mandatory,,,165,,,,,,,,,,,,,,,,,,,,,,,,,,,,,
Theia Case 1,all,shared_context,episode,256,ok,256,90,165,1,1.0,1.0,8,248,231,897766,0.03125,0.03347280334728033,0.03232323232323232,0.0002761649595663319,0.9665271966527197,7,12,5,6,0,74,16,3,3,1,0.29826458916068077,0.29826458916068077,0.29826458916068077,3.1549688912928104,3.453233480453491,,
Theia Case 1,all,shared_context,episode,1024,ok,1024,474,165,1,1.0,1.0,14,1010,225,897004,0.013671875,0.058577405857740586,0.022169437846397466,0.0011247040692015937,0.9414225941422594,9,12,5,6,0,456,18,3,3,3,0.3045743778347969,0.3007240407168865,0.30561546236276627,3.1549688912928104,3.4595432691276073,,
Theia Case 1,all,shared_context,episode,4096,ok,4096,1239,165,1,1.0,1.0,14,4082,225,893932,0.00341796875,0.058577405857740586,0.006459054209919262,0.004545586148990996,0.9414225941422594,9,12,5,6,0,1219,20,3,3,1,0.3036021217703819,0.3036021217703819,0.3036021217703819,3.1549688912928104,3.4585710130631924,,
Theia Case 1,all,shared_context,coverage_exact,64,infeasible_mandatory,,,165,,,,,,,,,,,,,,,,,,,,,,,,,,,,,
Theia Case 1,all,shared_context,coverage_exact,256,ok,256,90,165,1,1.0,1.0,8,248,231,897766,0.03125,0.03347280334728033,0.03232323232323232,0.0002761649595663319,0.9665271966527197,7,12,5,6,0,74,16,3,3,1,0.8673897013068199,0.8673897013068199,0.8673897013068199,3.1549688912928104,4.02235859259963,,
Theia Case 1,all,shared_context,coverage_exact,1024,ok,1024,486,165,1,1.0,1.0,14,1010,225,897004,0.013671875,0.058577405857740586,0.022169437846397466,0.0011247040692015937,0.9414225941422594,9,12,5,6,0,468,18,3,3,3,0.8724784292280674,0.8657623417675495,0.8743975348770618,3.1549688912928104,4.027447320520878,,
Theia Case 1,all,shared_context,coverage_exact,4096,ok,4096,1324,165,1,1.0,1.0,14,4082,225,893932,0.00341796875,0.058577405857740586,0.006459054209919262,0.004545586148990996,0.9414225941422594,9,12,5,6,0,1302,22,3,3,1,0.9311140067875385,0.9311140067875385,0.9311140067875385,3.1549688912928104,4.086082898080349,,
Theia Case 1,all,shared_context,coverage_semantic,64,infeasible_mandatory,,,165,,,,,,,,,,,,,,,,,,,,,,,,,,,,,
Theia Case 1,all,shared_context,coverage_semantic,256,ok,256,102,165,1,1.0,1.0,8,248,231,897766,0.03125,0.03347280334728033,0.03232323232323232,0.0002761649595663319,0.9665271966527197,7,12,5,6,0,87,15,3,3,1,1.1135519109666348,1.1135519109666348,1.1135519109666348,3.1549688912928104,4.268520802259445,,
Theia Case 1,all,shared_context,coverage_semantic,1024,ok,1024,520,165,1,1.0,1.0,14,1010,225,897004,0.013671875,0.058577405857740586,0.022169437846397466,0.0011247040692015937,0.9414225941422594,9,12,5,6,0,501,19,3,3,3,1.0105621106922626,1.0104715041816235,1.0195683799684048,3.1549688912928104,4.165531001985073,,
Theia Case 1,all,shared_context,coverage_semantic,4096,ok,4096,1218,165,1,1.0,1.0,14,4082,225,893932,0.00341796875,0.058577405857740586,0.006459054209919262,0.004545586148990996,0.9414225941422594,9,12,5,6,0,1196,22,3,3,1,1.0426238179206848,1.0426238179206848,1.0426238179206848,3.1549688912928104,4.197592709213495,,
Theia Case 1,all,shared_context,coverage_partial,64,infeasible_mandatory,,,165,,,,,,,,,,,,,,,,,,,,,,,,,,,,,
Theia Case 1,all,shared_context,coverage_partial,256,ok,256,102,165,1,1.0,1.0,8,248,231,897766,0.03125,0.03347280334728033,0.03232323232323232,0.0002761649595663319,0.9665271966527197,7,12,5,6,0,87,15,3,3,1,0.9982665181159973,0.9982665181159973,0.9982665181159973,3.1549688912928104,4.153235409408808,,
Theia Case 1,all,shared_context,coverage_partial,1024,ok,1024,523,165,1,1.0,1.0,14,1010,225,897004,0.013671875,0.058577405857740586,0.022169437846397466,0.0011247040692015937,0.9414225941422594,9,12,5,6,0,501,22,3,3,3,1.0009802877902985,0.9942406453192234,1.0108618214726448,3.1549688912928104,4.155949179083109,,
Theia Case 1,all,shared_context,coverage_partial,4096,ok,4096,1218,165,1,1.0,1.0,14,4082,225,893932,0.00341796875,0.058577405857740586,0.006459054209919262,0.004545586148990996,0.9414225941422594,9,12,5,6,0,1194,24,3,3,1,1.0216557793319225,1.0216557793319225,1.0216557793319225,3.1549688912928104,4.176624670624733,,
Theia Case 1,all,shared_context,coverage_no_frequency,64,infeasible_mandatory,,,165,,,,,,,,,,,,,,,,,,,,,,,,,,,,,
Theia Case 1,all,shared_context,coverage_no_frequency,256,ok,256,102,165,1,1.0,1.0,7,249,232,897765,0.02734375,0.029288702928870293,0.028282828282828285,0.00027727852795168004,0.9707112970711297,6,12,4,6,0,88,14,3,3,1,0.9899986460804939,0.9899986460804939,0.9899986460804939,0.7413223870098591,1.731321033090353,,
Theia Case 1,all,shared_context,coverage_no_frequency,1024,ok,1024,423,165,1,1.0,1.0,14,1010,225,897004,0.013671875,0.058577405857740586,0.022169437846397466,0.0011247040692015937,0.9414225941422594,9,12,5,6,0,405,18,3,3,3,1.0035259500145912,1.0016060695052147,1.0072785206139088,0.7413223870098591,1.7448483370244503,,
Theia Case 1,all,shared_context,coverage_no_frequency,4096,ok,4096,1041,165,1,1.0,1.0,14,4082,225,893932,0.00341796875,0.058577405857740586,0.006459054209919262,0.004545586148990996,0.9414225941422594,9,12,5,6,0,1023,18,3,3,1,1.0350116081535816,1.0350116081535816,1.0350116081535816,0.7413223870098591,1.7763339951634407,,
Theia Case 1,all,shared_context,pcst_native,64,infeasible_mandatory,,,165,,,,,,,,,,,,,,,,,,,,,,,,,,,,,
Theia Case 1,all,shared_context,pcst_native,256,ok,165,17,165,2,1.0,1.0,3,162,236,897852,0.01818181818181818,0.012552301255230125,0.01485148514851485,0.00018039807842639425,0.9874476987447699,3,12,3,6,0,5,12,3,3,1,0.010146260261535645,0.010146260261535645,0.010146260261535645,6.146835528314114,6.156981788575649,1.0,0.0
Theia Case 1,all,shared_context,pcst_native,1024,ok,275,127,165,1,1.0,0.9490909090909091,6,269,233,897745,0.02181818181818182,0.02510460251046025,0.023346303501945526,0.0002995498956586423,0.9748953974895398,6,12,5,6,0,115,12,3,3,1,0.01057242602109909,0.01057242602109909,0.01057242602109909,6.146835528314114,6.157407954335213,0.3,51.98139206055923
Theia Case 1,all,shared_context,pcst_native,4096,ok,1100,885,165,1,1.0,0.9690909090909091,10,1090,229,896924,0.00909090909090909,0.04184100418410042,0.014936519790888723,0.0012137895400294427,0.9581589958158996,8,12,5,6,0,873,12,3,3,1,0.010941419750452042,0.010941419750452042,0.010941419750452042,6.146835528314114,6.157776948064566,0.1,186.52300201115204
Theia Case 1,all,shared_context,random_0,64,infeasible_mandatory,,,165,,,,,,,,,,,,,,,,,,,,,,,,,,,,,
Theia Case 1,all,shared_context,random_0,256,ok,256,96,165,13,0.953125,0.85546875,3,253,236,897761,0.01171875,0.012552301255230125,0.012121212121212121,0.00028173280149307246,0.9874476987447699,3,12,3,6,0,10,86,3,3,1,0.2386353574693203,0.2386353574693203,0.2386353574693203,,,,
Theia Case 1,all,shared_context,random_0,1024,ok,1024,669,165,53,0.9326171875,0.8662109375,3,1021,236,896993,0.0029296875,0.012552301255230125,0.004750593824228029,0.001136953321440423,0.9874476987447699,3,12,3,6,0,72,597,3,3,1,0.23929672688245773,0.23929672688245773,0.23929672688245773,,,,
Theia Case 1,all,shared_context,random_0,4096,ok,4096,2339,165,99,0.970458984375,0.90380859375,4,4092,235,893922,0.0009765625,0.016736401673640166,0.001845444059976932,0.004556721832844477,0.9832635983263598,4,12,4,6,0,332,2007,3,3,1,0.2396116629242897,0.2396116629242897,0.2396116629242897,,,,
Theia Case 1,all,shared_context,random_1,64,infeasible_mandatory,,,165,,,,,,,,,,,,,,,,,,,,,,,,,,,,,
Theia Case 1,all,shared_context,random_1,256,ok,256,99,165,14,0.9453125,0.859375,3,253,236,897761,0.01171875,0.012552301255230125,0.012121212121212121,0.00028173280149307246,0.9874476987447699,3,12,3,6,0,9,90,3,3,1,0.23926421999931335,0.23926421999931335,0.23926421999931335,,,,
Theia Case 1,all,shared_context,random_1,1024,ok,1024,643,165,44,0.9482421875,0.896484375,3,1021,236,896993,0.0029296875,0.012552301255230125,0.004750593824228029,0.001136953321440423,0.9874476987447699,3,12,3,6,0,66,577,3,3,1,0.2395259626209736,0.2395259626209736,0.2395259626209736,,,,
Theia Case 1,all,shared_context,random_1,4096,ok,4096,2330,165,114,0.9658203125,0.905029296875,4,4092,235,893922,0.0009765625,0.016736401673640166,0.001845444059976932,0.004556721832844477,0.9832635983263598,4,12,4,6,0,310,2020,3,3,1,0.2398143969476223,0.2398143969476223,0.2398143969476223,,,,
Theia Case 1,all,shared_context,random_2,64,infeasible_mandatory,,,165,,,,,,,,,,,,,,,,,,,,,,,,,,,,,
Theia Case 1,all,shared_context,random_2,256,ok,256,105,165,27,0.88671875,0.87109375,3,253,236,897761,0.01171875,0.012552301255230125,0.012121212121212121,0.00028173280149307246,0.9874476987447699,3,12,3,6,0,18,87,3,3,1,0.23997192457318306,0.23997192457318306,0.23997192457318306,,,,
Theia Case 1,all,shared_context,random_2,1024,ok,1024,661,165,49,0.9404296875,0.873046875,3,1021,236,896993,0.0029296875,0.012552301255230125,0.004750593824228029,0.001136953321440423,0.9874476987447699,3,12,3,6,0,73,588,3,3,1,0.2418971098959446,0.2418971098959446,0.2418971098959446,,,,
Theia Case 1,all,shared_context,random_2,4096,ok,4096,2308,165,113,0.9677734375,0.916015625,4,4092,235,893922,0.0009765625,0.016736401673640166,0.001845444059976932,0.004556721832844477,0.9832635983263598,4,12,4,6,0,297,2011,3,3,1,0.24045146629214287,0.24045146629214287,0.24045146629214287,,,,
Theia Case 1,all,shared_context,random_3,64,infeasible_mandatory,,,165,,,,,,,,,,,,,,,,,,,,,,,,,,,,,
Theia Case 1,all,shared_context,random_3,256,ok,256,103,165,16,0.94140625,0.86328125,3,253,236,897761,0.01171875,0.012552301255230125,0.012121212121212121,0.00028173280149307246,0.9874476987447699,3,12,3,6,0,9,94,3,3,1,0.24087273702025414,0.24087273702025414,0.24087273702025414,,,,
Theia Case 1,all,shared_context,random_3,1024,ok,1024,650,165,43,0.94140625,0.875,4,1020,235,896994,0.00390625,0.016736401673640166,0.006334125098970704,0.001135839753055075,0.9832635983263598,4,12,4,6,0,60,590,3,3,1,0.24037228524684906,0.24037228524684906,0.24037228524684906,,,,
Theia Case 1,all,shared_context,random_3,4096,ok,4096,2332,165,119,0.965576171875,0.908203125,4,4092,235,893922,0.0009765625,0.016736401673640166,0.001845444059976932,0.004556721832844477,0.9832635983263598,4,12,4,6,0,282,2050,3,3,1,0.25154805555939674,0.25154805555939674,0.25154805555939674,,,,
Theia Case 1,all,shared_context,random_4,64,infeasible_mandatory,,,165,,,,,,,,,,,,,,,,,,,,,,,,,,,,,
Theia Case 1,all,shared_context,random_4,256,ok,256,101,165,12,0.94921875,0.90234375,3,253,236,897761,0.01171875,0.012552301255230125,0.012121212121212121,0.00028173280149307246,0.9874476987447699,3,12,3,6,0,10,91,3,3,1,0.23956524208188057,0.23956524208188057,0.23956524208188057,,,,
Theia Case 1,all,shared_context,random_4,1024,ok,1024,648,165,52,0.9306640625,0.8740234375,4,1020,235,896994,0.00390625,0.016736401673640166,0.006334125098970704,0.001135839753055075,0.9832635983263598,4,12,4,6,0,72,576,3,3,1,0.23987356573343277,0.23987356573343277,0.23987356573343277,,,,
Theia Case 1,all,shared_context,random_4,4096,ok,4096,2339,165,101,0.97314453125,0.917724609375,5,4091,234,893923,0.001220703125,0.02092050209205021,0.002306805074971165,0.004555608264459129,0.9790794979079498,4,12,4,6,0,294,2045,3,3,1,0.2440790720283985,0.2440790720283985,0.2440790720283985,,,,
Theia Case 1,drop-0,poi_only,diffusion_top,1024,ok,1024,519,2,1,1.0,0.8154296875,14,1010,225,897004,0.013671875,0.058577405857740586,0.022169437846397466,0.0011247040692015937,0.9414225941422594,9,12,5,6,0,519,0,2,2,1,0.18500112369656563,0.18500112369656563,0.18500112369656563,3.0119437240064144,3.19694484770298,,
Theia Case 1,drop-0,poi_only,episode,1024,ok,1024,531,2,1,1.0,1.0,12,1012,227,897002,0.01171875,0.0502092050209205,0.019002375296912115,0.0011269312059722899,0.9497907949790795,8,12,5,6,0,510,21,2,2,1,0.30021514371037483,0.30021514371037483,0.30021514371037483,3.0119437240064144,3.3121588677167892,,
Theia Case 1,drop-0,poi_only,coverage_semantic,1024,ok,1024,569,2,1,1.0,1.0,8,1016,231,896998,0.0078125,0.03347280334728033,0.012668250197941409,0.0011313854795136824,0.9665271966527197,7,12,5,6,0,546,23,2,2,1,1.0029845125973225,1.0029845125973225,1.0029845125973225,3.0119437240064144,4.014928236603737,,
Theia Case 1,drop-0,poi_only,coverage_no_frequency,1024,ok,1024,551,2,1,1.0,1.0,8,1016,231,896998,0.0078125,0.03347280334728033,0.012668250197941409,0.0011313854795136824,0.9665271966527197,7,12,5,6,0,544,7,2,2,1,1.0011374168097973,1.0011374168097973,1.0011374168097973,0.609096072614193,1.6102334894239902,,
Theia Case 1,drop-0,shared_context,diffusion_top,1024,ok,1024,498,83,1,1.0,0.3251953125,12,1012,227,897002,0.01171875,0.0502092050209205,0.019002375296912115,0.0011269312059722899,0.9497907949790795,8,12,5,6,0,471,27,2,2,1,0.18397057801485062,0.18397057801485062,0.18397057801485062,3.0119437240064144,3.195914302021265,,
Theia Case 1,drop-0,shared_context,episode,1024,ok,1024,505,83,1,1.0,1.0,12,1012,227,897002,0.01171875,0.0502092050209205,0.019002375296912115,0.0011269312059722899,0.9497907949790795,8,12,5,6,0,478,27,2,2,1,0.2967653088271618,0.2967653088271618,0.2967653088271618,3.0119437240064144,3.308709032833576,,
Theia Case 1,drop-0,shared_context,coverage_semantic,1024,ok,1024,551,83,1,1.0,1.0,8,1016,231,896998,0.0078125,0.03347280334728033,0.012668250197941409,0.0011313854795136824,0.9665271966527197,7,12,5,6,0,532,19,2,2,1,0.996630035340786,0.996630035340786,0.996630035340786,3.0119437240064144,4.0085737593472,,
Theia Case 1,drop-0,shared_context,coverage_no_frequency,1024,ok,1024,492,83,1,1.0,1.0,7,1017,232,896997,0.0068359375,0.029288702928870293,0.011084718923198733,0.0011324990478990306,0.9707112970711297,6,12,4,6,0,480,12,2,2,1,0.9937965348362923,0.9937965348362923,0.9937965348362923,0.609096072614193,1.6028926074504852,,
Theia Case 1,drop-1,poi_only,diffusion_top,1024,ok,1024,520,2,1,1.0,0.8154296875,14,1010,225,897004,0.013671875,0.058577405857740586,0.022169437846397466,0.0011247040692015937,0.9414225941422594,9,12,5,6,0,514,6,2,2,1,0.18233774229884148,0.18233774229884148,0.18233774229884148,2.9835270792245865,3.165864821523428,,
Theia Case 1,drop-1,poi_only,episode,1024,ok,1024,530,2,1,1.0,1.0,14,1010,225,897004,0.013671875,0.058577405857740586,0.022169437846397466,0.0011247040692015937,0.9414225941422594,9,12,5,6,0,523,7,2,2,1,0.3107464388012886,0.3107464388012886,0.3107464388012886,2.9835270792245865,3.294273518025875,,
Theia Case 1,drop-1,poi_only,coverage_semantic,1024,ok,1024,563,2,1,1.0,1.0,14,1010,225,897004,0.013671875,0.058577405857740586,0.022169437846397466,0.0011247040692015937,0.9414225941422594,9,12,5,6,0,555,8,2,2,1,0.9980333223938942,0.9980333223938942,0.9980333223938942,2.9835270792245865,3.9815604016184807,,
Theia Case 1,drop-1,poi_only,coverage_no_frequency,1024,ok,1024,544,2,1,1.0,1.0,14,1010,225,897004,0.013671875,0.058577405857740586,0.022169437846397466,0.0011247040692015937,0.9414225941422594,9,12,5,6,0,537,7,2,2,1,1.0095336772501469,1.0095336772501469,1.0095336772501469,0.6128465011715889,1.6223801784217358,,
Theia Case 1,drop-1,shared_context,diffusion_top,1024,ok,1024,512,83,1,1.0,0.8154296875,14,1010,225,897004,0.013671875,0.058577405857740586,0.022169437846397466,0.0011247040692015937,0.9414225941422594,9,12,5,6,0,465,47,2,2,1,0.18261510133743286,0.18261510133743286,0.18261510133743286,2.9835270792245865,3.1661421805620193,,
Theia Case 1,drop-1,shared_context,episode,1024,ok,1024,504,83,1,1.0,1.0,14,1010,225,897004,0.013671875,0.058577405857740586,0.022169437846397466,0.0011247040692015937,0.9414225941422594,9,12,5,6,0,491,13,2,2,1,0.29844072833657265,0.29844072833657265,0.29844072833657265,2.9835270792245865,3.281967807561159,,
Theia Case 1,drop-1,shared_context,coverage_semantic,1024,ok,1024,545,83,1,1.0,1.0,14,1010,225,897004,0.013671875,0.058577405857740586,0.022169437846397466,0.0011247040692015937,0.9414225941422594,9,12,5,6,0,531,14,2,2,1,1.0093884095549583,1.0093884095549583,1.0093884095549583,2.9835270792245865,3.992915488779545,,
Theia Case 1,drop-1,shared_context,coverage_no_frequency,1024,ok,1024,474,83,1,1.0,1.0,14,1010,225,897004,0.013671875,0.058577405857740586,0.022169437846397466,0.0011247040692015937,0.9414225941422594,9,12,5,6,0,461,13,2,2,1,0.9948397800326347,0.9948397800326347,0.9948397800326347,0.6128465011715889,1.6076862812042236,,
Theia Case 1,drop-2,poi_only,diffusion_top,1024,ok,1024,674,2,1,1.0,0.984375,14,1010,225,897004,0.013671875,0.058577405857740586,0.022169437846397466,0.0011247040692015937,0.9414225941422594,9,12,5,6,0,674,0,2,2,1,0.17973456531763077,0.17973456531763077,0.17973456531763077,3.094792064279318,3.2745266295969486,,
Theia Case 1,drop-2,poi_only,episode,1024,ok,1024,682,2,1,1.0,1.0,14,1010,225,897004,0.013671875,0.058577405857740586,0.022169437846397466,0.0011247040692015937,0.9414225941422594,9,12,5,6,0,661,21,2,2,1,0.3053577281534672,0.3053577281534672,0.3053577281534672,3.094792064279318,3.400149792432785,,
Theia Case 1,drop-2,poi_only,coverage_semantic,1024,ok,1024,653,2,1,1.0,1.0,14,1010,225,897004,0.013671875,0.058577405857740586,0.022169437846397466,0.0011247040692015937,0.9414225941422594,9,12,5,6,0,629,24,2,2,1,0.9954364560544491,0.9954364560544491,0.9954364560544491,3.094792064279318,4.090228520333767,,
Theia Case 1,drop-2,poi_only,coverage_no_frequency,1024,ok,1024,678,2,1,1.0,1.0,14,1010,225,897004,0.013671875,0.058577405857740586,0.022169437846397466,0.0011247040692015937,0.9414225941422594,9,12,5,6,0,654,24,2,2,1,1.0042889975011349,1.0042889975011349,1.0042889975011349,0.6135606653988361,1.617849662899971,,
Theia Case 1,drop-2,shared_context,diffusion_top,1024,ok,1024,572,164,1,1.0,0.986328125,14,1010,225,897004,0.013671875,0.058577405857740586,0.022169437846397466,0.0011247040692015937,0.9414225941422594,9,12,5,6,0,560,12,2,2,1,0.182874895632267,0.182874895632267,0.182874895632267,3.094792064279318,3.277666959911585,,
Theia Case 1,drop-2,shared_context,episode,1024,ok,1024,573,164,1,1.0,1.0,14,1010,225,897004,0.013671875,0.058577405857740586,0.022169437846397466,0.0011247040692015937,0.9414225941422594,9,12,5,6,0,540,33,2,2,1,0.2974100336432457,0.2974100336432457,0.2974100336432457,3.094792064279318,3.3922020979225636,,
Theia Case 1,drop-2,shared_context,coverage_semantic,1024,ok,1024,601,164,1,1.0,1.0,14,1010,225,897004,0.013671875,0.058577405857740586,0.022169437846397466,0.0011247040692015937,0.9414225941422594,9,12,5,6,0,583,18,2,2,1,0.9853144064545631,0.9853144064545631,0.9853144064545631,3.094792064279318,4.080106470733881,,
Theia Case 1,drop-2,shared_context,coverage_no_frequency,1024,ok,1024,606,164,1,1.0,1.0,14,1010,225,897004,0.013671875,0.058577405857740586,0.022169437846397466,0.0011247040692015937,0.9414225941422594,9,12,5,6,0,588,18,2,2,1,0.9962065555155277,0.9962065555155277,0.9962065555155277,0.6135606653988361,1.6097672209143639,,
Theia Case 3,all,poi_only,old_score_top,64,ok,64,10,3,3,1.0,1.0,58,6,171,1131983,0.90625,0.25327510917030566,0.39590443686006827,5.300404862591421e-06,0.7467248908296943,5,9,3,5,0,9,1,3,3,1,0.24369170889258385,0.24369170889258385,0.24369170889258385,,,,
Theia Case 3,all,poi_only,old_score_top,256,ok,256,33,3,1,1.0,1.0,223,33,6,1131956,0.87109375,0.9737991266375546,0.9195876288659793,2.9152226744252814e-05,0.026200873362445413,5,9,3,5,0,32,1,3,3,1,0.243526142090559,0.243526142090559,0.243526142090559,,,,
Theia Case 3,all,poi_only,old_score_top,1024,ok,1024,485,3,1,1.0,1.0,225,799,4,1131190,0.2197265625,0.982532751091703,0.35913806863527536,0.0007058372475350909,0.017467248908296942,7,9,5,5,0,384,101,3,3,3,0.2411465048789978,0.23910990357398987,0.2412557192146778,,,,
Theia Case 3,all,poi_only,old_score_top,4096,ok,4096,3352,3,1,1.0,1.0,225,3871,4,1128118,0.054931640625,0.982532751091703,0.10404624277456648,0.0034196445371818983,0.017467248908296942,7,9,5,5,0,2826,526,3,3,1,0.24404318630695343,0.24404318630695343,0.24404318630695343,,,,
Theia Case 3,all,poi_only,rarity_top,64,ok,64,45,3,7,0.21875,0.078125,3,61,226,1131928,0.046875,0.013100436681222707,0.020477815699658702,5.388744943634611e-05,0.9868995633187773,3,9,3,5,0,43,2,3,3,1,0.2145565003156662,0.2145565003156662,0.2145565003156662,,,,
Theia Case 3,all,poi_only,rarity_top,256,ok,256,172,3,21,0.0546875,0.01953125,3,253,226,1131736,0.01171875,0.013100436681222707,0.012371134020618556,0.00022350040503927158,0.9868995633187773,3,9,3,5,0,172,0,3,3,1,0.21100866794586182,0.21100866794586182,0.21100866794586182,,,,
Theia Case 3,all,poi_only,rarity_top,1024,ok,1024,818,3,21,0.443359375,0.427734375,3,1021,226,1130968,0.0029296875,0.013100436681222707,0.004788507581803671,0.0009019522274509734,0.9868995633187773,3,9,3,5,0,702,116,3,3,3,0.21606717258691788,0.21295271068811417,0.22669006139039993,,,,
Theia Case 3,all,poi_only,rarity_top,4096,ok,4096,3697,3,54,0.839599609375,0.8212890625,3,4093,226,1127896,0.000732421875,0.013100436681222707,0.0013872832369942196,0.003615759517097781,0.9868995633187773,3,9,3,5,0,3168,529,3,3,1,0.21139637380838394,0.21139637380838394,0.21139637380838394,,,,
Theia Case 3,all,poi_only,diffusion_top,64,ok,64,18,3,3,1.0,0.984375,49,15,180,1131974,0.765625,0.21397379912663755,0.33447098976109213,1.3251012156478553e-05,0.7860262008733624,4,9,3,5,0,17,1,3,3,1,0.23430247604846954,0.23430247604846954,0.23430247604846954,2.7881379649043083,3.022440440952778,,
Theia Case 3,all,poi_only,diffusion_top,256,ok,256,38,3,3,1.0,0.9921875,223,33,6,1131956,0.87109375,0.9737991266375546,0.9195876288659793,2.9152226744252814e-05,0.026200873362445413,6,9,4,5,0,30,8,3,3,1,0.25029196217656136,0.25029196217656136,0.25029196217656136,2.7881379649043083,3.0384299270808697,,
Theia Case 3,all,poi_only,diffusion_top,1024,ok,1024,778,3,3,1.0,0.998046875,225,799,4,1131190,0.2197265625,0.982532751091703,0.35913806863527536,0.0007058372475350909,0.017467248908296942,7,9,5,5,0,598,180,3,3,3,0.23605551943182945,0.23343155160546303,0.24069228768348694,2.7881379649043083,3.0241934843361378,,
Theia Case 3,all,poi_only,diffusion_top,4096,ok,4096,3806,3,3,1.0,0.99951171875,225,3871,4,1128118,0.054931640625,0.982532751091703,0.10404624277456648,0.0034196445371818983,0.017467248908296942,7,9,5,5,0,2924,882,3,3,1,0.2408744990825653,0.2408744990825653,0.2408744990825653,2.7881379649043083,3.0290124639868736,,
Theia Case 3,all,poi_only,localdegree_top,64,ok,64,57,3,8,0.578125,0.3125,3,61,226,1131928,0.046875,0.013100436681222707,0.020477815699658702,5.388744943634611e-05,0.9868995633187773,3,9,3,5,0,9,48,3,3,1,0.2063748762011528,0.2063748762011528,0.2063748762011528,2.681557361036539,2.887932237237692,,
Theia Case 3,all,poi_only,localdegree_top,256,ok,256,222,3,18,0.515625,0.2265625,3,253,226,1131736,0.01171875,0.013100436681222707,0.012371134020618556,0.00022350040503927158,0.9868995633187773,3,9,3,5,0,32,190,3,3,1,0.2038201466202736,0.2038201466202736,0.2038201466202736,2.681557361036539,2.8853775076568127,,
Theia Case 3,all,poi_only,localdegree_top,1024,ok,1024,795,3,40,0.544921875,0.2294921875,4,1020,225,1130969,0.00390625,0.017467248908296942,0.006384676775738229,0.0009010688266405416,0.982532751091703,4,9,3,5,0,129,666,3,3,3,0.20119507610797882,0.20091184601187706,0.21421274170279503,2.681557361036539,2.882752437144518,,
Theia Case 3,all,poi_only,localdegree_top,4096,ok,4096,2951,3,90,0.52783203125,0.46337890625,4,4092,225,1127897,0.0009765625,0.017467248908296942,0.0018497109826589595,0.003614876116287349,0.982532751091703,4,9,3,5,0,542,2409,3,3,1,0.20711961761116982,0.20711961761116982,0.20711961761116982,2.681557361036539,2.888676978647709,,
Theia Case 3,all,poi_only,episode,64,ok,64,44,3,3,1.0,1.0,7,57,222,1131932,0.109375,0.03056768558951965,0.04778156996587031,5.0353846194618496e-05,0.9694323144104804,6,9,4,5,0,43,1,3,3,1,0.39104804024100304,0.39104804024100304,0.39104804024100304,2.7881379649043083,3.1791860051453114,,
Theia Case 3,all,poi_only,episode,256,ok,256,35,3,3,1.0,1.0,222,34,7,1131955,0.8671875,0.9694323144104804,0.9154639175257732,3.0035627554684718e-05,0.03056768558951965,5,9,4,5,0,35,0,3,3,1,0.40310144424438477,0.40310144424438477,0.40310144424438477,2.7881379649043083,3.191239409148693,,
Theia Case 3,all,poi_only,episode,1024,ok,1024,625,3,3,1.0,1.0,225,799,4,1131190,0.2197265625,0.982532751091703,0.35913806863527536,0.0007058372475350909,0.017467248908296942,7,9,5,5,0,625,0,3,3,3,0.3960036113858223,0.3900258205831051,0.39891456067562103,2.7881379649043083,3.1841415762901306,,
Theia Case 3,all,poi_only,episode,4096,ok,4096,3022,3,3,1.0,1.0,225,3871,4,1128118,0.054931640625,0.982532751091703,0.10404624277456648,0.0034196445371818983,0.017467248908296942,7,9,5,5,0,3022,0,3,3,1,0.40414752438664436,0.40414752438664436,0.40414752438664436,2.7881379649043083,3.1922854892909527,,
Theia Case 3,all,poi_only,coverage_exact,64,ok,64,56,3,3,1.0,1.0,6,58,223,1131931,0.09375,0.026200873362445413,0.040955631399317405,5.12372470050504e-05,0.9737991266375546,6,9,5,5,0,55,1,3,3,1,1.1288723833858967,1.1288723833858967,1.1288723833858967,2.7881379649043083,3.917010348290205,,
Theia Case 3,all,poi_only,coverage_exact,256,ok,256,38,3,3,1.0,1.0,223,33,6,1131956,0.87109375,0.9737991266375546,0.9195876288659793,2.9152226744252814e-05,0.026200873362445413,6,9,5,5,0,38,0,3,3,1,1.1387246437370777,1.1387246437370777,1.1387246437370777,2.7881379649043083,3.926862608641386,,
Theia Case 3,all,poi_only,coverage_exact,1024,ok,1024,636,3,3,1.0,1.0,223,801,6,1131188,0.2177734375,0.9737991266375546,0.3559457302474062,0.0007076040491559547,0.026200873362445413,6,9,5,5,0,636,0,3,3,3,1.1392171420156956,1.1357111521065235,1.1440204940736294,2.7881379649043083,3.927355106920004,,
Theia Case 3,all,poi_only,coverage_exact,4096,ok,4096,3024,3,3,1.0,1.0,223,3873,6,1128116,0.054443359375,0.9737991266375546,0.103121387283237,0.0034214113388027624,0.026200873362445413,6,9,5,5,0,3024,0,3,3,1,1.2040111757814884,1.2040111757814884,1.2040111757814884,2.7881379649043083,3.9921491406857967,,
Theia Case 3,all,poi_only,coverage_semantic,64,ok,64,56,3,3,1.0,1.0,6,58,223,1131931,0.09375,0.026200873362445413,0.040955631399317405,5.12372470050504e-05,0.9737991266375546,6,9,5,5,0,55,1,3,3,1,1.3173956796526909,1.3173956796526909,1.3173956796526909,2.7881379649043083,4.105533644556999,,
Theia Case 3,all,poi_only,coverage_semantic,256,ok,256,37,3,3,1.0,1.0,223,33,6,1131956,0.87109375,0.9737991266375546,0.9195876288659793,2.9152226744252814e-05,0.026200873362445413,6,9,5,5,0,37,0,3,3,1,1.2880060113966465,1.2880060113966465,1.2880060113966465,2.7881379649043083,4.076143976300955,,
Theia Case 3,all,poi_only,coverage_semantic,1024,ok,1024,635,3,3,1.0,1.0,223,801,6,1131188,0.2177734375,0.9737991266375546,0.3559457302474062,0.0007076040491559547,0.026200873362445413,6,9,5,5,0,635,0,3,3,3,1.3181951344013214,1.3082862719893456,1.320585049688816,2.7881379649043083,4.10633309930563,,
Theia Case 3,all,poi_only,coverage_semantic,4096,ok,4096,3023,3,3,1.0,1.0,223,3873,6,1128116,0.054443359375,0.9737991266375546,0.103121387283237,0.0034214113388027624,0.026200873362445413,6,9,5,5,0,3023,0,3,3,1,1.4007209688425064,1.4007209688425064,1.4007209688425064,2.7881379649043083,4.188858933746815,,
Theia Case 3,all,poi_only,coverage_partial,64,ok,64,56,3,3,1.0,1.0,6,58,223,1131931,0.09375,0.026200873362445413,0.040955631399317405,5.12372470050504e-05,0.9737991266375546,6,9,5,5,0,55,1,3,3,1,1.2939263992011547,1.2939263992011547,1.2939263992011547,2.7881379649043083,4.082064364105463,,
Theia Case 3,all,poi_only,coverage_partial,256,ok,256,207,3,3,1.0,1.0,6,250,223,1131739,0.0234375,0.026200873362445413,0.024742268041237112,0.00022085020260797586,0.9737991266375546,6,9,5,5,0,206,1,3,3,1,1.2917281836271286,1.2917281836271286,1.2917281836271286,2.7881379649043083,4.079866148531437,,
Theia Case 3,all,poi_only,coverage_partial,1024,ok,1024,792,3,3,1.0,1.0,6,1018,223,1130971,0.005859375,0.026200873362445413,0.009577015163607342,0.0008993020250196778,0.9737991266375546,6,9,5,5,0,791,1,3,3,3,1.3049703240394592,1.3048706203699112,1.3163876608014107,2.7881379649043083,4.0931082889437675,,
Theia Case 3,all,poi_only,coverage_partial,4096,ok,4096,3181,3,3,1.0,1.0,6,4090,223,1127899,0.00146484375,0.026200873362445413,0.0027745664739884392,0.0036131093146664853,0.9737991266375546,6,9,5,5,0,3180,1,3,3,1,1.368814591318369,1.368814591318369,1.368814591318369,2.7881379649043083,4.156952556222677,,
Theia Case 3,all,poi_only,coverage_no_frequency,64,ok,64,56,3,3,1.0,1.0,6,58,223,1131931,0.09375,0.026200873362445413,0.040955631399317405,5.12372470050504e-05,0.9737991266375546,6,9,5,5,0,55,1,3,3,1,1.3368942402303219,1.3368942402303219,1.3368942402303219,0.8353630416095257,2.1722572818398476,,
Theia Case 3,all,poi_only,coverage_no_frequency,256,ok,256,38,3,3,1.0,1.0,223,33,6,1131956,0.87109375,0.9737991266375546,0.9195876288659793,2.9152226744252814e-05,0.026200873362445413,6,9,5,5,0,38,0,3,3,1,1.3101642839610577,1.3101642839610577,1.3101642839610577,0.8353630416095257,2.1455273255705833,,
Theia Case 3,all,poi_only,coverage_no_frequency,1024,ok,1024,638,3,3,1.0,1.0,223,801,6,1131188,0.2177734375,0.9737991266375546,0.3559457302474062,0.0007076040491559547,0.026200873362445413,6,9,5,5,0,638,0,3,3,3,1.317340198904276,1.3168080560863018,1.322724275290966,0.8353630416095257,2.1527032405138016,,
Theia Case 3,all,poi_only,coverage_no_frequency,4096,ok,4096,3025,3,3,1.0,1.0,223,3873,6,1128116,0.054443359375,0.9737991266375546,0.103121387283237,0.0034214113388027624,0.026200873362445413,6,9,5,5,0,3025,0,3,3,1,1.4062025919556618,1.4062025919556618,1.4062025919556618,0.8353630416095257,2.2415656335651875,,
Theia Case 3,all,poi_only,pcst_native,64,ok,3,3,3,3,1.0,1.0,3,0,226,1131989,1.0,0.013100436681222707,0.02586206896551724,0.0,0.9868995633187773,3,9,3,5,0,3,0,3,3,1,0.012555021792650223,0.012555021792650223,0.012555021792650223,8.044355992227793,8.056911014020443,1.0,0.0
Theia Case 3,all,poi_only,pcst_native,256,ok,3,3,3,3,1.0,1.0,3,0,226,1131989,1.0,0.013100436681222707,0.02586206896551724,0.0,0.9868995633187773,3,9,3,5,0,3,0,3,3,1,0.012307185679674149,0.012307185679674149,0.012307185679674149,8.044355992227793,8.056663177907467,1.0,0.0
Theia Case 3,all,poi_only,pcst_native,1024,ok,3,3,3,3,1.0,1.0,3,0,226,1131989,1.0,0.013100436681222707,0.02586206896551724,0.0,0.9868995633187773,3,9,3,5,0,3,0,3,3,1,0.012193363159894943,0.012193363159894943,0.012193363159894943,8.044355992227793,8.056549355387688,1.0,0.0
Theia Case 3,all,poi_only,pcst_native,4096,ok,3,3,3,3,1.0,1.0,3,0,226,1131989,1.0,0.013100436681222707,0.02586206896551724,0.0,0.9868995633187773,3,9,3,5,0,3,0,3,3,1,0.0121697299182415,0.0121697299182415,0.0121697299182415,8.044355992227793,8.056525722146034,1.0,0.0
Theia Case 3,all,poi_only,random_0,64,ok,64,57,3,6,0.953125,0.21875,3,61,226,1131928,0.046875,0.013100436681222707,0.020477815699658702,5.388744943634611e-05,0.9868995633187773,3,9,3,5,0,6,51,3,3,1,0.32061903178691864,0.32061903178691864,0.32061903178691864,,,,
Theia Case 3,all,poi_only,random_0,256,ok,256,218,3,22,0.921875,0.14453125,3,253,226,1131736,0.01171875,0.013100436681222707,0.012371134020618556,0.00022350040503927158,0.9868995633187773,3,9,3,5,0,26,192,3,3,1,0.30422840267419815,0.30422840267419815,0.30422840267419815,,,,
Theia Case 3,all,poi_only,random_0,1024,ok,1024,737,3,30,0.9677734375,0.142578125,3,1021,226,1130968,0.0029296875,0.013100436681222707,0.004788507581803671,0.0009019522274509734,0.9868995633187773,3,9,3,5,0,84,653,3,3,1,0.3255968652665615,0.3255968652665615,0.3255968652665615,,,,
Theia Case 3,all,poi_only,random_0,4096,ok,4096,2532,3,47,0.9873046875,0.89697265625,4,4092,225,1127897,0.0009765625,0.017467248908296942,0.0018497109826589595,0.003614876116287349,0.982532751091703,4,9,3,5,0,376,2156,3,3,1,0.30563582107424736,0.30563582107424736,0.30563582107424736,,,,
Theia Case 3,all,poi_only,random_1,64,ok,64,63,3,8,0.90625,0.140625,3,61,226,1131928,0.046875,0.013100436681222707,0.020477815699658702,5.388744943634611e-05,0.9868995633187773,3,9,3,5,0,6,57,3,3,1,0.3200449012219906,0.3200449012219906,0.3200449012219906,,,,
Theia Case 3,all,poi_only,random_1,256,ok,256,228,3,15,0.953125,0.13671875,3,253,226,1131736,0.01171875,0.013100436681222707,0.012371134020618556,0.00022350040503927158,0.9868995633187773,3,9,3,5,0,27,201,3,3,1,0.3116877116262913,0.3116877116262913,0.3116877116262913,,,,
Theia Case 3,all,poi_only,random_1,1024,ok,1024,762,3,27,0.96875,0.1162109375,3,1021,226,1130968,0.0029296875,0.013100436681222707,0.004788507581803671,0.0009019522274509734,0.9868995633187773,3,9,3,5,0,80,682,3,3,1,0.3262610249221325,0.3262610249221325,0.3262610249221325,,,,
Theia Case 3,all,poi_only,random_1,4096,ok,4096,2544,3,40,0.989013671875,0.135009765625,4,4092,225,1127897,0.0009765625,0.017467248908296942,0.0018497109826589595,0.003614876116287349,0.982532751091703,4,9,3,5,0,339,2205,3,3,1,0.30219489708542824,0.30219489708542824,0.30219489708542824,,,,
Theia Case 3,all,poi_only,random_2,64,ok,64,63,3,13,0.8125,0.671875,3,61,226,1131928,0.046875,0.013100436681222707,0.020477815699658702,5.388744943634611e-05,0.9868995633187773,3,9,3,5,0,10,53,3,3,1,0.3290325030684471,0.3290325030684471,0.3290325030684471,,,,
Theia Case 3,all,poi_only,random_2,256,ok,256,229,3,20,0.9140625,0.83203125,3,253,226,1131736,0.01171875,0.013100436681222707,0.012371134020618556,0.00022350040503927158,0.9868995633187773,3,9,3,5,0,24,205,3,3,1,0.3074200935661793,0.3074200935661793,0.3074200935661793,,,,
Theia Case 3,all,poi_only,random_2,1024,ok,1024,768,3,34,0.9619140625,0.845703125,3,1021,226,1130968,0.0029296875,0.013100436681222707,0.004788507581803671,0.0009019522274509734,0.9868995633187773,3,9,3,5,0,102,666,3,3,1,0.31616420298814774,0.31616420298814774,0.31616420298814774,,,,
Theia Case 3,all,poi_only,random_2,4096,ok,4096,2563,3,47,0.9853515625,0.89501953125,3,4093,226,1127896,0.000732421875,0.013100436681222707,0.0013872832369942196,0.003615759517097781,0.9868995633187773,3,9,3,5,0,366,2197,3,3,1,0.3140953965485096,0.3140953965485096,0.3140953965485096,,,,
Theia Case 3,all,poi_only,random_3,64,ok,64,62,3,8,0.921875,0.203125,3,61,226,1131928,0.046875,0.013100436681222707,0.020477815699658702,5.388744943634611e-05,0.9868995633187773,3,9,3,5,0,9,53,3,3,1,0.3207334093749523,0.3207334093749523,0.3207334093749523,,,,
Theia Case 3,all,poi_only,random_3,256,ok,256,223,3,24,0.90234375,0.12109375,4,252,225,1131737,0.015625,0.017467248908296942,0.016494845360824743,0.00022261700422883968,0.982532751091703,4,9,3,5,0,29,194,3,3,1,0.30150502175092697,0.30150502175092697,0.30150502175092697,,,,
Theia Case 3,all,poi_only,random_3,1024,ok,1024,762,3,46,0.9482421875,0.1044921875,4,1020,225,1130969,0.00390625,0.017467248908296942,0.006384676775738229,0.0009010688266405416,0.982532751091703,4,9,3,5,0,88,674,3,3,1,0.331683661788702,0.331683661788702,0.331683661788702,,,,
Theia Case 3,all,poi_only,random_3,4096,ok,4096,2513,3,50,0.98583984375,0.119140625,4,4092,225,1127897,0.0009765625,0.017467248908296942,0.0018497109826589595,0.003614876116287349,0.982532751091703,4,9,3,5,0,334,2179,3,3,1,0.30583561956882477,0.30583561956882477,0.30583561956882477,,,,
Theia Case 3,all,poi_only,random_4,64,ok,64,62,3,7,0.9375,0.125,3,61,226,1131928,0.046875,0.013100436681222707,0.020477815699658702,5.388744943634611e-05,0.9868995633187773,3,9,3,5,0,8,54,3,3,1,0.3167850524187088,0.3167850524187088,0.3167850524187088,,,,
Theia Case 3,all,poi_only,random_4,256,ok,256,220,3,18,0.90625,0.125,3,253,226,1131736,0.01171875,0.013100436681222707,0.012371134020618556,0.00022350040503927158,0.9868995633187773,3,9,3,5,0,19,201,3,3,1,0.31300145015120506,0.31300145015120506,0.31300145015120506,,,,
Theia Case 3,all,poi_only,random_4,1024,ok,1024,781,3,43,0.9501953125,0.111328125,3,1021,226,1130968,0.0029296875,0.013100436681222707,0.004788507581803671,0.0009019522274509734,0.9868995633187773,3,9,3,5,0,96,685,3,3,1,0.3207855336368084,0.3207855336368084,0.3207855336368084,,,,
Theia Case 3,all,poi_only,random_4,4096,ok,4096,2507,3,52,0.98291015625,0.90771484375,4,4092,225,1127897,0.0009765625,0.017467248908296942,0.0018497109826589595,0.003614876116287349,0.982532751091703,4,9,3,5,0,356,2151,3,3,1,0.30252160876989365,0.30252160876989365,0.30252160876989365,,,,
Theia Case 3,all,shared_context,old_score_top,64,infeasible_mandatory,,,87,,,,,,,,,,,,,,,,,,,,,,,,,,,,,
Theia Case 3,all,shared_context,old_score_top,256,ok,256,34,87,1,1.0,1.0,223,33,6,1131956,0.87109375,0.9737991266375546,0.9195876288659793,2.9152226744252814e-05,0.026200873362445413,5,9,3,5,0,33,1,3,3,1,0.25782717019319534,0.25782717019319534,0.25782717019319534,,,,
Theia Case 3,all,shared_context,old_score_top,1024,ok,1024,485,87,1,1.0,1.0,225,799,4,1131190,0.2197265625,0.982532751091703,0.35913806863527536,0.0007058372475350909,0.017467248908296942,7,9,5,5,0,384,101,3,3,3,0.23915254324674606,0.23799323663115501,0.2425159551203251,,,,
Theia Case 3,all,shared_context,old_score_top,4096,ok,4096,3352,87,1,1.0,1.0,225,3871,4,1128118,0.054931640625,0.982532751091703,0.10404624277456648,0.0034196445371818983,0.017467248908296942,7,9,5,5,0,2826,526,3,3,1,0.2402375228703022,0.2402375228703022,0.2402375228703022,,,,
Theia Case 3,all,shared_context,rarity_top,64,infeasible_mandatory,,,87,,,,,,,,,,,,,,,,,,,,,,,,,,,,,
Theia Case 3,all,shared_context,rarity_top,256,ok,256,132,87,10,0.37890625,0.34375,83,173,146,1131816,0.32421875,0.3624454148471616,0.3422680412371134,0.0001528283402047193,0.6375545851528385,4,9,3,5,0,123,9,3,3,1,0.21433857828378677,0.21433857828378677,0.21433857828378677,,,,
Theia Case 3,all,shared_context,rarity_top,1024,ok,1024,739,87,20,0.4453125,0.431640625,83,941,146,1131048,0.0810546875,0.3624454148471616,0.13248204309656825,0.0008312801626164212,0.6375545851528385,4,9,3,5,0,646,93,3,3,3,0.2144852951169014,0.21425864472985268,0.21504200249910355,,,,
Theia Case 3,all,shared_context,rarity_top,4096,ok,4096,3630,87,54,0.840087890625,0.822265625,83,4013,146,1127976,0.020263671875,0.3624454148471616,0.03838150289017341,0.0035450874522632288,0.6375545851528385,4,9,3,5,0,3099,531,3,3,1,0.21770784258842468,0.21770784258842468,0.21770784258842468,,,,
Theia Case 3,all,shared_context,diffusion_top,64,infeasible_mandatory,,,87,,,,,,,,,,,,,,,,,,,,,,,,,,,,,
Theia Case 3,all,shared_context,diffusion_top,256,ok,256,38,87,3,1.0,0.9921875,222,34,7,1131955,0.8671875,0.9694323144104804,0.9154639175257732,3.0035627554684718e-05,0.03056768558951965,5,9,4,5,0,31,7,3,3,1,0.23914576694369316,0.23914576694369316,0.23914576694369316,2.7881379649043083,3.0272837318480015,,
Theia Case 3,all,shared_context,diffusion_top,1024,ok,1024,778,87,3,1.0,0.998046875,225,799,4,1131190,0.2197265625,0.982532751091703,0.35913806863527536,0.0007058372475350909,0.017467248908296942,7,9,5,5,0,599,179,3,3,3,0.24166414514183998,0.24008339270949364,0.24361689761281013,2.7881379649043083,3.0298021100461483,,
Theia Case 3,all,shared_context,diffusion_top,4096,ok,4096,3806,87,3,1.0,0.99951171875,225,3871,4,1128118,0.054931640625,0.982532751091703,0.10404624277456648,0.0034196445371818983,0.017467248908296942,7,9,5,5,0,2924,882,3,3,1,0.24198421835899353,0.24198421835899353,0.24198421835899353,2.7881379649043083,3.030122183263302,,
Theia Case 3,all,shared_context,localdegree_top,64,infeasible_mandatory,,,87,,,,,,,,,,,,,,,,,,,,,,,,,,,,,
Theia Case 3,all,shared_context,localdegree_top,256,ok,256,155,87,17,0.66796875,0.484375,83,173,146,1131816,0.32421875,0.3624454148471616,0.3422680412371134,0.0001528283402047193,0.6375545851528385,4,9,3,5,0,24,131,3,3,1,0.2060377225279808,0.2060377225279808,0.2060377225279808,2.681557361036539,2.88759508356452,,
Theia Case 3,all,shared_context,localdegree_top,1024,ok,1024,740,87,37,0.5869140625,0.291015625,83,941,146,1131048,0.0810546875,0.3624454148471616,0.13248204309656825,0.0008312801626164212,0.6375545851528385,4,9,3,5,0,125,615,3,3,3,0.2045135609805584,0.20433441549539566,0.2152411863207817,2.681557361036539,2.8860709220170975,,
Theia Case 3,all,shared_context,localdegree_top,4096,ok,4096,2895,87,88,0.53857421875,0.47265625,83,4013,146,1127976,0.020263671875,0.3624454148471616,0.03838150289017341,0.0035450874522632288,0.6375545851528385,4,9,3,5,0,537,2358,3,3,1,0.2103869691491127,0.2103869691491127,0.2103869691491127,2.681557361036539,2.891944330185652,,
Theia Case 3,all,shared_context,episode,64,infeasible_mandatory,,,87,,,,,,,,,,,,,,,,,,,,,,,,,,,,,
Theia Case 3,all,shared_context,episode,256,ok,256,37,87,3,1.0,1.0,222,34,7,1131955,0.8671875,0.9694323144104804,0.9154639175257732,3.0035627554684718e-05,0.03056768558951965,5,9,4,5,0,37,0,3,3,1,0.39138853922486305,0.39138853922486305,0.39138853922486305,2.7881379649043083,3.1795265041291714,,
Theia Case 3,all,shared_context,episode,1024,ok,1024,625,87,3,1.0,1.0,225,799,4,1131190,0.2197265625,0.982532751091703,0.35913806863527536,0.0007058372475350909,0.017467248908296942,7,9,5,5,0,625,0,3,3,3,0.3901032991707325,0.387679036706686,0.390626922249794,2.7881379649043083,3.178241264075041,,
Theia Case 3,all,shared_context,episode,4096,ok,4096,3022,87,3,1.0,1.0,225,3871,4,1128118,0.054931640625,0.982532751091703,0.10404624277456648,0.0034196445371818983,0.017467248908296942,7,9,5,5,0,3022,0,3,3,1,0.4020012766122818,0.4020012766122818,0.4020012766122818,2.7881379649043083,3.19013924151659,,
Theia Case 3,all,shared_context,coverage_exact,64,infeasible_mandatory,,,87,,,,,,,,,,,,,,,,,,,,,,,,,,,,,
Theia Case 3,all,shared_context,coverage_exact,256,ok,256,38,87,3,1.0,1.0,223,33,6,1131956,0.87109375,0.9737991266375546,0.9195876288659793,2.9152226744252814e-05,0.026200873362445413,6,9,5,5,0,38,0,3,3,1,1.1197695471346378,1.1197695471346378,1.1197695471346378,2.7881379649043083,3.907907512038946,,
Theia Case 3,all,shared_context,coverage_exact,1024,ok,1024,636,87,3,1.0,1.0,223,801,6,1131188,0.2177734375,0.9737991266375546,0.3559457302474062,0.0007076040491559547,0.026200873362445413,6,9,5,5,0,636,0,3,3,3,1.1287394873797894,1.1280312053859234,1.1291916407644749,2.7881379649043083,3.9168774522840977,,
Theia Case 3,all,shared_context,coverage_exact,4096,ok,4096,3024,87,3,1.0,1.0,223,3873,6,1128116,0.054443359375,0.9737991266375546,0.103121387283237,0.0034214113388027624,0.026200873362445413,6,9,5,5,0,3024,0,3,3,1,1.1968153677880764,1.1968153677880764,1.1968153677880764,2.7881379649043083,3.9849533326923847,,
Theia Case 3,all,shared_context,coverage_semantic,64,infeasible_mandatory,,,87,,,,,,,,,,,,,,,,,,,,,,,,,,,,,
Theia Case 3,all,shared_context,coverage_semantic,256,ok,256,37,87,3,1.0,1.0,223,33,6,1131956,0.87109375,0.9737991266375546,0.9195876288659793,2.9152226744252814e-05,0.026200873362445413,6,9,5,5,0,37,0,3,3,1,1.3036281503736973,1.3036281503736973,1.3036281503736973,2.7881379649043083,4.091766115278006,,
Theia Case 3,all,shared_context,coverage_semantic,1024,ok,1024,635,87,3,1.0,1.0,223,801,6,1131188,0.2177734375,0.9737991266375546,0.3559457302474062,0.0007076040491559547,0.026200873362445413,6,9,5,5,0,635,0,3,3,3,1.3081114999949932,1.305451475083828,1.3096305876970291,2.7881379649043083,4.0962494648993015,,
Theia Case 3,all,shared_context,coverage_semantic,4096,ok,4096,3023,87,3,1.0,1.0,223,3873,6,1128116,0.054443359375,0.9737991266375546,0.103121387283237,0.0034214113388027624,0.026200873362445413,6,9,5,5,0,3023,0,3,3,1,1.375132691115141,1.375132691115141,1.375132691115141,2.7881379649043083,4.163270656019449,,
Theia Case 3,all,shared_context,coverage_partial,64,infeasible_mandatory,,,87,,,,,,,,,,,,,,,,,,,,,,,,,,,,,
Theia Case 3,all,shared_context,coverage_partial,256,ok,256,147,87,3,1.0,1.0,85,171,144,1131818,0.33203125,0.37117903930131,0.35051546391752575,0.0001510615385838555,0.62882096069869,6,9,5,5,0,146,1,3,3,1,1.3034524098038673,1.3034524098038673,1.3034524098038673,2.7881379649043083,4.091590374708176,,
Theia Case 3,all,shared_context,coverage_partial,1024,ok,1024,739,87,3,1.0,1.0,85,939,144,1131050,0.0830078125,0.37117903930131,0.13567438148443736,0.0008295133609955574,0.62882096069869,6,9,5,5,0,738,1,3,3,3,1.3013271428644657,1.2880332916975021,1.3019791543483734,2.7881379649043083,4.089465107768774,,
Theia Case 3,all,shared_context,coverage_partial,4096,ok,4096,3122,87,3,1.0,1.0,85,4011,144,1127978,0.020751953125,0.37117903930131,0.03930635838150289,0.003543320650642365,0.62882096069869,6,9,5,5,0,3121,1,3,3,1,1.360805455595255,1.360805455595255,1.360805455595255,2.7881379649043083,4.148943420499563,,
Theia Case 3,all,shared_context,coverage_no_frequency,64,infeasible_mandatory,,,87,,,,,,,,,,,,,,,,,,,,,,,,,,,,,
Theia Case 3,all,shared_context,coverage_no_frequency,256,ok,256,38,87,3,1.0,1.0,222,34,7,1131955,0.8671875,0.9694323144104804,0.9154639175257732,3.0035627554684718e-05,0.03056768558951965,5,9,4,5,0,38,0,3,3,1,1.2881662175059319,1.2881662175059319,1.2881662175059319,0.8353630416095257,2.1235292591154575,,
Theia Case 3,all,shared_context,coverage_no_frequency,1024,ok,1024,638,87,3,1.0,1.0,223,801,6,1131188,0.2177734375,0.9737991266375546,0.3559457302474062,0.0007076040491559547,0.026200873362445413,6,9,5,5,0,638,0,3,3,3,1.3086462914943695,1.3057120144367218,1.3138524666428566,0.8353630416095257,2.144009333103895,,
Theia Case 3,all,shared_context,coverage_no_frequency,4096,ok,4096,3026,87,3,1.0,1.0,223,3873,6,1128116,0.054443359375,0.9737991266375546,0.103121387283237,0.0034214113388027624,0.026200873362445413,6,9,5,5,0,3026,0,3,3,1,1.390741154551506,1.390741154551506,1.390741154551506,0.8353630416095257,2.2261041961610317,,
Theia Case 3,all,shared_context,pcst_native,64,infeasible_mandatory,,,87,,,,,,,,,,,,,,,,,,,,,,,,,,,,,
Theia Case 3,all,shared_context,pcst_native,256,ok,87,8,87,3,1.0,1.0,83,4,146,1131985,0.9540229885057471,0.3624454148471616,0.5253164556962026,3.533603241727614e-06,0.6375545851528385,4,9,3,5,0,7,1,3,3,1,0.012786701321601868,0.012786701321601868,0.012786701321601868,8.044355992227793,8.057142693549395,1.0,0.0
Theia Case 3,all,shared_context,pcst_native,1024,ok,87,8,87,3,1.0,1.0,83,4,146,1131985,0.9540229885057471,0.3624454148471616,0.5253164556962026,3.533603241727614e-06,0.6375545851528385,4,9,3,5,0,7,1,3,3,1,0.012798357754945755,0.012798357754945755,0.012798357754945755,8.044355992227793,8.057154349982738,1.0,0.0
Theia Case 3,all,shared_context,pcst_native,4096,ok,87,8,87,3,1.0,1.0,83,4,146,1131985,0.9540229885057471,0.3624454148471616,0.5253164556962026,3.533603241727614e-06,0.6375545851528385,4,9,3,5,0,7,1,3,3,1,0.012590207159519196,0.012590207159519196,0.012590207159519196,8.044355992227793,8.056946199387312,1.0,0.0
Theia Case 3,all,shared_context,random_0,64,infeasible_mandatory,,,87,,,,,,,,,,,,,,,,,,,,,,,,,,,,,
Theia Case 3,all,shared_context,random_0,256,ok,256,154,87,14,0.953125,0.421875,83,173,146,1131816,0.32421875,0.3624454148471616,0.3422680412371134,0.0001528283402047193,0.6375545851528385,4,9,3,5,0,21,133,3,3,1,0.3040962591767311,0.3040962591767311,0.3040962591767311,,,,
Theia Case 3,all,shared_context,random_0,1024,ok,1024,682,87,32,0.9638671875,0.216796875,83,941,146,1131048,0.0810546875,0.3624454148471616,0.13248204309656825,0.0008312801626164212,0.6375545851528385,4,9,3,5,0,83,599,3,3,1,0.30625856295228004,0.30625856295228004,0.30625856295228004,,,,
Theia Case 3,all,shared_context,random_0,4096,ok,4096,2488,87,47,0.987548828125,0.89697265625,84,4012,145,1127977,0.0205078125,0.36681222707423583,0.03884393063583815,0.003544204051452797,0.6331877729257642,4,9,3,5,0,373,2115,3,3,1,0.30415624380111694,0.30415624380111694,0.30415624380111694,,,,
Theia Case 3,all,shared_context,random_1,64,infeasible_mandatory,,,87,,,,,,,,,,,,,,,,,,,,,,,,,,,,,
Theia Case 3,all,shared_context,random_1,256,ok,256,163,87,15,0.94921875,0.4140625,83,173,146,1131816,0.32421875,0.3624454148471616,0.3422680412371134,0.0001528283402047193,0.6375545851528385,4,9,3,5,0,24,139,3,3,1,0.31397373601794243,0.31397373601794243,0.31397373601794243,,,,
Theia Case 3,all,shared_context,random_1,1024,ok,1024,711,87,26,0.96875,0.193359375,83,941,146,1131048,0.0810546875,0.3624454148471616,0.13248204309656825,0.0008312801626164212,0.6375545851528385,4,9,3,5,0,79,632,3,3,1,0.30235161632299423,0.30235161632299423,0.30235161632299423,,,,
Theia Case 3,all,shared_context,random_1,4096,ok,4096,2498,87,39,0.989013671875,0.150634765625,83,4013,146,1127976,0.020263671875,0.3624454148471616,0.03838150289017341,0.0035450874522632288,0.6375545851528385,4,9,3,5,0,329,2169,3,3,1,0.30221839621663094,0.30221839621663094,0.30221839621663094,,,,
Theia Case 3,all,shared_context,random_2,64,infeasible_mandatory,,,87,,,,,,,,,,,,,,,,,,,,,,,,,,,,,
Theia Case 3,all,shared_context,random_2,256,ok,256,159,87,18,0.9296875,0.86328125,83,173,146,1131816,0.32421875,0.3624454148471616,0.3422680412371134,0.0001528283402047193,0.6375545851528385,4,9,3,5,0,22,137,3,3,1,0.304896455258131,0.304896455258131,0.304896455258131,,,,
Theia Case 3,all,shared_context,random_2,1024,ok,1024,717,87,33,0.962890625,0.85546875,83,941,146,1131048,0.0810546875,0.3624454148471616,0.13248204309656825,0.0008312801626164212,0.6375545851528385,4,9,3,5,0,97,620,3,3,1,0.3012212887406349,0.3012212887406349,0.3012212887406349,,,,
Theia Case 3,all,shared_context,random_2,4096,ok,4096,2522,87,47,0.9853515625,0.89599609375,83,4013,146,1127976,0.020263671875,0.3624454148471616,0.03838150289017341,0.0035450874522632288,0.6375545851528385,4,9,3,5,0,361,2161,3,3,1,0.3054343909025192,0.3054343909025192,0.3054343909025192,,,,
Theia Case 3,all,shared_context,random_3,64,infeasible_mandatory,,,87,,,,,,,,,,,,,,,,,,,,,,,,,,,,,
Theia Case 3,all,shared_context,random_3,256,ok,256,159,87,15,0.94140625,0.4140625,83,173,146,1131816,0.32421875,0.3624454148471616,0.3422680412371134,0.0001528283402047193,0.6375545851528385,4,9,3,5,0,24,135,3,3,1,0.30618802458047867,0.30618802458047867,0.30618802458047867,,,,
Theia Case 3,all,shared_context,random_3,1024,ok,1024,708,87,45,0.94921875,0.1767578125,83,941,146,1131048,0.0810546875,0.3624454148471616,0.13248204309656825,0.0008312801626164212,0.6375545851528385,4,9,3,5,0,89,619,3,3,1,0.3165448270738125,0.3165448270738125,0.3165448270738125,,,,
Theia Case 3,all,shared_context,random_3,4096,ok,4096,2479,87,48,0.986083984375,0.137451171875,83,4013,146,1127976,0.020263671875,0.3624454148471616,0.03838150289017341,0.0035450874522632288,0.6375545851528385,4,9,3,5,0,334,2145,3,3,1,0.30702368170022964,0.30702368170022964,0.30702368170022964,,,,
Theia Case 3,all,shared_context,random_4,64,infeasible_mandatory,,,87,,,,,,,,,,,,,,,,,,,,,,,,,,,,,
Theia Case 3,all,shared_context,random_4,256,ok,256,158,87,16,0.92578125,0.4296875,83,173,146,1131816,0.32421875,0.3624454148471616,0.3422680412371134,0.0001528283402047193,0.6375545851528385,4,9,3,5,0,21,137,3,3,1,0.3093390204012394,0.3093390204012394,0.3093390204012394,,,,
Theia Case 3,all,shared_context,random_4,1024,ok,1024,734,87,40,0.955078125,0.18359375,83,941,146,1131048,0.0810546875,0.3624454148471616,0.13248204309656825,0.0008312801626164212,0.6375545851528385,4,9,3,5,0,88,646,3,3,1,0.3087088577449322,0.3087088577449322,0.3087088577449322,,,,
Theia Case 3,all,shared_context,random_4,4096,ok,4096,2477,87,52,0.982666015625,0.9091796875,83,4013,146,1127976,0.020263671875,0.3624454148471616,0.03838150289017341,0.0035450874522632288,0.6375545851528385,4,9,3,5,0,358,2119,3,3,1,0.3128729425370693,0.3128729425370693,0.3128729425370693,,,,
Theia Case 3,drop-0,poi_only,diffusion_top,1024,ok,1024,995,2,2,1.0,0.998046875,6,1018,223,1130971,0.005859375,0.026200873362445413,0.009577015163607342,0.0008993020250196778,0.9737991266375546,5,9,4,5,0,753,242,2,2,1,0.2399546466767788,0.2399546466767788,0.2399546466767788,2.624038077890873,2.8639927245676517,,
Theia Case 3,drop-0,poi_only,episode,1024,ok,1024,781,2,2,1.0,1.0,6,1018,223,1130971,0.005859375,0.026200873362445413,0.009577015163607342,0.0008993020250196778,0.9737991266375546,5,9,4,5,0,781,0,2,2,1,0.4038413539528847,0.4038413539528847,0.4038413539528847,2.624038077890873,3.0278794318437576,,
Theia Case 3,drop-0,poi_only,coverage_semantic,1024,ok,1024,790,2,2,1.0,1.0,4,1020,225,1130969,0.00390625,0.017467248908296942,0.006384676775738229,0.0009010688266405416,0.982532751091703,4,9,4,5,0,790,0,2,2,1,1.322827983647585,1.322827983647585,1.322827983647585,2.624038077890873,3.946866061538458,,
Theia Case 3,drop-0,poi_only,coverage_no_frequency,1024,ok,1024,787,2,2,1.0,1.0,4,1020,225,1130969,0.00390625,0.017467248908296942,0.006384676775738229,0.0009010688266405416,0.982532751091703,4,9,4,5,0,787,0,2,2,1,1.3249773643910885,1.3249773643910885,1.3249773643910885,0.6954566389322281,2.0204340033233166,,
Theia Case 3,drop-0,shared_context,diffusion_top,1024,ok,1024,995,2,2,1.0,0.998046875,6,1018,223,1130971,0.005859375,0.026200873362445413,0.009577015163607342,0.0008993020250196778,0.9737991266375546,5,9,4,5,0,753,242,2,2,1,0.23538031429052353,0.23538031429052353,0.23538031429052353,2.624038077890873,2.8594183921813965,,
Theia Case 3,drop-0,shared_context,episode,1024,ok,1024,781,2,2,1.0,1.0,6,1018,223,1130971,0.005859375,0.026200873362445413,0.009577015163607342,0.0008993020250196778,0.9737991266375546,5,9,4,5,0,781,0,2,2,1,0.3947503790259361,0.3947503790259361,0.3947503790259361,2.624038077890873,3.018788456916809,,
Theia Case 3,drop-0,shared_context,coverage_semantic,1024,ok,1024,790,2,2,1.0,1.0,4,1020,225,1130969,0.00390625,0.017467248908296942,0.006384676775738229,0.0009010688266405416,0.982532751091703,4,9,4,5,0,790,0,2,2,1,1.3109360933303833,1.3109360933303833,1.3109360933303833,2.624038077890873,3.9349741712212563,,
Theia Case 3,drop-0,shared_context,coverage_no_frequency,1024,ok,1024,787,2,2,1.0,1.0,4,1020,225,1130969,0.00390625,0.017467248908296942,0.006384676775738229,0.0009010688266405416,0.982532751091703,4,9,4,5,0,787,0,2,2,1,1.3205198608338833,1.3205198608338833,1.3205198608338833,0.6954566389322281,2.0159764997661114,,
Theia Case 3,drop-1,poi_only,diffusion_top,1024,ok,1024,778,2,2,1.0,0.9990234375,224,800,5,1131189,0.21875,0.9781659388646288,0.3575418994413408,0.0007067206483455228,0.021834061135371178,6,9,4,5,0,597,181,2,2,1,0.23331411182880402,0.23331411182880402,0.23331411182880402,2.6127559766173363,2.8460700884461403,,
Theia Case 3,drop-1,poi_only,episode,1024,ok,1024,623,2,2,1.0,1.0,224,800,5,1131189,0.21875,0.9781659388646288,0.3575418994413408,0.0007067206483455228,0.021834061135371178,6,9,4,5,0,623,0,2,2,1,0.39309999719262123,0.39309999719262123,0.39309999719262123,2.6127559766173363,3.0058559738099575,,
Theia Case 3,drop-1,poi_only,coverage_semantic,1024,ok,1024,633,2,2,1.0,1.0,222,802,7,1131187,0.216796875,0.9694323144104804,0.35434956105347165,0.0007084874499663866,0.03056768558951965,5,9,4,5,0,633,0,2,2,1,1.3020662032067776,1.3020662032067776,1.3020662032067776,2.6127559766173363,3.914822179824114,,
Theia Case 3,drop-1,poi_only,coverage_no_frequency,1024,ok,1024,636,2,2,1.0,1.0,222,802,7,1131187,0.216796875,0.9694323144104804,0.35434956105347165,0.0007084874499663866,0.03056768558951965,5,9,4,5,0,636,0,2,2,1,1.3255537301301956,1.3255537301301956,1.3255537301301956,0.6873632781207561,2.0129170082509518,,
Theia Case 3,drop-1,shared_context,diffusion_top,1024,ok,1024,778,86,2,1.0,0.9990234375,224,800,5,1131189,0.21875,0.9781659388646288,0.3575418994413408,0.0007067206483455228,0.021834061135371178,6,9,4,5,0,598,180,2,2,1,0.23321795463562012,0.23321795463562012,0.23321795463562012,2.6127559766173363,2.8459739312529564,,
Theia Case 3,drop-1,shared_context,episode,1024,ok,1024,624,86,2,1.0,1.0,224,800,5,1131189,0.21875,0.9781659388646288,0.3575418994413408,0.0007067206483455228,0.021834061135371178,6,9,4,5,0,624,0,2,2,1,0.39404864609241486,0.39404864609241486,0.39404864609241486,2.6127559766173363,3.006804622709751,,
Theia Case 3,drop-1,shared_context,coverage_semantic,1024,ok,1024,634,86,2,1.0,1.0,222,802,7,1131187,0.216796875,0.9694323144104804,0.35434956105347165,0.0007084874499663866,0.03056768558951965,5,9,4,5,0,634,0,2,2,1,1.3076286427676678,1.3076286427676678,1.3076286427676678,2.6127559766173363,3.920384619385004,,
Theia Case 3,drop-1,shared_context,coverage_no_frequency,1024,ok,1024,636,86,2,1.0,1.0,222,802,7,1131187,0.216796875,0.9694323144104804,0.35434956105347165,0.0007084874499663866,0.03056768558951965,5,9,4,5,0,636,0,2,2,1,1.3073521703481674,1.3073521703481674,1.3073521703481674,0.6873632781207561,1.9947154484689236,,
Theia Case 3,drop-2,poi_only,diffusion_top,1024,ok,1024,282,2,1,1.0,0.9931640625,222,802,7,1131187,0.216796875,0.9694323144104804,0.35434956105347165,0.0007084874499663866,0.03056768558951965,4,9,2,5,0,217,65,2,2,1,0.2386690191924572,0.2386690191924572,0.2386690191924572,2.600307419896126,2.838976439088583,,
Theia Case 3,drop-2,poi_only,episode,1024,ok,1024,235,2,1,1.0,0.998046875,222,802,7,1131187,0.216796875,0.9694323144104804,0.35434956105347165,0.0007084874499663866,0.03056768558951965,4,9,2,5,0,233,2,2,2,1,0.38682807981967926,0.38682807981967926,0.38682807981967926,2.600307419896126,2.987135499715805,,
Theia Case 3,drop-2,poi_only,coverage_semantic,1024,ok,1024,176,2,1,1.0,0.9990234375,222,802,7,1131187,0.216796875,0.9694323144104804,0.35434956105347165,0.0007084874499663866,0.03056768558951965,4,9,2,5,0,174,2,2,2,1,1.2744009494781494,1.2744009494781494,1.2744009494781494,2.600307419896126,3.874708369374275,,
Theia Case 3,drop-2,poi_only,coverage_no_frequency,1024,ok,1024,154,2,1,1.0,1.0,222,802,7,1131187,0.216796875,0.9694323144104804,0.35434956105347165,0.0007084874499663866,0.03056768558951965,4,9,2,5,0,154,0,2,2,1,1.2812693119049072,1.2812693119049072,1.2812693119049072,0.6894388049840927,1.970708116889,,
Theia Case 3,drop-2,shared_context,diffusion_top,1024,ok,1024,282,86,1,1.0,0.9931640625,222,802,7,1131187,0.216796875,0.9694323144104804,0.35434956105347165,0.0007084874499663866,0.03056768558951965,4,9,2,5,0,217,65,2,2,1,0.23142219334840775,0.23142219334840775,0.23142219334840775,2.600307419896126,2.8317296132445335,,
Theia Case 3,drop-2,shared_context,episode,1024,ok,1024,235,86,1,1.0,0.998046875,222,802,7,1131187,0.216796875,0.9694323144104804,0.35434956105347165,0.0007084874499663866,0.03056768558951965,4,9,2,5,0,233,2,2,2,1,0.38818738609552383,0.38818738609552383,0.38818738609552383,2.600307419896126,2.9884948059916496,,
Theia Case 3,drop-2,shared_context,coverage_semantic,1024,ok,1024,176,86,1,1.0,0.9990234375,222,802,7,1131187,0.216796875,0.9694323144104804,0.35434956105347165,0.0007084874499663866,0.03056768558951965,4,9,2,5,0,174,2,2,2,1,1.282367505133152,1.282367505133152,1.282367505133152,2.600307419896126,3.882674925029278,,
Theia Case 3,drop-2,shared_context,coverage_no_frequency,1024,ok,1024,154,86,1,1.0,1.0,222,802,7,1131187,0.216796875,0.9694323144104804,0.35434956105347165,0.0007084874499663866,0.03056768558951965,4,9,2,5,0,154,0,2,2,1,1.278321761637926,1.278321761637926,1.278321761637926,0.6894388049840927,1.9677605666220188,,
Theia Case 5,all,poi_only,old_score_top,64,ok,64,49,1,1,1.0,1.0,1,63,30,137668,0.015625,0.03225806451612903,0.021052631578947368,0.00045741336373075054,0.967741935483871,1,8,1,6,0,44,5,0,1,1,0.019293662160634995,0.019293662160634995,0.019293662160634995,,,,
Theia Case 5,all,poi_only,old_score_top,256,ok,256,98,1,1,1.0,1.0,1,255,30,137476,0.00390625,0.03225806451612903,0.006968641114982578,0.0018514350436720855,0.967741935483871,1,8,1,6,0,94,4,0,1,1,0.018710780888795853,0.018710780888795853,0.018710780888795853,,,,
Theia Case 5,all,poi_only,old_score_top,1024,ok,1024,358,1,1,1.0,0.8095703125,2,1022,29,136709,0.001953125,0.06451612903225806,0.0037914691943127963,0.007420261233854398,0.9354838709677419,2,8,1,6,0,346,12,0,1,3,0.01852503791451454,0.0184289813041687,0.018616821616888046,,,,
Theia Case 5,all,poi_only,old_score_top,4096,ok,4096,3430,1,1,1.0,0.95166015625,5,4091,26,133640,0.001220703125,0.16129032258064516,0.00242306760358614,0.029702826524166673,0.8387096774193549,5,8,4,6,0,3418,12,0,1,1,0.01851094514131546,0.01851094514131546,0.01851094514131546,,,,
Theia Case 5,all,poi_only,rarity_top,64,ok,64,64,1,6,0.890625,0.609375,2,62,29,137669,0.03125,0.06451612903225806,0.042105263157894736,0.00045015283414772273,0.9354838709677419,2,8,2,6,0,63,1,0,1,1,0.018779568374156952,0.018779568374156952,0.018779568374156952,,,,
Theia Case 5,all,poi_only,rarity_top,256,ok,256,256,1,6,0.97265625,0.90234375,2,254,29,137477,0.0078125,0.06451612903225806,0.013937282229965157,0.0018441745140890576,0.9354838709677419,2,8,2,6,0,255,1,0,1,1,0.01878984272480011,0.01878984272480011,0.01878984272480011,,,,
Theia Case 5,all,poi_only,rarity_top,1024,ok,1024,1024,1,6,0.9931640625,0.9755859375,2,1022,29,136709,0.001953125,0.06451612903225806,0.0037914691943127963,0.007420261233854398,0.9354838709677419,2,8,2,6,0,1023,1,0,1,3,0.01882285252213478,0.01880122721195221,0.02184884622693062,,,,
Theia Case 5,all,poi_only,rarity_top,4096,ok,4096,4096,1,6,0.998291015625,0.993896484375,2,4094,29,133637,0.00048828125,0.06451612903225806,0.000969227041434456,0.029724608112915756,0.9354838709677419,2,8,2,6,0,4095,1,0,1,1,0.018802981823682785,0.018802981823682785,0.018802981823682785,,,,
Theia Case 5,all,poi_only,diffusion_top,64,ok,64,20,1,1,1.0,1.0,24,40,7,137691,0.375,0.7741935483870968,0.5052631578947369,0.00029042118332111145,0.22580645161290322,1,8,1,6,0,18,2,1,1,1,0.018694650381803513,0.018694650381803513,0.018694650381803513,1.2012175023555756,1.219912152737379,,
Theia Case 5,all,poi_only,diffusion_top,256,ok,256,101,1,1,1.0,1.0,25,231,6,137500,0.09765625,0.8064516129032258,0.17421602787456447,0.0016771823336794187,0.1935483870967742,2,8,2,6,0,101,0,1,1,1,0.018536459654569626,0.018536459654569626,0.018536459654569626,1.2012175023555756,1.2197539620101452,,
Theia Case 5,all,poi_only,diffusion_top,1024,ok,1024,292,1,1,1.0,0.9677734375,28,996,3,136735,0.02734375,0.9032258064516129,0.05308056872037915,0.007231487464695675,0.0967741935483871,5,8,4,6,0,289,3,1,1,3,0.01866544410586357,0.018656481057405472,0.01870661973953247,1.2012175023555756,1.2198829464614391,,
Theia Case 5,all,poi_only,diffusion_top,4096,ok,4096,3138,1,1,1.0,0.887939453125,30,4066,1,133665,0.00732421875,0.967741935483871,0.01453840562151684,0.02952131328459098,0.03225806451612903,7,8,5,6,0,3138,0,1,1,1,0.018543533980846405,0.018543533980846405,0.018543533980846405,1.2012175023555756,1.219761036336422,,
Theia Case 5,all,poi_only,localdegree_top,64,ok,64,63,1,8,0.015625,0.015625,1,63,30,137668,0.015625,0.03225806451612903,0.021052631578947368,0.00045741336373075054,0.967741935483871,1,8,1,6,0,57,6,0,1,1,0.014239292591810226,0.014239292591810226,0.014239292591810226,2.256111264228821,2.270350556820631,,
Theia Case 5,all,poi_only,localdegree_top,256,ok,256,252,1,9,0.0078125,0.0078125,1,255,30,137476,0.00390625,0.03225806451612903,0.006968641114982578,0.0018514350436720855,0.967741935483871,1,8,1,6,0,236,16,0,1,1,0.014052819460630417,0.014052819460630417,0.014052819460630417,2.256111264228821,2.270164083689451,,
Theia Case 5,all,poi_only,localdegree_top,1024,ok,1024,1003,1,11,0.00390625,0.00390625,2,1022,29,136709,0.001953125,0.06451612903225806,0.0037914691943127963,0.007420261233854398,0.9354838709677419,1,8,1,6,0,964,39,0,1,3,0.014140713959932327,0.014044977724552155,0.014183297753334045,2.256111264228821,2.270251978188753,,
Theia Case 5,all,poi_only,localdegree_top,4096,ok,4096,3974,1,15,0.001953125,0.001953125,2,4094,29,133637,0.00048828125,0.06451612903225806,0.000969227041434456,0.029724608112915756,0.9354838709677419,1,8,1,6,0,3876,98,0,1,1,0.014084558933973312,0.014084558933973312,0.014084558933973312,2.256111264228821,2.270195823162794,,
Theia Case 5,all,poi_only,episode,64,ok,64,27,1,1,1.0,1.0,24,40,7,137691,0.375,0.7741935483870968,0.5052631578947369,0.00029042118332111145,0.22580645161290322,1,8,1,6,0,25,2,1,1,1,0.09754472225904465,0.09754472225904465,0.09754472225904465,1.2012175023555756,1.2987622246146202,,
Theia Case 5,all,poi_only,episode,256,ok,256,101,1,1,1.0,1.0,25,231,6,137500,0.09765625,0.8064516129032258,0.17421602787456447,0.0016771823336794187,0.1935483870967742,2,8,2,6,0,100,1,1,1,1,0.09545282274484634,0.09545282274484634,0.09545282274484634,1.2012175023555756,1.296670325100422,,
Theia Case 5,all,poi_only,episode,1024,ok,1024,265,1,1,1.0,0.998046875,26,998,5,136733,0.025390625,0.8387096774193549,0.04928909952606635,0.007246008523861731,0.16129032258064516,3,8,2,6,0,264,1,1,1,3,0.09595327824354172,0.09587322175502777,0.0963016003370285,1.2012175023555756,1.2971707805991173,,
Theia Case 5,all,poi_only,episode,4096,ok,4096,3191,1,1,1.0,0.998779296875,28,4068,3,133663,0.0068359375,0.9032258064516129,0.013569178580082384,0.029535834343757034,0.0967741935483871,5,8,3,6,0,3191,0,1,1,1,0.11508379876613617,0.11508379876613617,0.11508379876613617,1.2012175023555756,1.3163013011217117,,
Theia Case 5,all,poi_only,coverage_exact,64,ok,64,29,1,1,1.0,1.0,24,40,7,137691,0.375,0.7741935483870968,0.5052631578947369,0.00029042118332111145,0.22580645161290322,1,8,1,6,0,28,1,1,1,1,0.5598571486771107,0.5598571486771107,0.5598571486771107,1.2012175023555756,1.7610746510326862,,
Theia Case 5,all,poi_only,coverage_exact,256,ok,256,152,1,1,1.0,1.0,25,231,6,137500,0.09765625,0.8064516129032258,0.17421602787456447,0.0016771823336794187,0.1935483870967742,2,8,2,6,0,152,0,1,1,1,0.5672476142644882,0.5672476142644882,0.5672476142644882,1.2012175023555756,1.7684651166200638,,
Theia Case 5,all,poi_only,coverage_exact,1024,ok,1024,398,1,1,1.0,0.9951171875,28,996,3,136735,0.02734375,0.9032258064516129,0.05308056872037915,0.007231487464695675,0.0967741935483871,5,8,3,6,0,395,3,1,1,3,0.5763422213494778,0.5754404291510582,0.5771529972553253,1.2012175023555756,1.7775597237050533,,
Theia Case 5,all,poi_only,coverage_exact,4096,ok,4096,3470,1,1,1.0,0.998779296875,28,4068,3,133663,0.0068359375,0.9032258064516129,0.013569178580082384,0.029535834343757034,0.0967741935483871,5,8,3,6,0,3467,3,1,1,1,0.6463142149150372,0.6463142149150372,0.6463142149150372,1.2012175023555756,1.8475317172706127,,
Theia Case 5,all,poi_only,coverage_semantic,64,ok,64,28,1,1,1.0,1.0,24,40,7,137691,0.375,0.7741935483870968,0.5052631578947369,0.00029042118332111145,0.22580645161290322,1,8,1,6,0,27,1,1,1,1,0.6567221954464912,0.6567221954464912,0.6567221954464912,1.2012175023555756,1.8579396978020668,,
Theia Case 5,all,poi_only,coverage_semantic,256,ok,256,152,1,1,1.0,1.0,25,231,6,137500,0.09765625,0.8064516129032258,0.17421602787456447,0.0016771823336794187,0.1935483870967742,2,8,2,6,0,152,0,1,1,1,0.6501223333179951,0.6501223333179951,0.6501223333179951,1.2012175023555756,1.8513398356735706,,
Theia Case 5,all,poi_only,coverage_semantic,1024,ok,1024,398,1,1,1.0,0.9951171875,28,996,3,136735,0.02734375,0.9032258064516129,0.05308056872037915,0.007231487464695675,0.0967741935483871,5,8,3,6,0,395,3,1,1,3,0.6633394919335842,0.6606206968426704,0.6653062552213669,1.2012175023555756,1.8645569942891598,,
Theia Case 5,all,poi_only,coverage_semantic,4096,ok,4096,3470,1,1,1.0,0.998779296875,28,4068,3,133663,0.0068359375,0.9032258064516129,0.013569178580082384,0.029535834343757034,0.0967741935483871,5,8,3,6,0,3467,3,1,1,1,0.7493134774267673,0.7493134774267673,0.7493134774267673,1.2012175023555756,1.950530979782343,,
Theia Case 5,all,poi_only,coverage_partial,64,ok,64,30,1,1,1.0,1.0,24,40,7,137691,0.375,0.7741935483870968,0.5052631578947369,0.00029042118332111145,0.22580645161290322,1,8,1,6,0,29,1,1,1,1,0.6548960469663143,0.6548960469663143,0.6548960469663143,1.2012175023555756,1.8561135493218899,,
Theia Case 5,all,poi_only,coverage_partial,256,ok,256,178,1,1,1.0,1.0,25,231,6,137500,0.09765625,0.8064516129032258,0.17421602787456447,0.0016771823336794187,0.1935483870967742,2,8,2,6,0,176,2,1,1,1,0.6542831435799599,0.6542831435799599,0.6542831435799599,1.2012175023555756,1.8555006459355354,,
Theia Case 5,all,poi_only,coverage_partial,1024,ok,1024,456,1,1,1.0,0.9951171875,28,996,3,136735,0.02734375,0.9032258064516129,0.05308056872037915,0.007231487464695675,0.0967741935483871,5,8,3,6,0,451,5,1,1,3,0.6581859886646271,0.6505295522511005,0.6584240049123764,1.2012175023555756,1.8594034910202026,,
Theia Case 5,all,poi_only,coverage_partial,4096,ok,4096,3528,1,1,1.0,0.998779296875,28,4068,3,133663,0.0068359375,0.9032258064516129,0.013569178580082384,0.029535834343757034,0.0967741935483871,5,8,3,6,0,3523,5,1,1,1,0.723589226603508,0.723589226603508,0.723589226603508,1.2012175023555756,1.9248067289590836,,
Theia Case 5,all,poi_only,coverage_no_frequency,64,ok,64,10,1,1,1.0,1.0,24,40,7,137691,0.375,0.7741935483870968,0.5052631578947369,0.00029042118332111145,0.22580645161290322,1,8,1,6,0,10,0,1,1,1,0.6558240018785,0.6558240018785,0.6558240018785,0.5834330543875694,1.2392570562660694,,
Theia Case 5,all,poi_only,coverage_no_frequency,256,ok,256,153,1,1,1.0,1.0,25,231,6,137500,0.09765625,0.8064516129032258,0.17421602787456447,0.0016771823336794187,0.1935483870967742,2,8,2,6,0,153,0,1,1,1,0.6468173786997795,0.6468173786997795,0.6468173786997795,0.5834330543875694,1.230250433087349,,
Theia Case 5,all,poi_only,coverage_no_frequency,1024,ok,1024,543,1,1,1.0,0.998046875,26,998,5,136733,0.025390625,0.8387096774193549,0.04928909952606635,0.007246008523861731,0.16129032258064516,3,8,2,6,0,541,2,1,1,3,0.6705821752548218,0.6592895202338696,0.6719362623989582,0.5834330543875694,1.2540152296423912,,
Theia Case 5,all,poi_only,coverage_no_frequency,4096,ok,4096,3615,1,1,1.0,0.99951171875,26,4070,5,133661,0.00634765625,0.8387096774193549,0.012599951538647928,0.029550355402923088,0.16129032258064516,3,8,2,6,0,3613,2,1,1,1,0.7493491061031818,0.7493491061031818,0.7493491061031818,0.5834330543875694,1.3327821604907513,,
Theia Case 5,all,poi_only,pcst_native,64,ok,1,1,1,1,1.0,1.0,1,0,30,137731,1.0,0.03225806451612903,0.0625,0.0,0.967741935483871,1,8,1,6,0,0,1,0,1,1,0.0014874041080474854,0.0014874041080474854,0.0014874041080474854,3.4104192964732647,3.411906700581312,1.0,0.0
Theia Case 5,all,poi_only,pcst_native,256,ok,209,174,1,1,1.0,0.9904306220095693,2,207,29,137524,0.009569377990430622,0.06451612903225806,0.016666666666666666,0.0015029296236867516,0.9354838709677419,2,8,2,6,0,173,1,0,1,1,0.0016205012798309326,0.0016205012798309326,0.0016205012798309326,3.4104192964732647,3.4120397977530956,0.1,66.6722963221184
Theia Case 5,all,poi_only,pcst_native,1024,ok,925,271,1,1,1.0,0.9621621621621622,27,898,4,136833,0.02918918918918919,0.8709677419354839,0.056485355648535567,0.006519955565558952,0.12903225806451613,4,8,3,6,0,271,0,1,1,1,0.0024611204862594604,0.0024611204862594604,0.0024611204862594604,3.4104192964732647,3.412880416959524,1e-06,77.39345714837839
Theia Case 5,all,poi_only,pcst_native,4096,ok,925,271,1,1,1.0,0.9621621621621622,27,898,4,136833,0.02918918918918919,0.8709677419354839,0.056485355648535567,0.006519955565558952,0.12903225806451613,4,8,3,6,0,271,0,1,1,1,0.0023903585970401764,0.0023903585970401764,0.0023903585970401764,3.4104192964732647,3.412809655070305,1e-06,77.39345714837839
Theia Case 5,all,poi_only,random_0,64,ok,64,64,1,5,0.015625,0.015625,1,63,30,137668,0.015625,0.03225806451612903,0.021052631578947368,0.00045741336373075054,0.967741935483871,1,8,1,6,0,61,3,0,1,1,0.029582638293504715,0.029582638293504715,0.029582638293504715,,,,
Theia Case 5,all,poi_only,random_0,256,ok,256,256,1,8,0.0078125,0.00390625,1,255,30,137476,0.00390625,0.03225806451612903,0.006968641114982578,0.0018514350436720855,0.967741935483871,1,8,1,6,0,242,14,0,1,1,0.028953857719898224,0.028953857719898224,0.028953857719898224,,,,
Theia Case 5,all,poi_only,random_0,1024,ok,1024,996,1,9,0.900390625,0.0068359375,1,1023,30,136708,0.0009765625,0.03225806451612903,0.0018957345971563982,0.0074275217634374256,0.967741935483871,1,8,1,6,0,955,41,0,1,1,0.028856899589300156,0.028856899589300156,0.028856899589300156,,,,
Theia Case 5,all,poi_only,random_0,4096,ok,4096,3928,1,15,0.895751953125,0.007568359375,4,4092,27,133639,0.0009765625,0.12903225806451613,0.001938454082868912,0.029710087053749702,0.8709677419354839,1,8,1,6,0,3807,121,0,1,1,0.028869278728961945,0.028869278728961945,0.028869278728961945,,,,
Theia Case 5,all,poi_only,random_1,64,ok,64,64,1,5,0.015625,0.015625,1,63,30,137668,0.015625,0.03225806451612903,0.021052631578947368,0.00045741336373075054,0.967741935483871,1,8,1,6,0,62,2,0,1,1,0.028947368264198303,0.028947368264198303,0.028947368264198303,,,,
Theia Case 5,all,poi_only,random_1,256,ok,256,254,1,11,0.01171875,0.01171875,1,255,30,137476,0.00390625,0.03225806451612903,0.006968641114982578,0.0018514350436720855,0.967741935483871,1,8,1,6,0,236,18,0,1,1,0.028969500213861465,0.028969500213861465,0.028969500213861465,,,,
Theia Case 5,all,poi_only,random_1,1024,ok,1024,995,1,13,0.0048828125,0.0048828125,1,1023,30,136708,0.0009765625,0.03225806451612903,0.0018957345971563982,0.0074275217634374256,0.967741935483871,1,8,1,6,0,954,41,0,1,1,0.028912238776683807,0.028912238776683807,0.028912238776683807,,,,
Theia Case 5,all,poi_only,random_1,4096,ok,4096,3930,1,17,0.00537109375,0.005126953125,2,4094,29,133637,0.00048828125,0.06451612903225806,0.000969227041434456,0.029724608112915756,0.9354838709677419,1,8,1,6,0,3816,114,0,1,1,0.029041003435850143,0.029041003435850143,0.029041003435850143,,,,
Theia Case 5,all,poi_only,random_2,64,ok,64,64,1,5,0.015625,0.015625,1,63,30,137668,0.015625,0.03225806451612903,0.021052631578947368,0.00045741336373075054,0.967741935483871,1,8,1,6,0,57,7,0,1,1,0.02898241952061653,0.02898241952061653,0.02898241952061653,,,,
Theia Case 5,all,poi_only,random_2,256,ok,256,254,1,9,0.00390625,0.00390625,1,255,30,137476,0.00390625,0.03225806451612903,0.006968641114982578,0.0018514350436720855,0.967741935483871,1,8,1,6,0,235,19,0,1,1,0.02891380712389946,0.02891380712389946,0.02891380712389946,,,,
Theia Case 5,all,poi_only,random_2,1024,ok,1024,995,1,16,0.8876953125,0.0009765625,1,1023,30,136708,0.0009765625,0.03225806451612903,0.0018957345971563982,0.0074275217634374256,0.967741935483871,1,8,1,6,0,939,56,0,1,1,0.028802670538425446,0.028802670538425446,0.028802670538425446,,,,
Theia Case 5,all,poi_only,random_2,4096,ok,4096,3914,1,19,0.892822265625,0.005615234375,3,4093,28,133638,0.000732421875,0.0967741935483871,0.001453840562151684,0.029717347583332727,0.9032258064516129,1,8,1,6,0,3776,138,0,1,1,0.02880726382136345,0.02880726382136345,0.02880726382136345,,,,
Theia Case 5,all,poi_only,random_3,64,ok,64,64,1,6,0.03125,0.03125,1,63,30,137668,0.015625,0.03225806451612903,0.021052631578947368,0.00045741336373075054,0.967741935483871,1,8,1,6,0,56,8,0,1,1,0.029018577188253403,0.029018577188253403,0.029018577188253403,,,,
Theia Case 5,all,poi_only,random_3,256,ok,256,251,1,11,0.015625,0.0078125,1,255,30,137476,0.00390625,0.03225806451612903,0.006968641114982578,0.0018514350436720855,0.967741935483871,1,8,1,6,0,233,18,0,1,1,0.029050055891275406,0.029050055891275406,0.029050055891275406,,,,
Theia Case 5,all,poi_only,random_3,1024,ok,1024,989,1,14,0.0048828125,0.001953125,1,1023,30,136708,0.0009765625,0.03225806451612903,0.0018957345971563982,0.0074275217634374256,0.967741935483871,1,8,1,6,0,950,39,0,1,1,0.029043585062026978,0.029043585062026978,0.029043585062026978,,,,
Theia Case 5,all,poi_only,random_3,4096,ok,4096,3942,1,16,0.892822265625,0.003173828125,1,4095,30,133636,0.000244140625,0.03225806451612903,0.000484613520717228,0.029731868642498785,0.967741935483871,1,8,1,6,0,3816,126,0,1,1,0.029105529189109802,0.029105529189109802,0.029105529189109802,,,,
Theia Case 5,all,poi_only,random_4,64,ok,64,63,1,5,0.015625,0.015625,1,63,30,137668,0.015625,0.03225806451612903,0.021052631578947368,0.00045741336373075054,0.967741935483871,1,8,1,6,0,59,4,0,1,1,0.029112379997968674,0.029112379997968674,0.029112379997968674,,,,
Theia Case 5,all,poi_only,random_4,256,ok,256,249,1,8,0.01171875,0.0078125,1,255,30,137476,0.00390625,0.03225806451612903,0.006968641114982578,0.0018514350436720855,0.967741935483871,1,8,1,6,0,235,14,0,1,1,0.029059771448373795,0.029059771448373795,0.029059771448373795,,,,
Theia Case 5,all,poi_only,random_4,1024,ok,1024,994,1,16,0.009765625,0.009765625,1,1023,30,136708,0.0009765625,0.03225806451612903,0.0018957345971563982,0.0074275217634374256,0.967741935483871,1,8,1,6,0,949,45,0,1,1,0.028916195034980774,0.028916195034980774,0.028916195034980774,,,,
Theia Case 5,all,poi_only,random_4,4096,ok,4096,3921,1,19,0.0107421875,0.007568359375,2,4094,29,133637,0.00048828125,0.06451612903225806,0.000969227041434456,0.029724608112915756,0.9354838709677419,1,8,1,6,0,3781,140,0,1,1,0.02884753793478012,0.02884753793478012,0.02884753793478012,,,,
Theia Case 5,all,shared_context,old_score_top,64,infeasible_mandatory,,,114,,,,,,,,,,,,,,,,,,,,,,,,,,,,,
Theia Case 5,all,shared_context,old_score_top,256,ok,256,83,114,1,1.0,0.9921875,31,225,0,137506,0.12109375,1.0,0.21602787456445993,0.001633619156181252,0.0,8,8,6,6,0,83,0,1,1,1,0.01850435510277748,0.01850435510277748,0.01850435510277748,,,,
Theia Case 5,all,shared_context,old_score_top,1024,ok,1024,336,114,1,1.0,0.828125,31,993,0,136738,0.0302734375,1.0,0.058767772511848344,0.007209705875946592,0.0,8,8,6,6,0,325,11,1,1,3,0.018449071794748306,0.018412258476018906,0.018490009009838104,,,,
Theia Case 5,all,shared_context,old_score_top,4096,ok,4096,3407,114,1,1.0,0.95166015625,31,4065,0,133666,0.007568359375,1.0,0.015023019142234069,0.02951405275500795,0.0,8,8,6,6,0,3396,11,1,1,1,0.018466081470251083,0.018466081470251083,0.018466081470251083,,,,
Theia Case 5,all,shared_context,rarity_top,64,infeasible_mandatory,,,114,,,,,,,,,,,,,,,,,,,,,,,,,,,,,
Theia Case 5,all,shared_context,rarity_top,256,ok,256,158,114,6,0.97265625,0.8984375,31,225,0,137506,0.12109375,1.0,0.21602787456445993,0.001633619156181252,0.0,8,8,6,6,0,158,0,1,1,1,0.01866600289940834,0.01866600289940834,0.01866600289940834,,,,
Theia Case 5,all,shared_context,rarity_top,1024,ok,1024,926,114,6,0.9931640625,0.974609375,31,993,0,136738,0.0302734375,1.0,0.058767772511848344,0.007209705875946592,0.0,8,8,6,6,0,926,0,1,1,3,0.018637079745531082,0.018577594310045242,0.018656492233276367,,,,
Theia Case 5,all,shared_context,rarity_top,4096,ok,4096,3998,114,6,0.998291015625,0.99365234375,31,4065,0,133666,0.007568359375,1.0,0.015023019142234069,0.02951405275500795,0.0,8,8,6,6,0,3998,0,1,1,1,0.018931083381175995,0.018931083381175995,0.018931083381175995,,,,
Theia Case 5,all,shared_context,diffusion_top,64,infeasible_mandatory,,,114,,,,,,,,,,,,,,,,,,,,,,,,,,,,,
Theia Case 5,all,shared_context,diffusion_top,256,ok,256,102,114,1,1.0,0.9921875,31,225,0,137506,0.12109375,1.0,0.21602787456445993,0.001633619156181252,0.0,8,8,6,6,0,100,2,1,1,1,0.018572058528661728,0.018572058528661728,0.018572058528661728,1.2012175023555756,1.2197895608842373,,
Theia Case 5,all,shared_context,diffusion_top,1024,ok,1024,294,114,1,1.0,0.9677734375,31,993,0,136738,0.0302734375,1.0,0.058767772511848344,0.007209705875946592,0.0,8,8,6,6,0,292,2,1,1,3,0.01849234476685524,0.01844964548945427,0.01850958541035652,1.2012175023555756,1.2197098471224308,,
Theia Case 5,all,shared_context,diffusion_top,4096,ok,4096,3138,114,1,1.0,0.887939453125,31,4065,0,133666,0.007568359375,1.0,0.015023019142234069,0.02951405275500795,0.0,8,8,6,6,0,3138,0,1,1,1,0.01851559430360794,0.01851559430360794,0.01851559430360794,1.2012175023555756,1.2197330966591835,,
Theia Case 5,all,shared_context,localdegree_top,64,infeasible_mandatory,,,114,,,,,,,,,,,,,,,,,,,,,,,,,,,,,
Theia Case 5,all,shared_context,localdegree_top,256,ok,256,156,114,8,0.9453125,0.9375,31,225,0,137506,0.12109375,1.0,0.21602787456445993,0.001633619156181252,0.0,8,8,6,6,0,147,9,1,1,1,0.014199625700712204,0.014199625700712204,0.014199625700712204,2.256111264228821,2.270310889929533,,
Theia Case 5,all,shared_context,localdegree_top,1024,ok,1024,908,114,10,0.92578125,0.923828125,31,993,0,136738,0.0302734375,1.0,0.058767772511848344,0.007209705875946592,0.0,8,8,6,6,0,873,35,1,1,3,0.014168109744787216,0.014107983559370041,0.014176435768604279,2.256111264228821,2.270279373973608,,
Theia Case 5,all,shared_context,localdegree_top,4096,ok,4096,3880,114,14,0.9140625,0.913330078125,31,4065,0,133666,0.007568359375,1.0,0.015023019142234069,0.02951405275500795,0.0,8,8,6,6,0,3790,90,1,1,1,0.014049090445041656,0.014049090445041656,0.014049090445041656,2.256111264228821,2.2701603546738625,,
Theia Case 5,all,shared_context,episode,64,infeasible_mandatory,,,114,,,,,,,,,,,,,,,,,,,,,,,,,,,,,
Theia Case 5,all,shared_context,episode,256,ok,256,100,114,1,1.0,0.9921875,31,225,0,137506,0.12109375,1.0,0.21602787456445993,0.001633619156181252,0.0,8,8,6,6,0,99,1,1,1,1,0.09639864042401314,0.09639864042401314,0.09639864042401314,1.2012175023555756,1.2976161427795887,,
Theia Case 5,all,shared_context,episode,1024,ok,1024,268,114,1,1.0,0.99609375,31,993,0,136738,0.0302734375,1.0,0.058767772511848344,0.007209705875946592,0.0,8,8,6,6,0,267,1,1,1,3,0.09741142019629478,0.09625639021396637,0.09742958471179008,1.2012175023555756,1.2986289225518703,,
Theia Case 5,all,shared_context,episode,4096,ok,4096,3191,114,1,1.0,0.998291015625,31,4065,0,133666,0.007568359375,1.0,0.015023019142234069,0.02951405275500795,0.0,8,8,6,6,0,3191,0,1,1,1,0.11609618738293648,0.11609618738293648,0.11609618738293648,1.2012175023555756,1.317313689738512,,
Theia Case 5,all,shared_context,coverage_exact,64,infeasible_mandatory,,,114,,,,,,,,,,,,,,,,,,,,,,,,,,,,,
Theia Case 5,all,shared_context,coverage_exact,256,ok,256,121,114,1,1.0,0.9921875,31,225,0,137506,0.12109375,1.0,0.21602787456445993,0.001633619156181252,0.0,8,8,6,6,0,121,0,1,1,1,0.5674014762043953,0.5674014762043953,0.5674014762043953,1.2012175023555756,1.7686189785599709,,
Theia Case 5,all,shared_context,coverage_exact,1024,ok,1024,353,114,1,1.0,0.9931640625,31,993,0,136738,0.0302734375,1.0,0.058767772511848344,0.007209705875946592,0.0,8,8,6,6,0,350,3,1,1,3,0.5696557089686394,0.5672998949885368,0.5760299600660801,1.2012175023555756,1.770873211324215,,
Theia Case 5,all,shared_context,coverage_exact,4096,ok,4096,3425,114,1,1.0,0.998291015625,31,4065,0,133666,0.007568359375,1.0,0.015023019142234069,0.02951405275500795,0.0,8,8,6,6,0,3422,3,1,1,1,0.6489254273474216,0.6489254273474216,0.6489254273474216,1.2012175023555756,1.8501429297029972,,
Theia Case 5,all,shared_context,coverage_semantic,64,infeasible_mandatory,,,114,,,,,,,,,,,,,,,,,,,,,,,,,,,,,
Theia Case 5,all,shared_context,coverage_semantic,256,ok,256,120,114,1,1.0,0.9921875,31,225,0,137506,0.12109375,1.0,0.21602787456445993,0.001633619156181252,0.0,8,8,6,6,0,120,0,1,1,1,0.663723561912775,0.663723561912775,0.663723561912775,1.2012175023555756,1.8649410642683506,,
Theia Case 5,all,shared_context,coverage_semantic,1024,ok,1024,353,114,1,1.0,0.9931640625,31,993,0,136738,0.0302734375,1.0,0.058767772511848344,0.007209705875946592,0.0,8,8,6,6,0,350,3,1,1,3,0.657199714332819,0.6555107980966568,0.6579033508896828,1.2012175023555756,1.8584172166883945,,
Theia Case 5,all,shared_context,coverage_semantic,4096,ok,4096,3425,114,1,1.0,0.998291015625,31,4065,0,133666,0.007568359375,1.0,0.015023019142234069,0.02951405275500795,0.0,8,8,6,6,0,3422,3,1,1,1,0.7388785220682621,0.7388785220682621,0.7388785220682621,1.2012175023555756,1.9400960244238377,,
Theia Case 5,all,shared_context,coverage_partial,64,infeasible_mandatory,,,114,,,,,,,,,,,,,,,,,,,,,,,,,,,,,
Theia Case 5,all,shared_context,coverage_partial,256,ok,256,121,114,1,1.0,0.9921875,31,225,0,137506,0.12109375,1.0,0.21602787456445993,0.001633619156181252,0.0,8,8,6,6,0,120,1,1,1,1,0.6494045928120613,0.6494045928120613,0.6494045928120613,1.2012175023555756,1.8506220951676369,,
Theia Case 5,all,shared_context,coverage_partial,1024,ok,1024,382,114,1,1.0,0.9931640625,31,993,0,136738,0.0302734375,1.0,0.058767772511848344,0.007209705875946592,0.0,8,8,6,6,0,378,4,1,1,3,0.6532721407711506,0.6493160277605057,0.6538740135729313,1.2012175023555756,1.8544896431267262,,
Theia Case 5,all,shared_context,coverage_partial,4096,ok,4096,3454,114,1,1.0,0.998291015625,31,4065,0,133666,0.007568359375,1.0,0.015023019142234069,0.02951405275500795,0.0,8,8,6,6,0,3450,4,1,1,1,0.7139244489371777,0.7139244489371777,0.7139244489371777,1.2012175023555756,1.9151419512927532,,
Theia Case 5,all,shared_context,coverage_no_frequency,64,infeasible_mandatory,,,114,,,,,,,,,,,,,,,,,,,,,,,,,,,,,
Theia Case 5,all,shared_context,coverage_no_frequency,256,ok,256,121,114,1,1.0,0.9921875,31,225,0,137506,0.12109375,1.0,0.21602787456445993,0.001633619156181252,0.0,8,8,6,6,0,121,0,1,1,1,0.650237862020731,0.650237862020731,0.650237862020731,0.5834330543875694,1.2336709164083004,,
Theia Case 5,all,shared_context,coverage_no_frequency,1024,ok,1024,498,114,1,1.0,0.99609375,31,993,0,136738,0.0302734375,1.0,0.058767772511848344,0.007209705875946592,0.0,8,8,6,6,0,496,2,1,1,3,0.666079681366682,0.6652330197393894,0.7056565098464489,0.5834330543875694,1.2495127357542515,,
Theia Case 5,all,shared_context,coverage_no_frequency,4096,ok,4096,3570,114,1,1.0,0.9990234375,31,4065,0,133666,0.007568359375,1.0,0.015023019142234069,0.02951405275500795,0.0,8,8,6,6,0,3568,2,1,1,1,0.7445813529193401,0.7445813529193401,0.7445813529193401,0.5834330543875694,1.3280144073069096,,
Theia Case 5,all,shared_context,pcst_native,64,infeasible_mandatory,,,114,,,,,,,,,,,,,,,,,,,,,,,,,,,,,
Theia Case 5,all,shared_context,pcst_native,256,ok,216,118,114,1,1.0,0.9907407407407407,31,185,0,137546,0.14351851851851852,1.0,0.25101214574898784,0.0013431979728601405,0.0,8,8,6,6,0,118,0,1,1,1,0.0015936978161334991,0.0015936978161334991,0.0015936978161334991,3.4104192964732647,3.412012994289398,0.3,45.94221576443853
Theia Case 5,all,shared_context,pcst_native,1024,ok,929,275,114,1,1.0,0.961248654467169,31,898,0,136833,0.03336921420882669,1.0,0.06458333333333334,0.006519955565558952,0.0,8,8,6,6,0,275,0,1,1,1,0.002541974186897278,0.002541974186897278,0.002541974186897278,3.4104192964732647,3.412961270660162,1e-06,77.39345714837839
Theia Case 5,all,shared_context,pcst_native,4096,ok,929,275,114,1,1.0,0.961248654467169,31,898,0,136833,0.03336921420882669,1.0,0.06458333333333334,0.006519955565558952,0.0,8,8,6,6,0,275,0,1,1,1,0.0024936944246292114,0.0024936944246292114,0.0024936944246292114,3.4104192964732647,3.412912990897894,1e-06,77.39345714837839
Theia Case 5,all,shared_context,random_0,64,infeasible_mandatory,,,114,,,,,,,,,,,,,,,,,,,,,,,,,,,,,
Theia Case 5,all,shared_context,random_0,256,ok,256,158,114,7,0.9453125,0.9375,31,225,0,137506,0.12109375,1.0,0.21602787456445993,0.001633619156181252,0.0,8,8,6,6,0,149,9,1,1,1,0.029702790081501007,0.029702790081501007,0.029702790081501007,,,,
Theia Case 5,all,shared_context,random_0,1024,ok,1024,906,114,9,0.9130859375,0.91015625,31,993,0,136738,0.0302734375,1.0,0.058767772511848344,0.007209705875946592,0.0,8,8,6,6,0,870,36,1,1,1,0.028900694102048874,0.028900694102048874,0.028900694102048874,,,,
Theia Case 5,all,shared_context,random_0,4096,ok,4096,3843,114,13,0.90185546875,0.900390625,31,4065,0,133666,0.007568359375,1.0,0.015023019142234069,0.02951405275500795,0.0,8,8,6,6,0,3726,117,1,1,1,0.028834093362092972,0.028834093362092972,0.028834093362092972,,,,
Theia Case 5,all,shared_context,random_1,64,infeasible_mandatory,,,114,,,,,,,,,,,,,,,,,,,,,,,,,,,,,
Theia Case 5,all,shared_context,random_1,256,ok,256,158,114,7,0.9453125,0.9375,31,225,0,137506,0.12109375,1.0,0.21602787456445993,0.001633619156181252,0.0,8,8,6,6,0,150,8,1,1,1,0.028987690806388855,0.028987690806388855,0.028987690806388855,,,,
Theia Case 5,all,shared_context,random_1,1024,ok,1024,899,114,11,0.9091796875,0.90625,31,993,0,136738,0.0302734375,1.0,0.058767772511848344,0.007209705875946592,0.0,8,8,6,6,0,864,35,1,1,1,0.028941288590431213,0.028941288590431213,0.028941288590431213,,,,
Theia Case 5,all,shared_context,random_1,4096,ok,4096,3839,114,15,0.9033203125,0.900634765625,31,4065,0,133666,0.007568359375,1.0,0.015023019142234069,0.02951405275500795,0.0,8,8,6,6,0,3728,111,1,1,1,0.02887461706995964,0.02887461706995964,0.02887461706995964,,,,
Theia Case 5,all,shared_context,random_2,64,infeasible_mandatory,,,114,,,,,,,,,,,,,,,,,,,,,,,,,,,,,
Theia Case 5,all,shared_context,random_2,256,ok,256,158,114,6,0.94921875,0.94140625,31,225,0,137506,0.12109375,1.0,0.21602787456445993,0.001633619156181252,0.0,8,8,6,6,0,147,11,1,1,1,0.02890148013830185,0.02890148013830185,0.02890148013830185,,,,
Theia Case 5,all,shared_context,random_2,1024,ok,1024,899,114,14,0.8984375,0.8955078125,31,993,0,136738,0.0302734375,1.0,0.058767772511848344,0.007209705875946592,0.0,8,8,6,6,0,850,49,1,1,1,0.02887953817844391,0.02887953817844391,0.02887953817844391,,,,
Theia Case 5,all,shared_context,random_2,4096,ok,4096,3827,114,17,0.8974609375,0.89306640625,31,4065,0,133666,0.007568359375,1.0,0.015023019142234069,0.02951405275500795,0.0,8,8,6,6,0,3695,132,1,1,1,0.0288783498108387,0.0288783498108387,0.0288783498108387,,,,
Theia Case 5,all,shared_context,random_3,64,infeasible_mandatory,,,114,,,,,,,,,,,,,,,,,,,,,,,,,,,,,
Theia Case 5,all,shared_context,random_3,256,ok,256,158,114,7,0.9296875,0.921875,31,225,0,137506,0.12109375,1.0,0.21602787456445993,0.001633619156181252,0.0,8,8,6,6,0,144,14,1,1,1,0.028866108506917953,0.028866108506917953,0.028866108506917953,,,,
Theia Case 5,all,shared_context,random_3,1024,ok,1024,897,114,12,0.90234375,0.8974609375,31,993,0,136738,0.0302734375,1.0,0.058767772511848344,0.007209705875946592,0.0,8,8,6,6,0,863,34,1,1,1,0.02889225259423256,0.02889225259423256,0.02889225259423256,,,,
Theia Case 5,all,shared_context,random_3,4096,ok,4096,3848,114,16,0.8984375,0.896484375,31,4065,0,133666,0.007568359375,1.0,0.015023019142234069,0.02951405275500795,0.0,8,8,6,6,0,3729,119,1,1,1,0.02894972264766693,0.02894972264766693,0.02894972264766693,,,,
Theia Case 5,all,shared_context,random_4,64,infeasible_mandatory,,,114,,,,,,,,,,,,,,,,,,,,,,,,,,,,,
Theia Case 5,all,shared_context,random_4,256,ok,256,154,114,5,0.9453125,0.9375,31,225,0,137506,0.12109375,1.0,0.21602787456445993,0.001633619156181252,0.0,8,8,6,6,0,147,7,1,1,1,0.028825979679822922,0.028825979679822922,0.028825979679822922,,,,
Theia Case 5,all,shared_context,random_4,1024,ok,1024,899,114,13,0.9052734375,0.90234375,31,993,0,136738,0.0302734375,1.0,0.058767772511848344,0.007209705875946592,0.0,8,8,6,6,0,859,40,1,1,1,0.02875995635986328,0.02875995635986328,0.02875995635986328,,,,
Theia Case 5,all,shared_context,random_4,4096,ok,4096,3835,114,16,0.89453125,0.8896484375,31,4065,0,133666,0.007568359375,1.0,0.015023019142234069,0.02951405275500795,0.0,8,8,6,6,0,3699,136,1,1,1,0.028771542012691498,0.028771542012691498,0.028771542012691498,,,,
