case,scenario,track,method,raw_cap,status,raw_events,episodes,mandatory_events,components,poi_component_fraction,temporal_fork_fraction,reused_v2,proxy_tp,proxy_fp,proxy_fn,proxy_tn,proxy_precision,proxy_recall,proxy_f1,proxy_fpr,proxy_fnr,groups_hit,groups_total,stages_hit,stages_total,selected_uncertain,complete_episodes,partial_episodes,complete_poi_episodes,poi_episodes,timing_samples,selection_seconds_median,selection_seconds_min,selection_seconds_max,shared_kernel_seconds,kernel_plus_selection_seconds,pcst_multiplier,pcst_prize,typed_extension,portfolio_extension,witness_extension,pool,pool_seconds,route_seconds,optimizer
Five Dir Case 1,all,poi_only,old_score_top,64,ok,64,25,1,1,1.0,1.0,True,1,63,37,466156,0.015625,0.02631578947368421,0.0196078431372549,0.00013512962792164198,0.9736842105263158,1,9,1,3,0,24,1,0,1,1,0.07701815664768219,0.07701815664768219,0.07701815664768219,,,,,,,,,,,
Five Dir Case 1,all,poi_only,old_score_top,256,ok,256,73,1,1,1.0,1.0,True,12,244,26,465975,0.046875,0.3157894736842105,0.08163265306122448,0.0005233591938552483,0.6842105263157895,2,9,1,3,0,54,19,0,1,1,0.0701899342238903,0.0701899342238903,0.0701899342238903,,,,,,,,,,,
Five Dir Case 1,all,poi_only,old_score_top,1024,ok,1024,309,1,1,1.0,1.0,True,12,1012,26,465207,0.01171875,0.3157894736842105,0.022598870056497175,0.0021706537056619315,0.6842105263157895,2,9,1,3,0,274,35,0,1,3,0.06931772083044052,0.06920952722430229,0.07012211158871651,,,,,,,,,,,
Five Dir Case 1,all,poi_only,old_score_top,4096,ok,4096,1418,1,1,1.0,1.0,True,12,4084,26,462135,0.0029296875,0.3157894736842105,0.005805515239477504,0.008759831752888664,0.6842105263157895,2,9,1,3,0,1353,65,0,1,1,0.06929054856300354,0.06929054856300354,0.06929054856300354,,,,,,,,,,,
Five Dir Case 1,all,poi_only,rarity_top,64,ok,64,26,1,10,0.015625,0.015625,True,1,63,37,466156,0.015625,0.02631578947368421,0.0196078431372549,0.00013512962792164198,0.9736842105263158,1,9,1,3,0,22,4,0,1,1,0.08493275567889214,0.08493275567889214,0.08493275567889214,,,,,,,,,,,
Five Dir Case 1,all,poi_only,rarity_top,256,ok,256,210,1,45,0.00390625,0.00390625,True,3,253,35,465966,0.01171875,0.07894736842105263,0.02040816326530612,0.0005426634264154829,0.9210526315789473,3,9,3,3,0,207,3,0,1,1,0.08629310876131058,0.08629310876131058,0.08629310876131058,,,,,,,,,,,
Five Dir Case 1,all,poi_only,rarity_top,1024,ok,1024,704,1,44,0.0146484375,0.0087890625,True,3,1021,35,465198,0.0029296875,0.07894736842105263,0.005649717514124294,0.002189957938222166,0.9210526315789473,3,9,3,3,0,687,17,0,1,3,0.08431538939476013,0.08345699310302734,0.08478251099586487,,,,,,,,,,,
Five Dir Case 1,all,poi_only,rarity_top,4096,ok,4096,3332,1,66,0.800537109375,0.1162109375,True,4,4092,34,462127,0.0009765625,0.10526315789473684,0.0019351717464925011,0.008776991070719983,0.8947368421052632,4,9,3,3,0,3331,1,0,1,1,0.08294321969151497,0.08294321969151497,0.08294321969151497,,,,,,,,,,,
Five Dir Case 1,all,poi_only,diffusion_top,64,ok,64,25,1,1,1.0,0.984375,True,18,46,20,466173,0.28125,0.47368421052631576,0.35294117647058826,9.866607753008778e-05,0.5263157894736842,2,9,1,3,0,19,6,1,1,1,0.09807868301868439,0.09807868301868439,0.09807868301868439,0.9488874860107899,1.0469661690294743,,,,,,,,,
Five Dir Case 1,all,poi_only,diffusion_top,256,ok,256,76,1,1,1.0,0.9453125,True,18,238,20,465981,0.0703125,0.47368421052631576,0.12244897959183673,0.0005104897054817586,0.5263157894736842,2,9,1,3,0,67,9,1,1,1,0.09942297637462616,0.09942297637462616,0.09942297637462616,0.9488874860107899,1.048310462385416,,,,,,,,,
Five Dir Case 1,all,poi_only,diffusion_top,1024,ok,1024,745,1,1,1.0,0.9580078125,True,18,1006,20,465213,0.017578125,0.47368421052631576,0.03389830508474576,0.002157784217288442,0.5263157894736842,2,9,1,3,0,739,6,1,1,3,0.09775052964687347,0.0970931276679039,0.10258828848600388,0.9488874860107899,1.0466380156576633,,,,,,,,,
Five Dir Case 1,all,poi_only,diffusion_top,4096,ok,4096,1637,1,1,1.0,0.916259765625,True,18,4078,20,462141,0.00439453125,0.47368421052631576,0.008708272859216255,0.008746962264515174,0.5263157894736842,2,9,1,3,0,1635,2,1,1,1,0.09920350089669228,0.09920350089669228,0.09920350089669228,0.9488874860107899,1.0480909869074821,,,,,,,,,
Five Dir Case 1,all,poi_only,localdegree_top,64,ok,64,64,1,28,0.015625,0.015625,True,1,63,37,466156,0.015625,0.02631578947368421,0.0196078431372549,0.00013512962792164198,0.9736842105263158,1,9,1,3,0,17,47,0,1,1,0.08931217342615128,0.08931217342615128,0.08931217342615128,2.0070230327546597,2.096335206180811,,,,,,,,,
Five Dir Case 1,all,poi_only,localdegree_top,256,ok,256,246,1,71,0.0078125,0.0078125,True,1,255,37,465964,0.00390625,0.02631578947368421,0.006802721088435374,0.0005469532558733128,0.9736842105263158,1,9,1,3,0,67,179,0,1,1,0.08512049913406372,0.08512049913406372,0.08512049913406372,2.0070230327546597,2.0921435318887234,,,,,,,,,
Five Dir Case 1,all,poi_only,localdegree_top,1024,ok,1024,892,1,152,0.0126953125,0.01171875,True,1,1023,37,465196,0.0009765625,0.02631578947368421,0.0018832391713747645,0.002194247767679996,0.9736842105263158,1,9,1,3,0,247,645,0,1,3,0.08538881316781044,0.08401815220713615,0.08777257055044174,2.0070230327546597,2.09241184592247,,,,,,,,,
Five Dir Case 1,all,poi_only,localdegree_top,4096,ok,4096,3101,1,251,0.00830078125,0.007080078125,True,1,4095,37,462124,0.000244140625,0.02631578947368421,0.0004837929366231253,0.008783425814906728,0.9736842105263158,1,9,1,3,0,949,2152,0,1,1,0.08674350008368492,0.08674350008368492,0.08674350008368492,2.0070230327546597,2.0937665328383446,,,,,,,,,
Five Dir Case 1,all,poi_only,episode,64,ok,64,29,1,1,1.0,1.0,True,18,46,20,466173,0.28125,0.47368421052631576,0.35294117647058826,9.866607753008778e-05,0.5263157894736842,2,9,1,3,0,28,1,1,1,1,0.19362632185220718,0.19362632185220718,0.19362632185220718,0.9488874860107899,1.142513807862997,,,,,,,,,
Five Dir Case 1,all,poi_only,episode,256,ok,256,80,1,1,1.0,1.0,True,18,238,20,465981,0.0703125,0.47368421052631576,0.12244897959183673,0.0005104897054817586,0.5263157894736842,2,9,1,3,0,76,4,1,1,1,0.19625208526849747,0.19625208526849747,0.19625208526849747,0.9488874860107899,1.1451395712792873,,,,,,,,,
Five Dir Case 1,all,poi_only,episode,1024,ok,1024,743,1,1,1.0,1.0,True,18,1006,20,465213,0.017578125,0.47368421052631576,0.03389830508474576,0.002157784217288442,0.5263157894736842,2,9,1,3,0,736,7,1,1,3,0.19803833961486816,0.19780070334672928,0.20027250424027443,0.9488874860107899,1.146925825625658,,,,,,,,,
Five Dir Case 1,all,poi_only,episode,4096,ok,4096,1661,1,1,1.0,1.0,True,18,4078,20,462141,0.00439453125,0.47368421052631576,0.008708272859216255,0.008746962264515174,0.5263157894736842,2,9,1,3,0,1650,11,1,1,1,0.2031436748802662,0.2031436748802662,0.2031436748802662,0.9488874860107899,1.152031160891056,,,,,,,,,
Five Dir Case 1,all,poi_only,coverage_exact,64,ok,64,29,1,1,1.0,1.0,True,18,46,20,466173,0.28125,0.47368421052631576,0.35294117647058826,9.866607753008778e-05,0.5263157894736842,2,9,1,3,0,28,1,1,1,1,0.6558986753225327,0.6558986753225327,0.6558986753225327,0.9488874860107899,1.6047861613333225,,,,,,,,,
Five Dir Case 1,all,poi_only,coverage_exact,256,ok,256,80,1,1,1.0,1.0,True,18,238,20,465981,0.0703125,0.47368421052631576,0.12244897959183673,0.0005104897054817586,0.5263157894736842,2,9,1,3,0,76,4,1,1,1,0.6548893451690674,0.6548893451690674,0.6548893451690674,0.9488874860107899,1.6037768311798573,,,,,,,,,
Five Dir Case 1,all,poi_only,coverage_exact,1024,ok,1024,743,1,1,1.0,1.0,True,18,1006,20,465213,0.017578125,0.47368421052631576,0.03389830508474576,0.002157784217288442,0.5263157894736842,2,9,1,3,0,736,7,1,1,3,0.660745944827795,0.6599091216921806,0.6701280251145363,0.9488874860107899,1.609633430838585,,,,,,,,,
Five Dir Case 1,all,poi_only,coverage_exact,4096,ok,4096,1621,1,1,1.0,1.0,True,18,4078,20,462141,0.00439453125,0.47368421052631576,0.008708272859216255,0.008746962264515174,0.5263157894736842,2,9,1,3,0,1609,12,1,1,1,0.70046241953969,0.70046241953969,0.70046241953969,0.9488874860107899,1.6493499055504799,,,,,,,,,
Five Dir Case 1,all,poi_only,coverage_semantic,64,ok,64,29,1,1,1.0,1.0,True,18,46,20,466173,0.28125,0.47368421052631576,0.35294117647058826,9.866607753008778e-05,0.5263157894736842,2,9,1,3,0,28,1,1,1,1,0.7761019431054592,0.7761019431054592,0.7761019431054592,0.9488874860107899,1.724989429116249,,,,,,,,,
Five Dir Case 1,all,poi_only,coverage_semantic,256,ok,256,80,1,1,1.0,1.0,True,18,238,20,465981,0.0703125,0.47368421052631576,0.12244897959183673,0.0005104897054817586,0.5263157894736842,2,9,1,3,0,76,4,1,1,1,0.770163893699646,0.770163893699646,0.770163893699646,0.9488874860107899,1.7190513797104359,,,,,,,,,
Five Dir Case 1,all,poi_only,coverage_semantic,1024,ok,1024,743,1,1,1.0,1.0,True,18,1006,20,465213,0.017578125,0.47368421052631576,0.03389830508474576,0.002157784217288442,0.5263157894736842,2,9,1,3,0,736,7,1,1,3,0.7903524152934551,0.7898816466331482,0.795011468231678,0.9488874860107899,1.739239901304245,,,,,,,,,
Five Dir Case 1,all,poi_only,coverage_semantic,4096,ok,4096,1620,1,1,1.0,1.0,True,18,4078,20,462141,0.00439453125,0.47368421052631576,0.008708272859216255,0.008746962264515174,0.5263157894736842,2,9,1,3,0,1608,12,1,1,1,0.8326744250953197,0.8326744250953197,0.8326744250953197,0.9488874860107899,1.7815619111061096,,,,,,,,,
Five Dir Case 1,all,poi_only,coverage_partial,64,ok,64,29,1,1,1.0,1.0,True,18,46,20,466173,0.28125,0.47368421052631576,0.35294117647058826,9.866607753008778e-05,0.5263157894736842,2,9,1,3,0,28,1,1,1,1,0.7855973541736603,0.7855973541736603,0.7855973541736603,0.9488874860107899,1.7344848401844501,,,,,,,,,
Five Dir Case 1,all,poi_only,coverage_partial,256,ok,256,80,1,1,1.0,1.0,True,18,238,20,465981,0.0703125,0.47368421052631576,0.12244897959183673,0.0005104897054817586,0.5263157894736842,2,9,1,3,0,76,4,1,1,1,0.7682837024331093,0.7682837024331093,0.7682837024331093,0.9488874860107899,1.7171711884438992,,,,,,,,,
Five Dir Case 1,all,poi_only,coverage_partial,1024,ok,1024,743,1,1,1.0,1.0,True,18,1006,20,465213,0.017578125,0.47368421052631576,0.03389830508474576,0.002157784217288442,0.5263157894736842,2,9,1,3,0,736,7,1,1,3,0.7762209288775921,0.7756317853927612,0.7865053340792656,0.9488874860107899,1.725108414888382,,,,,,,,,
Five Dir Case 1,all,poi_only,coverage_partial,4096,ok,4096,1621,1,1,1.0,1.0,True,18,4078,20,462141,0.00439453125,0.47368421052631576,0.008708272859216255,0.008746962264515174,0.5263157894736842,2,9,1,3,0,1605,16,1,1,1,0.7950721643865108,0.7950721643865108,0.7950721643865108,0.9488874860107899,1.7439596503973007,,,,,,,,,
Five Dir Case 1,all,poi_only,coverage_no_frequency,64,ok,64,13,1,1,1.0,1.0,True,18,46,20,466173,0.28125,0.47368421052631576,0.35294117647058826,9.866607753008778e-05,0.5263157894736842,2,9,1,3,0,13,0,1,1,1,0.7685491815209389,0.7685491815209389,0.7685491815209389,0.4838293716311455,1.2523785531520844,,,,,,,,,
Five Dir Case 1,all,poi_only,coverage_no_frequency,256,ok,256,43,1,1,1.0,1.0,True,18,238,20,465981,0.0703125,0.47368421052631576,0.12244897959183673,0.0005104897054817586,0.5263157894736842,2,9,1,3,0,43,0,1,1,1,0.7790347449481487,0.7790347449481487,0.7790347449481487,0.4838293716311455,1.2628641165792942,,,,,,,,,
Five Dir Case 1,all,poi_only,coverage_no_frequency,1024,ok,1024,754,1,1,1.0,1.0,True,18,1006,20,465213,0.017578125,0.47368421052631576,0.03389830508474576,0.002157784217288442,0.5263157894736842,2,9,1,3,0,754,0,1,1,3,0.7870741970837116,0.7857555225491524,0.7947491854429245,0.4838293716311455,1.270903568714857,,,,,,,,,
Five Dir Case 1,all,poi_only,coverage_no_frequency,4096,ok,4096,1523,1,1,1.0,1.0,True,18,4078,20,462141,0.00439453125,0.47368421052631576,0.008708272859216255,0.008746962264515174,0.5263157894736842,2,9,1,3,0,1518,5,1,1,1,0.8163840621709824,0.8163840621709824,0.8163840621709824,0.4838293716311455,1.3002134338021278,,,,,,,,,
Five Dir Case 1,all,poi_only,pcst_native,64,ok,1,1,1,1,1.0,1.0,True,1,0,37,466219,1.0,0.02631578947368421,0.05128205128205128,0.0,0.9736842105263158,1,9,1,3,0,0,1,0,1,1,0.005340747535228729,0.005340747535228729,0.005340747535228729,4.933613438159227,4.938954185694456,1.0,0.0,,,,,,,
Five Dir Case 1,all,poi_only,pcst_native,256,ok,1,1,1,1,1.0,1.0,True,1,0,37,466219,1.0,0.02631578947368421,0.05128205128205128,0.0,0.9736842105263158,1,9,1,3,0,0,1,0,1,1,0.005217917263507843,0.005217917263507843,0.005217917263507843,4.933613438159227,4.938831355422735,1.0,0.0,,,,,,,
Five Dir Case 1,all,poi_only,pcst_native,1024,ok,1,1,1,1,1.0,1.0,True,1,0,37,466219,1.0,0.02631578947368421,0.05128205128205128,0.0,0.9736842105263158,1,9,1,3,0,0,1,0,1,1,0.0051192231476306915,0.0051192231476306915,0.0051192231476306915,4.933613438159227,4.938732661306858,1.0,0.0,,,,,,,
Five Dir Case 1,all,poi_only,pcst_native,4096,ok,1970,1964,1,1,1.0,0.8730964467005076,True,1,1969,37,464250,0.0005076142131979696,0.02631578947368421,0.00099601593625498,0.00422333710123354,0.9736842105263158,1,9,1,3,0,1963,1,0,1,1,0.005384683609008789,0.005384683609008789,0.005384683609008789,4.933613438159227,4.938998121768236,0.3,870.9156209338835,,,,,,,
Five Dir Case 1,all,poi_only,random_0,64,ok,64,63,1,39,0.015625,0.015625,True,1,63,37,466156,0.015625,0.02631578947368421,0.0196078431372549,0.00013512962792164198,0.9736842105263158,1,9,1,3,0,14,49,0,1,1,0.12025932967662811,0.12025932967662811,0.12025932967662811,,,,,,,,,,,
Five Dir Case 1,all,poi_only,random_0,256,ok,256,249,1,82,0.00390625,0.00390625,True,1,255,37,465964,0.00390625,0.02631578947368421,0.006802721088435374,0.0005469532558733128,0.9736842105263158,1,9,1,3,0,45,204,0,1,1,0.11563735827803612,0.11563735827803612,0.11563735827803612,,,,,,,,,,,
Five Dir Case 1,all,poi_only,random_0,1024,ok,1024,923,1,132,0.0048828125,0.0029296875,True,1,1023,37,465196,0.0009765625,0.02631578947368421,0.0018832391713747645,0.002194247767679996,0.9736842105263158,1,9,1,3,0,166,757,0,1,1,0.11858348175883293,0.11858348175883293,0.11858348175883293,,,,,,,,,,,
Five Dir Case 1,all,poi_only,random_0,4096,ok,4096,3322,1,155,0.80126953125,0.0078125,True,1,4095,37,462124,0.000244140625,0.02631578947368421,0.0004837929366231253,0.008783425814906728,0.9736842105263158,1,9,1,3,0,676,2646,0,1,1,0.11720478907227516,0.11720478907227516,0.11720478907227516,,,,,,,,,,,
Five Dir Case 1,all,poi_only,random_1,64,ok,64,63,1,42,0.015625,0.015625,True,1,63,37,466156,0.015625,0.02631578947368421,0.0196078431372549,0.00013512962792164198,0.9736842105263158,1,9,1,3,0,13,50,0,1,1,0.11644671857357025,0.11644671857357025,0.11644671857357025,,,,,,,,,,,
Five Dir Case 1,all,poi_only,random_1,256,ok,256,247,1,83,0.0546875,0.0078125,True,1,255,37,465964,0.00390625,0.02631578947368421,0.006802721088435374,0.0005469532558733128,0.9736842105263158,1,9,1,3,0,43,204,0,1,1,0.11562739685177803,0.11562739685177803,0.11562739685177803,,,,,,,,,,,
Five Dir Case 1,all,poi_only,random_1,1024,ok,1024,943,1,148,0.482421875,0.0068359375,True,1,1023,37,465196,0.0009765625,0.02631578947368421,0.0018832391713747645,0.002194247767679996,0.9736842105263158,1,9,1,3,0,165,778,0,1,1,0.11788840219378471,0.11788840219378471,0.11788840219378471,,,,,,,,,,,
Five Dir Case 1,all,poi_only,random_1,4096,ok,4096,3327,1,148,0.794921875,0.003173828125,True,1,4095,37,462124,0.000244140625,0.02631578947368421,0.0004837929366231253,0.008783425814906728,0.9736842105263158,1,9,1,3,0,685,2642,0,1,1,0.11786194518208504,0.11786194518208504,0.11786194518208504,,,,,,,,,,,
Five Dir Case 1,all,poi_only,random_2,64,ok,64,63,1,40,0.03125,0.03125,True,1,63,37,466156,0.015625,0.02631578947368421,0.0196078431372549,0.00013512962792164198,0.9736842105263158,1,9,1,3,0,10,53,0,1,1,0.11660447344183922,0.11660447344183922,0.11660447344183922,,,,,,,,,,,
Five Dir Case 1,all,poi_only,random_2,256,ok,256,248,1,92,0.01171875,0.01171875,True,1,255,37,465964,0.00390625,0.02631578947368421,0.006802721088435374,0.0005469532558733128,0.9736842105263158,1,9,1,3,0,47,201,0,1,1,0.11547073349356651,0.11547073349356651,0.11547073349356651,,,,,,,,,,,
Five Dir Case 1,all,poi_only,random_2,1024,ok,1024,935,1,132,0.005859375,0.00390625,True,1,1023,37,465196,0.0009765625,0.02631578947368421,0.0018832391713747645,0.002194247767679996,0.9736842105263158,1,9,1,3,0,172,763,0,1,1,0.11779024079442024,0.11779024079442024,0.11779024079442024,,,,,,,,,,,
Five Dir Case 1,all,poi_only,random_2,4096,ok,4096,3363,1,155,0.86083984375,0.004150390625,True,1,4095,37,462124,0.000244140625,0.02631578947368421,0.0004837929366231253,0.008783425814906728,0.9736842105263158,1,9,1,3,0,738,2625,0,1,1,0.11804020404815674,0.11804020404815674,0.11804020404815674,,,,,,,,,,,
Five Dir Case 1,all,poi_only,random_3,64,ok,64,63,1,39,0.015625,0.015625,True,1,63,37,466156,0.015625,0.02631578947368421,0.0196078431372549,0.00013512962792164198,0.9736842105263158,1,9,1,3,0,15,48,0,1,1,0.11603347212076187,0.11603347212076187,0.11603347212076187,,,,,,,,,,,
Five Dir Case 1,all,poi_only,random_3,256,ok,256,249,1,78,0.12109375,0.0078125,True,1,255,37,465964,0.00390625,0.02631578947368421,0.006802721088435374,0.0005469532558733128,0.9736842105263158,1,9,1,3,0,52,197,0,1,1,0.11496346443891525,0.11496346443891525,0.11496346443891525,,,,,,,,,,,
Five Dir Case 1,all,poi_only,random_3,1024,ok,1024,939,1,150,0.3486328125,0.0048828125,True,1,1023,37,465196,0.0009765625,0.02631578947368421,0.0018832391713747645,0.002194247767679996,0.9736842105263158,1,9,1,3,0,201,738,0,1,1,0.11765558272600174,0.11765558272600174,0.11765558272600174,,,,,,,,,,,
Five Dir Case 1,all,poi_only,random_3,4096,ok,4096,3327,1,145,0.853759765625,0.003173828125,True,1,4095,37,462124,0.000244140625,0.02631578947368421,0.0004837929366231253,0.008783425814906728,0.9736842105263158,1,9,1,3,0,734,2593,0,1,1,0.11821582540869713,0.11821582540869713,0.11821582540869713,,,,,,,,,,,
Five Dir Case 1,all,poi_only,random_4,64,ok,64,64,1,44,0.015625,0.015625,True,1,63,37,466156,0.015625,0.02631578947368421,0.0196078431372549,0.00013512962792164198,0.9736842105263158,1,9,1,3,0,18,46,0,1,1,0.11685323342680931,0.11685323342680931,0.11685323342680931,,,,,,,,,,,
Five Dir Case 1,all,poi_only,random_4,256,ok,256,247,1,84,0.00390625,0.00390625,True,1,255,37,465964,0.00390625,0.02631578947368421,0.006802721088435374,0.0005469532558733128,0.9736842105263158,1,9,1,3,0,46,201,0,1,1,0.11602606624364853,0.11602606624364853,0.11602606624364853,,,,,,,,,,,
Five Dir Case 1,all,poi_only,random_4,1024,ok,1024,937,1,150,0.005859375,0.0048828125,True,1,1023,37,465196,0.0009765625,0.02631578947368421,0.0018832391713747645,0.002194247767679996,0.9736842105263158,1,9,1,3,0,179,758,0,1,1,0.11700060591101646,0.11700060591101646,0.11700060591101646,,,,,,,,,,,
Five Dir Case 1,all,poi_only,random_4,4096,ok,4096,3314,1,167,0.81396484375,0.00341796875,True,1,4095,37,462124,0.000244140625,0.02631578947368421,0.0004837929366231253,0.008783425814906728,0.9736842105263158,1,9,1,3,0,726,2588,0,1,1,0.11857838556170464,0.11857838556170464,0.11857838556170464,,,,,,,,,,,
Five Dir Case 1,all,shared_context,old_score_top,64,ok,64,28,39,1,1.0,1.0,True,38,26,0,466193,0.59375,1.0,0.7450980392156863,5.576778295178875e-05,0.0,9,9,3,3,0,27,1,1,1,1,0.07011530175805092,0.07011530175805092,0.07011530175805092,,,,,,,,,,,
Five Dir Case 1,all,shared_context,old_score_top,256,ok,256,71,39,1,1.0,1.0,True,38,218,0,466001,0.1484375,1.0,0.2585034013605442,0.00046759141090345954,0.0,9,9,3,3,0,58,13,1,1,1,0.06815595179796219,0.06815595179796219,0.06815595179796219,,,,,,,,,,,
Five Dir Case 1,all,shared_context,old_score_top,1024,ok,1024,308,39,1,1.0,1.0,True,38,986,0,465233,0.037109375,1.0,0.07156308851224105,0.0021148859227101426,0.0,9,9,3,3,0,275,33,1,1,3,0.06821250170469284,0.068178940564394,0.06828554719686508,,,,,,,,,,,
Five Dir Case 1,all,shared_context,old_score_top,4096,ok,4096,1399,39,1,1.0,1.0,True,38,4058,0,462161,0.00927734375,1.0,0.018384131591678763,0.008704063969936875,0.0,9,9,3,3,0,1335,64,1,1,1,0.06901435554027557,0.06901435554027557,0.06901435554027557,,,,,,,,,,,
Five Dir Case 1,all,shared_context,rarity_top,64,ok,64,15,39,3,0.609375,0.609375,True,38,26,0,466193,0.59375,1.0,0.7450980392156863,5.576778295178875e-05,0.0,9,9,3,3,0,13,2,1,1,1,0.08772614970803261,0.08772614970803261,0.08772614970803261,,,,,,,,,,,
Five Dir Case 1,all,shared_context,rarity_top,256,ok,256,181,39,42,0.1953125,0.1640625,True,38,218,0,466001,0.1484375,1.0,0.2585034013605442,0.00046759141090345954,0.0,9,9,3,3,0,181,0,1,1,1,0.08338173478841782,0.08338173478841782,0.08338173478841782,,,,,,,,,,,
Five Dir Case 1,all,shared_context,rarity_top,1024,ok,1024,677,39,43,0.0615234375,0.0498046875,True,38,986,0,465233,0.037109375,1.0,0.07156308851224105,0.0021148859227101426,0.0,9,9,3,3,0,667,10,1,1,3,0.08115587756037712,0.08114216476678848,0.08208214491605759,,,,,,,,,,,
Five Dir Case 1,all,shared_context,rarity_top,4096,ok,4096,3303,39,73,0.759765625,0.1240234375,True,38,4058,0,462161,0.00927734375,1.0,0.018384131591678763,0.008704063969936875,0.0,9,9,3,3,0,3303,0,1,1,1,0.08369516208767891,0.08369516208767891,0.08369516208767891,,,,,,,,,,,
Five Dir Case 1,all,shared_context,diffusion_top,64,ok,64,25,39,1,1.0,0.984375,True,38,26,0,466193,0.59375,1.0,0.7450980392156863,5.576778295178875e-05,0.0,9,9,3,3,0,24,1,1,1,1,0.10014689713716507,0.10014689713716507,0.10014689713716507,0.9488874860107899,1.049034383147955,,,,,,,,,
Five Dir Case 1,all,shared_context,diffusion_top,256,ok,256,80,39,1,1.0,0.94921875,True,38,218,0,466001,0.1484375,1.0,0.2585034013605442,0.00046759141090345954,0.0,9,9,3,3,0,75,5,1,1,1,0.09850752726197243,0.09850752726197243,0.09850752726197243,0.9488874860107899,1.0473950132727623,,,,,,,,,
Five Dir Case 1,all,shared_context,diffusion_top,1024,ok,1024,733,39,1,1.0,0.97265625,True,38,986,0,465233,0.037109375,1.0,0.07156308851224105,0.0021148859227101426,0.0,9,9,3,3,0,732,1,1,1,3,0.09718813374638557,0.09661906212568283,0.09836000949144363,0.9488874860107899,1.0460756197571754,,,,,,,,,
Five Dir Case 1,all,shared_context,diffusion_top,4096,ok,4096,1641,39,1,1.0,0.916259765625,True,38,4058,0,462161,0.00927734375,1.0,0.018384131591678763,0.008704063969936875,0.0,9,9,3,3,0,1640,1,1,1,1,0.10005694627761841,0.10005694627761841,0.10005694627761841,0.9488874860107899,1.0489444322884083,,,,,,,,,
Five Dir Case 1,all,shared_context,localdegree_top,64,ok,64,35,39,17,0.609375,0.609375,True,38,26,0,466193,0.59375,1.0,0.7450980392156863,5.576778295178875e-05,0.0,9,9,3,3,0,17,18,1,1,1,0.08578980341553688,0.08578980341553688,0.08578980341553688,2.0070230327546597,2.0928128361701965,,,,,,,,,
Five Dir Case 1,all,shared_context,localdegree_top,256,ok,256,217,39,60,0.16015625,0.16015625,True,38,218,0,466001,0.1484375,1.0,0.2585034013605442,0.00046759141090345954,0.0,9,9,3,3,0,68,149,1,1,1,0.08385727554559708,0.08385727554559708,0.08385727554559708,2.0070230327546597,2.0908803083002567,,,,,,,,,
Five Dir Case 1,all,shared_context,localdegree_top,1024,ok,1024,868,39,150,0.0556640625,0.0556640625,True,38,986,0,465233,0.037109375,1.0,0.07156308851224105,0.0021148859227101426,0.0,9,9,3,3,0,250,618,1,1,3,0.08320707082748413,0.08295285329222679,0.08526299893856049,2.0070230327546597,2.090230103582144,,,,,,,,,
Five Dir Case 1,all,shared_context,localdegree_top,4096,ok,4096,3085,39,248,0.0234375,0.02197265625,True,38,4058,0,462161,0.00927734375,1.0,0.018384131591678763,0.008704063969936875,0.0,9,9,3,3,0,951,2134,1,1,1,0.08644713461399078,0.08644713461399078,0.08644713461399078,2.0070230327546597,2.0934701673686504,,,,,,,,,
Five Dir Case 1,all,shared_context,episode,64,ok,64,27,39,1,1.0,1.0,True,38,26,0,466193,0.59375,1.0,0.7450980392156863,5.576778295178875e-05,0.0,9,9,3,3,0,26,1,1,1,1,0.19180914759635925,0.19180914759635925,0.19180914759635925,0.9488874860107899,1.1406966336071491,,,,,,,,,
Five Dir Case 1,all,shared_context,episode,256,ok,256,85,39,1,1.0,1.0,True,38,218,0,466001,0.1484375,1.0,0.2585034013605442,0.00046759141090345954,0.0,9,9,3,3,0,81,4,1,1,1,0.1930740550160408,0.1930740550160408,0.1930740550160408,0.9488874860107899,1.1419615410268307,,,,,,,,,
Five Dir Case 1,all,shared_context,episode,1024,ok,1024,733,39,1,1.0,1.0,True,38,986,0,465233,0.037109375,1.0,0.07156308851224105,0.0021148859227101426,0.0,9,9,3,3,0,726,7,1,1,3,0.19598469138145447,0.19396431744098663,0.19915622472763062,0.9488874860107899,1.1448721773922443,,,,,,,,,
Five Dir Case 1,all,shared_context,episode,4096,ok,4096,1660,39,1,1.0,1.0,True,38,4058,0,462161,0.00927734375,1.0,0.018384131591678763,0.008704063969936875,0.0,9,9,3,3,0,1649,11,1,1,1,0.2073029689490795,0.2073029689490795,0.2073029689490795,0.9488874860107899,1.1561904549598694,,,,,,,,,
Five Dir Case 1,all,shared_context,coverage_exact,64,ok,64,27,39,1,1.0,1.0,True,38,26,0,466193,0.59375,1.0,0.7450980392156863,5.576778295178875e-05,0.0,9,9,3,3,0,26,1,1,1,1,0.6533273681998253,0.6533273681998253,0.6533273681998253,0.9488874860107899,1.6022148542106152,,,,,,,,,
Five Dir Case 1,all,shared_context,coverage_exact,256,ok,256,85,39,1,1.0,1.0,True,38,218,0,466001,0.1484375,1.0,0.2585034013605442,0.00046759141090345954,0.0,9,9,3,3,0,81,4,1,1,1,0.6478551588952541,0.6478551588952541,0.6478551588952541,0.9488874860107899,1.596742644906044,,,,,,,,,
Five Dir Case 1,all,shared_context,coverage_exact,1024,ok,1024,733,39,1,1.0,1.0,True,38,986,0,465233,0.037109375,1.0,0.07156308851224105,0.0021148859227101426,0.0,9,9,3,3,0,726,7,1,1,3,0.6732851266860962,0.6705717667937279,0.8222472183406353,0.9488874860107899,1.622172612696886,,,,,,,,,
Five Dir Case 1,all,shared_context,coverage_exact,4096,ok,4096,1625,39,1,1.0,1.0,True,38,4058,0,462161,0.00927734375,1.0,0.018384131591678763,0.008704063969936875,0.0,9,9,3,3,0,1613,12,1,1,1,0.6950676068663597,0.6950676068663597,0.6950676068663597,0.9488874860107899,1.6439550928771496,,,,,,,,,
Five Dir Case 1,all,shared_context,coverage_semantic,64,ok,64,27,39,1,1.0,1.0,True,38,26,0,466193,0.59375,1.0,0.7450980392156863,5.576778295178875e-05,0.0,9,9,3,3,0,26,1,1,1,1,0.7693460397422314,0.7693460397422314,0.7693460397422314,0.9488874860107899,1.7182335257530212,,,,,,,,,
Five Dir Case 1,all,shared_context,coverage_semantic,256,ok,256,84,39,1,1.0,1.0,True,38,218,0,466001,0.1484375,1.0,0.2585034013605442,0.00046759141090345954,0.0,9,9,3,3,0,80,4,1,1,1,0.9456938281655312,0.9456938281655312,0.9456938281655312,0.9488874860107899,1.894581314176321,,,,,,,,,
Five Dir Case 1,all,shared_context,coverage_semantic,1024,ok,1024,733,39,1,1.0,1.0,True,38,986,0,465233,0.037109375,1.0,0.07156308851224105,0.0021148859227101426,0.0,9,9,3,3,0,726,7,1,1,3,0.7787939384579659,0.7764505557715893,0.7835150398313999,0.9488874860107899,1.7276814244687557,,,,,,,,,
Five Dir Case 1,all,shared_context,coverage_semantic,4096,ok,4096,1622,39,1,1.0,1.0,True,38,4058,0,462161,0.00927734375,1.0,0.018384131591678763,0.008704063969936875,0.0,9,9,3,3,0,1610,12,1,1,1,0.8087847754359245,0.8087847754359245,0.8087847754359245,0.9488874860107899,1.7576722614467144,,,,,,,,,
Five Dir Case 1,all,shared_context,coverage_partial,64,ok,64,27,39,1,1.0,1.0,True,38,26,0,466193,0.59375,1.0,0.7450980392156863,5.576778295178875e-05,0.0,9,9,3,3,0,26,1,1,1,1,0.760016392916441,0.760016392916441,0.760016392916441,0.9488874860107899,1.7089038789272308,,,,,,,,,
Five Dir Case 1,all,shared_context,coverage_partial,256,ok,256,84,39,1,1.0,1.0,True,38,218,0,466001,0.1484375,1.0,0.2585034013605442,0.00046759141090345954,0.0,9,9,3,3,0,80,4,1,1,1,0.7619868069887161,0.7619868069887161,0.7619868069887161,0.9488874860107899,1.710874292999506,,,,,,,,,
Five Dir Case 1,all,shared_context,coverage_partial,1024,ok,1024,733,39,1,1.0,1.0,True,38,986,0,465233,0.037109375,1.0,0.07156308851224105,0.0021148859227101426,0.0,9,9,3,3,0,726,7,1,1,3,0.7742040865123272,0.7650370858609676,0.7811873592436314,0.9488874860107899,1.723091572523117,,,,,,,,,
Five Dir Case 1,all,shared_context,coverage_partial,4096,ok,4096,1626,39,1,1.0,1.0,True,38,4058,0,462161,0.00927734375,1.0,0.018384131591678763,0.008704063969936875,0.0,9,9,3,3,0,1610,16,1,1,1,0.7892073281109333,0.7892073281109333,0.7892073281109333,0.9488874860107899,1.7380948141217232,,,,,,,,,
Five Dir Case 1,all,shared_context,coverage_no_frequency,64,ok,64,14,39,1,1.0,1.0,True,38,26,0,466193,0.59375,1.0,0.7450980392156863,5.576778295178875e-05,0.0,9,9,3,3,0,14,0,1,1,1,0.7590599022805691,0.7590599022805691,0.7590599022805691,0.4838293716311455,1.2428892739117146,,,,,,,,,
Five Dir Case 1,all,shared_context,coverage_no_frequency,256,ok,256,37,39,1,1.0,1.0,True,38,218,0,466001,0.1484375,1.0,0.2585034013605442,0.00046759141090345954,0.0,9,9,3,3,0,37,0,1,1,1,0.7609212137758732,0.7609212137758732,0.7609212137758732,0.4838293716311455,1.2447505854070187,,,,,,,,,
Five Dir Case 1,all,shared_context,coverage_no_frequency,1024,ok,1024,749,39,1,1.0,1.0,True,38,986,0,465233,0.037109375,1.0,0.07156308851224105,0.0021148859227101426,0.0,9,9,3,3,0,749,0,1,1,3,0.790566448122263,0.7814987637102604,0.7958301715552807,0.4838293716311455,1.2743958197534084,,,,,,,,,
Five Dir Case 1,all,shared_context,coverage_no_frequency,4096,ok,4096,1526,39,1,1.0,1.0,True,38,4058,0,462161,0.00927734375,1.0,0.018384131591678763,0.008704063969936875,0.0,9,9,3,3,0,1521,5,1,1,1,0.8081479705870152,0.8081479705870152,0.8081479705870152,0.4838293716311455,1.2919773422181606,,,,,,,,,
Five Dir Case 1,all,shared_context,pcst_native,64,ok,39,10,39,1,1.0,1.0,True,38,1,0,466218,0.9743589743589743,1.0,0.987012987012987,2.144914728914952e-06,0.0,9,9,3,3,0,10,0,1,1,1,0.005315005779266357,0.005315005779266357,0.005315005779266357,4.933613438159227,4.938928443938494,1.0,0.0,,,,,,,
Five Dir Case 1,all,shared_context,pcst_native,256,ok,39,10,39,1,1.0,1.0,True,38,1,0,466218,0.9743589743589743,1.0,0.987012987012987,2.144914728914952e-06,0.0,9,9,3,3,0,10,0,1,1,1,0.00516819953918457,0.00516819953918457,0.00516819953918457,4.933613438159227,4.938781637698412,1.0,0.0,,,,,,,
Five Dir Case 1,all,shared_context,pcst_native,1024,ok,39,10,39,1,1.0,1.0,True,38,1,0,466218,0.9743589743589743,1.0,0.987012987012987,2.144914728914952e-06,0.0,9,9,3,3,0,10,0,1,1,1,0.005056705325841904,0.005056705325841904,0.005056705325841904,4.933613438159227,4.938670143485069,1.0,0.0,,,,,,,
Five Dir Case 1,all,shared_context,pcst_native,4096,ok,2007,1972,39,1,1.0,0.8754359740906826,True,38,1969,0,464250,0.018933731938216243,1.0,0.037163814180929094,0.00422333710123354,0.0,9,9,3,3,0,1972,0,1,1,1,0.005310524255037308,0.005310524255037308,0.005310524255037308,4.933613438159227,4.938923962414265,0.3,870.9156209338835,,,,,,,
Five Dir Case 1,all,shared_context,random_0,64,ok,64,35,39,21,0.609375,0.609375,True,38,26,0,466193,0.59375,1.0,0.7450980392156863,5.576778295178875e-05,0.0,9,9,3,3,0,16,19,1,1,1,0.11773303896188736,0.11773303896188736,0.11773303896188736,,,,,,,,,,,
Five Dir Case 1,all,shared_context,random_0,256,ok,256,223,39,73,0.1796875,0.15234375,True,38,218,0,466001,0.1484375,1.0,0.2585034013605442,0.00046759141090345954,0.0,9,9,3,3,0,50,173,1,1,1,0.11789419129490852,0.11789419129490852,0.11789419129490852,,,,,,,,,,,
Five Dir Case 1,all,shared_context,random_0,1024,ok,1024,901,39,129,0.3486328125,0.0478515625,True,38,986,0,465233,0.037109375,1.0,0.07156308851224105,0.0021148859227101426,0.0,9,9,3,3,0,169,732,1,1,1,0.11558467149734497,0.11558467149734497,0.11558467149734497,,,,,,,,,,,
Five Dir Case 1,all,shared_context,random_0,4096,ok,4096,3304,39,157,0.801513671875,0.028564453125,True,38,4058,0,462161,0.00927734375,1.0,0.018384131591678763,0.008704063969936875,0.0,9,9,3,3,0,684,2620,1,1,1,0.11545154824852943,0.11545154824852943,0.11545154824852943,,,,,,,,,,,
Five Dir Case 1,all,shared_context,random_1,64,ok,64,35,39,18,0.609375,0.609375,True,38,26,0,466193,0.59375,1.0,0.7450980392156863,5.576778295178875e-05,0.0,9,9,3,3,0,13,22,1,1,1,0.11759103462100029,0.11759103462100029,0.11759103462100029,,,,,,,,,,,
Five Dir Case 1,all,shared_context,random_1,256,ok,256,223,39,78,0.15625,0.15625,True,38,218,0,466001,0.1484375,1.0,0.2585034013605442,0.00046759141090345954,0.0,9,9,3,3,0,44,179,1,1,1,0.1149836853146553,0.1149836853146553,0.1149836853146553,,,,,,,,,,,
Five Dir Case 1,all,shared_context,random_1,1024,ok,1024,917,39,148,0.5068359375,0.0458984375,True,38,986,0,465233,0.037109375,1.0,0.07156308851224105,0.0021148859227101426,0.0,9,9,3,3,0,172,745,1,1,1,0.11593779549002647,0.11593779549002647,0.11593779549002647,,,,,,,,,,,
Five Dir Case 1,all,shared_context,random_1,4096,ok,4096,3312,39,147,0.79736328125,0.023681640625,True,38,4058,0,462161,0.00927734375,1.0,0.018384131591678763,0.008704063969936875,0.0,9,9,3,3,0,687,2625,1,1,1,0.11658726260066032,0.11658726260066032,0.11658726260066032,,,,,,,,,,,
Five Dir Case 1,all,shared_context,random_2,64,ok,64,35,39,18,0.625,0.625,True,38,26,0,466193,0.59375,1.0,0.7450980392156863,5.576778295178875e-05,0.0,9,9,3,3,0,16,19,1,1,1,0.11722273007035255,0.11722273007035255,0.11722273007035255,,,,,,,,,,,
Five Dir Case 1,all,shared_context,random_2,256,ok,256,221,39,78,0.1640625,0.1640625,True,38,218,0,466001,0.1484375,1.0,0.2585034013605442,0.00046759141090345954,0.0,9,9,3,3,0,48,173,1,1,1,0.1179504506289959,0.1179504506289959,0.1179504506289959,,,,,,,,,,,
Five Dir Case 1,all,shared_context,random_2,1024,ok,1024,912,39,130,0.060546875,0.0478515625,True,38,986,0,465233,0.037109375,1.0,0.07156308851224105,0.0021148859227101426,0.0,9,9,3,3,0,175,737,1,1,1,0.1163049191236496,0.1163049191236496,0.1163049191236496,,,,,,,,,,,
Five Dir Case 1,all,shared_context,random_2,4096,ok,4096,3348,39,156,0.85986328125,0.021484375,True,38,4058,0,462161,0.00927734375,1.0,0.018384131591678763,0.008704063969936875,0.0,9,9,3,3,0,744,2604,1,1,1,0.11851413547992706,0.11851413547992706,0.11851413547992706,,,,,,,,,,,
Five Dir Case 1,all,shared_context,random_3,64,ok,64,35,39,18,0.625,0.625,True,38,26,0,466193,0.59375,1.0,0.7450980392156863,5.576778295178875e-05,0.0,9,9,3,3,0,13,22,1,1,1,0.1176866926252842,0.1176866926252842,0.1176866926252842,,,,,,,,,,,
Five Dir Case 1,all,shared_context,random_3,256,ok,256,221,39,72,0.25390625,0.1640625,True,38,218,0,466001,0.1484375,1.0,0.2585034013605442,0.00046759141090345954,0.0,9,9,3,3,0,55,166,1,1,1,0.12186085805296898,0.12186085805296898,0.12186085805296898,,,,,,,,,,,
Five Dir Case 1,all,shared_context,random_3,1024,ok,1024,915,39,148,0.3720703125,0.0537109375,True,38,986,0,465233,0.037109375,1.0,0.07156308851224105,0.0021148859227101426,0.0,9,9,3,3,0,207,708,1,1,1,0.11635047569870949,0.11635047569870949,0.11635047569870949,,,,,,,,,,,
Five Dir Case 1,all,shared_context,random_3,4096,ok,4096,3308,39,146,0.853759765625,0.02685546875,True,38,4058,0,462161,0.00927734375,1.0,0.018384131591678763,0.008704063969936875,0.0,9,9,3,3,0,739,2569,1,1,1,0.11692233383655548,0.11692233383655548,0.11692233383655548,,,,,,,,,,,
Five Dir Case 1,all,shared_context,random_4,64,ok,64,35,39,22,0.609375,0.609375,True,38,26,0,466193,0.59375,1.0,0.7450980392156863,5.576778295178875e-05,0.0,9,9,3,3,0,17,18,1,1,1,0.1154179535806179,0.1154179535806179,0.1154179535806179,,,,,,,,,,,
Five Dir Case 1,all,shared_context,random_4,256,ok,256,222,39,80,0.15234375,0.15234375,True,38,218,0,466001,0.1484375,1.0,0.2585034013605442,0.00046759141090345954,0.0,9,9,3,3,0,51,171,1,1,1,0.11603685840964317,0.11603685840964317,0.11603685840964317,,,,,,,,,,,
Five Dir Case 1,all,shared_context,random_4,1024,ok,1024,913,39,147,0.048828125,0.0478515625,True,38,986,0,465233,0.037109375,1.0,0.07156308851224105,0.0021148859227101426,0.0,9,9,3,3,0,179,734,1,1,1,0.1168760396540165,0.1168760396540165,0.1168760396540165,,,,,,,,,,,
Five Dir Case 1,all,shared_context,random_4,4096,ok,4096,3293,39,170,0.814208984375,0.037841796875,True,38,4058,0,462161,0.00927734375,1.0,0.018384131591678763,0.008704063969936875,0.0,9,9,3,3,0,730,2563,1,1,1,0.11835918202996254,0.11835918202996254,0.11835918202996254,,,,,,,,,,,
Five Dir Case 1,all,poi_only,time_rerank,64,ok,64,20,1,1,1.0,0.984375,False,18,46,20,466173,0.28125,0.47368421052631576,0.35294117647058826,9.866607753008778e-05,0.5263157894736842,2,9,1,3,0,17,3,1,1,1,0.11743947118520737,0.11743947118520737,0.11743947118520737,0.8598895594477654,0.9773290306329727,,,,,,,,,
Five Dir Case 1,all,poi_only,time_rerank,256,ok,256,100,1,1,1.0,0.98046875,False,18,238,20,465981,0.0703125,0.47368421052631576,0.12244897959183673,0.0005104897054817586,0.5263157894736842,2,9,1,3,0,100,0,1,1,1,0.1087074764072895,0.1087074764072895,0.1087074764072895,0.8598895594477654,0.9685970358550549,,,,,,,,,
Five Dir Case 1,all,poi_only,time_rerank,1024,ok,1024,743,1,1,1.0,0.978515625,False,18,1006,20,465213,0.017578125,0.47368421052631576,0.03389830508474576,0.002157784217288442,0.5263157894736842,2,9,1,3,0,740,3,1,1,3,0.10907066240906715,0.10888291522860527,0.11078184843063354,0.8598895594477654,0.9689602218568325,,,,,,,,,
Five Dir Case 1,all,poi_only,time_rerank,4096,ok,4096,1788,1,2,0.9306640625,0.6787109375,False,18,4078,20,462141,0.00439453125,0.47368421052631576,0.008708272859216255,0.008746962264515174,0.5263157894736842,2,9,1,3,0,1785,3,1,1,1,0.10973183810710907,0.10973183810710907,0.10973183810710907,0.8598895594477654,0.9696213975548744,,,,,,,,,
Five Dir Case 1,all,poi_only,temporal_top,64,ok,64,18,1,1,1.0,0.984375,False,18,46,20,466173,0.28125,0.47368421052631576,0.35294117647058826,9.866607753008778e-05,0.5263157894736842,2,9,1,3,0,15,3,1,1,1,0.11046111956238747,0.11046111956238747,0.11046111956238747,0.8722913004457951,0.9827524200081825,,,,,,,,,
Five Dir Case 1,all,poi_only,temporal_top,256,ok,256,97,1,1,1.0,0.98046875,False,18,238,20,465981,0.0703125,0.47368421052631576,0.12244897959183673,0.0005104897054817586,0.5263157894736842,2,9,1,3,0,97,0,1,1,1,0.11120571941137314,0.11120571941137314,0.11120571941137314,0.8722913004457951,0.9834970198571682,,,,,,,,,
Five Dir Case 1,all,poi_only,temporal_top,1024,ok,1024,742,1,1,1.0,0.978515625,False,18,1006,20,465213,0.017578125,0.47368421052631576,0.03389830508474576,0.002157784217288442,0.5263157894736842,2,9,1,3,0,740,2,1,1,3,0.11028185114264488,0.10957379266619682,0.11081899330019951,0.8722913004457951,0.9825731515884399,,,,,,,,,
Five Dir Case 1,all,poi_only,temporal_top,4096,ok,4096,1783,1,2,0.930419921875,0.6787109375,False,18,4078,20,462141,0.00439453125,0.47368421052631576,0.008708272859216255,0.008746962264515174,0.5263157894736842,2,9,1,3,0,1778,5,1,1,1,0.10985950380563736,0.10985950380563736,0.10985950380563736,0.8722913004457951,0.9821508042514324,,,,,,,,,
Five Dir Case 1,all,poi_only,temporal_nofreq,64,ok,64,20,1,1,1.0,1.0,False,18,46,20,466173,0.28125,0.47368421052631576,0.35294117647058826,9.866607753008778e-05,0.5263157894736842,2,9,1,3,0,20,0,1,1,1,0.11290009319782257,0.11290009319782257,0.11290009319782257,0.4810226783156395,0.5939227715134621,,,,,,,,,
Five Dir Case 1,all,poi_only,temporal_nofreq,256,ok,256,171,1,1,1.0,0.765625,False,18,238,20,465981,0.0703125,0.47368421052631576,0.12244897959183673,0.0005104897054817586,0.5263157894736842,2,9,1,3,0,165,6,1,1,1,0.10936158522963524,0.10936158522963524,0.10936158522963524,0.4810226783156395,0.5903842635452747,,,,,,,,,
Five Dir Case 1,all,poi_only,temporal_nofreq,1024,ok,1024,766,1,1,1.0,0.4736328125,False,18,1006,20,465213,0.017578125,0.47368421052631576,0.03389830508474576,0.002157784217288442,0.5263157894736842,2,9,1,3,0,762,4,1,1,3,0.10899538546800613,0.10878267139196396,0.11296181753277779,0.4810226783156395,0.5900180637836456,,,,,,,,,
Five Dir Case 1,all,poi_only,temporal_nofreq,4096,ok,4096,1949,1,2,0.99609375,0.89013671875,False,18,4078,20,462141,0.00439453125,0.47368421052631576,0.008708272859216255,0.008746962264515174,0.5263157894736842,2,9,1,3,0,1945,4,1,1,1,0.11022606492042542,0.11022606492042542,0.11022606492042542,0.4810226783156395,0.5912487432360649,,,,,,,,,
Five Dir Case 1,all,poi_only,temporal_nocontrast,64,ok,64,15,1,1,1.0,0.984375,False,18,46,20,466173,0.28125,0.47368421052631576,0.35294117647058826,9.866607753008778e-05,0.5263157894736842,2,9,1,3,0,14,1,1,1,1,0.11293479427695274,0.11293479427695274,0.11293479427695274,0.7632842697203159,0.8762190639972687,,,,,,,,,
Five Dir Case 1,all,poi_only,temporal_nocontrast,256,ok,256,58,1,1,1.0,0.97265625,False,18,238,20,465981,0.0703125,0.47368421052631576,0.12244897959183673,0.0005104897054817586,0.5263157894736842,2,9,1,3,0,55,3,1,1,1,0.11003563925623894,0.11003563925623894,0.11003563925623894,0.7632842697203159,0.8733199089765549,,,,,,,,,
Five Dir Case 1,all,poi_only,temporal_nocontrast,1024,ok,1024,251,1,1,1.0,0.984375,False,18,1006,20,465213,0.017578125,0.47368421052631576,0.03389830508474576,0.002157784217288442,0.5263157894736842,2,9,1,3,0,251,0,1,1,3,0.10920809209346771,0.10892246663570404,0.10970859229564667,0.7632842697203159,0.8724923618137836,,,,,,,,,
Five Dir Case 1,all,poi_only,temporal_nocontrast,4096,ok,4096,1408,1,1,1.0,0.80615234375,False,37,4059,1,462160,0.009033203125,0.9736842105263158,0.017900338655055636,0.00870620888466579,0.02631578947368421,8,9,3,3,0,1403,5,1,1,1,0.10898369550704956,0.10898369550704956,0.10898369550704956,0.7632842697203159,0.8722679652273655,,,,,,,,,
Five Dir Case 1,all,poi_only,temporal_short,64,ok,64,18,1,1,1.0,0.984375,False,18,46,20,466173,0.28125,0.47368421052631576,0.35294117647058826,9.866607753008778e-05,0.5263157894736842,2,9,1,3,0,15,3,1,1,1,0.10913237184286118,0.10913237184286118,0.10913237184286118,0.9284661188721657,1.0375984907150269,,,,,,,,,
Five Dir Case 1,all,poi_only,temporal_short,256,ok,256,97,1,1,1.0,0.98828125,False,18,238,20,465981,0.0703125,0.47368421052631576,0.12244897959183673,0.0005104897054817586,0.5263157894736842,2,9,1,3,0,97,0,1,1,1,0.11043396219611168,0.11043396219611168,0.11043396219611168,0.9284661188721657,1.0389000810682774,,,,,,,,,
Five Dir Case 1,all,poi_only,temporal_short,1024,ok,1024,749,1,1,1.0,0.98828125,False,18,1006,20,465213,0.017578125,0.47368421052631576,0.03389830508474576,0.002157784217288442,0.5263157894736842,2,9,1,3,0,746,3,1,1,3,0.10869072005152702,0.10840175673365593,0.10920855402946472,0.9284661188721657,1.0371568389236927,,,,,,,,,
Five Dir Case 1,all,poi_only,temporal_short,4096,ok,4096,1720,1,3,0.9443359375,0.84765625,False,20,4076,18,462143,0.0048828125,0.5263157894736842,0.009675858732462506,0.008742672435057344,0.47368421052631576,4,9,3,3,0,1664,56,1,1,1,0.1083330549299717,0.1083330549299717,0.1083330549299717,0.9284661188721657,1.0367991738021374,,,,,,,,,
Five Dir Case 1,all,poi_only,temporal_long,64,ok,64,20,1,1,1.0,0.984375,False,18,46,20,466173,0.28125,0.47368421052631576,0.35294117647058826,9.866607753008778e-05,0.5263157894736842,2,9,1,3,0,17,3,1,1,1,0.11089691147208214,0.11089691147208214,0.11089691147208214,0.8575609363615513,0.9684578478336334,,,,,,,,,
Five Dir Case 1,all,poi_only,temporal_long,256,ok,256,100,1,1,1.0,0.98046875,False,18,238,20,465981,0.0703125,0.47368421052631576,0.12244897959183673,0.0005104897054817586,0.5263157894736842,2,9,1,3,0,100,0,1,1,1,0.10887181013822556,0.10887181013822556,0.10887181013822556,0.8575609363615513,0.9664327464997768,,,,,,,,,
Five Dir Case 1,all,poi_only,temporal_long,1024,ok,1024,739,1,1,1.0,0.96484375,False,18,1006,20,465213,0.017578125,0.47368421052631576,0.03389830508474576,0.002157784217288442,0.5263157894736842,2,9,1,3,0,736,3,1,1,3,0.10920754075050354,0.10883263498544693,0.1113407276570797,0.8575609363615513,0.9667684771120548,,,,,,,,,
Five Dir Case 1,all,poi_only,temporal_long,4096,ok,4096,1586,1,1,1.0,0.906494140625,False,18,4078,20,462141,0.00439453125,0.47368421052631576,0.008708272859216255,0.008746962264515174,0.5263157894736842,2,9,1,3,0,1584,2,1,1,1,0.10999823361635208,0.10999823361635208,0.10999823361635208,0.8575609363615513,0.9675591699779034,,,,,,,,,
Five Dir Case 1,all,poi_only,plain_ppr,64,ok,64,15,1,1,1.0,0.8125,False,18,46,20,466173,0.28125,0.47368421052631576,0.35294117647058826,9.866607753008778e-05,0.5263157894736842,2,9,1,3,0,15,0,1,1,1,0.0974944680929184,0.0974944680929184,0.0974944680929184,0.18914733827114105,0.28664180636405945,,,,,,,,,
Five Dir Case 1,all,poi_only,plain_ppr,256,ok,256,35,1,2,0.99609375,0.94921875,False,18,238,20,465981,0.0703125,0.47368421052631576,0.12244897959183673,0.0005104897054817586,0.5263157894736842,2,9,1,3,0,33,2,1,1,1,0.09641898423433304,0.09641898423433304,0.09641898423433304,0.18914733827114105,0.2855663225054741,,,,,,,,,
Five Dir Case 1,all,poi_only,plain_ppr,1024,ok,1024,204,1,2,0.9990234375,0.9873046875,False,18,1006,20,465213,0.017578125,0.47368421052631576,0.03389830508474576,0.002157784217288442,0.5263157894736842,2,9,1,3,0,202,2,1,1,3,0.09638286381959915,0.0960538387298584,0.0970972366631031,0.18914733827114105,0.2855302020907402,,,,,,,,,
Five Dir Case 1,all,poi_only,plain_ppr,4096,ok,4096,1326,1,1,1.0,0.920166015625,False,18,4078,20,462141,0.00439453125,0.47368421052631576,0.008708272859216255,0.008746962264515174,0.5263157894736842,2,9,1,3,0,1317,9,1,1,1,0.09661974757909775,0.09661974757909775,0.09661974757909775,0.18914733827114105,0.2857670858502388,,,,,,,,,
Five Dir Case 1,all,poi_only,heat_kernel,64,ok,64,13,1,1,1.0,0.875,False,18,46,20,466173,0.28125,0.47368421052631576,0.35294117647058826,9.866607753008778e-05,0.5263157894736842,2,9,1,3,0,11,2,1,1,1,0.0970863476395607,0.0970863476395607,0.0970863476395607,0.07961107417941093,0.17669742181897163,,,,,,,,,
Five Dir Case 1,all,poi_only,heat_kernel,256,ok,256,39,1,1,1.0,0.953125,False,18,238,20,465981,0.0703125,0.47368421052631576,0.12244897959183673,0.0005104897054817586,0.5263157894736842,2,9,1,3,0,37,2,1,1,1,0.09909939020872116,0.09909939020872116,0.09909939020872116,0.07961107417941093,0.1787104643881321,,,,,,,,,
Five Dir Case 1,all,poi_only,heat_kernel,1024,ok,1024,204,1,2,0.9990234375,0.9873046875,False,18,1006,20,465213,0.017578125,0.47368421052631576,0.03389830508474576,0.002157784217288442,0.5263157894736842,2,9,1,3,0,204,0,1,1,3,0.09737387672066689,0.09662140905857086,0.09775958582758904,0.07961107417941093,0.17698495090007782,,,,,,,,,
Five Dir Case 1,all,poi_only,heat_kernel,4096,ok,4096,1324,1,1,1.0,0.921630859375,False,18,4078,20,462141,0.00439453125,0.47368421052631576,0.008708272859216255,0.008746962264515174,0.5263157894736842,2,9,1,3,0,1313,11,1,1,1,0.09758739918470383,0.09758739918470383,0.09758739918470383,0.07961107417941093,0.17719847336411476,,,,,,,,,
Five Dir Case 1,all,poi_only,relation_stratified,64,ok,64,49,1,9,0.625,0.53125,False,8,56,30,466163,0.125,0.21052631578947367,0.1568627450980392,0.00012011522481923731,0.7894736842105263,4,9,3,3,0,33,16,0,1,1,0.10867420211434364,0.10867420211434364,0.10867420211434364,0.8559851609170437,0.9646593630313873,,,,,,,,,
Five Dir Case 1,all,poi_only,relation_stratified,256,ok,256,185,1,18,0.59765625,0.42578125,False,21,235,17,465984,0.08203125,0.5526315789473685,0.14285714285714285,0.0005040549612950137,0.4473684210526316,5,9,3,3,0,142,43,1,1,1,0.1079171821475029,0.1079171821475029,0.1079171821475029,0.8559851609170437,0.9639023430645466,,,,,,,,,
Five Dir Case 1,all,poi_only,relation_stratified,1024,ok,1024,736,1,32,0.626953125,0.408203125,False,21,1003,17,465216,0.0205078125,0.5526315789473685,0.03954802259887006,0.002151349473101697,0.4473684210526316,5,9,3,3,0,571,165,1,1,3,0.10840152576565742,0.10836941003799438,0.10885476693511009,0.8559851609170437,0.9643866866827011,,,,,,,,,
Five Dir Case 1,all,poi_only,relation_stratified,4096,ok,4096,2457,1,23,0.767822265625,0.376220703125,False,21,4075,17,462144,0.005126953125,0.5526315789473685,0.010159651669085631,0.00874052752032843,0.4473684210526316,5,9,3,3,0,2200,257,1,1,1,0.11234127730131149,0.11234127730131149,0.11234127730131149,0.8559851609170437,0.9683264382183552,,,,,,,,,
Five Dir Case 1,all,poi_only,temporal_episode,64,ok,64,24,1,1,1.0,1.0,False,18,46,20,466173,0.28125,0.47368421052631576,0.35294117647058826,9.866607753008778e-05,0.5263157894736842,2,9,1,3,0,23,1,1,1,1,0.20277943834662437,0.20277943834662437,0.20277943834662437,0.8722913004457951,1.0750707387924194,,,,,,,,,
Five Dir Case 1,all,poi_only,temporal_episode,256,ok,256,97,1,1,1.0,1.0,False,18,238,20,465981,0.0703125,0.47368421052631576,0.12244897959183673,0.0005104897054817586,0.5263157894736842,2,9,1,3,0,95,2,1,1,1,0.20132021605968475,0.20132021605968475,0.20132021605968475,0.8722913004457951,1.0736115165054798,,,,,,,,,
Five Dir Case 1,all,poi_only,temporal_episode,1024,ok,1024,732,1,1,1.0,1.0,False,18,1006,20,465213,0.017578125,0.47368421052631576,0.03389830508474576,0.002157784217288442,0.5263157894736842,2,9,1,3,0,728,4,1,1,3,0.20363719016313553,0.20157989487051964,0.20758850499987602,0.8722913004457951,1.0759284906089306,,,,,,,,,
Five Dir Case 1,all,poi_only,temporal_episode,4096,ok,4096,1933,1,1,1.0,0.99951171875,False,20,4076,18,462143,0.0048828125,0.5263157894736842,0.009675858732462506,0.008742672435057344,0.47368421052631576,4,9,3,3,0,1920,13,1,1,1,0.2511073648929596,0.2511073648929596,0.2511073648929596,0.8722913004457951,1.1233986653387547,,,,,,,,,
Five Dir Case 1,all,poi_only,temporal_pcst,64,ok,1,1,1,1,1.0,1.0,False,1,0,37,466219,1.0,0.02631578947368421,0.05128205128205128,0.0,0.9736842105263158,1,9,1,3,0,0,1,0,1,1,0.00533854216337204,0.00533854216337204,0.00533854216337204,4.859999854117632,4.865338396281004,1.0,,,,,,,,
Five Dir Case 1,all,poi_only,temporal_pcst,256,ok,1,1,1,1,1.0,1.0,False,1,0,37,466219,1.0,0.02631578947368421,0.05128205128205128,0.0,0.9736842105263158,1,9,1,3,0,0,1,0,1,1,0.005252949893474579,0.005252949893474579,0.005252949893474579,4.859999854117632,4.8652528040111065,1.0,,,,,,,,
Five Dir Case 1,all,poi_only,temporal_pcst,1024,ok,1,1,1,1,1.0,1.0,False,1,0,37,466219,1.0,0.02631578947368421,0.05128205128205128,0.0,0.9736842105263158,1,9,1,3,0,0,1,0,1,1,0.005124542862176895,0.005124542862176895,0.005124542862176895,4.859999854117632,4.865124396979809,1.0,,,,,,,,
Five Dir Case 1,all,poi_only,temporal_pcst,4096,ok,1070,1064,1,1,1.0,0.8616822429906542,False,1,1069,37,465150,0.0009345794392523365,0.02631578947368421,0.0018050541516245488,0.0022929138452100835,0.9736842105263158,1,9,1,3,0,1063,1,0,1,1,0.005484607070684433,0.005484607070684433,0.005484607070684433,4.859999854117632,4.865484461188316,0.3,,,,,,,,
Five Dir Case 1,all,shared_context,time_rerank,64,ok,64,25,39,1,1.0,0.984375,False,38,26,0,466193,0.59375,1.0,0.7450980392156863,5.576778295178875e-05,0.0,9,9,3,3,0,24,1,1,1,1,0.10927129536867142,0.10927129536867142,0.10927129536867142,0.8598895594477654,0.9691608548164368,,,,,,,,,
Five Dir Case 1,all,shared_context,time_rerank,256,ok,256,106,39,1,1.0,0.984375,False,38,218,0,466001,0.1484375,1.0,0.2585034013605442,0.00046759141090345954,0.0,9,9,3,3,0,105,1,1,1,1,0.10855288803577423,0.10855288803577423,0.10855288803577423,0.8598895594477654,0.9684424474835396,,,,,,,,,
Five Dir Case 1,all,shared_context,time_rerank,1024,ok,1024,730,39,1,1.0,0.9931640625,False,38,986,0,465233,0.037109375,1.0,0.07156308851224105,0.0021148859227101426,0.0,9,9,3,3,0,727,3,1,1,3,0.10833371058106422,0.10828321054577827,0.11099570617079735,0.8598895594477654,0.9682232700288296,,,,,,,,,
Five Dir Case 1,all,shared_context,time_rerank,4096,ok,4096,1795,39,2,0.935546875,0.68359375,False,38,4058,0,462161,0.00927734375,1.0,0.018384131591678763,0.008704063969936875,0.0,9,9,3,3,0,1791,4,1,1,1,0.11356331035494804,0.11356331035494804,0.11356331035494804,0.8598895594477654,0.9734528698027134,,,,,,,,,
Five Dir Case 1,all,shared_context,temporal_top,64,ok,64,25,39,1,1.0,0.984375,False,38,26,0,466193,0.59375,1.0,0.7450980392156863,5.576778295178875e-05,0.0,9,9,3,3,0,23,2,1,1,1,0.11436270549893379,0.11436270549893379,0.11436270549893379,0.8722913004457951,0.9866540059447289,,,,,,,,,
Five Dir Case 1,all,shared_context,temporal_top,256,ok,256,84,39,1,1.0,0.984375,False,38,218,0,466001,0.1484375,1.0,0.2585034013605442,0.00046759141090345954,0.0,9,9,3,3,0,84,0,1,1,1,0.1194283552467823,0.1194283552467823,0.1194283552467823,0.8722913004457951,0.9917196556925774,,,,,,,,,
Five Dir Case 1,all,shared_context,temporal_top,1024,ok,1024,730,39,1,1.0,0.9931640625,False,38,986,0,465233,0.037109375,1.0,0.07156308851224105,0.0021148859227101426,0.0,9,9,3,3,0,727,3,1,1,3,0.11291053891181946,0.11259809508919716,0.11579696834087372,0.8722913004457951,0.9852018393576145,,,,,,,,,
Five Dir Case 1,all,shared_context,temporal_top,4096,ok,4096,1790,39,2,0.930419921875,0.68359375,False,38,4058,0,462161,0.00927734375,1.0,0.018384131591678763,0.008704063969936875,0.0,9,9,3,3,0,1765,25,1,1,1,0.11401048302650452,0.11401048302650452,0.11401048302650452,0.8722913004457951,0.9863017834722996,,,,,,,,,
Five Dir Case 1,all,shared_context,temporal_nofreq,64,ok,64,13,39,1,1.0,1.0,False,38,26,0,466193,0.59375,1.0,0.7450980392156863,5.576778295178875e-05,0.0,9,9,3,3,0,12,1,1,1,1,0.11503571271896362,0.11503571271896362,0.11503571271896362,0.4810226783156395,0.5960583910346031,,,,,,,,,
Five Dir Case 1,all,shared_context,temporal_nofreq,256,ok,256,158,39,1,1.0,1.0,False,38,218,0,466001,0.1484375,1.0,0.2585034013605442,0.00046759141090345954,0.0,9,9,3,3,0,152,6,1,1,1,0.11188321933150291,0.11188321933150291,0.11188321933150291,0.4810226783156395,0.5929058976471424,,,,,,,,,
Five Dir Case 1,all,shared_context,temporal_nofreq,1024,ok,1024,757,39,1,1.0,1.0,False,38,986,0,465233,0.037109375,1.0,0.07156308851224105,0.0021148859227101426,0.0,9,9,3,3,0,753,4,1,1,3,0.11281738430261612,0.11059073731303215,0.11446541920304298,0.4810226783156395,0.5938400626182556,,,,,,,,,
Five Dir Case 1,all,shared_context,temporal_nofreq,4096,ok,4096,1938,39,2,0.99609375,0.89501953125,False,38,4058,0,462161,0.00927734375,1.0,0.018384131591678763,0.008704063969936875,0.0,9,9,3,3,0,1932,6,1,1,1,0.11391902714967728,0.11391902714967728,0.11391902714967728,0.4810226783156395,0.5949417054653168,,,,,,,,,
Five Dir Case 1,all,shared_context,temporal_nocontrast,64,ok,64,14,39,1,1.0,1.0,False,38,26,0,466193,0.59375,1.0,0.7450980392156863,5.576778295178875e-05,0.0,9,9,3,3,0,13,1,1,1,1,0.11207835376262665,0.11207835376262665,0.11207835376262665,0.7632842697203159,0.8753626234829426,,,,,,,,,
Five Dir Case 1,all,shared_context,temporal_nocontrast,256,ok,256,62,39,1,1.0,0.97265625,False,38,218,0,466001,0.1484375,1.0,0.2585034013605442,0.00046759141090345954,0.0,9,9,3,3,0,61,1,1,1,1,0.11389334499835968,0.11389334499835968,0.11389334499835968,0.7632842697203159,0.8771776147186756,,,,,,,,,
Five Dir Case 1,all,shared_context,temporal_nocontrast,1024,ok,1024,239,39,1,1.0,0.984375,False,38,986,0,465233,0.037109375,1.0,0.07156308851224105,0.0021148859227101426,0.0,9,9,3,3,0,239,0,1,1,3,0.1139359287917614,0.11027438566088676,0.11510424315929413,0.7632842697203159,0.8772201985120773,,,,,,,,,
Five Dir Case 1,all,shared_context,temporal_nocontrast,4096,ok,4096,1409,39,1,1.0,0.806396484375,False,38,4058,0,462161,0.00927734375,1.0,0.018384131591678763,0.008704063969936875,0.0,9,9,3,3,0,1404,5,1,1,1,0.11080078408122063,0.11080078408122063,0.11080078408122063,0.7632842697203159,0.8740850538015366,,,,,,,,,
Five Dir Case 1,all,shared_context,temporal_short,64,ok,64,25,39,1,1.0,0.984375,False,38,26,0,466193,0.59375,1.0,0.7450980392156863,5.576778295178875e-05,0.0,9,9,3,3,0,23,2,1,1,1,0.11081614717841148,0.11081614717841148,0.11081614717841148,0.9284661188721657,1.0392822660505772,,,,,,,,,
Five Dir Case 1,all,shared_context,temporal_short,256,ok,256,84,39,1,1.0,0.9921875,False,38,218,0,466001,0.1484375,1.0,0.2585034013605442,0.00046759141090345954,0.0,9,9,3,3,0,84,0,1,1,1,0.11055760458111763,0.11055760458111763,0.11055760458111763,0.9284661188721657,1.0390237234532833,,,,,,,,,
Five Dir Case 1,all,shared_context,temporal_short,1024,ok,1024,736,39,1,1.0,0.994140625,False,38,986,0,465233,0.037109375,1.0,0.07156308851224105,0.0021148859227101426,0.0,9,9,3,3,0,733,3,1,1,3,0.1104222722351551,0.11026331037282944,0.11106645688414574,0.9284661188721657,1.0388883911073208,,,,,,,,,
Five Dir Case 1,all,shared_context,temporal_short,4096,ok,4096,1708,39,3,0.9443359375,0.847900390625,False,38,4058,0,462161,0.00927734375,1.0,0.018384131591678763,0.008704063969936875,0.0,9,9,3,3,0,1652,56,1,1,1,0.11008252203464508,0.11008252203464508,0.11008252203464508,0.9284661188721657,1.0385486409068108,,,,,,,,,
Five Dir Case 1,all,shared_context,temporal_long,64,ok,64,25,39,1,1.0,0.984375,False,38,26,0,466193,0.59375,1.0,0.7450980392156863,5.576778295178875e-05,0.0,9,9,3,3,0,24,1,1,1,1,0.11259232833981514,0.11259232833981514,0.11259232833981514,0.8575609363615513,0.9701532647013664,,,,,,,,,
Five Dir Case 1,all,shared_context,temporal_long,256,ok,256,87,39,1,1.0,0.984375,False,38,218,0,466001,0.1484375,1.0,0.2585034013605442,0.00046759141090345954,0.0,9,9,3,3,0,87,0,1,1,1,0.11277951672673225,0.11277951672673225,0.11277951672673225,0.8575609363615513,0.9703404530882835,,,,,,,,,
Five Dir Case 1,all,shared_context,temporal_long,1024,ok,1024,727,39,1,1.0,0.9794921875,False,38,986,0,465233,0.037109375,1.0,0.07156308851224105,0.0021148859227101426,0.0,9,9,3,3,0,724,3,1,1,3,0.11005092039704323,0.10934033617377281,0.11827768385410309,0.8575609363615513,0.9676118567585945,,,,,,,,,
Five Dir Case 1,all,shared_context,temporal_long,4096,ok,4096,1574,39,1,1.0,0.906494140625,False,38,4058,0,462161,0.00927734375,1.0,0.018384131591678763,0.008704063969936875,0.0,9,9,3,3,0,1571,3,1,1,1,0.1103707030415535,0.1103707030415535,0.1103707030415535,0.8575609363615513,0.9679316394031048,,,,,,,,,
Five Dir Case 1,all,shared_context,plain_ppr,64,ok,64,13,39,1,1.0,1.0,False,38,26,0,466193,0.59375,1.0,0.7450980392156863,5.576778295178875e-05,0.0,9,9,3,3,0,11,2,1,1,1,0.11726359650492668,0.11726359650492668,0.11726359650492668,0.18914733827114105,0.30641093477606773,,,,,,,,,
Five Dir Case 1,all,shared_context,plain_ppr,256,ok,256,38,39,2,0.99609375,0.94921875,False,38,218,0,466001,0.1484375,1.0,0.2585034013605442,0.00046759141090345954,0.0,9,9,3,3,0,36,2,1,1,1,0.09911610186100006,0.09911610186100006,0.09911610186100006,0.18914733827114105,0.2882634401321411,,,,,,,,,
Five Dir Case 1,all,shared_context,plain_ppr,1024,ok,1024,207,39,2,0.9990234375,0.9873046875,False,38,986,0,465233,0.037109375,1.0,0.07156308851224105,0.0021148859227101426,0.0,9,9,3,3,0,203,4,1,1,3,0.09743057563900948,0.09673574194312096,0.09885644167661667,0.18914733827114105,0.28657791391015053,,,,,,,,,
Five Dir Case 1,all,shared_context,plain_ppr,4096,ok,4096,1333,39,1,1.0,0.920166015625,False,38,4058,0,462161,0.00927734375,1.0,0.018384131591678763,0.008704063969936875,0.0,9,9,3,3,0,1324,9,1,1,1,0.09727649763226509,0.09727649763226509,0.09727649763226509,0.18914733827114105,0.28642383590340614,,,,,,,,,
Five Dir Case 1,all,shared_context,heat_kernel,64,ok,64,13,39,1,1.0,1.0,False,38,26,0,466193,0.59375,1.0,0.7450980392156863,5.576778295178875e-05,0.0,9,9,3,3,0,11,2,1,1,1,0.09772904962301254,0.09772904962301254,0.09772904962301254,0.07961107417941093,0.17734012380242348,,,,,,,,,
Five Dir Case 1,all,shared_context,heat_kernel,256,ok,256,41,39,1,1.0,0.953125,False,38,218,0,466001,0.1484375,1.0,0.2585034013605442,0.00046759141090345954,0.0,9,9,3,3,0,40,1,1,1,1,0.09697956591844559,0.09697956591844559,0.09697956591844559,0.07961107417941093,0.17659064009785652,,,,,,,,,
Five Dir Case 1,all,shared_context,heat_kernel,1024,ok,1024,208,39,2,0.9990234375,0.9873046875,False,38,986,0,465233,0.037109375,1.0,0.07156308851224105,0.0021148859227101426,0.0,9,9,3,3,0,204,4,1,1,3,0.09710181131958961,0.0964997373521328,0.09721203148365021,0.07961107417941093,0.17671288549900055,,,,,,,,,
Five Dir Case 1,all,shared_context,heat_kernel,4096,ok,4096,1329,39,1,1.0,0.921630859375,False,38,4058,0,462161,0.00927734375,1.0,0.018384131591678763,0.008704063969936875,0.0,9,9,3,3,0,1320,9,1,1,1,0.09763240814208984,0.09763240814208984,0.09763240814208984,0.07961107417941093,0.17724348232150078,,,,,,,,,
Five Dir Case 1,all,shared_context,relation_stratified,64,ok,64,30,39,5,0.90625,0.859375,False,38,26,0,466193,0.59375,1.0,0.7450980392156863,5.576778295178875e-05,0.0,9,9,3,3,0,23,7,1,1,1,0.10714763775467873,0.10714763775467873,0.10714763775467873,0.8559851609170437,0.9631327986717224,,,,,,,,,
Five Dir Case 1,all,shared_context,relation_stratified,256,ok,256,173,39,18,0.65234375,0.48828125,False,38,218,0,466001,0.1484375,1.0,0.2585034013605442,0.00046759141090345954,0.0,9,9,3,3,0,142,31,1,1,1,0.10946968197822571,0.10946968197822571,0.10946968197822571,0.8559851609170437,0.9654548428952694,,,,,,,,,
Five Dir Case 1,all,shared_context,relation_stratified,1024,ok,1024,727,39,32,0.640625,0.4248046875,False,38,986,0,465233,0.037109375,1.0,0.07156308851224105,0.0021148859227101426,0.0,9,9,3,3,0,574,153,1,1,3,0.11491839587688446,0.10647394880652428,0.1219635121524334,0.8559851609170437,0.9709035567939281,,,,,,,,,
Five Dir Case 1,all,shared_context,relation_stratified,4096,ok,4096,2457,39,23,0.771240234375,0.38037109375,False,38,4058,0,462161,0.00927734375,1.0,0.018384131591678763,0.008704063969936875,0.0,9,9,3,3,0,2203,254,1,1,1,0.1102411039173603,0.1102411039173603,0.1102411039173603,0.8559851609170437,0.966226264834404,,,,,,,,,
Five Dir Case 1,all,shared_context,temporal_episode,64,ok,64,27,39,1,1.0,1.0,False,38,26,0,466193,0.59375,1.0,0.7450980392156863,5.576778295178875e-05,0.0,9,9,3,3,0,26,1,1,1,1,0.19686223939061165,0.19686223939061165,0.19686223939061165,0.8722913004457951,1.0691535398364067,,,,,,,,,
Five Dir Case 1,all,shared_context,temporal_episode,256,ok,256,84,39,1,1.0,1.0,False,38,218,0,466001,0.1484375,1.0,0.2585034013605442,0.00046759141090345954,0.0,9,9,3,3,0,82,2,1,1,1,0.1958126164972782,0.1958126164972782,0.1958126164972782,0.8722913004457951,1.0681039169430733,,,,,,,,,
Five Dir Case 1,all,shared_context,temporal_episode,1024,ok,1024,723,39,1,1.0,1.0,False,38,986,0,465233,0.037109375,1.0,0.07156308851224105,0.0021148859227101426,0.0,9,9,3,3,0,719,4,1,1,3,0.20236345380544662,0.2019762583076954,0.20796774700284004,0.8722913004457951,1.0746547542512417,,,,,,,,,
Five Dir Case 1,all,shared_context,temporal_episode,4096,ok,4096,1920,39,1,1.0,0.99951171875,False,38,4058,0,462161,0.00927734375,1.0,0.018384131591678763,0.008704063969936875,0.0,9,9,3,3,0,1907,13,1,1,1,0.24927210807800293,0.24927210807800293,0.24927210807800293,0.8722913004457951,1.121563408523798,,,,,,,,,
Five Dir Case 1,all,shared_context,temporal_pcst,64,ok,39,10,39,1,1.0,1.0,False,38,1,0,466218,0.9743589743589743,1.0,0.987012987012987,2.144914728914952e-06,0.0,9,9,3,3,0,10,0,1,1,1,0.005362875759601593,0.005362875759601593,0.005362875759601593,4.859999854117632,4.8653627298772335,1.0,,,,,,,,
Five Dir Case 1,all,shared_context,temporal_pcst,256,ok,39,10,39,1,1.0,1.0,False,38,1,0,466218,0.9743589743589743,1.0,0.987012987012987,2.144914728914952e-06,0.0,9,9,3,3,0,10,0,1,1,1,0.005236055701971054,0.005236055701971054,0.005236055701971054,4.859999854117632,4.865235909819603,1.0,,,,,,,,
Five Dir Case 1,all,shared_context,temporal_pcst,1024,ok,39,10,39,1,1.0,1.0,False,38,1,0,466218,0.9743589743589743,1.0,0.987012987012987,2.144914728914952e-06,0.0,9,9,3,3,0,10,0,1,1,1,0.005107276141643524,0.005107276141643524,0.005107276141643524,4.859999854117632,4.865107130259275,1.0,,,,,,,,
Five Dir Case 1,all,shared_context,temporal_pcst,4096,ok,1107,1072,39,1,1.0,0.8663053297199639,False,38,1069,0,465150,0.03432700993676603,1.0,0.06637554585152838,0.0022929138452100835,0.0,9,9,3,3,0,1072,0,1,1,1,0.0054621510207653046,0.0054621510207653046,0.0054621510207653046,4.859999854117632,4.865462005138397,0.3,,,,,,,,
Five Dir Case 1,all,poi_only,typed_temporal,64,ok,64,,1,9,0.625,0.53125,False,8,56,30,466163,0.125,0.21052631578947367,0.1568627450980392,0.00012011522481923731,0.7894736842105263,4,9,3,3,0,33,13,0,1,1,0.11931337416172028,0.11931337416172028,0.11931337416172028,0.8589178137481213,0.9782311879098415,,,True,,,,,,
Five Dir Case 1,all,poi_only,typed_temporal,256,ok,256,,1,22,0.578125,0.44921875,False,21,235,17,465984,0.08203125,0.5526315789473685,0.14285714285714285,0.0005040549612950137,0.4473684210526316,5,9,3,3,0,146,13,1,1,1,0.1183563880622387,0.1183563880622387,0.1183563880622387,0.8589178137481213,0.97727420181036,,,True,,,,,,
Five Dir Case 1,all,poi_only,typed_temporal,1024,ok,1024,,1,34,0.646484375,0.4296875,False,21,1003,17,465216,0.0205078125,0.5526315789473685,0.03954802259887006,0.002151349473101697,0.4473684210526316,5,9,3,3,0,585,27,1,1,3,0.12079615518450737,0.11939685791730881,0.129351656883955,0.8589178137481213,0.9797139689326286,,,True,,,,,,
Five Dir Case 1,all,poi_only,typed_temporal,4096,ok,4096,,1,24,0.8681640625,0.4697265625,False,34,4062,4,462157,0.00830078125,0.8947368421052632,0.01644895984518626,0.008712643628852535,0.10526315789473684,6,9,3,3,0,2202,22,1,1,1,0.12391205877065659,0.12391205877065659,0.12391205877065659,0.8589178137481213,0.9828298725187778,,,True,,,,,,
Five Dir Case 1,all,poi_only,typed_nofreq,64,ok,64,,1,8,0.6875,0.5625,False,8,56,30,466163,0.125,0.21052631578947367,0.1568627450980392,0.00012011522481923731,0.7894736842105263,4,9,3,3,0,35,13,0,1,1,0.11880702525377274,0.11880702525377274,0.11880702525377274,0.461674727499485,0.5804817527532578,,,True,,,,,,
Five Dir Case 1,all,poi_only,typed_nofreq,256,ok,256,,1,22,0.578125,0.44921875,False,21,235,17,465984,0.08203125,0.5526315789473685,0.14285714285714285,0.0005040549612950137,0.4473684210526316,5,9,3,3,0,150,13,1,1,1,0.11909160763025284,0.11909160763025284,0.11909160763025284,0.461674727499485,0.5807663351297379,,,True,,,,,,
Five Dir Case 1,all,poi_only,typed_nofreq,1024,ok,1024,,1,31,0.642578125,0.4326171875,False,21,1003,17,465216,0.0205078125,0.5526315789473685,0.03954802259887006,0.002151349473101697,0.4473684210526316,5,9,3,3,0,589,30,1,1,3,0.12024490907788277,0.11933199688792229,0.12084639817476273,0.461674727499485,0.5819196365773678,,,True,,,,,,
Five Dir Case 1,all,poi_only,typed_nofreq,4096,ok,4096,,1,25,0.866943359375,0.477294921875,False,21,4075,17,462144,0.005126953125,0.5526315789473685,0.010159651669085631,0.00874052752032843,0.4473684210526316,5,9,3,3,0,2180,21,1,1,1,0.12333690747618675,0.12333690747618675,0.12333690747618675,0.461674727499485,0.5850116349756718,,,True,,,,,,
Five Dir Case 1,all,poi_only,typed_nocontrast,64,ok,64,,1,6,0.84375,0.734375,False,12,52,26,466167,0.1875,0.3157894736842105,0.23529411764705882,0.0001115355659035775,0.6842105263157895,6,9,3,3,0,33,14,0,1,1,0.1203453466296196,0.1203453466296196,0.1203453466296196,0.706880483776331,0.8272258304059505,,,True,,,,,,
Five Dir Case 1,all,poi_only,typed_nocontrast,256,ok,256,,1,17,0.71875,0.55859375,False,33,223,5,465996,0.12890625,0.868421052631579,0.22448979591836735,0.0004783159845480343,0.13157894736842105,7,9,3,3,0,135,13,1,1,1,0.11897977814078331,0.11897977814078331,0.11897977814078331,0.706880483776331,0.8258602619171143,,,True,,,,,,
Five Dir Case 1,all,poi_only,typed_nocontrast,1024,ok,1024,,1,34,0.7587890625,0.5322265625,False,35,989,3,465230,0.0341796875,0.9210526315789473,0.06591337099811675,0.0021213206668968874,0.07894736842105263,7,9,3,3,0,516,25,1,1,3,0.11940783634781837,0.11937697976827621,0.12222351878881454,0.706880483776331,0.8262883201241493,,,True,,,,,,
Five Dir Case 1,all,poi_only,typed_nocontrast,4096,ok,4096,,1,28,0.77880859375,0.65283203125,False,38,4058,0,462161,0.00927734375,1.0,0.018384131591678763,0.008704063969936875,0.0,9,9,3,3,0,2100,25,1,1,1,0.12278154864907265,0.12278154864907265,0.12278154864907265,0.706880483776331,0.8296620324254036,,,True,,,,,,
Five Dir Case 1,all,poi_only,typed_short,64,ok,64,,1,9,0.609375,0.53125,False,8,56,30,466163,0.125,0.21052631578947367,0.1568627450980392,0.00012011522481923731,0.7894736842105263,4,9,3,3,0,32,14,0,1,1,0.11878801882266998,0.11878801882266998,0.11878801882266998,0.8660176135599613,0.9848056323826313,,,True,,,,,,
Five Dir Case 1,all,poi_only,typed_short,256,ok,256,,1,18,0.6171875,0.44921875,False,20,236,18,465983,0.078125,0.5263157894736842,0.1360544217687075,0.0005061998760239287,0.47368421052631576,4,9,3,3,0,150,11,1,1,1,0.12727396935224533,0.12727396935224533,0.12727396935224533,0.8660176135599613,0.9932915829122066,,,True,,,,,,
Five Dir Case 1,all,poi_only,typed_short,1024,ok,1024,,1,39,0.56640625,0.4091796875,False,21,1003,17,465216,0.0205078125,0.5526315789473685,0.03954802259887006,0.002151349473101697,0.4473684210526316,5,9,3,3,0,569,31,1,1,3,0.12035183981060982,0.11974094808101654,0.12075164541602135,0.8660176135599613,0.9863694533705711,,,True,,,,,,
Five Dir Case 1,all,poi_only,typed_short,4096,ok,4096,,1,28,0.8916015625,0.4921875,False,35,4061,3,462158,0.008544921875,0.9210526315789473,0.016932752781809387,0.00871049871412362,0.07894736842105263,7,9,3,3,0,2149,34,1,1,1,0.12408280372619629,0.12408280372619629,0.12408280372619629,0.8660176135599613,0.9901004172861576,,,True,,,,,,
Five Dir Case 1,all,poi_only,typed_long,64,ok,64,,1,9,0.625,0.53125,False,8,56,30,466163,0.125,0.21052631578947367,0.1568627450980392,0.00012011522481923731,0.7894736842105263,4,9,3,3,0,34,12,0,1,1,0.11906541138887405,0.11906541138887405,0.11906541138887405,0.8534952886402607,0.9725607000291348,,,True,,,,,,
Five Dir Case 1,all,poi_only,typed_long,256,ok,256,,1,20,0.5546875,0.4453125,False,21,235,17,465984,0.08203125,0.5526315789473685,0.14285714285714285,0.0005040549612950137,0.4473684210526316,5,9,3,3,0,152,10,1,1,1,0.11899296939373016,0.11899296939373016,0.11899296939373016,0.8534952886402607,0.9724882580339909,,,True,,,,,,
Five Dir Case 1,all,poi_only,typed_long,1024,ok,1024,,1,31,0.6279296875,0.412109375,False,21,1003,17,465216,0.0205078125,0.5526315789473685,0.03954802259887006,0.002151349473101697,0.4473684210526316,5,9,3,3,0,621,24,1,1,3,0.11951319873332977,0.11939582601189613,0.11983788758516312,0.8534952886402607,0.9730084873735905,,,True,,,,,,
Five Dir Case 1,all,poi_only,typed_long,4096,ok,4096,,1,23,0.767822265625,0.379638671875,False,21,4075,17,462144,0.005126953125,0.5526315789473685,0.010159651669085631,0.00874052752032843,0.4473684210526316,5,9,3,3,0,2267,18,1,1,1,0.12278784811496735,0.12278784811496735,0.12278784811496735,0.8534952886402607,0.976283136755228,,,True,,,,,,
Five Dir Case 1,all,poi_only,time_only,64,ok,64,,1,3,0.546875,0.21875,False,21,43,17,466176,0.328125,0.5526315789473685,0.4117647058823529,9.223133334334294e-05,0.4473684210526316,3,9,2,3,0,5,16,1,1,1,0.10689312592148781,0.10689312592148781,0.10689312592148781,0.0038941800594329834,0.11078730598092079,,,True,,,,,,
Five Dir Case 1,all,poi_only,time_only,256,ok,256,,1,6,0.38671875,0.23046875,False,28,228,10,465991,0.109375,0.7368421052631579,0.19047619047619047,0.000489040558192609,0.2631578947368421,7,9,3,3,0,17,43,1,1,1,0.10684454813599586,0.10684454813599586,0.10684454813599586,0.0038941800594329834,0.11073872819542885,,,True,,,,,,
Five Dir Case 1,all,poi_only,time_only,1024,ok,1024,,1,9,0.5576171875,0.443359375,False,36,988,2,465231,0.03515625,0.9473684210526315,0.06779661016949153,0.0021191757521679725,0.05263157894736842,7,9,3,3,0,234,72,1,1,3,0.10653091222047806,0.10598475858569145,0.10669088736176491,0.0038941800594329834,0.11042509227991104,,,True,,,,,,
Five Dir Case 1,all,poi_only,time_only,4096,ok,4096,,1,21,0.95068359375,0.47314453125,False,37,4059,1,462160,0.009033203125,0.9736842105263158,0.017900338655055636,0.00870620888466579,0.02631578947368421,8,9,3,3,0,992,200,1,1,1,0.10652068257331848,0.10652068257331848,0.10652068257331848,0.0038941800594329834,0.11041486263275146,,,True,,,,,,
Five Dir Case 1,all,poi_only,typed_time_only,64,ok,64,,1,14,0.546875,0.21875,False,9,55,29,466164,0.140625,0.23684210526315788,0.17647058823529413,0.00011797031009032235,0.7631578947368421,5,9,3,3,0,34,21,0,1,1,0.11822149157524109,0.11822149157524109,0.11822149157524109,0.0038941800594329834,0.12211567163467407,,,True,,,,,,
Five Dir Case 1,all,poi_only,typed_time_only,256,ok,256,,1,27,0.41015625,0.1953125,False,24,232,14,465987,0.09375,0.631578947368421,0.16326530612244897,0.0004976202171082689,0.3684210526315789,7,9,3,3,0,126,52,1,1,1,0.11828946694731712,0.11828946694731712,0.11828946694731712,0.0038941800594329834,0.1221836470067501,,,True,,,,,,
Five Dir Case 1,all,poi_only,typed_time_only,1024,ok,1024,,1,48,0.4228515625,0.3037109375,False,26,998,12,465221,0.025390625,0.6842105263157895,0.04896421845574388,0.002140624899457122,0.3157894736842105,7,9,3,3,0,530,70,1,1,3,0.1187664233148098,0.11851518601179123,0.11881961300969124,0.0038941800594329834,0.12266060337424278,,,True,,,,,,
Five Dir Case 1,all,poi_only,typed_time_only,4096,ok,4096,,1,47,0.825927734375,0.4013671875,False,38,4058,0,462161,0.00927734375,1.0,0.018384131591678763,0.008704063969936875,0.0,9,9,3,3,0,1940,155,1,1,1,0.12182513996958733,0.12182513996958733,0.12182513996958733,0.0038941800594329834,0.1257193200290203,,,True,,,,,,
Five Dir Case 1,all,poi_only,degree_ppr,64,ok,64,,1,1,1.0,0.8125,False,18,46,20,466173,0.28125,0.47368421052631576,0.35294117647058826,9.866607753008778e-05,0.5263157894736842,2,9,1,3,0,14,1,1,1,1,0.09563538432121277,0.09563538432121277,0.09563538432121277,0.18821893259882927,0.28385431692004204,,,True,,,,,,
Five Dir Case 1,all,poi_only,degree_ppr,256,ok,256,,1,1,1.0,0.640625,False,18,238,20,465981,0.0703125,0.47368421052631576,0.12244897959183673,0.0005104897054817586,0.5263157894736842,2,9,1,3,0,158,19,1,1,1,0.09493571519851685,0.09493571519851685,0.09493571519851685,0.18821893259882927,0.2831546477973461,,,True,,,,,,
Five Dir Case 1,all,poi_only,degree_ppr,1024,ok,1024,,1,1,1.0,0.9755859375,False,18,1006,20,465213,0.017578125,0.47368421052631576,0.03389830508474576,0.002157784217288442,0.5263157894736842,2,9,1,3,0,720,18,1,1,3,0.09559929743409157,0.09533562138676643,0.09587569162249565,0.18821893259882927,0.28381823003292084,,,True,,,,,,
Five Dir Case 1,all,poi_only,degree_ppr,4096,ok,4096,,1,1,1.0,0.871826171875,False,18,4078,20,462141,0.00439453125,0.47368421052631576,0.008708272859216255,0.008746962264515174,0.5263157894736842,2,9,1,3,0,1725,3,1,1,1,0.09560184553265572,0.09560184553265572,0.09560184553265572,0.18821893259882927,0.283820778131485,,,True,,,,,,
Five Dir Case 1,all,poi_only,degree_heat,64,ok,64,,1,1,1.0,0.921875,False,18,46,20,466173,0.28125,0.47368421052631576,0.35294117647058826,9.866607753008778e-05,0.5263157894736842,2,9,1,3,0,17,3,1,1,1,0.0959247276186943,0.0959247276186943,0.0959247276186943,0.08059393614530563,0.17651866376399994,,,True,,,,,,
Five Dir Case 1,all,poi_only,degree_heat,256,ok,256,,1,1,1.0,0.66796875,False,18,238,20,465981,0.0703125,0.47368421052631576,0.12244897959183673,0.0005104897054817586,0.5263157894736842,2,9,1,3,0,161,19,1,1,1,0.09585889428853989,0.09585889428853989,0.09585889428853989,0.08059393614530563,0.17645283043384552,,,True,,,,,,
Five Dir Case 1,all,poi_only,degree_heat,1024,ok,1024,,1,1,1.0,0.9755859375,False,18,1006,20,465213,0.017578125,0.47368421052631576,0.03389830508474576,0.002157784217288442,0.5263157894736842,2,9,1,3,0,720,18,1,1,3,0.09527778625488281,0.09505298361182213,0.09554654359817505,0.08059393614530563,0.17587172240018845,,,True,,,,,,
Five Dir Case 1,all,poi_only,degree_heat,4096,ok,4096,,1,1,1.0,0.85986328125,False,18,4078,20,462141,0.00439453125,0.47368421052631576,0.008708272859216255,0.008746962264515174,0.5263157894736842,2,9,1,3,0,1763,5,1,1,1,0.09509816393256187,0.09509816393256187,0.09509816393256187,0.08059393614530563,0.1756921000778675,,,True,,,,,,
Five Dir Case 1,all,shared_context,typed_temporal,64,ok,64,,39,5,0.90625,0.859375,False,38,26,0,466193,0.59375,1.0,0.7450980392156863,5.576778295178875e-05,0.0,9,9,3,3,0,23,7,1,1,1,0.11898941546678543,0.11898941546678543,0.11898941546678543,0.8589178137481213,0.9779072292149067,,,True,,,,,,
Five Dir Case 1,all,shared_context,typed_temporal,256,ok,256,,39,22,0.6328125,0.51171875,False,38,218,0,466001,0.1484375,1.0,0.2585034013605442,0.00046759141090345954,0.0,9,9,3,3,0,148,11,1,1,1,0.11825179681181908,0.11825179681181908,0.11825179681181908,0.8589178137481213,0.9771696105599403,,,True,,,,,,
Five Dir Case 1,all,shared_context,typed_temporal,1024,ok,1024,,39,34,0.66015625,0.4462890625,False,38,986,0,465233,0.037109375,1.0,0.07156308851224105,0.0021148859227101426,0.0,9,9,3,3,0,588,26,1,1,3,0.1190740317106247,0.11893311887979507,0.1190837100148201,0.8589178137481213,0.977991845458746,,,True,,,,,,
Five Dir Case 1,all,shared_context,typed_temporal,4096,ok,4096,,39,24,0.8681640625,0.470458984375,False,38,4058,0,462161,0.00927734375,1.0,0.018384131591678763,0.008704063969936875,0.0,9,9,3,3,0,2203,21,1,1,1,0.12270495668053627,0.12270495668053627,0.12270495668053627,0.8589178137481213,0.9816227704286575,,,True,,,,,,
Five Dir Case 1,all,shared_context,typed_nofreq,64,ok,64,,39,5,0.90625,0.84375,False,38,26,0,466193,0.59375,1.0,0.7450980392156863,5.576778295178875e-05,0.0,9,9,3,3,0,25,6,1,1,1,0.11939319595694542,0.11939319595694542,0.11939319595694542,0.461674727499485,0.5810679234564304,,,True,,,,,,
Five Dir Case 1,all,shared_context,typed_nofreq,256,ok,256,,39,22,0.63671875,0.515625,False,38,218,0,466001,0.1484375,1.0,0.2585034013605442,0.00046759141090345954,0.0,9,9,3,3,0,153,11,1,1,1,0.11910839006304741,0.11910839006304741,0.11910839006304741,0.461674727499485,0.5807831175625324,,,True,,,,,,
Five Dir Case 1,all,shared_context,typed_nofreq,1024,ok,1024,,39,31,0.65625,0.44921875,False,38,986,0,465233,0.037109375,1.0,0.07156308851224105,0.0021148859227101426,0.0,9,9,3,3,0,592,29,1,1,3,0.11987173184752464,0.11969132348895073,0.12969878688454628,0.461674727499485,0.5815464593470097,,,True,,,,,,
Five Dir Case 1,all,shared_context,typed_nofreq,4096,ok,4096,,39,25,0.866943359375,0.4794921875,False,38,4058,0,462161,0.00927734375,1.0,0.018384131591678763,0.008704063969936875,0.0,9,9,3,3,0,2183,22,1,1,1,0.12295253574848175,0.12295253574848175,0.12295253574848175,0.461674727499485,0.5846272632479668,,,True,,,,,,
Five Dir Case 1,all,shared_context,typed_nocontrast,64,ok,64,,39,4,0.921875,0.890625,False,38,26,0,466193,0.59375,1.0,0.7450980392156863,5.576778295178875e-05,0.0,9,9,3,3,0,25,6,1,1,1,0.11888117343187332,0.11888117343187332,0.11888117343187332,0.706880483776331,0.8257616572082043,,,True,,,,,,
Five Dir Case 1,all,shared_context,typed_nocontrast,256,ok,256,,39,17,0.71875,0.57421875,False,38,218,0,466001,0.1484375,1.0,0.2585034013605442,0.00046759141090345954,0.0,9,9,3,3,0,135,11,1,1,1,0.12136371061205864,0.12136371061205864,0.12136371061205864,0.706880483776331,0.8282441943883896,,,True,,,,,,
Five Dir Case 1,all,shared_context,typed_nocontrast,1024,ok,1024,,39,34,0.7587890625,0.533203125,False,38,986,0,465233,0.037109375,1.0,0.07156308851224105,0.0021148859227101426,0.0,9,9,3,3,0,516,25,1,1,3,0.11959527805447578,0.11934993416070938,0.119635209441185,0.706880483776331,0.8264757618308067,,,True,,,,,,
Five Dir Case 1,all,shared_context,typed_nocontrast,4096,ok,4096,,39,28,0.77880859375,0.65283203125,False,38,4058,0,462161,0.00927734375,1.0,0.018384131591678763,0.008704063969936875,0.0,9,9,3,3,0,2100,25,1,1,1,0.12301208078861237,0.12301208078861237,0.12301208078861237,0.706880483776331,0.8298925645649433,,,True,,,,,,
Five Dir Case 1,all,shared_context,typed_short,64,ok,64,,39,6,0.90625,0.859375,False,38,26,0,466193,0.59375,1.0,0.7450980392156863,5.576778295178875e-05,0.0,9,9,3,3,0,23,7,1,1,1,0.11903936043381691,0.11903936043381691,0.11903936043381691,0.8660176135599613,0.9850569739937782,,,True,,,,,,
Five Dir Case 1,all,shared_context,typed_short,256,ok,256,,39,18,0.66796875,0.51171875,False,38,218,0,466001,0.1484375,1.0,0.2585034013605442,0.00046759141090345954,0.0,9,9,3,3,0,149,10,1,1,1,0.11873642727732658,0.11873642727732658,0.11873642727732658,0.8660176135599613,0.9847540408372879,,,True,,,,,,
Five Dir Case 1,all,shared_context,typed_short,1024,ok,1024,,39,39,0.580078125,0.423828125,False,38,986,0,465233,0.037109375,1.0,0.07156308851224105,0.0021148859227101426,0.0,9,9,3,3,0,572,31,1,1,3,0.11953216791152954,0.11938940361142159,0.1198398694396019,0.8660176135599613,0.9855497814714909,,,True,,,,,,
Five Dir Case 1,all,shared_context,typed_short,4096,ok,4096,,39,28,0.8916015625,0.492919921875,False,38,4058,0,462161,0.00927734375,1.0,0.018384131591678763,0.008704063969936875,0.0,9,9,3,3,0,2151,33,1,1,1,0.12305616959929466,0.12305616959929466,0.12305616959929466,0.8660176135599613,0.989073783159256,,,True,,,,,,
Five Dir Case 1,all,shared_context,typed_long,64,ok,64,,39,5,0.90625,0.859375,False,38,26,0,466193,0.59375,1.0,0.7450980392156863,5.576778295178875e-05,0.0,9,9,3,3,0,24,6,1,1,1,0.11927363649010658,0.11927363649010658,0.11927363649010658,0.8534952886402607,0.9727689251303673,,,True,,,,,,
Five Dir Case 1,all,shared_context,typed_long,256,ok,256,,39,20,0.61328125,0.5078125,False,38,218,0,466001,0.1484375,1.0,0.2585034013605442,0.00046759141090345954,0.0,9,9,3,3,0,152,8,1,1,1,0.1186603307723999,0.1186603307723999,0.1186603307723999,0.8534952886402607,0.9721556194126606,,,True,,,,,,
Five Dir Case 1,all,shared_context,typed_long,1024,ok,1024,,39,31,0.6416015625,0.4287109375,False,38,986,0,465233,0.037109375,1.0,0.07156308851224105,0.0021148859227101426,0.0,9,9,3,3,0,623,24,1,1,3,0.11960473284125328,0.11959711089730263,0.11965204030275345,0.8534952886402607,0.973100021481514,,,True,,,,,,
Five Dir Case 1,all,shared_context,typed_long,4096,ok,4096,,39,23,0.771240234375,0.3837890625,False,38,4058,0,462161,0.00927734375,1.0,0.018384131591678763,0.008704063969936875,0.0,9,9,3,3,0,2270,17,1,1,1,0.1230883002281189,0.1230883002281189,0.1230883002281189,0.8534952886402607,0.9765835888683796,,,True,,,,,,
Five Dir Case 1,all,shared_context,time_only,64,ok,64,,39,3,0.8125,0.703125,False,38,26,0,466193,0.59375,1.0,0.7450980392156863,5.576778295178875e-05,0.0,9,9,3,3,0,13,9,1,1,1,0.10655783116817474,0.10655783116817474,0.10655783116817474,0.0038941800594329834,0.11045201122760773,,,True,,,,,,
Five Dir Case 1,all,shared_context,time_only,256,ok,256,,39,6,0.390625,0.3203125,False,38,218,0,466001,0.1484375,1.0,0.2585034013605442,0.00046759141090345954,0.0,9,9,3,3,0,20,41,1,1,1,0.10622137784957886,0.10622137784957886,0.10622137784957886,0.0038941800594329834,0.11011555790901184,,,True,,,,,,
Five Dir Case 1,all,shared_context,time_only,1024,ok,1024,,39,9,0.55859375,0.4521484375,False,38,986,0,465233,0.037109375,1.0,0.07156308851224105,0.0021148859227101426,0.0,9,9,3,3,0,236,72,1,1,3,0.10590259358286858,0.10559133440256119,0.10639283433556557,0.0038941800594329834,0.10979677364230156,,,True,,,,,,
Five Dir Case 1,all,shared_context,time_only,4096,ok,4096,,39,21,0.95068359375,0.474609375,False,38,4058,0,462161,0.00927734375,1.0,0.018384131591678763,0.008704063969936875,0.0,9,9,3,3,0,993,200,1,1,1,0.10561738535761833,0.10561738535761833,0.10561738535761833,0.0038941800594329834,0.10951156541705132,,,True,,,,,,
Five Dir Case 1,all,shared_context,typed_time_only,64,ok,64,,39,9,0.84375,0.765625,False,38,26,0,466193,0.59375,1.0,0.7450980392156863,5.576778295178875e-05,0.0,9,9,3,3,0,22,11,1,1,1,0.11820538714528084,0.11820538714528084,0.11820538714528084,0.0038941800594329834,0.12209956720471382,,,True,,,,,,
Five Dir Case 1,all,shared_context,typed_time_only,256,ok,256,,39,27,0.4609375,0.40625,False,38,218,0,466001,0.1484375,1.0,0.2585034013605442,0.00046759141090345954,0.0,9,9,3,3,0,129,48,1,1,1,0.11790681257843971,0.11790681257843971,0.11790681257843971,0.0038941800594329834,0.1218009926378727,,,True,,,,,,
Five Dir Case 1,all,shared_context,typed_time_only,1024,ok,1024,,39,48,0.4326171875,0.3125,False,38,986,0,465233,0.037109375,1.0,0.07156308851224105,0.0021148859227101426,0.0,9,9,3,3,0,532,70,1,1,3,0.11868305876851082,0.11857667937874794,0.11875427141785622,0.0038941800594329834,0.1225772388279438,,,True,,,,,,
Five Dir Case 1,all,shared_context,typed_time_only,4096,ok,4096,,39,47,0.825927734375,0.4013671875,False,38,4058,0,462161,0.00927734375,1.0,0.018384131591678763,0.008704063969936875,0.0,9,9,3,3,0,1940,155,1,1,1,0.1227068305015564,0.1227068305015564,0.1227068305015564,0.0038941800594329834,0.12660101056098938,,,True,,,,,,
Five Dir Case 1,all,shared_context,degree_ppr,64,ok,64,,39,1,1.0,1.0,False,38,26,0,466193,0.59375,1.0,0.7450980392156863,5.576778295178875e-05,0.0,9,9,3,3,0,11,2,1,1,1,0.09700198471546173,0.09700198471546173,0.09700198471546173,0.18821893259882927,0.285220917314291,,,True,,,,,,
Five Dir Case 1,all,shared_context,degree_ppr,256,ok,256,,39,1,1.0,0.953125,False,38,218,0,466001,0.1484375,1.0,0.2585034013605442,0.00046759141090345954,0.0,9,9,3,3,0,150,17,1,1,1,0.10081944987177849,0.10081944987177849,0.10081944987177849,0.18821893259882927,0.28903838247060776,,,True,,,,,,
Five Dir Case 1,all,shared_context,degree_ppr,1024,ok,1024,,39,1,1.0,0.98828125,False,38,986,0,465233,0.037109375,1.0,0.07156308851224105,0.0021148859227101426,0.0,9,9,3,3,0,715,19,1,1,3,0.09515351429581642,0.09503289684653282,0.09532593935728073,0.18821893259882927,0.2833724468946457,,,True,,,,,,
Five Dir Case 1,all,shared_context,degree_ppr,4096,ok,4096,,39,1,1.0,0.87939453125,False,38,4058,0,462161,0.00927734375,1.0,0.018384131591678763,0.008704063969936875,0.0,9,9,3,3,0,1721,0,1,1,1,0.09444716945290565,0.09444716945290565,0.09444716945290565,0.18821893259882927,0.2826661020517349,,,True,,,,,,
Five Dir Case 1,all,shared_context,degree_heat,64,ok,64,,39,1,1.0,1.0,False,38,26,0,466193,0.59375,1.0,0.7450980392156863,5.576778295178875e-05,0.0,9,9,3,3,0,11,2,1,1,1,0.09572102874517441,0.09572102874517441,0.09572102874517441,0.08059393614530563,0.17631496489048004,,,True,,,,,,
Five Dir Case 1,all,shared_context,degree_heat,256,ok,256,,39,1,1.0,0.984375,False,38,218,0,466001,0.1484375,1.0,0.2585034013605442,0.00046759141090345954,0.0,9,9,3,3,0,153,19,1,1,1,0.09591474756598473,0.09591474756598473,0.09591474756598473,0.08059393614530563,0.17650868371129036,,,True,,,,,,
Five Dir Case 1,all,shared_context,degree_heat,1024,ok,1024,,39,1,1.0,0.98828125,False,38,986,0,465233,0.037109375,1.0,0.07156308851224105,0.0021148859227101426,0.0,9,9,3,3,0,715,19,1,1,3,0.09543941542506218,0.095402792096138,0.0972713865339756,0.08059393614530563,0.1760333515703678,,,True,,,,,,
Five Dir Case 1,all,shared_context,degree_heat,4096,ok,4096,,39,1,1.0,0.8662109375,False,38,4058,0,462161,0.00927734375,1.0,0.018384131591678763,0.008704063969936875,0.0,9,9,3,3,0,1756,6,1,1,1,0.09763644635677338,0.09763644635677338,0.09763644635677338,0.08059393614530563,0.178230382502079,,,True,,,,,,
Five Dir Case 1,all,poi_only,temporal_portfolio,64,ok,64,,1,8,0.734375,0.65625,,20,44,18,466175,0.3125,0.5263157894736842,0.39215686274509803,9.437624807225789e-05,0.47368421052631576,4,9,3,3,0,32,8,1,1,1,0.22661997005343437,0.22661997005343437,0.22661997005343437,0.8498877361416817,1.076507706195116,,,,True,,,,,
Five Dir Case 1,all,poi_only,temporal_portfolio,256,ok,256,,1,16,0.734375,0.6484375,,21,235,17,465984,0.08203125,0.5526315789473685,0.14285714285714285,0.0005040549612950137,0.4473684210526316,5,9,3,3,0,107,12,1,1,1,0.2250288873910904,0.2250288873910904,0.2250288873910904,0.8498877361416817,1.074916623532772,,,,True,,,,,
Five Dir Case 1,all,poi_only,temporal_portfolio,1024,ok,1024,,1,31,0.6875,0.5966796875,,21,1003,17,465216,0.0205078125,0.5526315789473685,0.03954802259887006,0.002151349473101697,0.4473684210526316,5,9,3,3,0,645,15,1,1,3,0.22483869269490242,0.22462817654013634,0.225501898676157,0.8498877361416817,1.074726428836584,,,,True,,,,,
Five Dir Case 1,all,poi_only,temporal_portfolio,4096,ok,4096,,1,32,0.773193359375,0.586669921875,,21,4075,17,462144,0.005126953125,0.5526315789473685,0.010159651669085631,0.00874052752032843,0.4473684210526316,5,9,3,3,0,2121,55,1,1,1,0.22751875594258308,0.22751875594258308,0.22751875594258308,0.8498877361416817,1.0774064920842648,,,,True,,,,,
Five Dir Case 1,all,poi_only,static_portfolio,64,ok,64,,1,8,0.734375,0.65625,,20,44,18,466175,0.3125,0.5263157894736842,0.39215686274509803,9.437624807225789e-05,0.47368421052631576,4,9,3,3,0,32,10,1,1,1,0.20244421809911728,0.20244421809911728,0.20244421809911728,0.8391340374946594,1.0415782555937767,,,,True,,,,,
Five Dir Case 1,all,poi_only,static_portfolio,256,ok,256,,1,14,0.73828125,0.64453125,,21,235,17,465984,0.08203125,0.5526315789473685,0.14285714285714285,0.0005040549612950137,0.4473684210526316,5,9,3,3,0,105,30,1,1,1,0.20218385383486748,0.20218385383486748,0.20218385383486748,0.8391340374946594,1.041317891329527,,,,True,,,,,
Five Dir Case 1,all,poi_only,static_portfolio,1024,ok,1024,,1,28,0.6953125,0.5771484375,,21,1003,17,465216,0.0205078125,0.5526315789473685,0.03954802259887006,0.002151349473101697,0.4473684210526316,5,9,3,3,0,592,90,1,1,3,0.202828548848629,0.202642310410738,0.202848631888628,0.8391340374946594,1.0419625863432884,,,,True,,,,,
Five Dir Case 1,all,poi_only,static_portfolio,4096,ok,4096,,1,31,0.758056640625,0.544189453125,,21,4075,17,462144,0.005126953125,0.5526315789473685,0.010159651669085631,0.00874052752032843,0.4473684210526316,5,9,3,3,0,2213,249,1,1,1,0.211252361536026,0.211252361536026,0.211252361536026,0.8391340374946594,1.0503863990306854,,,,True,,,,,
Five Dir Case 1,all,poi_only,rerank_portfolio,64,ok,64,,1,8,0.734375,0.65625,,20,44,18,466175,0.3125,0.5263157894736842,0.39215686274509803,9.437624807225789e-05,0.47368421052631576,4,9,3,3,0,32,9,1,1,1,0.23236694186925888,0.23236694186925888,0.23236694186925888,0.843591284006834,1.075958225876093,,,,True,,,,,
Five Dir Case 1,all,poi_only,rerank_portfolio,256,ok,256,,1,14,0.734375,0.6484375,,21,235,17,465984,0.08203125,0.5526315789473685,0.14285714285714285,0.0005040549612950137,0.4473684210526316,5,9,3,3,0,105,13,1,1,1,0.22466475889086723,0.22466475889086723,0.22466475889086723,0.843591284006834,1.0682560428977013,,,,True,,,,,
Five Dir Case 1,all,poi_only,rerank_portfolio,1024,ok,1024,,1,29,0.689453125,0.5986328125,,21,1003,17,465216,0.0205078125,0.5526315789473685,0.03954802259887006,0.002151349473101697,0.4473684210526316,5,9,3,3,0,647,15,1,1,3,0.2248549833893776,0.22457948327064514,0.22930540516972542,0.843591284006834,1.0684462673962116,,,,True,,,,,
Five Dir Case 1,all,poi_only,rerank_portfolio,4096,ok,4096,,1,31,0.77587890625,0.588134765625,,34,4062,4,462157,0.00830078125,0.8947368421052632,0.01644895984518626,0.008712643628852535,0.10526315789473684,6,9,3,3,0,2148,20,1,1,1,0.22797952219843864,0.22797952219843864,0.22797952219843864,0.843591284006834,1.0715708062052727,,,,True,,,,,
Five Dir Case 1,all,poi_only,portfolio_quarter,64,ok,64,,1,9,0.65625,0.5625,,12,52,26,466167,0.1875,0.3157894736842105,0.23529411764705882,0.0001115355659035775,0.6842105263157895,4,9,3,3,0,32,12,1,1,1,0.2254432998597622,0.2254432998597622,0.2254432998597622,0.8498877361416817,1.0753310360014439,,,,True,,,,,
Five Dir Case 1,all,poi_only,portfolio_quarter,256,ok,256,,1,22,0.59375,0.4765625,,21,235,17,465984,0.08203125,0.5526315789473685,0.14285714285714285,0.0005040549612950137,0.4473684210526316,5,9,3,3,0,138,13,1,1,1,0.2270827703177929,0.2270827703177929,0.2270827703177929,0.8498877361416817,1.0769705064594746,,,,True,,,,,
Five Dir Case 1,all,poi_only,portfolio_quarter,1024,ok,1024,,1,32,0.666015625,0.4599609375,,21,1003,17,465216,0.0205078125,0.5526315789473685,0.03954802259887006,0.002151349473101697,0.4473684210526316,5,9,3,3,0,569,27,1,1,3,0.2263968512415886,0.22581413015723228,0.22655723989009857,0.8498877361416817,1.0762845873832703,,,,True,,,,,
Five Dir Case 1,all,poi_only,portfolio_quarter,4096,ok,4096,,1,25,0.873779296875,0.52880859375,,34,4062,4,462157,0.00830078125,0.8947368421052632,0.01644895984518626,0.008712643628852535,0.10526315789473684,6,9,3,3,0,2332,23,1,1,1,0.23548393324017525,0.23548393324017525,0.23548393324017525,0.8498877361416817,1.085371669381857,,,,True,,,,,
Five Dir Case 1,all,poi_only,portfolio_three_quarters,64,ok,64,,1,7,0.84375,0.796875,,19,45,19,466174,0.296875,0.5,0.37254901960784315,9.652116280117284e-05,0.5,3,9,2,3,0,24,10,1,1,1,0.2252826802432537,0.2252826802432537,0.2252826802432537,0.8498877361416817,1.0751704163849354,,,,True,,,,,
Five Dir Case 1,all,poi_only,portfolio_three_quarters,256,ok,256,,1,12,0.83984375,0.796875,,20,236,18,465983,0.078125,0.5263157894736842,0.1360544217687075,0.0005061998760239287,0.47368421052631576,4,9,3,3,0,104,6,1,1,1,0.22531573474407196,0.22531573474407196,0.22531573474407196,0.8498877361416817,1.0752034708857536,,,,True,,,,,
Five Dir Case 1,all,poi_only,portfolio_three_quarters,1024,ok,1024,,1,22,0.8359375,0.787109375,,21,1003,17,465216,0.0205078125,0.5526315789473685,0.03954802259887006,0.002151349473101697,0.4473684210526316,5,9,3,3,0,678,9,1,1,3,0.22764243930578232,0.22527717798948288,0.2287924662232399,0.8498877361416817,1.077530175447464,,,,True,,,,,
Five Dir Case 1,all,poi_only,portfolio_three_quarters,4096,ok,4096,,1,38,0.857421875,0.757080078125,,21,4075,17,462144,0.005126953125,0.5526315789473685,0.010159651669085631,0.00874052752032843,0.4473684210526316,5,9,3,3,0,1983,34,1,1,1,0.22541256994009018,0.22541256994009018,0.22541256994009018,0.8498877361416817,1.0753003060817719,,,,True,,,,,
Five Dir Case 1,all,shared_context,temporal_portfolio,64,ok,64,,39,5,0.90625,0.859375,,38,26,0,466193,0.59375,1.0,0.7450980392156863,5.576778295178875e-05,0.0,9,9,3,3,0,23,7,1,1,1,0.22473712638020515,0.22473712638020515,0.22473712638020515,0.8498877361416817,1.0746248625218868,,,,True,,,,,
Five Dir Case 1,all,shared_context,temporal_portfolio,256,ok,256,,39,18,0.74609375,0.65234375,,38,218,0,466001,0.1484375,1.0,0.2585034013605442,0.00046759141090345954,0.0,9,9,3,3,0,113,8,1,1,1,0.22781772166490555,0.22781772166490555,0.22781772166490555,0.8498877361416817,1.0777054578065872,,,,True,,,,,
Five Dir Case 1,all,shared_context,temporal_portfolio,1024,ok,1024,,39,31,0.69140625,0.59765625,,38,986,0,465233,0.037109375,1.0,0.07156308851224105,0.0021148859227101426,0.0,9,9,3,3,0,639,21,1,1,3,0.2268340215086937,0.22637241333723068,0.22685497626662254,0.8498877361416817,1.0767217576503754,,,,True,,,,,
Five Dir Case 1,all,shared_context,temporal_portfolio,4096,ok,4096,,39,31,0.7763671875,0.586181640625,,38,4058,0,462161,0.00927734375,1.0,0.018384131591678763,0.008704063969936875,0.0,9,9,3,3,0,2134,56,1,1,1,0.22597115486860275,0.22597115486860275,0.22597115486860275,0.8498877361416817,1.0758588910102844,,,,True,,,,,
Five Dir Case 1,all,shared_context,static_portfolio,64,ok,64,,39,5,0.90625,0.859375,,38,26,0,466193,0.59375,1.0,0.7450980392156863,5.576778295178875e-05,0.0,9,9,3,3,0,23,7,1,1,1,0.2047775276005268,0.2047775276005268,0.2047775276005268,0.8391340374946594,1.0439115650951862,,,,True,,,,,
Five Dir Case 1,all,shared_context,static_portfolio,256,ok,256,,39,16,0.73828125,0.640625,,38,218,0,466001,0.1484375,1.0,0.2585034013605442,0.00046759141090345954,0.0,9,9,3,3,0,115,22,1,1,1,0.20601223409175873,0.20601223409175873,0.20601223409175873,0.8391340374946594,1.0451462715864182,,,,True,,,,,
Five Dir Case 1,all,shared_context,static_portfolio,1024,ok,1024,,39,28,0.69921875,0.5810546875,,38,986,0,465233,0.037109375,1.0,0.07156308851224105,0.0021148859227101426,0.0,9,9,3,3,0,590,82,1,1,3,0.2056187093257904,0.20552849769592285,0.20579460263252258,0.8391340374946594,1.0447527468204498,,,,True,,,,,
Five Dir Case 1,all,shared_context,static_portfolio,4096,ok,4096,,39,31,0.759765625,0.545654296875,,38,4058,0,462161,0.00927734375,1.0,0.018384131591678763,0.008704063969936875,0.0,9,9,3,3,0,2229,235,1,1,1,0.2094646319746971,0.2094646319746971,0.2094646319746971,0.8391340374946594,1.0485986694693565,,,,True,,,,,
Five Dir Case 1,all,shared_context,rerank_portfolio,64,ok,64,,39,5,0.90625,0.859375,,38,26,0,466193,0.59375,1.0,0.7450980392156863,5.576778295178875e-05,0.0,9,9,3,3,0,23,8,1,1,1,0.2282327078282833,0.2282327078282833,0.2282327078282833,0.843591284006834,1.0718239918351173,,,,True,,,,,
Five Dir Case 1,all,shared_context,rerank_portfolio,256,ok,256,,39,16,0.73828125,0.64453125,,38,218,0,466001,0.1484375,1.0,0.2585034013605442,0.00046759141090345954,0.0,9,9,3,3,0,114,8,1,1,1,0.22667282819747925,0.22667282819747925,0.22667282819747925,0.843591284006834,1.0702641122043133,,,,True,,,,,
Five Dir Case 1,all,shared_context,rerank_portfolio,1024,ok,1024,,39,30,0.69140625,0.5986328125,,38,986,0,465233,0.037109375,1.0,0.07156308851224105,0.0021148859227101426,0.0,9,9,3,3,0,639,22,1,1,3,0.22782423719763756,0.22770115733146667,0.23133792355656624,0.843591284006834,1.0714155212044716,,,,True,,,,,
Five Dir Case 1,all,shared_context,rerank_portfolio,4096,ok,4096,,39,31,0.774658203125,0.5849609375,,38,4058,0,462161,0.00927734375,1.0,0.018384131591678763,0.008704063969936875,0.0,9,9,3,3,0,2160,21,1,1,1,0.23260708898305893,0.23260708898305893,0.23260708898305893,0.843591284006834,1.076198372989893,,,,True,,,,,
Five Dir Case 1,all,shared_context,portfolio_quarter,64,ok,64,,39,5,0.90625,0.859375,,38,26,0,466193,0.59375,1.0,0.7450980392156863,5.576778295178875e-05,0.0,9,9,3,3,0,23,7,1,1,1,0.22905725240707397,0.22905725240707397,0.22905725240707397,0.8498877361416817,1.0789449885487556,,,,True,,,,,
Five Dir Case 1,all,shared_context,portfolio_quarter,256,ok,256,,39,22,0.6328125,0.51171875,,38,218,0,466001,0.1484375,1.0,0.2585034013605442,0.00046759141090345954,0.0,9,9,3,3,0,148,11,1,1,1,0.23029374331235886,0.23029374331235886,0.23029374331235886,0.8498877361416817,1.0801814794540405,,,,True,,,,,
Five Dir Case 1,all,shared_context,portfolio_quarter,1024,ok,1024,,39,32,0.6806640625,0.4765625,,38,986,0,465233,0.037109375,1.0,0.07156308851224105,0.0021148859227101426,0.0,9,9,3,3,0,572,28,1,1,3,0.22856231406331062,0.22799962013959885,0.23388298228383064,0.8498877361416817,1.0784500502049923,,,,True,,,,,
Five Dir Case 1,all,shared_context,portfolio_quarter,4096,ok,4096,,39,25,0.873779296875,0.52978515625,,38,4058,0,462161,0.00927734375,1.0,0.018384131591678763,0.008704063969936875,0.0,9,9,3,3,0,2334,22,1,1,1,0.23036395013332367,0.23036395013332367,0.23036395013332367,0.8498877361416817,1.0802516862750053,,,,True,,,,,
Five Dir Case 1,all,shared_context,portfolio_three_quarters,64,ok,64,,39,5,0.90625,0.859375,,38,26,0,466193,0.59375,1.0,0.7450980392156863,5.576778295178875e-05,0.0,9,9,3,3,0,25,8,1,1,1,0.22976068779826164,0.22976068779826164,0.22976068779826164,0.8498877361416817,1.0796484239399433,,,,True,,,,,
Five Dir Case 1,all,shared_context,portfolio_three_quarters,256,ok,256,,39,13,0.83203125,0.78125,,38,218,0,466001,0.1484375,1.0,0.2585034013605442,0.00046759141090345954,0.0,9,9,3,3,0,95,6,1,1,1,0.22793631628155708,0.22793631628155708,0.22793631628155708,0.8498877361416817,1.0778240524232388,,,,True,,,,,
Five Dir Case 1,all,shared_context,portfolio_three_quarters,1024,ok,1024,,39,23,0.8369140625,0.7919921875,,38,986,0,465233,0.037109375,1.0,0.07156308851224105,0.0021148859227101426,0.0,9,9,3,3,0,679,15,1,1,3,0.22805383428931236,0.22714421898126602,0.22812361270189285,0.8498877361416817,1.077941570430994,,,,True,,,,,
Five Dir Case 1,all,shared_context,portfolio_three_quarters,4096,ok,4096,,39,38,0.858154296875,0.756591796875,,38,4058,0,462161,0.00927734375,1.0,0.018384131591678763,0.008704063969936875,0.0,9,9,3,3,0,1974,56,1,1,1,0.23495401814579964,0.23495401814579964,0.23495401814579964,0.8498877361416817,1.0848417542874813,,,,True,,,,,
Five Dir Case 1,all,poi_only,witness_temporal,64,ok,64,,1,1,1.0,1.0,,19,45,19,466174,0.296875,0.5,0.37254901960784315,9.652116280117284e-05,0.5,3,9,2,3,0,28,17,1,1,1,0.12625151500105858,0.12625151500105858,0.12625151500105858,0.843367975205183,0.9696194902062416,,,,,True,,,,
Five Dir Case 1,all,poi_only,witness_temporal,256,ok,256,,1,1,1.0,1.0,,20,236,18,465983,0.078125,0.5263157894736842,0.1360544217687075,0.0005061998760239287,0.47368421052631576,4,9,3,3,0,100,28,1,1,1,0.1248864121735096,0.1248864121735096,0.1248864121735096,0.843367975205183,0.9682543873786926,,,,,True,,,,
Five Dir Case 1,all,poi_only,witness_temporal,1024,ok,1024,,1,1,1.0,1.0,,21,1003,17,465216,0.0205078125,0.5526315789473685,0.03954802259887006,0.002151349473101697,0.4473684210526316,5,9,3,3,0,641,42,1,1,3,0.12804730236530304,0.12793879583477974,0.1281241551041603,0.843367975205183,0.9714152775704861,,,,,True,,,,
Five Dir Case 1,all,poi_only,witness_temporal,4096,ok,4096,,1,1,1.0,1.0,,21,4075,17,462144,0.005126953125,0.5526315789473685,0.010159651669085631,0.00874052752032843,0.4473684210526316,5,9,3,3,0,2240,129,1,1,1,0.14193714782595634,0.14193714782595634,0.14193714782595634,0.843367975205183,0.9853051230311394,,,,,True,,,,
Five Dir Case 1,all,poi_only,witness_static,64,ok,64,,1,1,1.0,1.0,,19,45,19,466174,0.296875,0.5,0.37254901960784315,9.652116280117284e-05,0.5,3,9,2,3,0,30,17,1,1,1,0.11662376299500465,0.11662376299500465,0.11662376299500465,0.8512707687914371,0.9678945317864418,,,,,True,,,,
Five Dir Case 1,all,poi_only,witness_static,256,ok,256,,1,1,1.0,1.0,,20,236,18,465983,0.078125,0.5263157894736842,0.1360544217687075,0.0005061998760239287,0.47368421052631576,4,9,3,3,0,101,47,1,1,1,0.1162821426987648,0.1162821426987648,0.1162821426987648,0.8512707687914371,0.967552911490202,,,,,True,,,,
Five Dir Case 1,all,poi_only,witness_static,1024,ok,1024,,1,1,1.0,1.0,,21,1003,17,465216,0.0205078125,0.5526315789473685,0.03954802259887006,0.002151349473101697,0.4473684210526316,5,9,3,3,0,577,112,1,1,3,0.11980899050831795,0.11935059353709221,0.12205711379647255,0.8512707687914371,0.9710797592997551,,,,,True,,,,
Five Dir Case 1,all,poi_only,witness_static,4096,ok,4096,,1,1,1.0,1.0,,21,4075,17,462144,0.005126953125,0.5526315789473685,0.010159651669085631,0.00874052752032843,0.4473684210526316,5,9,3,3,0,2314,259,1,1,1,0.13337619602680206,0.13337619602680206,0.13337619602680206,0.8512707687914371,0.9846469648182392,,,,,True,,,,
Five Dir Case 1,all,poi_only,witness_rerank,64,ok,64,,1,1,1.0,1.0,,19,45,19,466174,0.296875,0.5,0.37254901960784315,9.652116280117284e-05,0.5,3,9,2,3,0,28,18,1,1,1,0.1264665648341179,0.1264665648341179,0.1264665648341179,0.8554790429770947,0.9819456078112125,,,,,True,,,,
Five Dir Case 1,all,poi_only,witness_rerank,256,ok,256,,1,1,1.0,1.0,,20,236,18,465983,0.078125,0.5263157894736842,0.1360544217687075,0.0005061998760239287,0.47368421052631576,4,9,3,3,0,99,29,1,1,1,0.12667826190590858,0.12667826190590858,0.12667826190590858,0.8554790429770947,0.9821573048830032,,,,,True,,,,
Five Dir Case 1,all,poi_only,witness_rerank,1024,ok,1024,,1,1,1.0,1.0,,21,1003,17,465216,0.0205078125,0.5526315789473685,0.03954802259887006,0.002151349473101697,0.4473684210526316,5,9,3,3,0,644,39,1,1,3,0.13023527711629868,0.12976795434951782,0.13180233910679817,0.8554790429770947,0.9857143200933933,,,,,True,,,,
Five Dir Case 1,all,poi_only,witness_rerank,4096,ok,4096,,1,1,1.0,1.0,,34,4062,4,462157,0.00830078125,0.8947368421052632,0.01644895984518626,0.008712643628852535,0.10526315789473684,6,9,3,3,0,2273,93,1,1,1,0.14410033077001572,0.14410033077001572,0.14410033077001572,0.8554790429770947,0.9995793737471104,,,,,True,,,,
Five Dir Case 1,all,poi_only,witness_global,64,ok,64,,1,1,1.0,1.0,,18,46,20,466173,0.28125,0.47368421052631576,0.35294117647058826,9.866607753008778e-05,0.5263157894736842,2,9,1,3,0,21,4,1,1,1,0.12615689635276794,0.12615689635276794,0.12615689635276794,0.8554790429770947,0.9816359393298626,,,,,True,,,,
Five Dir Case 1,all,poi_only,witness_global,256,ok,256,,1,1,1.0,1.0,,18,238,20,465981,0.0703125,0.47368421052631576,0.12244897959183673,0.0005104897054817586,0.5263157894736842,2,9,1,3,0,102,3,1,1,1,0.12599478289484978,0.12599478289484978,0.12599478289484978,0.8554790429770947,0.9814738258719444,,,,,True,,,,
Five Dir Case 1,all,poi_only,witness_global,1024,ok,1024,,1,1,1.0,1.0,,18,1006,20,465213,0.017578125,0.47368421052631576,0.03389830508474576,0.002157784217288442,0.5263157894736842,2,9,1,3,0,736,7,1,1,3,0.12800218164920807,0.12798159942030907,0.12850861251354218,0.8554790429770947,0.9834812246263027,,,,,True,,,,
Five Dir Case 1,all,poi_only,witness_global,4096,ok,4096,,1,1,1.0,1.0,,20,4076,18,462143,0.0048828125,0.5263157894736842,0.009675858732462506,0.008742672435057344,0.47368421052631576,4,9,3,3,0,1950,16,1,1,1,0.1348264291882515,0.1348264291882515,0.1348264291882515,0.8554790429770947,0.9903054721653461,,,,,True,,,,
Five Dir Case 1,all,poi_only,witness_time_only,64,ok,64,,1,1,1.0,1.0,,12,52,26,466167,0.1875,0.3157894736842105,0.23529411764705882,0.0001115355659035775,0.6842105263157895,4,9,2,3,0,27,20,0,1,1,0.11975271254777908,0.11975271254777908,0.11975271254777908,0.003632679581642151,0.12338539212942123,,,,,True,,,,
Five Dir Case 1,all,poi_only,witness_time_only,256,ok,256,,1,1,1.0,1.0,,25,231,13,465988,0.09765625,0.6578947368421053,0.17006802721088435,0.0004954753023793539,0.34210526315789475,6,9,3,3,0,98,48,1,1,1,0.120175089687109,0.120175089687109,0.120175089687109,0.003632679581642151,0.12380776926875114,,,,,True,,,,
Five Dir Case 1,all,poi_only,witness_time_only,1024,ok,1024,,1,1,1.0,1.0,,38,986,0,465233,0.037109375,1.0,0.07156308851224105,0.0021148859227101426,0.0,9,9,3,3,0,401,112,1,1,3,0.1243763156235218,0.12383032590150833,0.12442020326852798,0.003632679581642151,0.12800899520516396,,,,,True,,,,
Five Dir Case 1,all,poi_only,witness_time_only,4096,ok,4096,,1,1,1.0,1.0,,38,4058,0,462161,0.00927734375,1.0,0.018384131591678763,0.008704063969936875,0.0,9,9,3,3,0,1708,270,1,1,1,0.1378171294927597,0.1378171294927597,0.1378171294927597,0.003632679581642151,0.14144980907440186,,,,,True,,,,
Five Dir Case 1,all,shared_context,witness_temporal,64,ok,64,,39,1,1.0,1.0,,38,26,0,466193,0.59375,1.0,0.7450980392156863,5.576778295178875e-05,0.0,9,9,3,3,0,24,10,1,1,1,0.12702257186174393,0.12702257186174393,0.12702257186174393,0.843367975205183,0.970390547066927,,,,,True,,,,
Five Dir Case 1,all,shared_context,witness_temporal,256,ok,256,,39,1,1.0,1.0,,38,218,0,466001,0.1484375,1.0,0.2585034013605442,0.00046759141090345954,0.0,9,9,3,3,0,109,26,1,1,1,0.12686574086546898,0.12686574086546898,0.12686574086546898,0.843367975205183,0.970233716070652,,,,,True,,,,
Five Dir Case 1,all,shared_context,witness_temporal,1024,ok,1024,,39,1,1.0,1.0,,38,986,0,465233,0.037109375,1.0,0.07156308851224105,0.0021148859227101426,0.0,9,9,3,3,0,639,45,1,1,3,0.13028281182050705,0.1299259252846241,0.13041196763515472,0.843367975205183,0.9736507870256901,,,,,True,,,,
Five Dir Case 1,all,shared_context,witness_temporal,4096,ok,4096,,39,1,1.0,1.0,,38,4058,0,462161,0.00927734375,1.0,0.018384131591678763,0.008704063969936875,0.0,9,9,3,3,0,2253,127,1,1,1,0.1441805697977543,0.1441805697977543,0.1441805697977543,0.843367975205183,0.9875485450029373,,,,,True,,,,
Five Dir Case 1,all,shared_context,witness_static,64,ok,64,,39,1,1.0,1.0,,38,26,0,466193,0.59375,1.0,0.7450980392156863,5.576778295178875e-05,0.0,9,9,3,3,0,26,8,1,1,1,0.12018009647727013,0.12018009647727013,0.12018009647727013,0.8512707687914371,0.9714508652687073,,,,,True,,,,
Five Dir Case 1,all,shared_context,witness_static,256,ok,256,,39,1,1.0,1.0,,38,218,0,466001,0.1484375,1.0,0.2585034013605442,0.00046759141090345954,0.0,9,9,3,3,0,110,42,1,1,1,0.11632650345563889,0.11632650345563889,0.11632650345563889,0.8512707687914371,0.967597272247076,,,,,True,,,,
Five Dir Case 1,all,shared_context,witness_static,1024,ok,1024,,39,1,1.0,1.0,,38,986,0,465233,0.037109375,1.0,0.07156308851224105,0.0021148859227101426,0.0,9,9,3,3,0,573,107,1,1,3,0.12006866931915283,0.11928477883338928,0.12007312849164009,0.8512707687914371,0.97133943811059,,,,,True,,,,
Five Dir Case 1,all,shared_context,witness_static,4096,ok,4096,,39,1,1.0,1.0,,38,4058,0,462161,0.00927734375,1.0,0.018384131591678763,0.008704063969936875,0.0,9,9,3,3,0,2330,243,1,1,1,0.13203920051455498,0.13203920051455498,0.13203920051455498,0.8512707687914371,0.9833099693059921,,,,,True,,,,
Five Dir Case 1,all,shared_context,witness_rerank,64,ok,64,,39,1,1.0,1.0,,38,26,0,466193,0.59375,1.0,0.7450980392156863,5.576778295178875e-05,0.0,9,9,3,3,0,24,10,1,1,1,0.12457923591136932,0.12457923591136932,0.12457923591136932,0.8554790429770947,0.980058278888464,,,,,True,,,,
Five Dir Case 1,all,shared_context,witness_rerank,256,ok,256,,39,1,1.0,1.0,,38,218,0,466001,0.1484375,1.0,0.2585034013605442,0.00046759141090345954,0.0,9,9,3,3,0,108,29,1,1,1,0.12416860461235046,0.12416860461235046,0.12416860461235046,0.8554790429770947,0.9796476475894451,,,,,True,,,,
Five Dir Case 1,all,shared_context,witness_rerank,1024,ok,1024,,39,1,1.0,1.0,,38,986,0,465233,0.037109375,1.0,0.07156308851224105,0.0021148859227101426,0.0,9,9,3,3,0,641,45,1,1,3,0.12791185081005096,0.12721768394112587,0.12816023081541061,0.8554790429770947,0.9833908937871456,,,,,True,,,,
Five Dir Case 1,all,shared_context,witness_rerank,4096,ok,4096,,39,1,1.0,1.0,,38,4058,0,462161,0.00927734375,1.0,0.018384131591678763,0.008704063969936875,0.0,9,9,3,3,0,2284,93,1,1,1,0.14260707423090935,0.14260707423090935,0.14260707423090935,0.8554790429770947,0.998086117208004,,,,,True,,,,
Five Dir Case 1,all,shared_context,witness_global,64,ok,64,,39,1,1.0,1.0,,38,26,0,466193,0.59375,1.0,0.7450980392156863,5.576778295178875e-05,0.0,9,9,3,3,0,25,2,1,1,1,0.12390396371483803,0.12390396371483803,0.12390396371483803,0.8554790429770947,0.9793830066919327,,,,,True,,,,
Five Dir Case 1,all,shared_context,witness_global,256,ok,256,,39,1,1.0,1.0,,38,218,0,466001,0.1484375,1.0,0.2585034013605442,0.00046759141090345954,0.0,9,9,3,3,0,109,2,1,1,1,0.12404380366206169,0.12404380366206169,0.12404380366206169,0.8554790429770947,0.9795228466391563,,,,,True,,,,
Five Dir Case 1,all,shared_context,witness_global,1024,ok,1024,,39,1,1.0,1.0,,38,986,0,465233,0.037109375,1.0,0.07156308851224105,0.0021148859227101426,0.0,9,9,3,3,0,723,7,1,1,3,0.12544289603829384,0.12543705105781555,0.125699020922184,0.8554790429770947,0.9809219390153885,,,,,True,,,,
Five Dir Case 1,all,shared_context,witness_global,4096,ok,4096,,39,1,1.0,1.0,,38,4058,0,462161,0.00927734375,1.0,0.018384131591678763,0.008704063969936875,0.0,9,9,3,3,0,1945,15,1,1,1,0.1324363425374031,0.1324363425374031,0.1324363425374031,0.8554790429770947,0.9879153855144978,,,,,True,,,,
Five Dir Case 1,all,shared_context,witness_time_only,64,ok,64,,39,1,1.0,1.0,,38,26,0,466193,0.59375,1.0,0.7450980392156863,5.576778295178875e-05,0.0,9,9,3,3,0,25,10,1,1,1,0.11677877232432365,0.11677877232432365,0.11677877232432365,0.003632679581642151,0.1204114519059658,,,,,True,,,,
Five Dir Case 1,all,shared_context,witness_time_only,256,ok,256,,39,1,1.0,1.0,,38,218,0,466001,0.1484375,1.0,0.2585034013605442,0.00046759141090345954,0.0,9,9,3,3,0,101,48,1,1,1,0.11762214079499245,0.11762214079499245,0.11762214079499245,0.003632679581642151,0.1212548203766346,,,,,True,,,,
Five Dir Case 1,all,shared_context,witness_time_only,1024,ok,1024,,39,1,1.0,1.0,,38,986,0,465233,0.037109375,1.0,0.07156308851224105,0.0021148859227101426,0.0,9,9,3,3,0,403,109,1,1,3,0.12105909734964371,0.12084228917956352,0.12138409167528152,0.003632679581642151,0.12469177693128586,,,,,True,,,,
Five Dir Case 1,all,shared_context,witness_time_only,4096,ok,4096,,39,1,1.0,1.0,,38,4058,0,462161,0.00927734375,1.0,0.018384131591678763,0.008704063969936875,0.0,9,9,3,3,0,1709,269,1,1,1,0.1347748562693596,0.1347748562693596,0.1347748562693596,0.003632679581642151,0.13840753585100174,,,,,True,,,,
Five Dir Case 1,all,poi_only,marginal_rerank,64,ok,64,,1,1,1.0,1.0,,18,46,20,466173,0.28125,0.47368421052631576,0.35294117647058826,9.866607753008778e-05,0.5263157894736842,2,9,1,3,0,18,6,1,1,1,0.07287705689668655,0.07287705689668655,0.07287705689668655,0.8631367385387421,0.9360137954354286,,,,,True,"{'eligible_anchors': 373521, 'pool_anchors': 5844, 'pool_raw_events': 6049, 'global_pool_limit': 4096, 'per_relation_pool_limit': 171, 'normalization_scale': 1.0}",0.15715330839157104,2.4280057325959206,"{'status': 'ok', 'raw_events': 64, 'steps': 62, 'objective': 67.50000377939111, 'diversity': 1.0}"
Five Dir Case 1,all,poi_only,marginal_linear,64,ok,64,,1,1,1.0,1.0,,18,46,20,466173,0.28125,0.47368421052631576,0.35294117647058826,9.866607753008778e-05,0.5263157894736842,2,9,1,3,0,15,4,1,1,1,0.030495252460241318,0.030495252460241318,0.030495252460241318,0.8631367385387421,0.8936319909989834,,,,,True,"{'eligible_anchors': 373521, 'pool_anchors': 5844, 'pool_raw_events': 6049, 'global_pool_limit': 4096, 'per_relation_pool_limit': 171, 'normalization_scale': 1.0}",0.15715330839157104,2.4280057325959206,"{'status': 'ok', 'raw_events': 64, 'steps': 63, 'objective': 46.7951573190411, 'diversity': 0.0}"
Five Dir Case 1,all,poi_only,marginal_diverse4,64,ok,64,,1,1,1.0,1.0,,19,45,19,466174,0.296875,0.5,0.37254901960784315,9.652116280117284e-05,0.5,4,9,2,3,0,26,8,1,1,1,0.06944158673286438,0.06944158673286438,0.06944158673286438,0.8631367385387421,0.9325783252716064,,,,,True,"{'eligible_anchors': 373521, 'pool_anchors': 5844, 'pool_raw_events': 6049, 'global_pool_limit': 4096, 'per_relation_pool_limit': 171, 'normalization_scale': 1.0}",0.15715330839157104,2.4280057325959206,"{'status': 'ok', 'raw_events': 64, 'steps': 59, 'objective': 137.8888420102299, 'diversity': 4.0}"
Five Dir Case 1,all,poi_only,marginal_static,64,ok,64,,1,1,1.0,1.0,,18,46,20,466173,0.28125,0.47368421052631576,0.35294117647058826,9.866607753008778e-05,0.5263157894736842,2,9,1,3,0,18,6,1,1,1,0.07420863956212997,0.07420863956212997,0.07420863956212997,0.8592813611030579,0.9334900006651878,,,,,True,"{'eligible_anchors': 373521, 'pool_anchors': 5948, 'pool_raw_events': 6158, 'global_pool_limit': 4096, 'per_relation_pool_limit': 171, 'normalization_scale': 1.0}",0.1567598320543766,2.4280057325959206,"{'status': 'ok', 'raw_events': 64, 'steps': 62, 'objective': 67.53455022957729, 'diversity': 1.0}"
Five Dir Case 1,all,poi_only,marginal_nofrequency,64,ok,64,,1,1,1.0,1.0,,18,46,20,466173,0.28125,0.47368421052631576,0.35294117647058826,9.866607753008778e-05,0.5263157894736842,2,9,1,3,0,14,5,1,1,1,0.07543116062879562,0.07543116062879562,0.07543116062879562,0.45407895371317863,0.5295101143419743,,,,,True,"{'eligible_anchors': 373521, 'pool_anchors': 6086, 'pool_raw_events': 6282, 'global_pool_limit': 4096, 'per_relation_pool_limit': 171, 'normalization_scale': 1.0}",0.16283348575234413,2.4280057325959206,"{'status': 'ok', 'raw_events': 64, 'steps': 63, 'objective': 84.1901435751164, 'diversity': 1.0}"
Five Dir Case 1,all,poi_only,marginal_rerank,256,ok,256,,1,1,1.0,1.0,,20,236,18,465983,0.078125,0.5263157894736842,0.1360544217687075,0.0005061998760239287,0.47368421052631576,4,9,2,3,0,103,2,1,1,1,0.2909283749759197,0.2909283749759197,0.2909283749759197,0.8631367385387421,1.1540651135146618,,,,,True,"{'eligible_anchors': 373521, 'pool_anchors': 5844, 'pool_raw_events': 6049, 'global_pool_limit': 4096, 'per_relation_pool_limit': 171, 'normalization_scale': 1.0}",0.15892068669199944,2.4280057325959206,"{'status': 'ok', 'raw_events': 256, 'steps': 252, 'objective': 200.11253019282697, 'diversity': 1.0}"
Five Dir Case 1,all,poi_only,marginal_linear,256,ok,256,,1,1,1.0,1.0,,18,238,20,465981,0.0703125,0.47368421052631576,0.12244897959183673,0.0005104897054817586,0.5263157894736842,2,9,1,3,0,99,7,1,1,1,0.11826244369149208,0.11826244369149208,0.11826244369149208,0.8631367385387421,0.9813991822302341,,,,,True,"{'eligible_anchors': 373521, 'pool_anchors': 5844, 'pool_raw_events': 6049, 'global_pool_limit': 4096, 'per_relation_pool_limit': 171, 'normalization_scale': 1.0}",0.15892068669199944,2.4280057325959206,"{'status': 'ok', 'raw_events': 256, 'steps': 255, 'objective': 160.15448982854372, 'diversity': 0.0}"
Five Dir Case 1,all,poi_only,marginal_diverse4,256,ok,256,,1,1,1.0,1.0,,22,234,16,465985,0.0859375,0.5789473684210527,0.14965986394557823,0.0005019100465660988,0.42105263157894735,5,9,3,3,0,112,9,1,1,1,0.2819096967577934,0.2819096967577934,0.2819096967577934,0.8631367385387421,1.1450464352965355,,,,,True,"{'eligible_anchors': 373521, 'pool_anchors': 5844, 'pool_raw_events': 6049, 'global_pool_limit': 4096, 'per_relation_pool_limit': 171, 'normalization_scale': 1.0}",0.15892068669199944,2.4280057325959206,"{'status': 'ok', 'raw_events': 256, 'steps': 243, 'objective': 326.6686004699132, 'diversity': 4.0}"
Five Dir Case 1,all,poi_only,marginal_milp,256,ok,256,,1,1,1.0,1.0,,18,238,20,465981,0.0703125,0.47368421052631576,0.12244897959183673,0.0005104897054817586,0.5263157894736842,2,9,1,3,0,98,2,1,1,1,0.30669117346405983,0.30669117346405983,0.30669117346405983,0.8631367385387421,1.169827912002802,,,,,True,"{'eligible_anchors': 373521, 'pool_anchors': 5844, 'pool_raw_events': 6049, 'global_pool_limit': 4096, 'per_relation_pool_limit': 171, 'normalization_scale': 1.0}",0.15892068669199944,2.4280057325959206,"{'status': 'ok', 'solver_status': 0, 'solver_message': 'Optimization terminated successfully. (HiGHS Status 7: Optimal)', 'mip_gap': 0.0, 'objective_upper_bound': 162.63556016014866, 'mip_node_count': 1.0, 'variables': 11893, 'constraints': 27863, 'time_limit': 20.0, 'relative_gap_tolerance': 0.01, 'raw_events': 256, 'objective': 162.6355601601487}"
Five Dir Case 1,all,poi_only,marginal_static,256,ok,256,,1,1,1.0,1.0,,19,237,19,465982,0.07421875,0.5,0.1292517006802721,0.0005083447907528436,0.5,3,9,2,3,0,73,8,1,1,1,0.28874049335718155,0.28874049335718155,0.28874049335718155,0.8592813611030579,1.1480218544602394,,,,,True,"{'eligible_anchors': 373521, 'pool_anchors': 5948, 'pool_raw_events': 6158, 'global_pool_limit': 4096, 'per_relation_pool_limit': 171, 'normalization_scale': 1.0}",0.14503896981477737,2.4280057325959206,"{'status': 'ok', 'raw_events': 256, 'steps': 253, 'objective': 200.15697573995868, 'diversity': 1.0}"
Five Dir Case 1,all,poi_only,marginal_nofrequency,256,ok,256,,1,1,1.0,1.0,,18,238,20,465981,0.0703125,0.47368421052631576,0.12244897959183673,0.0005104897054817586,0.5263157894736842,2,9,1,3,0,103,11,1,1,1,0.29269980266690254,0.29269980266690254,0.29269980266690254,0.45407895371317863,0.7467787563800812,,,,,True,"{'eligible_anchors': 373521, 'pool_anchors': 6086, 'pool_raw_events': 6282, 'global_pool_limit': 4096, 'per_relation_pool_limit': 171, 'normalization_scale': 1.0}",0.15990711376070976,2.4280057325959206,"{'status': 'ok', 'raw_events': 256, 'steps': 252, 'objective': 265.29004079094557, 'diversity': 1.0}"
Five Dir Case 1,all,poi_only,marginal_rerank,1024,ok,1024,,1,1,1.0,1.0,,20,1004,18,465215,0.01953125,0.5263157894736842,0.03766478342749529,0.002153494387830612,0.47368421052631576,4,9,2,3,0,739,5,1,1,1,1.0839495696127415,1.0839495696127415,1.0839495696127415,0.8631367385387421,1.9470863081514835,,,,,True,"{'eligible_anchors': 373521, 'pool_anchors': 5844, 'pool_raw_events': 6049, 'global_pool_limit': 4096, 'per_relation_pool_limit': 171, 'normalization_scale': 1.0}",0.15400638803839684,2.4280057325959206,"{'status': 'ok', 'raw_events': 1024, 'steps': 1016, 'objective': 647.467895716769, 'diversity': 1.0}"
Five Dir Case 1,all,poi_only,marginal_linear,1024,ok,1024,,1,1,1.0,1.0,,18,1006,20,465213,0.017578125,0.47368421052631576,0.03389830508474576,0.002157784217288442,0.5263157894736842,2,9,1,3,0,744,1,1,1,1,0.4459184855222702,0.4459184855222702,0.4459184855222702,0.8631367385387421,1.3090552240610123,,,,,True,"{'eligible_anchors': 373521, 'pool_anchors': 5844, 'pool_raw_events': 6049, 'global_pool_limit': 4096, 'per_relation_pool_limit': 171, 'normalization_scale': 1.0}",0.15400638803839684,2.4280057325959206,"{'status': 'ok', 'raw_events': 1024, 'steps': 1021, 'objective': 586.0001484441729, 'diversity': 0.0}"
Five Dir Case 1,all,poi_only,marginal_diverse4,1024,ok,1024,,1,1,1.0,1.0,,24,1000,14,465219,0.0234375,0.631578947368421,0.04519774011299435,0.0021449147289149518,0.3684210526315789,5,9,3,3,0,697,21,1,1,1,1.0889727845788002,1.0889727845788002,1.0889727845788002,0.8631367385387421,1.9521095231175423,,,,,True,"{'eligible_anchors': 373521, 'pool_anchors': 5844, 'pool_raw_events': 6049, 'global_pool_limit': 4096, 'per_relation_pool_limit': 171, 'normalization_scale': 1.0}",0.15400638803839684,2.4280057325959206,"{'status': 'ok', 'raw_events': 1024, 'steps': 1010, 'objective': 849.2147189483129, 'diversity': 4.0}"
Five Dir Case 1,all,poi_only,marginal_milp,1024,ok,1024,,1,1,1.0,1.0,,18,1006,20,465213,0.017578125,0.47368421052631576,0.03389830508474576,0.002157784217288442,0.5263157894736842,2,9,1,3,0,741,3,1,1,1,0.2831822372972965,0.2831822372972965,0.2831822372972965,0.8631367385387421,1.1463189758360386,,,,,True,"{'eligible_anchors': 373521, 'pool_anchors': 5844, 'pool_raw_events': 6049, 'global_pool_limit': 4096, 'per_relation_pool_limit': 171, 'normalization_scale': 1.0}",0.15400638803839684,2.4280057325959206,"{'status': 'ok', 'solver_status': 0, 'solver_message': 'Optimization terminated successfully. (HiGHS Status 7: Optimal)', 'mip_gap': 0.0, 'objective_upper_bound': 586.5306311702303, 'mip_node_count': 1.0, 'variables': 11893, 'constraints': 27863, 'time_limit': 20.0, 'relative_gap_tolerance': 0.01, 'raw_events': 1024, 'objective': 586.5306311702302}"
Five Dir Case 1,all,poi_only,marginal_static,1024,ok,1024,,1,1,1.0,1.0,,19,1005,19,465214,0.0185546875,0.5,0.035781544256120526,0.002155639302559527,0.5,3,9,2,3,0,744,3,1,1,1,1.0873020961880684,1.0873020961880684,1.0873020961880684,0.8592813611030579,1.9465834572911263,,,,,True,"{'eligible_anchors': 373521, 'pool_anchors': 5948, 'pool_raw_events': 6158, 'global_pool_limit': 4096, 'per_relation_pool_limit': 171, 'normalization_scale': 1.0}",0.14806224778294563,2.4280057325959206,"{'status': 'ok', 'raw_events': 1024, 'steps': 1013, 'objective': 651.3750356148847, 'diversity': 1.0}"
Five Dir Case 1,all,poi_only,marginal_nofrequency,1024,ok,1024,,1,1,1.0,1.0,,18,1006,20,465213,0.017578125,0.47368421052631576,0.03389830508474576,0.002157784217288442,0.5263157894736842,2,9,1,3,0,702,7,1,1,1,1.109854206442833,1.109854206442833,1.109854206442833,0.45407895371317863,1.5639331601560116,,,,,True,"{'eligible_anchors': 373521, 'pool_anchors': 6086, 'pool_raw_events': 6282, 'global_pool_limit': 4096, 'per_relation_pool_limit': 171, 'normalization_scale': 1.0}",0.1577654741704464,2.4280057325959206,"{'status': 'ok', 'raw_events': 1024, 'steps': 1019, 'objective': 948.300345196306, 'diversity': 1.0}"
Five Dir Case 1,all,poi_only,marginal_rerank,4096,ok,4096,,1,1,1.0,1.0,,35,4061,3,462158,0.008544921875,0.9210526315789473,0.016932752781809387,0.00871049871412362,0.07894736842105263,7,9,3,3,0,1925,22,1,1,1,7.040480576455593,7.040480576455593,7.040480576455593,0.8631367385387421,7.903617314994335,,,,,True,"{'eligible_anchors': 373521, 'pool_anchors': 11110, 'pool_raw_events': 11388, 'global_pool_limit': 8192, 'per_relation_pool_limit': 342, 'normalization_scale': 1.0}",0.18403350934386253,2.4280057325959206,"{'status': 'ok', 'raw_events': 4096, 'steps': 4069, 'objective': 1765.8264708523773, 'diversity': 1.0}"
Five Dir Case 1,all,poi_only,marginal_linear,4096,ok,4096,,1,1,1.0,1.0,,20,4076,18,462143,0.0048828125,0.5263157894736842,0.009675858732462506,0.008742672435057344,0.47368421052631576,4,9,3,3,0,1890,37,1,1,1,3.001728031784296,3.001728031784296,3.001728031784296,0.8631367385387421,3.864864770323038,,,,,True,"{'eligible_anchors': 373521, 'pool_anchors': 11110, 'pool_raw_events': 11388, 'global_pool_limit': 8192, 'per_relation_pool_limit': 342, 'normalization_scale': 1.0}",0.18403350934386253,2.4280057325959206,"{'status': 'ok', 'raw_events': 4096, 'steps': 4075, 'objective': 1645.1496240829883, 'diversity': 0.0}"
Five Dir Case 1,all,poi_only,marginal_diverse4,4096,ok,4096,,1,1,1.0,1.0,,35,4061,3,462158,0.008544921875,0.9210526315789473,0.016932752781809387,0.00871049871412362,0.07894736842105263,7,9,3,3,0,1771,22,1,1,1,7.048236779868603,7.048236779868603,7.048236779868603,0.8631367385387421,7.911373518407345,,,,,True,"{'eligible_anchors': 373521, 'pool_anchors': 11110, 'pool_raw_events': 11388, 'global_pool_limit': 8192, 'per_relation_pool_limit': 342, 'normalization_scale': 1.0}",0.18403350934386253,2.4280057325959206,"{'status': 'ok', 'raw_events': 4096, 'steps': 4065, 'objective': 2151.2378144763857, 'diversity': 4.0}"
Five Dir Case 1,all,poi_only,marginal_static,4096,ok,4096,,1,1,1.0,1.0,,20,4076,18,462143,0.0048828125,0.5263157894736842,0.009675858732462506,0.008742672435057344,0.47368421052631576,4,9,3,3,0,1647,16,1,1,1,7.27320584282279,7.27320584282279,7.27320584282279,0.8592813611030579,8.132487203925848,,,,,True,"{'eligible_anchors': 373521, 'pool_anchors': 11349, 'pool_raw_events': 11629, 'global_pool_limit': 8192, 'per_relation_pool_limit': 342, 'normalization_scale': 1.0}",0.18026531115174294,2.4280057325959206,"{'status': 'ok', 'raw_events': 4096, 'steps': 4072, 'objective': 1954.2381898891401, 'diversity': 1.0}"
Five Dir Case 1,all,poi_only,marginal_nofrequency,4096,ok,4096,,1,1,1.0,1.0,,20,4076,18,462143,0.0048828125,0.5263157894736842,0.009675858732462506,0.008742672435057344,0.47368421052631576,4,9,3,3,0,2007,20,1,1,1,7.5635532438755035,7.5635532438755035,7.5635532438755035,0.45407895371317863,8.017632197588682,,,,,True,"{'eligible_anchors': 373521, 'pool_anchors': 11833, 'pool_raw_events': 12117, 'global_pool_limit': 8192, 'per_relation_pool_limit': 342, 'normalization_scale': 1.0}",0.19011570513248444,2.4280057325959206,"{'status': 'ok', 'raw_events': 4096, 'steps': 4076, 'objective': 2762.1417945771955, 'diversity': 1.0}"
Five Dir Case 1,all,shared_context,marginal_rerank,64,ok,64,,39,1,1.0,1.0,,38,26,0,466193,0.59375,1.0,0.7450980392156863,5.576778295178875e-05,0.0,9,9,3,3,0,23,5,1,1,1,0.028800342231988907,0.028800342231988907,0.028800342231988907,0.8631367385387421,0.891937080770731,,,,,True,"{'eligible_anchors': 373521, 'pool_anchors': 5844, 'pool_raw_events': 6053, 'global_pool_limit': 4096, 'per_relation_pool_limit': 171, 'normalization_scale': 1.0}",0.1673666089773178,2.4280057325959206,"{'status': 'ok', 'raw_events': 64, 'steps': 24, 'objective': 58.120104294662966, 'diversity': 1.0}"
Five Dir Case 1,all,shared_context,marginal_linear,64,ok,64,,39,1,1.0,1.0,,38,26,0,466193,0.59375,1.0,0.7450980392156863,5.576778295178875e-05,0.0,9,9,3,3,0,24,0,1,1,1,0.01332595944404602,0.01332595944404602,0.01332595944404602,0.8631367385387421,0.8764626979827881,,,,,True,"{'eligible_anchors': 373521, 'pool_anchors': 5844, 'pool_raw_events': 6053, 'global_pool_limit': 4096, 'per_relation_pool_limit': 171, 'normalization_scale': 1.0}",0.1673666089773178,2.4280057325959206,"{'status': 'ok', 'raw_events': 64, 'steps': 25, 'objective': 37.55656469939866, 'diversity': 0.0}"
Five Dir Case 1,all,shared_context,marginal_diverse4,64,ok,64,,39,1,1.0,1.0,,38,26,0,466193,0.59375,1.0,0.7450980392156863,5.576778295178875e-05,0.0,9,9,3,3,0,24,5,1,1,1,0.02728918567299843,0.02728918567299843,0.02728918567299843,0.8631367385387421,0.8904259242117405,,,,,True,"{'eligible_anchors': 373521, 'pool_anchors': 5844, 'pool_raw_events': 6053, 'global_pool_limit': 4096, 'per_relation_pool_limit': 171, 'normalization_scale': 1.0}",0.1673666089773178,2.4280057325959206,"{'status': 'ok', 'raw_events': 64, 'steps': 23, 'objective': 123.45508366657214, 'diversity': 4.0}"
Five Dir Case 1,all,shared_context,marginal_static,64,ok,64,,39,1,1.0,1.0,,38,26,0,466193,0.59375,1.0,0.7450980392156863,5.576778295178875e-05,0.0,9,9,3,3,0,23,4,1,1,1,0.029093824326992035,0.029093824326992035,0.029093824326992035,0.8592813611030579,0.8883751854300499,,,,,True,"{'eligible_anchors': 373521, 'pool_anchors': 5948, 'pool_raw_events': 6175, 'global_pool_limit': 4096, 'per_relation_pool_limit': 171, 'normalization_scale': 1.0}",0.15024345368146896,2.4280057325959206,"{'status': 'ok', 'raw_events': 64, 'steps': 24, 'objective': 58.149028698181695, 'diversity': 1.0}"
Five Dir Case 1,all,shared_context,marginal_nofrequency,64,ok,64,,39,1,1.0,1.0,,38,26,0,466193,0.59375,1.0,0.7450980392156863,5.576778295178875e-05,0.0,9,9,3,3,0,17,4,1,1,1,0.031345441937446594,0.031345441937446594,0.031345441937446594,0.45407895371317863,0.48542439565062523,,,,,True,"{'eligible_anchors': 373521, 'pool_anchors': 6086, 'pool_raw_events': 6299, 'global_pool_limit': 4096, 'per_relation_pool_limit': 171, 'normalization_scale': 1.0}",0.16084368154406548,2.4280057325959206,"{'status': 'ok', 'raw_events': 64, 'steps': 25, 'objective': 68.44248020887962, 'diversity': 1.0}"
Five Dir Case 1,all,shared_context,marginal_rerank,256,ok,256,,39,1,1.0,1.0,,38,218,0,466001,0.1484375,1.0,0.2585034013605442,0.00046759141090345954,0.0,9,9,3,3,0,99,1,1,1,1,0.24332185462117195,0.24332185462117195,0.24332185462117195,0.8631367385387421,1.106458593159914,,,,,True,"{'eligible_anchors': 373521, 'pool_anchors': 5844, 'pool_raw_events': 6053, 'global_pool_limit': 4096, 'per_relation_pool_limit': 171, 'normalization_scale': 1.0}",0.16255974397063255,2.4280057325959206,"{'status': 'ok', 'raw_events': 256, 'steps': 215, 'objective': 194.3320848885462, 'diversity': 1.0}"
Five Dir Case 1,all,shared_context,marginal_linear,256,ok,256,,39,1,1.0,1.0,,38,218,0,466001,0.1484375,1.0,0.2585034013605442,0.00046759141090345954,0.0,9,9,3,3,0,101,1,1,1,1,0.10081341490149498,0.10081341490149498,0.10081341490149498,0.8631367385387421,0.963950153440237,,,,,True,"{'eligible_anchors': 373521, 'pool_anchors': 5844, 'pool_raw_events': 6053, 'global_pool_limit': 4096, 'per_relation_pool_limit': 171, 'normalization_scale': 1.0}",0.16255974397063255,2.4280057325959206,"{'status': 'ok', 'raw_events': 256, 'steps': 217, 'objective': 155.33906960541918, 'diversity': 0.0}"
Five Dir Case 1,all,shared_context,marginal_diverse4,256,ok,256,,39,1,1.0,1.0,,38,218,0,466001,0.1484375,1.0,0.2585034013605442,0.00046759141090345954,0.0,9,9,3,3,0,111,5,1,1,1,0.24171926826238632,0.24171926826238632,0.24171926826238632,0.8631367385387421,1.1048560068011284,,,,,True,"{'eligible_anchors': 373521, 'pool_anchors': 5844, 'pool_raw_events': 6053, 'global_pool_limit': 4096, 'per_relation_pool_limit': 171, 'normalization_scale': 1.0}",0.16255974397063255,2.4280057325959206,"{'status': 'ok', 'raw_events': 256, 'steps': 209, 'objective': 321.5371637852873, 'diversity': 4.0}"
Five Dir Case 1,all,shared_context,marginal_milp,256,ok,256,,39,1,1.0,1.0,,38,218,0,466001,0.1484375,1.0,0.2585034013605442,0.00046759141090345954,0.0,9,9,3,3,0,101,1,1,1,1,0.3087422773241997,0.3087422773241997,0.3087422773241997,0.8631367385387421,1.1718790158629417,,,,,True,"{'eligible_anchors': 373521, 'pool_anchors': 5844, 'pool_raw_events': 6053, 'global_pool_limit': 4096, 'per_relation_pool_limit': 171, 'normalization_scale': 1.0}",0.16255974397063255,2.4280057325959206,"{'status': 'ok', 'solver_status': 0, 'solver_message': 'Optimization terminated successfully. (HiGHS Status 7: Optimal)', 'mip_gap': 0.0, 'objective_upper_bound': 155.33906960541913, 'mip_node_count': 1.0, 'variables': 11897, 'constraints': 27829, 'time_limit': 20.0, 'relative_gap_tolerance': 0.01, 'raw_events': 256, 'objective': 155.33906960541918}"
Five Dir Case 1,all,shared_context,marginal_static,256,ok,256,,39,1,1.0,1.0,,38,218,0,466001,0.1484375,1.0,0.2585034013605442,0.00046759141090345954,0.0,9,9,3,3,0,75,8,1,1,1,0.24687065184116364,0.24687065184116364,0.24687065184116364,0.8592813611030579,1.1061520129442215,,,,,True,"{'eligible_anchors': 373521, 'pool_anchors': 5948, 'pool_raw_events': 6175, 'global_pool_limit': 4096, 'per_relation_pool_limit': 171, 'normalization_scale': 1.0}",0.1492776721715927,2.4280057325959206,"{'status': 'ok', 'raw_events': 256, 'steps': 216, 'objective': 194.39689899549023, 'diversity': 1.0}"
Five Dir Case 1,all,shared_context,marginal_nofrequency,256,ok,256,,39,1,1.0,1.0,,38,218,0,466001,0.1484375,1.0,0.2585034013605442,0.00046759141090345954,0.0,9,9,3,3,0,116,8,1,1,1,0.2572246640920639,0.2572246640920639,0.2572246640920639,0.45407895371317863,0.7113036178052425,,,,,True,"{'eligible_anchors': 373521, 'pool_anchors': 6086, 'pool_raw_events': 6299, 'global_pool_limit': 4096, 'per_relation_pool_limit': 171, 'normalization_scale': 1.0}",0.15985209122300148,2.4280057325959206,"{'status': 'ok', 'raw_events': 256, 'steps': 216, 'objective': 255.5257404091647, 'diversity': 1.0}"
Five Dir Case 1,all,shared_context,marginal_rerank,1024,ok,1024,,39,1,1.0,1.0,,38,986,0,465233,0.037109375,1.0,0.07156308851224105,0.0021148859227101426,0.0,9,9,3,3,0,727,4,1,1,1,1.053018119186163,1.053018119186163,1.053018119186163,0.8631367385387421,1.916154857724905,,,,,True,"{'eligible_anchors': 373521, 'pool_anchors': 5844, 'pool_raw_events': 6053, 'global_pool_limit': 4096, 'per_relation_pool_limit': 171, 'normalization_scale': 1.0}",0.1571917086839676,2.4280057325959206,"{'status': 'ok', 'raw_events': 1024, 'steps': 979, 'objective': 643.4203795641288, 'diversity': 1.0}"
Five Dir Case 1,all,shared_context,marginal_linear,1024,ok,1024,,39,1,1.0,1.0,,38,986,0,465233,0.037109375,1.0,0.07156308851224105,0.0021148859227101426,0.0,9,9,3,3,0,728,3,1,1,1,0.4378623962402344,0.4378623962402344,0.4378623962402344,0.8631367385387421,1.3009991347789764,,,,,True,"{'eligible_anchors': 373521, 'pool_anchors': 5844, 'pool_raw_events': 6053, 'global_pool_limit': 4096, 'per_relation_pool_limit': 171, 'normalization_scale': 1.0}",0.1571917086839676,2.4280057325959206,"{'status': 'ok', 'raw_events': 1024, 'steps': 984, 'objective': 580.5111679975147, 'diversity': 0.0}"
Five Dir Case 1,all,shared_context,marginal_diverse4,1024,ok,1024,,39,1,1.0,1.0,,38,986,0,465233,0.037109375,1.0,0.07156308851224105,0.0021148859227101426,0.0,9,9,3,3,0,699,17,1,1,1,1.0502368733286858,1.0502368733286858,1.0502368733286858,0.8631367385387421,1.9133736118674278,,,,,True,"{'eligible_anchors': 373521, 'pool_anchors': 5844, 'pool_raw_events': 6053, 'global_pool_limit': 4096, 'per_relation_pool_limit': 171, 'normalization_scale': 1.0}",0.1571917086839676,2.4280057325959206,"{'status': 'ok', 'raw_events': 1024, 'steps': 974, 'objective': 846.3274362549364, 'diversity': 4.0}"
Five Dir Case 1,all,shared_context,marginal_milp,1024,ok,1024,,39,1,1.0,1.0,,38,986,0,465233,0.037109375,1.0,0.07156308851224105,0.0021148859227101426,0.0,9,9,3,3,0,728,3,1,1,1,0.3030942678451538,0.3030942678451538,0.3030942678451538,0.8631367385387421,1.1662310063838959,,,,,True,"{'eligible_anchors': 373521, 'pool_anchors': 5844, 'pool_raw_events': 6053, 'global_pool_limit': 4096, 'per_relation_pool_limit': 171, 'normalization_scale': 1.0}",0.1571917086839676,2.4280057325959206,"{'status': 'ok', 'solver_status': 0, 'solver_message': 'Optimization terminated successfully. (HiGHS Status 7: Optimal)', 'mip_gap': 0.0, 'objective_upper_bound': 580.5111679975149, 'mip_node_count': 1.0, 'variables': 11897, 'constraints': 27829, 'time_limit': 20.0, 'relative_gap_tolerance': 0.01, 'raw_events': 1024, 'objective': 580.5111679975147}"
Five Dir Case 1,all,shared_context,marginal_static,1024,ok,1024,,39,1,1.0,1.0,,38,986,0,465233,0.037109375,1.0,0.07156308851224105,0.0021148859227101426,0.0,9,9,3,3,0,732,3,1,1,1,1.0694844722747803,1.0694844722747803,1.0694844722747803,0.8592813611030579,1.9287658333778381,,,,,True,"{'eligible_anchors': 373521, 'pool_anchors': 5948, 'pool_raw_events': 6175, 'global_pool_limit': 4096, 'per_relation_pool_limit': 171, 'normalization_scale': 1.0}",0.14590739086270332,2.4280057325959206,"{'status': 'ok', 'raw_events': 1024, 'steps': 976, 'objective': 647.3219681230082, 'diversity': 1.0}"
Five Dir Case 1,all,shared_context,marginal_nofrequency,1024,ok,1024,,39,1,1.0,1.0,,38,986,0,465233,0.037109375,1.0,0.07156308851224105,0.0021148859227101426,0.0,9,9,3,3,0,723,3,1,1,1,1.0996443219482899,1.0996443219482899,1.0996443219482899,0.45407895371317863,1.5537232756614685,,,,,True,"{'eligible_anchors': 373521, 'pool_anchors': 6086, 'pool_raw_events': 6299, 'global_pool_limit': 4096, 'per_relation_pool_limit': 171, 'normalization_scale': 1.0}",0.1567741185426712,2.4280057325959206,"{'status': 'ok', 'raw_events': 1024, 'steps': 984, 'objective': 938.4318483579974, 'diversity': 1.0}"
Five Dir Case 1,all,shared_context,marginal_rerank,4096,ok,4096,,39,1,1.0,1.0,,38,4058,0,462161,0.00927734375,1.0,0.018384131591678763,0.008704063969936875,0.0,9,9,3,3,0,1927,22,1,1,1,7.0016221180558205,7.0016221180558205,7.0016221180558205,0.8631367385387421,7.8647588565945625,,,,,True,"{'eligible_anchors': 373521, 'pool_anchors': 11110, 'pool_raw_events': 11391, 'global_pool_limit': 8192, 'per_relation_pool_limit': 342, 'normalization_scale': 1.0}",0.1894245445728302,2.4280057325959206,"{'status': 'ok', 'raw_events': 4096, 'steps': 4032, 'objective': 1765.587205581152, 'diversity': 1.0}"
Five Dir Case 1,all,shared_context,marginal_linear,4096,ok,4096,,39,1,1.0,1.0,,38,4058,0,462161,0.00927734375,1.0,0.018384131591678763,0.008704063969936875,0.0,9,9,3,3,0,1895,37,1,1,1,2.9716083481907845,2.9716083481907845,2.9716083481907845,0.8631367385387421,3.8347450867295265,,,,,True,"{'eligible_anchors': 373521, 'pool_anchors': 11110, 'pool_raw_events': 11391, 'global_pool_limit': 8192, 'per_relation_pool_limit': 342, 'normalization_scale': 1.0}",0.1894245445728302,2.4280057325959206,"{'status': 'ok', 'raw_events': 4096, 'steps': 4038, 'objective': 1644.2676700661084, 'diversity': 0.0}"
Five Dir Case 1,all,shared_context,marginal_diverse4,4096,ok,4096,,39,1,1.0,1.0,,38,4058,0,462161,0.00927734375,1.0,0.018384131591678763,0.008704063969936875,0.0,9,9,3,3,0,1770,22,1,1,1,6.98824168741703,6.98824168741703,6.98824168741703,0.8631367385387421,7.851378425955772,,,,,True,"{'eligible_anchors': 373521, 'pool_anchors': 11110, 'pool_raw_events': 11391, 'global_pool_limit': 8192, 'per_relation_pool_limit': 342, 'normalization_scale': 1.0}",0.1894245445728302,2.4280057325959206,"{'status': 'ok', 'raw_events': 4096, 'steps': 4029, 'objective': 2150.9827963436164, 'diversity': 4.0}"
Five Dir Case 1,all,shared_context,marginal_static,4096,ok,4096,,39,1,1.0,1.0,,38,4058,0,462161,0.00927734375,1.0,0.018384131591678763,0.008704063969936875,0.0,9,9,3,3,0,1644,17,1,1,1,7.209890279918909,7.209890279918909,7.209890279918909,0.8592813611030579,8.069171641021967,,,,,True,"{'eligible_anchors': 373521, 'pool_anchors': 11349, 'pool_raw_events': 11646, 'global_pool_limit': 8192, 'per_relation_pool_limit': 342, 'normalization_scale': 1.0}",0.18705252930521965,2.4280057325959206,"{'status': 'ok', 'raw_events': 4096, 'steps': 4037, 'objective': 1952.7072110562917, 'diversity': 1.0}"
Five Dir Case 1,all,shared_context,marginal_nofrequency,4096,ok,4096,,39,1,1.0,1.0,,38,4058,0,462161,0.00927734375,1.0,0.018384131591678763,0.008704063969936875,0.0,9,9,3,3,0,2004,15,1,1,1,7.579440452158451,7.579440452158451,7.579440452158451,0.45407895371317863,8.03351940587163,,,,,True,"{'eligible_anchors': 373521, 'pool_anchors': 11833, 'pool_raw_events': 12134, 'global_pool_limit': 8192, 'per_relation_pool_limit': 342, 'normalization_scale': 1.0}",0.20419245958328247,2.4280057325959206,"{'status': 'ok', 'raw_events': 4096, 'steps': 4043, 'objective': 2760.227558775394, 'diversity': 1.0}"
Five Dir Case 1,all,poi_only,marginal_ppr,64,ok,64,,1,1,1.0,1.0,,18,46,20,466173,0.28125,0.47368421052631576,0.35294117647058826,9.866607753008778e-05,0.5263157894736842,2,9,1,3,0,15,4,1,1,1,0.0714702270925045,0.0714702270925045,0.0714702270925045,0.19167357683181763,0.26314380392432213,,,,,True,"{'eligible_anchors': 373521, 'pool_anchors': 5994, 'pool_raw_events': 6193, 'global_pool_limit': 4096, 'per_relation_pool_limit': 171, 'normalization_scale': 1.0}",0.15880657359957695,2.4652773551642895,"{'status': 'ok', 'raw_events': 64, 'steps': 61, 'objective': 71.41334245576626, 'diversity': 1.0}"
Five Dir Case 1,all,poi_only,marginal_ppr,256,ok,256,,1,1,1.0,1.0,,18,238,20,465981,0.0703125,0.47368421052631576,0.12244897959183673,0.0005104897054817586,0.5263157894736842,2,9,1,3,0,117,9,1,1,1,0.28775209560990334,0.28775209560990334,0.28775209560990334,0.19167357683181763,0.47942567244172096,,,,,True,"{'eligible_anchors': 373521, 'pool_anchors': 5994, 'pool_raw_events': 6193, 'global_pool_limit': 4096, 'per_relation_pool_limit': 171, 'normalization_scale': 1.0}",0.15786536037921906,2.4652773551642895,"{'status': 'ok', 'raw_events': 256, 'steps': 248, 'objective': 111.70613725404746, 'diversity': 1.0}"
Five Dir Case 1,all,poi_only,marginal_ppr,1024,ok,1024,,1,1,1.0,1.0,,18,1006,20,465213,0.017578125,0.47368421052631576,0.03389830508474576,0.002157784217288442,0.5263157894736842,2,9,1,3,0,719,8,1,1,1,1.1152154579758644,1.1152154579758644,1.1152154579758644,0.19167357683181763,1.306889034807682,,,,,True,"{'eligible_anchors': 373521, 'pool_anchors': 5994, 'pool_raw_events': 6193, 'global_pool_limit': 4096, 'per_relation_pool_limit': 171, 'normalization_scale': 1.0}",0.1626989282667637,2.4652773551642895,"{'status': 'ok', 'raw_events': 1024, 'steps': 1016, 'objective': 239.82968403301396, 'diversity': 1.0}"
Five Dir Case 1,all,poi_only,marginal_ppr,4096,ok,4096,,1,1,1.0,1.0,,20,4076,18,462143,0.0048828125,0.5263157894736842,0.009675858732462506,0.008742672435057344,0.47368421052631576,4,9,3,3,0,1659,55,1,1,1,7.216970670968294,7.216970670968294,7.216970670968294,0.19167357683181763,7.408644247800112,,,,,True,"{'eligible_anchors': 373521, 'pool_anchors': 11682, 'pool_raw_events': 12006, 'global_pool_limit': 8192, 'per_relation_pool_limit': 342, 'normalization_scale': 1.0}",0.18710339814424515,2.4652773551642895,"{'status': 'ok', 'raw_events': 4096, 'steps': 4073, 'objective': 457.1783150769801, 'diversity': 1.0}"
Five Dir Case 1,all,shared_context,marginal_ppr,64,ok,64,,39,1,1.0,1.0,,38,26,0,466193,0.59375,1.0,0.7450980392156863,5.576778295178875e-05,0.0,9,9,3,3,0,13,1,1,1,1,0.0303109809756279,0.0303109809756279,0.0303109809756279,0.19167357683181763,0.22198455780744553,,,,,True,"{'eligible_anchors': 373521, 'pool_anchors': 5994, 'pool_raw_events': 6210, 'global_pool_limit': 4096, 'per_relation_pool_limit': 171, 'normalization_scale': 1.0}",0.16172611340880394,2.4652773551642895,"{'status': 'ok', 'raw_events': 64, 'steps': 25, 'objective': 58.5806442544024, 'diversity': 1.0}"
Five Dir Case 1,all,shared_context,marginal_ppr,256,ok,256,,39,1,1.0,1.0,,38,218,0,466001,0.1484375,1.0,0.2585034013605442,0.00046759141090345954,0.0,9,9,3,3,0,112,7,1,1,1,0.24302266165614128,0.24302266165614128,0.24302266165614128,0.19167357683181763,0.4346962384879589,,,,,True,"{'eligible_anchors': 373521, 'pool_anchors': 5994, 'pool_raw_events': 6210, 'global_pool_limit': 4096, 'per_relation_pool_limit': 171, 'normalization_scale': 1.0}",0.15924213081598282,2.4652773551642895,"{'status': 'ok', 'raw_events': 256, 'steps': 211, 'objective': 108.41983912068869, 'diversity': 1.0}"
Five Dir Case 1,all,shared_context,marginal_ppr,1024,ok,1024,,39,1,1.0,1.0,,38,986,0,465233,0.037109375,1.0,0.07156308851224105,0.0021148859227101426,0.0,9,9,3,3,0,713,8,1,1,1,1.0759516917169094,1.0759516917169094,1.0759516917169094,0.19167357683181763,1.267625268548727,,,,,True,"{'eligible_anchors': 373521, 'pool_anchors': 5994, 'pool_raw_events': 6210, 'global_pool_limit': 4096, 'per_relation_pool_limit': 171, 'normalization_scale': 1.0}",0.15951943770051003,2.4652773551642895,"{'status': 'ok', 'raw_events': 1024, 'steps': 979, 'objective': 237.4860905949522, 'diversity': 1.0}"
Five Dir Case 1,all,shared_context,marginal_ppr,4096,ok,4096,,39,1,1.0,1.0,,38,4058,0,462161,0.00927734375,1.0,0.018384131591678763,0.008704063969936875,0.0,9,9,3,3,0,1663,49,1,1,1,7.405188959091902,7.405188959091902,7.405188959091902,0.19167357683181763,7.596862535923719,,,,,True,"{'eligible_anchors': 373521, 'pool_anchors': 11682, 'pool_raw_events': 12023, 'global_pool_limit': 8192, 'per_relation_pool_limit': 342, 'normalization_scale': 1.0}",0.19142787531018257,2.4652773551642895,"{'status': 'ok', 'raw_events': 4096, 'steps': 4037, 'objective': 456.77017516545607, 'diversity': 1.0}"
Five Dir Case 1,all,poi_only,marginal_heat,64,ok,64,,1,1,1.0,1.0,,18,46,20,466173,0.28125,0.47368421052631576,0.35294117647058826,9.866607753008778e-05,0.5263157894736842,2,9,1,3,0,13,5,1,1,1,0.07077544555068016,0.07077544555068016,0.07077544555068016,0.08435365930199623,0.1551291048526764,,,,,True,"{'eligible_anchors': 373521, 'pool_anchors': 5906, 'pool_raw_events': 6118, 'global_pool_limit': 4096, 'per_relation_pool_limit': 171, 'normalization_scale': 1.0}",0.16569766774773598,2.4652773551642895,"{'status': 'ok', 'raw_events': 64, 'steps': 61, 'objective': 74.15348901816475, 'diversity': 1.0}"
Five Dir Case 1,all,poi_only,marginal_heat,256,ok,256,,1,1,1.0,1.0,,18,238,20,465981,0.0703125,0.47368421052631576,0.12244897959183673,0.0005104897054817586,0.5263157894736842,2,9,1,3,0,115,6,1,1,1,0.28543097898364067,0.28543097898364067,0.28543097898364067,0.08435365930199623,0.3697846382856369,,,,,True,"{'eligible_anchors': 373521, 'pool_anchors': 5906, 'pool_raw_events': 6118, 'global_pool_limit': 4096, 'per_relation_pool_limit': 171, 'normalization_scale': 1.0}",0.17239844053983688,2.4652773551642895,"{'status': 'ok', 'raw_events': 256, 'steps': 253, 'objective': 147.30534624483704, 'diversity': 1.0}"
Five Dir Case 1,all,poi_only,marginal_heat,1024,ok,1024,,1,1,1.0,1.0,,18,1006,20,465213,0.017578125,0.47368421052631576,0.03389830508474576,0.002157784217288442,0.5263157894736842,2,9,1,3,0,725,8,1,1,1,1.083493072539568,1.083493072539568,1.083493072539568,0.08435365930199623,1.1678467318415642,,,,,True,"{'eligible_anchors': 373521, 'pool_anchors': 5906, 'pool_raw_events': 6118, 'global_pool_limit': 4096, 'per_relation_pool_limit': 171, 'normalization_scale': 1.0}",0.16297443956136703,2.4652773551642895,"{'status': 'ok', 'raw_events': 1024, 'steps': 1017, 'objective': 399.4055102806129, 'diversity': 1.0}"
Five Dir Case 1,all,poi_only,marginal_heat,4096,ok,4096,,1,1,1.0,1.0,,19,4077,19,462142,0.004638671875,0.5,0.009192065795839382,0.00874481734978626,0.5,3,9,2,3,0,1756,48,1,1,1,7.226824339479208,7.226824339479208,7.226824339479208,0.08435365930199623,7.311177998781204,,,,,True,"{'eligible_anchors': 373521, 'pool_anchors': 11508, 'pool_raw_events': 11864, 'global_pool_limit': 8192, 'per_relation_pool_limit': 342, 'normalization_scale': 1.0}",0.18990188091993332,2.4652773551642895,"{'status': 'ok', 'raw_events': 4096, 'steps': 4072, 'objective': 821.3661881136138, 'diversity': 1.0}"
Five Dir Case 1,all,shared_context,marginal_heat,64,ok,64,,39,1,1.0,1.0,,38,26,0,466193,0.59375,1.0,0.7450980392156863,5.576778295178875e-05,0.0,9,9,3,3,0,13,1,1,1,1,0.029726069420576096,0.029726069420576096,0.029726069420576096,0.08435365930199623,0.11407972872257233,,,,,True,"{'eligible_anchors': 373521, 'pool_anchors': 5906, 'pool_raw_events': 6135, 'global_pool_limit': 4096, 'per_relation_pool_limit': 171, 'normalization_scale': 1.0}",0.15595486387610435,2.4652773551642895,"{'status': 'ok', 'raw_events': 64, 'steps': 25, 'objective': 58.75727496050424, 'diversity': 1.0}"
Five Dir Case 1,all,shared_context,marginal_heat,256,ok,256,,39,1,1.0,1.0,,38,218,0,466001,0.1484375,1.0,0.2585034013605442,0.00046759141090345954,0.0,9,9,3,3,0,108,8,1,1,1,0.245133925229311,0.245133925229311,0.245133925229311,0.08435365930199623,0.3294875845313072,,,,,True,"{'eligible_anchors': 373521, 'pool_anchors': 5906, 'pool_raw_events': 6135, 'global_pool_limit': 4096, 'per_relation_pool_limit': 171, 'normalization_scale': 1.0}",0.15499921888113022,2.4652773551642895,"{'status': 'ok', 'raw_events': 256, 'steps': 216, 'objective': 140.6220278895459, 'diversity': 1.0}"
Five Dir Case 1,all,shared_context,marginal_heat,1024,ok,1024,,39,1,1.0,1.0,,38,986,0,465233,0.037109375,1.0,0.07156308851224105,0.0021148859227101426,0.0,9,9,3,3,0,714,8,1,1,1,1.059617966413498,1.059617966413498,1.059617966413498,0.08435365930199623,1.1439716257154942,,,,,True,"{'eligible_anchors': 373521, 'pool_anchors': 5906, 'pool_raw_events': 6135, 'global_pool_limit': 4096, 'per_relation_pool_limit': 171, 'normalization_scale': 1.0}",0.1570557989180088,2.4652773551642895,"{'status': 'ok', 'raw_events': 1024, 'steps': 980, 'objective': 394.57005158620507, 'diversity': 1.0}"
Five Dir Case 1,all,shared_context,marginal_heat,4096,ok,4096,,39,1,1.0,1.0,,38,4058,0,462161,0.00927734375,1.0,0.018384131591678763,0.008704063969936875,0.0,9,9,3,3,0,1746,64,1,1,1,7.086012028157711,7.086012028157711,7.086012028157711,0.08435365930199623,7.170365687459707,,,,,True,"{'eligible_anchors': 373521, 'pool_anchors': 11508, 'pool_raw_events': 11881, 'global_pool_limit': 8192, 'per_relation_pool_limit': 342, 'normalization_scale': 1.0}",0.18690476566553116,2.4652773551642895,"{'status': 'ok', 'raw_events': 4096, 'steps': 4035, 'objective': 820.1136871705817, 'diversity': 1.0}"
Five Dir Case 3,all,poi_only,old_score_top,64,ok,64,54,2,2,1.0,1.0,True,10,54,5,424176,0.15625,0.6666666666666666,0.25316455696202533,0.00012728944204794569,0.3333333333333333,3,7,2,3,0,53,1,1,2,1,0.06451137736439705,0.06451137736439705,0.06451137736439705,,,,,,,,,,,
Five Dir Case 3,all,poi_only,old_score_top,256,ok,256,114,2,1,1.0,1.0,True,10,246,5,423984,0.0390625,0.6666666666666666,0.07380073800738007,0.000579874124885086,0.3333333333333333,3,7,2,3,0,99,15,1,2,1,0.06482860818505287,0.06482860818505287,0.06482860818505287,,,,,,,,,,,
Five Dir Case 3,all,poi_only,old_score_top,1024,ok,1024,269,2,1,1.0,0.9990234375,True,11,1013,4,423217,0.0107421875,0.7333333333333333,0.021174205967276226,0.0023878556443438703,0.26666666666666666,4,7,2,3,0,252,17,1,2,3,0.06403608992695808,0.06349335610866547,0.0645892545580864,,,,,,,,,,,
Five Dir Case 3,all,poi_only,old_score_top,4096,ok,4096,854,2,1,1.0,0.999755859375,True,11,4085,4,420145,0.002685546875,0.7333333333333333,0.00535149598637801,0.009629210569738113,0.26666666666666666,4,7,2,3,0,808,46,1,2,1,0.06693995371460915,0.06693995371460915,0.06693995371460915,,,,,,,,,,,
Five Dir Case 3,all,poi_only,rarity_top,64,ok,64,62,2,19,0.03125,0.03125,True,2,62,13,424168,0.03125,0.13333333333333333,0.05063291139240506,0.00014614713716615987,0.8666666666666667,2,7,2,3,0,34,28,1,2,1,0.07420394569635391,0.07420394569635391,0.07420394569635391,,,,,,,,,,,
Five Dir Case 3,all,poi_only,rarity_top,256,ok,256,223,2,34,0.0078125,0.0078125,True,2,254,13,423976,0.0078125,0.13333333333333333,0.014760147601476014,0.0005987318200033001,0.8666666666666667,2,7,2,3,0,138,85,1,2,1,0.07249737158417702,0.07249737158417702,0.07249737158417702,,,,,,,,,,,
Five Dir Case 3,all,poi_only,rarity_top,1024,ok,1024,847,2,66,0.00390625,0.0029296875,True,2,1022,13,423208,0.001953125,0.13333333333333333,0.0038498556304138597,0.002409070551351861,0.8666666666666667,2,7,2,3,0,553,294,1,2,3,0.07383815199136734,0.07367778196930885,0.07454874739050865,,,,,,,,,,,
Five Dir Case 3,all,poi_only,rarity_top,4096,ok,4096,3198,2,120,0.002197265625,0.00146484375,True,2,4094,13,420136,0.00048828125,0.13333333333333333,0.0009729992702505473,0.009650425476746105,0.8666666666666667,2,7,2,3,0,2221,977,1,2,1,0.07322220876812935,0.07322220876812935,0.07322220876812935,,,,,,,,,,,
Five Dir Case 3,all,poi_only,diffusion_top,64,ok,64,60,2,2,1.0,0.484375,True,4,60,11,424170,0.0625,0.26666666666666666,0.10126582278481013,0.0001414327133866063,0.7333333333333333,3,7,2,3,0,60,0,2,2,1,0.08883252739906311,0.08883252739906311,0.08883252739906311,0.8896116949617863,0.9784442223608494,,,,,,,,,
Five Dir Case 3,all,poi_only,diffusion_top,256,ok,256,103,2,2,1.0,0.71484375,True,12,244,3,423986,0.046875,0.8,0.08856088560885608,0.0005751597011055324,0.2,4,7,2,3,0,102,1,2,2,1,0.08884597197175026,0.08884597197175026,0.08884597197175026,0.8896116949617863,0.9784576669335365,,,,,,,,,
Five Dir Case 3,all,poi_only,diffusion_top,1024,ok,1024,282,2,5,0.8916015625,0.6630859375,True,13,1011,2,423219,0.0126953125,0.8666666666666667,0.025024061597690085,0.0023831412205643165,0.13333333333333333,5,7,3,3,0,281,1,2,2,3,0.08833183348178864,0.08737793564796448,0.08833631873130798,0.8896116949617863,0.9779435284435749,,,,,,,,,
Five Dir Case 3,all,poi_only,diffusion_top,4096,ok,4096,1112,2,2,0.99365234375,0.91943359375,True,14,4082,1,420148,0.00341796875,0.9333333333333333,0.006810994891753831,0.009622138934068783,0.06666666666666667,6,7,3,3,0,1109,3,2,2,1,0.08870888128876686,0.08870888128876686,0.08870888128876686,0.8896116949617863,0.9783205762505531,,,,,,,,,
Five Dir Case 3,all,poi_only,localdegree_top,64,ok,64,63,2,19,0.03125,0.03125,True,2,62,13,424168,0.03125,0.13333333333333333,0.05063291139240506,0.00014614713716615987,0.8666666666666667,2,7,2,3,0,11,52,1,2,1,0.07333206757903099,0.07333206757903099,0.07333206757903099,1.8177221193909645,1.8910541869699955,,,,,,,,,
Five Dir Case 3,all,poi_only,localdegree_top,256,ok,256,239,2,32,0.0078125,0.0078125,True,2,254,13,423976,0.0078125,0.13333333333333333,0.014760147601476014,0.0005987318200033001,0.8666666666666667,2,7,2,3,0,38,201,1,2,1,0.07504988089203835,0.07504988089203835,0.07504988089203835,1.8177221193909645,1.8927720002830029,,,,,,,,,
Five Dir Case 3,all,poi_only,localdegree_top,1024,ok,1024,815,2,69,0.001953125,0.001953125,True,2,1022,13,423208,0.001953125,0.13333333333333333,0.0038498556304138597,0.002409070551351861,0.8666666666666667,2,7,2,3,0,159,656,1,2,3,0.0738585852086544,0.07298944145441055,0.07431445270776749,1.8177221193909645,1.891580704599619,,,,,,,,,
Five Dir Case 3,all,poi_only,localdegree_top,4096,ok,4096,2595,2,130,0.202880859375,0.032958984375,True,2,4094,13,420136,0.00048828125,0.13333333333333333,0.0009729992702505473,0.009650425476746105,0.8666666666666667,2,7,2,3,0,676,1919,1,2,1,0.073667012155056,0.073667012155056,0.073667012155056,1.8177221193909645,1.8913891315460205,,,,,,,,,
Five Dir Case 3,all,poi_only,episode,64,ok,64,60,2,1,1.0,1.0,True,4,60,11,424170,0.0625,0.26666666666666666,0.10126582278481013,0.0001414327133866063,0.7333333333333333,3,7,2,3,0,59,1,2,2,1,0.14779406040906906,0.14779406040906906,0.14779406040906906,0.8896116949617863,1.0374057553708553,,,,,,,,,
Five Dir Case 3,all,poi_only,episode,256,ok,256,139,2,1,1.0,1.0,True,12,244,3,423986,0.046875,0.8,0.08856088560885608,0.0005751597011055324,0.2,4,7,2,3,0,137,2,2,2,1,0.14854130893945694,0.14854130893945694,0.14854130893945694,0.8896116949617863,1.0381530039012432,,,,,,,,,
Five Dir Case 3,all,poi_only,episode,1024,ok,1024,293,2,1,1.0,1.0,True,12,1012,3,423218,0.01171875,0.8,0.023099133782483156,0.002385498432454093,0.2,4,7,2,3,0,284,9,2,2,3,0.15171749517321587,0.14977964013814926,0.15775169432163239,0.8896116949617863,1.0413291901350021,,,,,,,,,
Five Dir Case 3,all,poi_only,episode,4096,ok,4096,1110,2,1,1.0,0.999755859375,True,13,4083,2,420147,0.003173828125,0.8666666666666667,0.006324495256628557,0.009624496145958561,0.13333333333333333,5,7,2,3,0,1101,9,2,2,1,0.15228000655770302,0.15228000655770302,0.15228000655770302,0.8896116949617863,1.0418917015194893,,,,,,,,,
Five Dir Case 3,all,poi_only,coverage_exact,64,ok,64,60,2,1,1.0,1.0,True,4,60,11,424170,0.0625,0.26666666666666666,0.10126582278481013,0.0001414327133866063,0.7333333333333333,3,7,2,3,0,59,1,2,2,1,0.45334916189312935,0.45334916189312935,0.45334916189312935,0.8896116949617863,1.3429608568549156,,,,,,,,,
Five Dir Case 3,all,poi_only,coverage_exact,256,ok,256,139,2,1,1.0,1.0,True,12,244,3,423986,0.046875,0.8,0.08856088560885608,0.0005751597011055324,0.2,4,7,2,3,0,137,2,2,2,1,0.45379193872213364,0.45379193872213364,0.45379193872213364,0.8896116949617863,1.34340363368392,,,,,,,,,
Five Dir Case 3,all,poi_only,coverage_exact,1024,ok,1024,293,2,1,1.0,1.0,True,12,1012,3,423218,0.01171875,0.8,0.023099133782483156,0.002385498432454093,0.2,4,7,2,3,0,284,9,2,2,3,0.45840558409690857,0.4541504867374897,0.4609767198562622,0.8896116949617863,1.3480172790586948,,,,,,,,,
Five Dir Case 3,all,poi_only,coverage_exact,4096,ok,4096,1047,2,1,1.0,1.0,True,13,4083,2,420147,0.003173828125,0.8666666666666667,0.006324495256628557,0.009624496145958561,0.13333333333333333,5,7,2,3,0,1038,9,2,2,1,0.4863586686551571,0.4863586686551571,0.4863586686551571,0.8896116949617863,1.3759703636169434,,,,,,,,,
Five Dir Case 3,all,poi_only,coverage_semantic,64,ok,64,60,2,1,1.0,1.0,True,4,60,11,424170,0.0625,0.26666666666666666,0.10126582278481013,0.0001414327133866063,0.7333333333333333,3,7,2,3,0,59,1,2,2,1,0.5476693734526634,0.5476693734526634,0.5476693734526634,0.8896116949617863,1.4372810684144497,,,,,,,,,
Five Dir Case 3,all,poi_only,coverage_semantic,256,ok,256,139,2,1,1.0,1.0,True,12,244,3,423986,0.046875,0.8,0.08856088560885608,0.0005751597011055324,0.2,4,7,2,3,0,137,2,2,2,1,0.5482123680412769,0.5482123680412769,0.5482123680412769,0.8896116949617863,1.4378240630030632,,,,,,,,,
Five Dir Case 3,all,poi_only,coverage_semantic,1024,ok,1024,293,2,1,1.0,1.0,True,12,1012,3,423218,0.01171875,0.8,0.023099133782483156,0.002385498432454093,0.2,4,7,2,3,0,284,9,2,2,3,0.5512107275426388,0.5504112094640732,0.5553240403532982,0.8896116949617863,1.440822422504425,,,,,,,,,
Five Dir Case 3,all,poi_only,coverage_semantic,4096,ok,4096,1047,2,1,1.0,1.0,True,13,4083,2,420147,0.003173828125,0.8666666666666667,0.006324495256628557,0.009624496145958561,0.13333333333333333,5,7,2,3,0,1038,9,2,2,1,0.5719507224857807,0.5719507224857807,0.5719507224857807,0.8896116949617863,1.461562417447567,,,,,,,,,
Five Dir Case 3,all,poi_only,coverage_partial,64,ok,64,60,2,1,1.0,1.0,True,4,60,11,424170,0.0625,0.26666666666666666,0.10126582278481013,0.0001414327133866063,0.7333333333333333,3,7,2,3,0,59,1,2,2,1,0.5372473634779453,0.5372473634779453,0.5372473634779453,0.8896116949617863,1.4268590584397316,,,,,,,,,
Five Dir Case 3,all,poi_only,coverage_partial,256,ok,256,141,2,1,1.0,1.0,True,12,244,3,423986,0.046875,0.8,0.08856088560885608,0.0005751597011055324,0.2,4,7,2,3,0,138,3,2,2,1,0.545279148966074,0.545279148966074,0.545279148966074,0.8896116949617863,1.4348908439278603,,,,,,,,,
Five Dir Case 3,all,poi_only,coverage_partial,1024,ok,1024,295,2,1,1.0,1.0,True,12,1012,3,423218,0.01171875,0.8,0.023099133782483156,0.002385498432454093,0.2,4,7,2,3,0,285,10,2,2,3,0.5486944764852524,0.5469455756247044,0.5497709661722183,0.8896116949617863,1.4383061714470387,,,,,,,,,
Five Dir Case 3,all,poi_only,coverage_partial,4096,ok,4096,1061,2,1,1.0,1.0,True,13,4083,2,420147,0.003173828125,0.8666666666666667,0.006324495256628557,0.009624496145958561,0.13333333333333333,5,7,2,3,0,1044,17,2,2,1,0.6879160925745964,0.6879160925745964,0.6879160925745964,0.8896116949617863,1.5775277875363827,,,,,,,,,
Five Dir Case 3,all,poi_only,coverage_no_frequency,64,ok,64,12,2,1,1.0,1.0,True,4,60,11,424170,0.0625,0.26666666666666666,0.10126582278481013,0.0001414327133866063,0.7333333333333333,3,7,2,3,0,11,1,2,2,1,0.5542102791368961,0.5542102791368961,0.5542102791368961,0.4399019852280617,0.9941122643649578,,,,,,,,,
Five Dir Case 3,all,poi_only,coverage_no_frequency,256,ok,256,121,2,1,1.0,1.0,True,12,244,3,423986,0.046875,0.8,0.08856088560885608,0.0005751597011055324,0.2,4,7,2,3,0,118,3,2,2,1,0.5788664631545544,0.5788664631545544,0.5788664631545544,0.4399019852280617,1.018768448382616,,,,,,,,,
Five Dir Case 3,all,poi_only,coverage_no_frequency,1024,ok,1024,235,2,1,1.0,1.0,True,13,1011,2,423219,0.0126953125,0.8666666666666667,0.025024061597690085,0.0023831412205643165,0.13333333333333333,5,7,2,3,0,230,5,2,2,3,0.5800764337182045,0.5670585669577122,0.6590963117778301,0.4399019852280617,1.0199784189462662,,,,,,,,,
Five Dir Case 3,all,poi_only,coverage_no_frequency,4096,ok,4096,1258,2,1,1.0,1.0,True,14,4082,1,420148,0.00341796875,0.9333333333333333,0.006810994891753831,0.009622138934068783,0.06666666666666667,6,7,3,3,0,1250,8,2,2,1,0.5968538001179695,0.5968538001179695,0.5968538001179695,0.4399019852280617,1.0367557853460312,,,,,,,,,
Five Dir Case 3,all,poi_only,pcst_native,64,ok,2,2,2,2,1.0,1.0,True,2,0,13,424230,1.0,0.13333333333333333,0.23529411764705882,0.0,0.8666666666666667,2,7,2,3,0,1,1,1,2,1,0.004835065454244614,0.004835065454244614,0.004835065454244614,3.6953976564109325,3.700232721865177,1.0,0.0,,,,,,,
Five Dir Case 3,all,poi_only,pcst_native,256,ok,2,2,2,2,1.0,1.0,True,2,0,13,424230,1.0,0.13333333333333333,0.23529411764705882,0.0,0.8666666666666667,2,7,2,3,0,1,1,1,2,1,0.004705846309661865,0.004705846309661865,0.004705846309661865,3.6953976564109325,3.7001035027205944,1.0,0.0,,,,,,,
Five Dir Case 3,all,poi_only,pcst_native,1024,ok,708,696,2,1,1.0,0.4209039548022599,True,6,702,9,423528,0.00847457627118644,0.4,0.016597510373443983,0.001654762746623294,0.6,5,7,3,3,0,696,0,2,2,1,0.004898980259895325,0.004898980259895325,0.004898980259895325,3.6953976564109325,3.700296636670828,0.3,342.5532641604656,,,,,,,
Five Dir Case 3,all,poi_only,pcst_native,4096,ok,708,696,2,1,1.0,0.4209039548022599,True,6,702,9,423528,0.00847457627118644,0.4,0.016597510373443983,0.001654762746623294,0.6,5,7,3,3,0,696,0,2,2,1,0.004890933632850647,0.004890933632850647,0.004890933632850647,3.6953976564109325,3.700288590043783,0.3,342.5532641604656,,,,,,,
Five Dir Case 3,all,poi_only,random_0,64,ok,64,62,2,31,0.03125,0.03125,True,2,62,13,424168,0.03125,0.13333333333333333,0.05063291139240506,0.00014614713716615987,0.8666666666666667,2,7,2,3,0,6,56,1,2,1,0.10496731474995613,0.10496731474995613,0.10496731474995613,,,,,,,,,,,
Five Dir Case 3,all,poi_only,random_0,256,ok,256,247,2,55,0.01171875,0.0078125,True,2,254,13,423976,0.0078125,0.13333333333333333,0.014760147601476014,0.0005987318200033001,0.8666666666666667,2,7,2,3,0,43,204,1,2,1,0.10307871922850609,0.10307871922850609,0.10307871922850609,,,,,,,,,,,
Five Dir Case 3,all,poi_only,random_0,1024,ok,1024,887,2,92,0.00390625,0.001953125,True,2,1022,13,423208,0.001953125,0.13333333333333333,0.0038498556304138597,0.002409070551351861,0.8666666666666667,2,7,2,3,0,150,737,1,2,1,0.10305964201688766,0.10305964201688766,0.10305964201688766,,,,,,,,,,,
Five Dir Case 3,all,poi_only,random_0,4096,ok,4096,2979,2,94,0.773193359375,0.002685546875,True,3,4093,12,420137,0.000732421875,0.2,0.001459498905375821,0.009648068264856327,0.8,3,7,2,3,0,634,2345,1,2,1,0.10409974679350853,0.10409974679350853,0.10409974679350853,,,,,,,,,,,
Five Dir Case 3,all,poi_only,random_1,64,ok,64,63,2,36,0.03125,0.03125,True,2,62,13,424168,0.03125,0.13333333333333333,0.05063291139240506,0.00014614713716615987,0.8666666666666667,2,7,2,3,0,10,53,1,2,1,0.10563725233078003,0.10563725233078003,0.10563725233078003,,,,,,,,,,,
Five Dir Case 3,all,poi_only,random_1,256,ok,256,243,2,52,0.0078125,0.0078125,True,2,254,13,423976,0.0078125,0.13333333333333333,0.014760147601476014,0.0005987318200033001,0.8666666666666667,2,7,2,3,0,36,207,1,2,1,0.10527045279741287,0.10527045279741287,0.10527045279741287,,,,,,,,,,,
Five Dir Case 3,all,poi_only,random_1,1024,ok,1024,900,2,96,0.583984375,0.0087890625,True,2,1022,13,423208,0.001953125,0.13333333333333333,0.0038498556304138597,0.002409070551351861,0.8666666666666667,2,7,2,3,0,160,740,1,2,1,0.10496535152196884,0.10496535152196884,0.10496535152196884,,,,,,,,,,,
Five Dir Case 3,all,poi_only,random_1,4096,ok,4096,2975,2,108,0.699951171875,0.015625,True,2,4094,13,420136,0.00048828125,0.13333333333333333,0.0009729992702505473,0.009650425476746105,0.8666666666666667,2,7,2,3,0,614,2361,1,2,1,0.10313984006643295,0.10313984006643295,0.10313984006643295,,,,,,,,,,,
Five Dir Case 3,all,poi_only,random_2,64,ok,64,61,2,26,0.03125,0.03125,True,2,62,13,424168,0.03125,0.13333333333333333,0.05063291139240506,0.00014614713716615987,0.8666666666666667,2,7,2,3,0,9,52,1,2,1,0.10438056662678719,0.10438056662678719,0.10438056662678719,,,,,,,,,,,
Five Dir Case 3,all,poi_only,random_2,256,ok,256,243,2,55,0.0078125,0.0078125,True,2,254,13,423976,0.0078125,0.13333333333333333,0.014760147601476014,0.0005987318200033001,0.8666666666666667,2,7,2,3,0,35,208,1,2,1,0.1063900962471962,0.1063900962471962,0.1063900962471962,,,,,,,,,,,
Five Dir Case 3,all,poi_only,random_2,1024,ok,1024,887,2,89,0.0029296875,0.001953125,True,2,1022,13,423208,0.001953125,0.13333333333333333,0.0038498556304138597,0.002409070551351861,0.8666666666666667,2,7,2,3,0,137,750,1,2,1,0.1050136648118496,0.1050136648118496,0.1050136648118496,,,,,,,,,,,
Five Dir Case 3,all,poi_only,random_2,4096,ok,4096,3030,2,106,0.814697265625,0.001708984375,True,2,4094,13,420136,0.00048828125,0.13333333333333333,0.0009729992702505473,0.009650425476746105,0.8666666666666667,2,7,2,3,0,624,2406,1,2,1,0.1059453934431076,0.1059453934431076,0.1059453934431076,,,,,,,,,,,
Five Dir Case 3,all,poi_only,random_3,64,ok,64,62,2,33,0.03125,0.03125,True,2,62,13,424168,0.03125,0.13333333333333333,0.05063291139240506,0.00014614713716615987,0.8666666666666667,2,7,2,3,0,13,49,1,2,1,0.10509514063596725,0.10509514063596725,0.10509514063596725,,,,,,,,,,,
Five Dir Case 3,all,poi_only,random_3,256,ok,256,237,2,48,0.01171875,0.01171875,True,2,254,13,423976,0.0078125,0.13333333333333333,0.014760147601476014,0.0005987318200033001,0.8666666666666667,2,7,2,3,0,38,199,1,2,1,0.10322723537683487,0.10322723537683487,0.10322723537683487,,,,,,,,,,,
Five Dir Case 3,all,poi_only,random_3,1024,ok,1024,881,2,102,0.6181640625,0.0029296875,True,2,1022,13,423208,0.001953125,0.13333333333333333,0.0038498556304138597,0.002409070551351861,0.8666666666666667,2,7,2,3,0,158,723,1,2,1,0.10278328880667686,0.10278328880667686,0.10278328880667686,,,,,,,,,,,
Five Dir Case 3,all,poi_only,random_3,4096,ok,4096,2989,2,110,0.777587890625,0.013427734375,True,2,4094,13,420136,0.00048828125,0.13333333333333333,0.0009729992702505473,0.009650425476746105,0.8666666666666667,2,7,2,3,0,653,2336,1,2,1,0.10279930382966995,0.10279930382966995,0.10279930382966995,,,,,,,,,,,
Five Dir Case 3,all,poi_only,random_4,64,ok,64,62,2,25,0.03125,0.03125,True,2,62,13,424168,0.03125,0.13333333333333333,0.05063291139240506,0.00014614713716615987,0.8666666666666667,2,7,2,3,0,7,55,1,2,1,0.10424713790416718,0.10424713790416718,0.10424713790416718,,,,,,,,,,,
Five Dir Case 3,all,poi_only,random_4,256,ok,256,242,2,52,0.0078125,0.0078125,True,2,254,13,423976,0.0078125,0.13333333333333333,0.014760147601476014,0.0005987318200033001,0.8666666666666667,2,7,2,3,0,30,212,1,2,1,0.10556745156645775,0.10556745156645775,0.10556745156645775,,,,,,,,,,,
Five Dir Case 3,all,poi_only,random_4,1024,ok,1024,879,2,81,0.626953125,0.0029296875,True,2,1022,13,423208,0.001953125,0.13333333333333333,0.0038498556304138597,0.002409070551351861,0.8666666666666667,2,7,2,3,0,146,733,1,2,1,0.10576057061553001,0.10576057061553001,0.10576057061553001,,,,,,,,,,,
Five Dir Case 3,all,poi_only,random_4,4096,ok,4096,3046,2,97,0.718017578125,0.019287109375,True,2,4094,13,420136,0.00048828125,0.13333333333333333,0.0009729992702505473,0.009650425476746105,0.8666666666666667,2,7,2,3,0,648,2398,1,2,1,0.10502973571419716,0.10502973571419716,0.10502973571419716,,,,,,,,,,,
Five Dir Case 3,all,shared_context,old_score_top,64,ok,64,40,38,1,1.0,0.96875,True,15,49,0,424181,0.234375,1.0,0.379746835443038,0.00011550338259906183,0.0,7,7,3,3,0,38,2,2,2,1,0.06345250084996223,0.06345250084996223,0.06345250084996223,,,,,,,,,,,
Five Dir Case 3,all,shared_context,old_score_top,256,ok,256,119,38,1,1.0,0.9921875,True,15,241,0,423989,0.05859375,1.0,0.11070110701107011,0.000568088065436202,0.0,7,7,3,3,0,108,11,2,2,1,0.06229734420776367,0.06229734420776367,0.06229734420776367,,,,,,,,,,,
Five Dir Case 3,all,shared_context,old_score_top,1024,ok,1024,275,38,1,1.0,0.9970703125,True,15,1009,0,423221,0.0146484375,1.0,0.028873917228103944,0.002378426796784763,0.0,7,7,3,3,0,257,18,2,2,3,0.062062934041023254,0.06187453120946884,0.06345206126570702,,,,,,,,,,,
Five Dir Case 3,all,shared_context,old_score_top,4096,ok,4096,860,38,1,1.0,0.999267578125,True,15,4081,0,420149,0.003662109375,1.0,0.0072974945268791044,0.009619781722179007,0.0,7,7,3,3,0,814,46,2,2,1,0.06266609951853752,0.06266609951853752,0.06266609951853752,,,,,,,,,,,
Five Dir Case 3,all,shared_context,rarity_top,64,ok,64,41,38,11,0.59375,0.484375,True,15,49,0,424181,0.234375,1.0,0.379746835443038,0.00011550338259906183,0.0,7,7,3,3,0,31,10,2,2,1,0.07209170237183571,0.07209170237183571,0.07209170237183571,,,,,,,,,,,
Five Dir Case 3,all,shared_context,rarity_top,256,ok,256,206,38,33,0.15234375,0.125,True,15,241,0,423989,0.05859375,1.0,0.11070110701107011,0.000568088065436202,0.0,7,7,3,3,0,132,74,2,2,1,0.07247336581349373,0.07247336581349373,0.07247336581349373,,,,,,,,,,,
Five Dir Case 3,all,shared_context,rarity_top,1024,ok,1024,832,38,61,0.0419921875,0.03515625,True,15,1009,0,423221,0.0146484375,1.0,0.028873917228103944,0.002378426796784763,0.0,7,7,3,3,0,546,286,2,2,3,0.07153184711933136,0.06997675448656082,0.07159949839115143,,,,,,,,,,,
Five Dir Case 3,all,shared_context,rarity_top,4096,ok,4096,3187,38,117,0.013916015625,0.01171875,True,15,4081,0,420149,0.003662109375,1.0,0.0072974945268791044,0.009619781722179007,0.0,7,7,3,3,0,2213,974,2,2,1,0.06990513578057289,0.06990513578057289,0.06990513578057289,,,,,,,,,,,
Five Dir Case 3,all,shared_context,diffusion_top,64,ok,64,38,38,1,1.0,0.859375,True,15,49,0,424181,0.234375,1.0,0.379746835443038,0.00011550338259906183,0.0,7,7,3,3,0,36,2,2,2,1,0.08525082468986511,0.08525082468986511,0.08525082468986511,0.8896116949617863,0.9748625196516514,,,,,,,,,
Five Dir Case 3,all,shared_context,diffusion_top,256,ok,256,113,38,1,1.0,0.796875,True,15,241,0,423989,0.05859375,1.0,0.11070110701107011,0.000568088065436202,0.0,7,7,3,3,0,111,2,2,2,1,0.08515812456607819,0.08515812456607819,0.08515812456607819,0.8896116949617863,0.9747698195278645,,,,,,,,,
Five Dir Case 3,all,shared_context,diffusion_top,1024,ok,1024,289,38,2,0.9794921875,0.7724609375,True,15,1009,0,423221,0.0146484375,1.0,0.028873917228103944,0.002378426796784763,0.0,7,7,3,3,0,287,2,2,2,3,0.08644890785217285,0.08627977222204208,0.0870421975851059,0.8896116949617863,0.9760606028139591,,,,,,,,,
Five Dir Case 3,all,shared_context,diffusion_top,4096,ok,4096,1115,38,2,0.99365234375,0.92236328125,True,15,4081,0,420149,0.003662109375,1.0,0.0072974945268791044,0.009619781722179007,0.0,7,7,3,3,0,1112,3,2,2,1,0.08784990757703781,0.08784990757703781,0.08784990757703781,0.8896116949617863,0.9774616025388241,,,,,,,,,
Five Dir Case 3,all,shared_context,localdegree_top,64,ok,64,40,38,14,0.59375,0.484375,True,15,49,0,424181,0.234375,1.0,0.379746835443038,0.00011550338259906183,0.0,7,7,3,3,0,18,22,2,2,1,0.07265914976596832,0.07265914976596832,0.07265914976596832,1.8177221193909645,1.8903812691569328,,,,,,,,,
Five Dir Case 3,all,shared_context,localdegree_top,256,ok,256,221,38,30,0.1484375,0.12109375,True,15,241,0,423989,0.05859375,1.0,0.11070110701107011,0.000568088065436202,0.0,7,7,3,3,0,47,174,2,2,1,0.07051979750394821,0.07051979750394821,0.07051979750394821,1.8177221193909645,1.8882419168949127,,,,,,,,,
Five Dir Case 3,all,shared_context,localdegree_top,1024,ok,1024,802,38,66,0.0419921875,0.03125,True,15,1009,0,423221,0.0146484375,1.0,0.028873917228103944,0.002378426796784763,0.0,7,7,3,3,0,167,635,2,2,3,0.06999124959111214,0.06966960802674294,0.07003408670425415,1.8177221193909645,1.8877133689820766,,,,,,,,,
Five Dir Case 3,all,shared_context,localdegree_top,4096,ok,4096,2590,38,126,0.21435546875,0.041259765625,True,15,4081,0,420149,0.003662109375,1.0,0.0072974945268791044,0.009619781722179007,0.0,7,7,3,3,0,679,1911,2,2,1,0.07003795355558395,0.07003795355558395,0.07003795355558395,1.8177221193909645,1.8877600729465485,,,,,,,,,
Five Dir Case 3,all,shared_context,episode,64,ok,64,39,38,1,1.0,0.90625,True,15,49,0,424181,0.234375,1.0,0.379746835443038,0.00011550338259906183,0.0,7,7,3,3,0,36,3,2,2,1,0.14508848264813423,0.14508848264813423,0.14508848264813423,0.8896116949617863,1.0347001776099205,,,,,,,,,
Five Dir Case 3,all,shared_context,episode,256,ok,256,151,38,1,1.0,0.9765625,True,15,241,0,423989,0.05859375,1.0,0.11070110701107011,0.000568088065436202,0.0,7,7,3,3,0,147,4,2,2,1,0.14703063666820526,0.14703063666820526,0.14703063666820526,0.8896116949617863,1.0366423316299915,,,,,,,,,
Five Dir Case 3,all,shared_context,episode,1024,ok,1024,298,38,1,1.0,0.9990234375,True,15,1009,0,423221,0.0146484375,1.0,0.028873917228103944,0.002378426796784763,0.0,7,7,3,3,0,289,9,2,2,3,0.14455294609069824,0.14324688538908958,0.1506645418703556,0.8896116949617863,1.0341646410524845,,,,,,,,,
Five Dir Case 3,all,shared_context,episode,4096,ok,4096,1113,38,1,1.0,0.99951171875,True,15,4081,0,420149,0.003662109375,1.0,0.0072974945268791044,0.009619781722179007,0.0,7,7,3,3,0,1104,9,2,2,1,0.15191934257745743,0.15191934257745743,0.15191934257745743,0.8896116949617863,1.0415310375392437,,,,,,,,,
Five Dir Case 3,all,shared_context,coverage_exact,64,ok,64,38,38,1,1.0,0.890625,True,15,49,0,424181,0.234375,1.0,0.379746835443038,0.00011550338259906183,0.0,7,7,3,3,0,36,2,2,2,1,0.45235782861709595,0.45235782861709595,0.45235782861709595,0.8896116949617863,1.3419695235788822,,,,,,,,,
Five Dir Case 3,all,shared_context,coverage_exact,256,ok,256,151,38,1,1.0,0.9765625,True,15,241,0,423989,0.05859375,1.0,0.11070110701107011,0.000568088065436202,0.0,7,7,3,3,0,147,4,2,2,1,0.4475790373980999,0.4475790373980999,0.4475790373980999,0.8896116949617863,1.3371907323598862,,,,,,,,,
Five Dir Case 3,all,shared_context,coverage_exact,1024,ok,1024,298,38,1,1.0,0.9990234375,True,15,1009,0,423221,0.0146484375,1.0,0.028873917228103944,0.002378426796784763,0.0,7,7,3,3,0,289,9,2,2,3,0.46373167634010315,0.45660922676324844,0.4657227694988251,0.8896116949617863,1.3533433713018894,,,,,,,,,
Five Dir Case 3,all,shared_context,coverage_exact,4096,ok,4096,1047,38,1,1.0,0.999755859375,True,15,4081,0,420149,0.003662109375,1.0,0.0072974945268791044,0.009619781722179007,0.0,7,7,3,3,0,1038,9,2,2,1,0.4780517891049385,0.4780517891049385,0.4780517891049385,0.8896116949617863,1.3676634840667248,,,,,,,,,
Five Dir Case 3,all,shared_context,coverage_semantic,64,ok,64,38,38,1,1.0,0.890625,True,15,49,0,424181,0.234375,1.0,0.379746835443038,0.00011550338259906183,0.0,7,7,3,3,0,36,2,2,2,1,0.5548490546643734,0.5548490546643734,0.5548490546643734,0.8896116949617863,1.4444607496261597,,,,,,,,,
Five Dir Case 3,all,shared_context,coverage_semantic,256,ok,256,151,38,1,1.0,0.9765625,True,15,241,0,423989,0.05859375,1.0,0.11070110701107011,0.000568088065436202,0.0,7,7,3,3,0,147,4,2,2,1,0.5538003668189049,0.5538003668189049,0.5538003668189049,0.8896116949617863,1.4434120617806911,,,,,,,,,
Five Dir Case 3,all,shared_context,coverage_semantic,1024,ok,1024,298,38,1,1.0,0.9990234375,True,15,1009,0,423221,0.0146484375,1.0,0.028873917228103944,0.002378426796784763,0.0,7,7,3,3,0,289,9,2,2,3,0.5459297522902489,0.5449128746986389,0.5502599254250526,0.8896116949617863,1.4355414472520351,,,,,,,,,
Five Dir Case 3,all,shared_context,coverage_semantic,4096,ok,4096,1047,38,1,1.0,0.999755859375,True,15,4081,0,420149,0.003662109375,1.0,0.0072974945268791044,0.009619781722179007,0.0,7,7,3,3,0,1038,9,2,2,1,0.5777305141091347,0.5777305141091347,0.5777305141091347,0.8896116949617863,1.467342209070921,,,,,,,,,
Five Dir Case 3,all,shared_context,coverage_partial,64,ok,64,38,38,1,1.0,0.890625,True,15,49,0,424181,0.234375,1.0,0.379746835443038,0.00011550338259906183,0.0,7,7,3,3,0,36,2,2,2,1,0.5418800935149193,0.5418800935149193,0.5418800935149193,0.8896116949617863,1.4314917884767056,,,,,,,,,
Five Dir Case 3,all,shared_context,coverage_partial,256,ok,256,151,38,1,1.0,0.9765625,True,15,241,0,423989,0.05859375,1.0,0.11070110701107011,0.000568088065436202,0.0,7,7,3,3,0,147,4,2,2,1,0.5376526564359665,0.5376526564359665,0.5376526564359665,0.8896116949617863,1.4272643513977528,,,,,,,,,
Five Dir Case 3,all,shared_context,coverage_partial,1024,ok,1024,303,38,1,1.0,0.9990234375,True,15,1009,0,423221,0.0146484375,1.0,0.028873917228103944,0.002378426796784763,0.0,7,7,3,3,0,293,10,2,2,3,0.5424809865653515,0.5387865602970123,0.5449886247515678,0.8896116949617863,1.4320926815271378,,,,,,,,,
Five Dir Case 3,all,shared_context,coverage_partial,4096,ok,4096,1132,38,1,1.0,0.999755859375,True,15,4081,0,420149,0.003662109375,1.0,0.0072974945268791044,0.009619781722179007,0.0,7,7,3,3,0,1113,19,2,2,1,0.5602850653231144,0.5602850653231144,0.5602850653231144,0.8896116949617863,1.4498967602849007,,,,,,,,,
Five Dir Case 3,all,shared_context,coverage_no_frequency,64,ok,64,33,38,1,1.0,0.890625,True,15,49,0,424181,0.234375,1.0,0.379746835443038,0.00011550338259906183,0.0,7,7,3,3,0,31,2,2,2,1,0.5380647629499435,0.5380647629499435,0.5380647629499435,0.4399019852280617,0.9779667481780052,,,,,,,,,
Five Dir Case 3,all,shared_context,coverage_no_frequency,256,ok,256,135,38,1,1.0,0.9921875,True,15,241,0,423989,0.05859375,1.0,0.11070110701107011,0.000568088065436202,0.0,7,7,3,3,0,131,4,2,2,1,0.5407624579966068,0.5407624579966068,0.5407624579966068,0.4399019852280617,0.9806644432246685,,,,,,,,,
Five Dir Case 3,all,shared_context,coverage_no_frequency,1024,ok,1024,265,38,1,1.0,0.9990234375,True,15,1009,0,423221,0.0146484375,1.0,0.028873917228103944,0.002378426796784763,0.0,7,7,3,3,0,259,6,2,2,3,0.5481600239872932,0.5476125739514828,0.5586335472762585,0.4399019852280617,0.9880620092153549,,,,,,,,,
Five Dir Case 3,all,shared_context,coverage_no_frequency,4096,ok,4096,1259,38,1,1.0,0.999755859375,True,15,4081,0,420149,0.003662109375,1.0,0.0072974945268791044,0.009619781722179007,0.0,7,7,3,3,0,1250,9,2,2,1,0.7438305020332336,0.7438305020332336,0.7438305020332336,0.4399019852280617,1.1837324872612953,,,,,,,,,
Five Dir Case 3,all,shared_context,pcst_native,64,ok,38,15,38,1,1.0,0.8157894736842105,True,15,23,0,424207,0.39473684210526316,1.0,0.5660377358490566,5.421587346486576e-05,0.0,7,7,3,3,0,13,2,2,2,1,0.004849173128604889,0.004849173128604889,0.004849173128604889,3.6953976564109325,3.7002468295395374,1.0,0.0,,,,,,,
Five Dir Case 3,all,shared_context,pcst_native,256,ok,38,15,38,1,1.0,0.8157894736842105,True,15,23,0,424207,0.39473684210526316,1.0,0.5660377358490566,5.421587346486576e-05,0.0,7,7,3,3,0,13,2,2,2,1,0.004720818251371384,0.004720818251371384,0.004720818251371384,3.6953976564109325,3.700118474662304,1.0,0.0,,,,,,,
Five Dir Case 3,all,shared_context,pcst_native,1024,ok,738,704,38,1,1.0,0.6680216802168022,True,15,723,0,423507,0.02032520325203252,1.0,0.0398406374501992,0.0017042641963086061,0.0,7,7,3,3,0,702,2,2,2,1,0.004935622215270996,0.004935622215270996,0.004935622215270996,3.6953976564109325,3.7003332786262035,0.3,342.5532641604656,,,,,,,
Five Dir Case 3,all,shared_context,pcst_native,4096,ok,738,704,38,1,1.0,0.6680216802168022,True,15,723,0,423507,0.02032520325203252,1.0,0.0398406374501992,0.0017042641963086061,0.0,7,7,3,3,0,702,2,2,2,1,0.004869960248470306,0.004869960248470306,0.004869960248470306,3.6953976564109325,3.700267616659403,0.3,342.5532641604656,,,,,,,
Five Dir Case 3,all,shared_context,random_0,64,ok,64,41,38,17,0.59375,0.484375,True,15,49,0,424181,0.234375,1.0,0.379746835443038,0.00011550338259906183,0.0,7,7,3,3,0,15,26,2,2,1,0.10655654966831207,0.10655654966831207,0.10655654966831207,,,,,,,,,,,
Five Dir Case 3,all,shared_context,random_0,256,ok,256,227,38,49,0.16015625,0.125,True,15,241,0,423989,0.05859375,1.0,0.11070110701107011,0.000568088065436202,0.0,7,7,3,3,0,45,182,2,2,1,0.10329859331250191,0.10329859331250191,0.10329859331250191,,,,,,,,,,,
Five Dir Case 3,all,shared_context,random_0,1024,ok,1024,874,38,87,0.5361328125,0.033203125,True,15,1009,0,423221,0.0146484375,1.0,0.028873917228103944,0.002378426796784763,0.0,7,7,3,3,0,159,715,2,2,1,0.10426200553774834,0.10426200553774834,0.10426200553774834,,,,,,,,,,,
Five Dir Case 3,all,shared_context,random_0,4096,ok,4096,2969,38,93,0.776123046875,0.013916015625,True,15,4081,0,420149,0.003662109375,1.0,0.0072974945268791044,0.009619781722179007,0.0,7,7,3,3,0,639,2330,2,2,1,0.10542702674865723,0.10542702674865723,0.10542702674865723,,,,,,,,,,,
Five Dir Case 3,all,shared_context,random_1,64,ok,64,41,38,20,0.59375,0.484375,True,15,49,0,424181,0.234375,1.0,0.379746835443038,0.00011550338259906183,0.0,7,7,3,3,0,18,23,2,2,1,0.10601527243852615,0.10601527243852615,0.10601527243852615,,,,,,,,,,,
Five Dir Case 3,all,shared_context,random_1,256,ok,256,227,38,50,0.16015625,0.12109375,True,15,241,0,423989,0.05859375,1.0,0.11070110701107011,0.000568088065436202,0.0,7,7,3,3,0,41,186,2,2,1,0.1044459156692028,0.1044459156692028,0.1044459156692028,,,,,,,,,,,
Five Dir Case 3,all,shared_context,random_1,1024,ok,1024,882,38,94,0.60546875,0.0380859375,True,15,1009,0,423221,0.0146484375,1.0,0.028873917228103944,0.002378426796784763,0.0,7,7,3,3,0,164,718,2,2,1,0.1035878099501133,0.1035878099501133,0.1035878099501133,,,,,,,,,,,
Five Dir Case 3,all,shared_context,random_1,4096,ok,4096,2969,38,107,0.70263671875,0.023193359375,True,15,4081,0,420149,0.003662109375,1.0,0.0072974945268791044,0.009619781722179007,0.0,7,7,3,3,0,623,2346,2,2,1,0.10254256054759026,0.10254256054759026,0.10254256054759026,,,,,,,,,,,
Five Dir Case 3,all,shared_context,random_2,64,ok,64,40,38,16,0.625,0.5,True,15,49,0,424181,0.234375,1.0,0.379746835443038,0.00011550338259906183,0.0,7,7,3,3,0,16,24,2,2,1,0.10316730663180351,0.10316730663180351,0.10316730663180351,,,,,,,,,,,
Five Dir Case 3,all,shared_context,random_2,256,ok,256,223,38,47,0.1640625,0.125,True,15,241,0,423989,0.05859375,1.0,0.11070110701107011,0.000568088065436202,0.0,7,7,3,3,0,44,179,2,2,1,0.10228553414344788,0.10228553414344788,0.10228553414344788,,,,,,,,,,,
Five Dir Case 3,all,shared_context,random_2,1024,ok,1024,874,38,83,0.52734375,0.0322265625,True,15,1009,0,423221,0.0146484375,1.0,0.028873917228103944,0.002378426796784763,0.0,7,7,3,3,0,146,728,2,2,1,0.10509254783391953,0.10509254783391953,0.10509254783391953,,,,,,,,,,,
Five Dir Case 3,all,shared_context,random_2,4096,ok,4096,3021,38,103,0.817626953125,0.0107421875,True,15,4081,0,420149,0.003662109375,1.0,0.0072974945268791044,0.009619781722179007,0.0,7,7,3,3,0,628,2393,2,2,1,0.10601691529154778,0.10601691529154778,0.10601691529154778,,,,,,,,,,,
Five Dir Case 3,all,shared_context,random_3,64,ok,64,39,38,17,0.609375,0.484375,True,15,49,0,424181,0.234375,1.0,0.379746835443038,0.00011550338259906183,0.0,7,7,3,3,0,17,22,2,2,1,0.10457560047507286,0.10457560047507286,0.10457560047507286,,,,,,,,,,,
Five Dir Case 3,all,shared_context,random_3,256,ok,256,218,38,40,0.1640625,0.125,True,15,241,0,423989,0.05859375,1.0,0.11070110701107011,0.000568088065436202,0.0,7,7,3,3,0,44,174,2,2,1,0.1043224073946476,0.1043224073946476,0.1043224073946476,,,,,,,,,,,
Five Dir Case 3,all,shared_context,random_3,1024,ok,1024,865,38,97,0.6328125,0.033203125,True,15,1009,0,423221,0.0146484375,1.0,0.028873917228103944,0.002378426796784763,0.0,7,7,3,3,0,162,703,2,2,1,0.10451691970229149,0.10451691970229149,0.10451691970229149,,,,,,,,,,,
Five Dir Case 3,all,shared_context,random_3,4096,ok,4096,2978,38,108,0.781005859375,0.021484375,True,15,4081,0,420149,0.003662109375,1.0,0.0072974945268791044,0.009619781722179007,0.0,7,7,3,3,0,657,2321,2,2,1,0.10186757892370224,0.10186757892370224,0.10186757892370224,,,,,,,,,,,
Five Dir Case 3,all,shared_context,random_4,64,ok,64,40,38,16,0.59375,0.484375,True,15,49,0,424181,0.234375,1.0,0.379746835443038,0.00011550338259906183,0.0,7,7,3,3,0,16,24,2,2,1,0.10213231295347214,0.10213231295347214,0.10213231295347214,,,,,,,,,,,
Five Dir Case 3,all,shared_context,random_4,256,ok,256,222,38,43,0.1484375,0.12109375,True,15,241,0,423989,0.05859375,1.0,0.11070110701107011,0.000568088065436202,0.0,7,7,3,3,0,37,185,2,2,1,0.10201228782534599,0.10201228782534599,0.10201228782534599,,,,,,,,,,,
Five Dir Case 3,all,shared_context,random_4,1024,ok,1024,864,38,80,0.642578125,0.0322265625,True,15,1009,0,423221,0.0146484375,1.0,0.028873917228103944,0.002378426796784763,0.0,7,7,3,3,0,152,712,2,2,1,0.10458605736494064,0.10458605736494064,0.10458605736494064,,,,,,,,,,,
Five Dir Case 3,all,shared_context,random_4,4096,ok,4096,3033,38,97,0.720703125,0.05419921875,True,15,4081,0,420149,0.003662109375,1.0,0.0072974945268791044,0.009619781722179007,0.0,7,7,3,3,0,653,2380,2,2,1,0.105843685567379,0.105843685567379,0.105843685567379,,,,,,,,,,,
Five Dir Case 3,drop-0,poi_only,diffusion_top,1024,ok,1024,210,1,2,0.9736328125,0.7255859375,True,3,1021,12,423209,0.0029296875,0.2,0.005774783445620789,0.0024067133394620843,0.8,2,7,2,3,0,209,1,1,1,1,0.08731810748577118,0.08731810748577118,0.08731810748577118,0.8066779151558876,0.8939960226416588,,,,,,,,,
Five Dir Case 3,drop-0,poi_only,episode,1024,ok,1024,218,1,1,1.0,1.0,True,2,1022,13,423208,0.001953125,0.13333333333333333,0.0038498556304138597,0.002409070551351861,0.8666666666666667,1,7,1,3,0,213,5,1,1,1,0.14639170467853546,0.14639170467853546,0.14639170467853546,0.8066779151558876,0.9530696198344231,,,,,,,,,
Five Dir Case 3,drop-0,poi_only,coverage_semantic,1024,ok,1024,218,1,1,1.0,1.0,True,2,1022,13,423208,0.001953125,0.13333333333333333,0.0038498556304138597,0.002409070551351861,0.8666666666666667,1,7,1,3,0,213,5,1,1,1,0.5478846617043018,0.5478846617043018,0.5478846617043018,0.8066779151558876,1.3545625768601894,,,,,,,,,
Five Dir Case 3,drop-0,poi_only,coverage_no_frequency,1024,ok,1024,219,1,1,1.0,1.0,True,3,1021,12,423209,0.0029296875,0.2,0.005774783445620789,0.0024067133394620843,0.8,2,7,1,3,0,216,3,1,1,1,0.5507204011082649,0.5507204011082649,0.5507204011082649,0.34085147082805634,0.8915718719363213,,,,,,,,,
Five Dir Case 3,drop-0,shared_context,diffusion_top,1024,ok,1024,214,24,1,1.0,0.7275390625,True,5,1019,10,423211,0.0048828125,0.3333333333333333,0.009624639076034648,0.002401998915682531,0.6666666666666666,4,7,2,3,0,212,2,1,1,1,0.08698371797800064,0.08698371797800064,0.08698371797800064,0.8066779151558876,0.8936616331338882,,,,,,,,,
Five Dir Case 3,drop-0,shared_context,episode,1024,ok,1024,223,24,1,1.0,0.9990234375,True,5,1019,10,423211,0.0048828125,0.3333333333333333,0.009624639076034648,0.002401998915682531,0.6666666666666666,4,7,2,3,0,217,6,1,1,1,0.14590219408273697,0.14590219408273697,0.14590219408273697,0.8066779151558876,0.9525801092386246,,,,,,,,,
Five Dir Case 3,drop-0,shared_context,coverage_semantic,1024,ok,1024,223,24,1,1.0,0.9990234375,True,5,1019,10,423211,0.0048828125,0.3333333333333333,0.009624639076034648,0.002401998915682531,0.6666666666666666,4,7,2,3,0,217,6,1,1,1,0.5552871376276016,0.5552871376276016,0.5552871376276016,0.8066779151558876,1.3619650527834892,,,,,,,,,
Five Dir Case 3,drop-0,shared_context,coverage_no_frequency,1024,ok,1024,223,24,1,1.0,0.9990234375,True,5,1019,10,423211,0.0048828125,0.3333333333333333,0.009624639076034648,0.002401998915682531,0.6666666666666666,4,7,2,3,0,219,4,1,1,1,0.5391936600208282,0.5391936600208282,0.5391936600208282,0.34085147082805634,0.8800451308488846,,,,,,,,,
Five Dir Case 3,drop-1,poi_only,diffusion_top,1024,ok,1024,562,1,3,0.970703125,0.4736328125,True,10,1014,5,423216,0.009765625,0.6666666666666666,0.019249278152069296,0.002390212856233647,0.3333333333333333,3,7,1,3,0,558,4,1,1,1,0.08753424510359764,0.08753424510359764,0.08753424510359764,0.7798152230679989,0.8673494681715965,,,,,,,,,
Five Dir Case 3,drop-1,poi_only,episode,1024,ok,1024,567,1,1,1.0,1.0,True,10,1014,5,423216,0.009765625,0.6666666666666666,0.019249278152069296,0.002390212856233647,0.3333333333333333,3,7,1,3,0,565,2,1,1,1,0.1435830518603325,0.1435830518603325,0.1435830518603325,0.7798152230679989,0.9233982749283314,,,,,,,,,
Five Dir Case 3,drop-1,poi_only,coverage_semantic,1024,ok,1024,649,1,1,1.0,1.0,True,10,1014,5,423216,0.009765625,0.6666666666666666,0.019249278152069296,0.002390212856233647,0.3333333333333333,3,7,1,3,0,646,3,1,1,1,0.5389360785484314,0.5389360785484314,0.5389360785484314,0.7798152230679989,1.3187513016164303,,,,,,,,,
Five Dir Case 3,drop-1,poi_only,coverage_no_frequency,1024,ok,1024,654,1,1,1.0,1.0,True,10,1014,5,423216,0.009765625,0.6666666666666666,0.019249278152069296,0.002390212856233647,0.3333333333333333,3,7,1,3,0,651,3,1,1,1,0.5386799871921539,0.5386799871921539,0.5386799871921539,0.341960109770298,0.8806400969624519,,,,,,,,,
Five Dir Case 3,drop-1,shared_context,diffusion_top,1024,ok,1024,562,2,3,0.970703125,0.4736328125,True,10,1014,5,423216,0.009765625,0.6666666666666666,0.019249278152069296,0.002390212856233647,0.3333333333333333,3,7,1,3,0,558,4,1,1,1,0.08698689192533493,0.08698689192533493,0.08698689192533493,0.7798152230679989,0.8668021149933338,,,,,,,,,
Five Dir Case 3,drop-1,shared_context,episode,1024,ok,1024,567,2,1,1.0,1.0,True,10,1014,5,423216,0.009765625,0.6666666666666666,0.019249278152069296,0.002390212856233647,0.3333333333333333,3,7,1,3,0,565,2,1,1,1,0.14618955925107002,0.14618955925107002,0.14618955925107002,0.7798152230679989,0.9260047823190689,,,,,,,,,
Five Dir Case 3,drop-1,shared_context,coverage_semantic,1024,ok,1024,649,2,1,1.0,1.0,True,10,1014,5,423216,0.009765625,0.6666666666666666,0.019249278152069296,0.002390212856233647,0.3333333333333333,3,7,1,3,0,646,3,1,1,1,0.5423737838864326,0.5423737838864326,0.5423737838864326,0.7798152230679989,1.3221890069544315,,,,,,,,,
Five Dir Case 3,drop-1,shared_context,coverage_no_frequency,1024,ok,1024,654,2,1,1.0,1.0,True,10,1014,5,423216,0.009765625,0.6666666666666666,0.019249278152069296,0.002390212856233647,0.3333333333333333,3,7,1,3,0,651,3,1,1,1,0.5429782867431641,0.5429782867431641,0.5429782867431641,0.341960109770298,0.8849383965134621,,,,,,,,,
Five Dir Case 3,all,poi_only,time_rerank,64,ok,64,60,2,2,1.0,0.484375,False,4,60,11,424170,0.0625,0.26666666666666666,0.10126582278481013,0.0001414327133866063,0.7333333333333333,3,7,2,3,0,60,0,2,2,1,0.10406934842467308,0.10406934842467308,0.10406934842467308,0.828597255051136,0.9326666034758091,,,,,,,,,
Five Dir Case 3,all,poi_only,time_rerank,256,ok,256,103,2,2,1.0,0.71484375,False,12,244,3,423986,0.046875,0.8,0.08856088560885608,0.0005751597011055324,0.2,4,7,2,3,0,102,1,2,2,1,0.09886792302131653,0.09886792302131653,0.09886792302131653,0.828597255051136,0.9274651780724525,,,,,,,,,
Five Dir Case 3,all,poi_only,time_rerank,1024,ok,1024,276,2,5,0.8916015625,0.7216796875,False,13,1011,2,423219,0.0126953125,0.8666666666666667,0.025024061597690085,0.0023831412205643165,0.13333333333333333,5,7,3,3,0,275,1,2,2,3,0.09816013649106026,0.09697678312659264,0.09974738955497742,0.828597255051136,0.9267573915421963,,,,,,,,,
Five Dir Case 3,all,poi_only,time_rerank,4096,ok,4096,955,2,2,0.99365234375,0.615234375,False,14,4082,1,420148,0.00341796875,0.9333333333333333,0.006810994891753831,0.009622138934068783,0.06666666666666667,6,7,3,3,0,945,10,2,2,1,0.0967964343726635,0.0967964343726635,0.0967964343726635,0.828597255051136,0.9253936894237995,,,,,,,,,
Five Dir Case 3,all,poi_only,temporal_top,64,ok,64,60,2,2,1.0,0.484375,False,4,60,11,424170,0.0625,0.26666666666666666,0.10126582278481013,0.0001414327133866063,0.7333333333333333,3,7,2,3,0,60,0,2,2,1,0.09884294122457504,0.09884294122457504,0.09884294122457504,1.0627617873251438,1.1616047285497189,,,,,,,,,
Five Dir Case 3,all,poi_only,temporal_top,256,ok,256,102,2,2,1.0,0.71875,False,12,244,3,423986,0.046875,0.8,0.08856088560885608,0.0005751597011055324,0.2,4,7,2,3,0,101,1,2,2,1,0.09741075336933136,0.09741075336933136,0.09741075336933136,1.0627617873251438,1.1601725406944752,,,,,,,,,
Five Dir Case 3,all,poi_only,temporal_top,1024,ok,1024,275,2,5,0.8955078125,0.7236328125,False,13,1011,2,423219,0.0126953125,0.8666666666666667,0.025024061597690085,0.0023831412205643165,0.13333333333333333,5,7,3,3,0,274,1,2,2,3,0.0978904440999031,0.09785146266222,0.09840482845902443,1.0627617873251438,1.160652231425047,,,,,,,,,
Five Dir Case 3,all,poi_only,temporal_top,4096,ok,4096,959,2,3,0.986328125,0.634033203125,False,14,4082,1,420148,0.00341796875,0.9333333333333333,0.006810994891753831,0.009622138934068783,0.06666666666666667,6,7,3,3,0,957,2,2,2,1,0.09862282127141953,0.09862282127141953,0.09862282127141953,1.0627617873251438,1.1613846085965633,,,,,,,,,
Five Dir Case 3,all,poi_only,temporal_nofreq,64,ok,64,12,2,2,1.0,0.984375,False,4,60,11,424170,0.0625,0.26666666666666666,0.10126582278481013,0.0001414327133866063,0.7333333333333333,3,7,2,3,0,11,1,2,2,1,0.09793927893042564,0.09793927893042564,0.09793927893042564,0.7069943100214005,0.8049335889518261,,,,,,,,,
Five Dir Case 3,all,poi_only,temporal_nofreq,256,ok,256,112,2,2,1.0,0.62109375,False,12,244,3,423986,0.046875,0.8,0.08856088560885608,0.0005751597011055324,0.2,4,7,2,3,0,108,4,2,2,1,0.09796182066202164,0.09796182066202164,0.09796182066202164,0.7069943100214005,0.8049561306834221,,,,,,,,,
Five Dir Case 3,all,poi_only,temporal_nofreq,1024,ok,1024,231,2,2,1.0,0.9658203125,False,13,1011,2,423219,0.0126953125,0.8666666666666667,0.025024061597690085,0.0023831412205643165,0.13333333333333333,5,7,2,3,0,229,2,2,2,3,0.09710997343063354,0.09685433655977249,0.0975290834903717,0.7069943100214005,0.804104283452034,,,,,,,,,
Five Dir Case 3,all,poi_only,temporal_nofreq,4096,ok,4096,1227,2,1,1.0,0.916259765625,False,15,4081,0,420149,0.003662109375,1.0,0.0072974945268791044,0.009619781722179007,0.0,7,7,3,3,0,1217,10,2,2,1,0.09715243801474571,0.09715243801474571,0.09715243801474571,0.7069943100214005,0.8041467480361462,,,,,,,,,
Five Dir Case 3,all,poi_only,temporal_nocontrast,64,ok,64,8,2,2,1.0,1.0,False,11,53,4,424177,0.171875,0.7333333333333333,0.27848101265822783,0.0001249322301581689,0.26666666666666666,3,7,2,3,0,7,1,2,2,1,0.10684487223625183,0.10684487223625183,0.10684487223625183,0.899148017168045,1.0059928894042969,,,,,,,,,
Five Dir Case 3,all,poi_only,temporal_nocontrast,256,ok,256,16,2,2,1.0,0.9609375,False,12,244,3,423986,0.046875,0.8,0.08856088560885608,0.0005751597011055324,0.2,4,7,2,3,0,15,1,2,2,1,0.09721991792321205,0.09721991792321205,0.09721991792321205,0.899148017168045,0.9963679350912571,,,,,,,,,
Five Dir Case 3,all,poi_only,temporal_nocontrast,1024,ok,1024,199,2,1,1.0,0.951171875,False,13,1011,2,423219,0.0126953125,0.8666666666666667,0.025024061597690085,0.0023831412205643165,0.13333333333333333,5,7,2,3,0,198,1,2,2,3,0.09722255170345306,0.09710675477981567,0.0981510803103447,0.899148017168045,0.9963705688714981,,,,,,,,,
Five Dir Case 3,all,poi_only,temporal_nocontrast,4096,ok,4096,494,2,1,1.0,0.991455078125,False,13,4083,2,420147,0.003173828125,0.8666666666666667,0.006324495256628557,0.009624496145958561,0.13333333333333333,5,7,2,3,0,491,3,2,2,1,0.09718867763876915,0.09718867763876915,0.09718867763876915,0.899148017168045,0.9963366948068142,,,,,,,,,
Five Dir Case 3,all,poi_only,temporal_short,64,ok,64,60,2,2,1.0,0.484375,False,4,60,11,424170,0.0625,0.26666666666666666,0.10126582278481013,0.0001414327133866063,0.7333333333333333,3,7,2,3,0,60,0,2,2,1,0.09787294641137123,0.09787294641137123,0.09787294641137123,1.0729363672435284,1.1708093136548996,,,,,,,,,
Five Dir Case 3,all,poi_only,temporal_short,256,ok,256,102,2,2,1.0,0.71875,False,12,244,3,423986,0.046875,0.8,0.08856088560885608,0.0005751597011055324,0.2,4,7,2,3,0,101,1,2,2,1,0.09893493354320526,0.09893493354320526,0.09893493354320526,1.0729363672435284,1.1718713007867336,,,,,,,,,
Five Dir Case 3,all,poi_only,temporal_short,1024,ok,1024,205,2,4,0.9755859375,0.8359375,False,13,1011,2,423219,0.0126953125,0.8666666666666667,0.025024061597690085,0.0023831412205643165,0.13333333333333333,5,7,3,3,0,202,3,2,2,3,0.0970831997692585,0.0968840904533863,0.09781766310334206,1.0729363672435284,1.1700195670127869,,,,,,,,,
Five Dir Case 3,all,poi_only,temporal_short,4096,ok,4096,797,2,1,1.0,0.642822265625,False,14,4082,1,420148,0.00341796875,0.9333333333333333,0.006810994891753831,0.009622138934068783,0.06666666666666667,6,7,3,3,0,792,5,2,2,1,0.09696889668703079,0.09696889668703079,0.09696889668703079,1.0729363672435284,1.1699052639305592,,,,,,,,,
Five Dir Case 3,all,poi_only,temporal_long,64,ok,64,60,2,2,1.0,0.484375,False,4,60,11,424170,0.0625,0.26666666666666666,0.10126582278481013,0.0001414327133866063,0.7333333333333333,3,7,2,3,0,60,0,2,2,1,0.09720288962125778,0.09720288962125778,0.09720288962125778,1.062686488032341,1.1598893776535988,,,,,,,,,
Five Dir Case 3,all,poi_only,temporal_long,256,ok,256,103,2,2,1.0,0.71484375,False,12,244,3,423986,0.046875,0.8,0.08856088560885608,0.0005751597011055324,0.2,4,7,2,3,0,102,1,2,2,1,0.09802214056253433,0.09802214056253433,0.09802214056253433,1.062686488032341,1.1607086285948753,,,,,,,,,
Five Dir Case 3,all,poi_only,temporal_long,1024,ok,1024,277,2,5,0.8916015625,0.720703125,False,13,1011,2,423219,0.0126953125,0.8666666666666667,0.025024061597690085,0.0023831412205643165,0.13333333333333333,5,7,3,3,0,276,1,2,2,3,0.09660139307379723,0.09641513228416443,0.09706614166498184,1.062686488032341,1.1592878811061382,,,,,,,,,
Five Dir Case 3,all,poi_only,temporal_long,4096,ok,4096,1078,2,2,0.99365234375,0.88720703125,False,14,4082,1,420148,0.00341796875,0.9333333333333333,0.006810994891753831,0.009622138934068783,0.06666666666666667,6,7,3,3,0,1074,4,2,2,1,0.09650499001145363,0.09650499001145363,0.09650499001145363,1.062686488032341,1.1591914780437946,,,,,,,,,
Five Dir Case 3,all,poi_only,plain_ppr,64,ok,64,8,2,2,1.0,1.0,False,11,53,4,424177,0.171875,0.7333333333333333,0.27848101265822783,0.0001249322301581689,0.26666666666666666,3,7,2,3,0,7,1,2,2,1,0.08515825867652893,0.08515825867652893,0.08515825867652893,0.24518221244215965,0.3303404711186886,,,,,,,,,
Five Dir Case 3,all,poi_only,plain_ppr,256,ok,256,19,2,2,1.0,0.99609375,False,12,244,3,423986,0.046875,0.8,0.08856088560885608,0.0005751597011055324,0.2,4,7,2,3,0,17,2,2,2,1,0.08675451576709747,0.08675451576709747,0.08675451576709747,0.24518221244215965,0.3319367282092571,,,,,,,,,
Five Dir Case 3,all,poi_only,plain_ppr,1024,ok,1024,131,2,1,1.0,0.962890625,False,13,1011,2,423219,0.0126953125,0.8666666666666667,0.025024061597690085,0.0023831412205643165,0.13333333333333333,5,7,2,3,0,127,4,2,2,3,0.0847901813685894,0.08449384942650795,0.0856393612921238,0.24518221244215965,0.32997239381074905,,,,,,,,,
Five Dir Case 3,all,poi_only,plain_ppr,4096,ok,4096,382,2,1,1.0,0.638671875,False,13,4083,2,420147,0.003173828125,0.8666666666666667,0.006324495256628557,0.009624496145958561,0.13333333333333333,5,7,2,3,0,380,2,2,2,1,0.08594892919063568,0.08594892919063568,0.08594892919063568,0.24518221244215965,0.33113114163279533,,,,,,,,,
Five Dir Case 3,all,poi_only,heat_kernel,64,ok,64,11,2,2,1.0,1.0,False,3,61,12,424169,0.046875,0.2,0.0759493670886076,0.0001437899252763831,0.8,2,7,2,3,0,9,2,2,2,1,0.08945367485284805,0.08945367485284805,0.08945367485284805,0.08160112053155899,0.17105479538440704,,,,,,,,,
Five Dir Case 3,all,poi_only,heat_kernel,256,ok,256,27,2,2,1.0,0.98046875,False,12,244,3,423986,0.046875,0.8,0.08856088560885608,0.0005751597011055324,0.2,4,7,2,3,0,23,4,2,2,1,0.0856756828725338,0.0856756828725338,0.0856756828725338,0.08160112053155899,0.1672768034040928,,,,,,,,,
Five Dir Case 3,all,poi_only,heat_kernel,1024,ok,1024,136,2,1,1.0,0.962890625,False,13,1011,2,423219,0.0126953125,0.8666666666666667,0.025024061597690085,0.0023831412205643165,0.13333333333333333,5,7,2,3,0,126,10,2,2,3,0.08485348895192146,0.0846363790333271,0.08498206734657288,0.08160112053155899,0.16645460948348045,,,,,,,,,
Five Dir Case 3,all,poi_only,heat_kernel,4096,ok,4096,792,2,1,1.0,0.955810546875,False,13,4083,2,420147,0.003173828125,0.8666666666666667,0.006324495256628557,0.009624496145958561,0.13333333333333333,5,7,2,3,0,777,15,2,2,1,0.08483744412660599,0.08483744412660599,0.08483744412660599,0.08160112053155899,0.16643856465816498,,,,,,,,,
Five Dir Case 3,all,poi_only,relation_stratified,64,ok,64,50,2,6,0.84375,0.71875,False,9,55,6,424175,0.140625,0.6,0.22784810126582278,0.00012964665393772247,0.4,6,7,3,3,0,38,12,2,2,1,0.09205645695328712,0.09205645695328712,0.09205645695328712,0.8239849396049976,0.9160413965582848,,,,,,,,,
Five Dir Case 3,all,poi_only,relation_stratified,256,ok,256,173,2,7,0.765625,0.640625,False,15,241,0,423989,0.05859375,1.0,0.11070110701107011,0.000568088065436202,0.0,7,7,3,3,0,151,22,2,2,1,0.09122892841696739,0.09122892841696739,0.09122892841696739,0.8239849396049976,0.915213868021965,,,,,,,,,
Five Dir Case 3,all,poi_only,relation_stratified,1024,ok,1024,655,2,15,0.8642578125,0.6044921875,False,15,1009,0,423221,0.0146484375,1.0,0.028873917228103944,0.002378426796784763,0.0,7,7,3,3,0,582,73,2,2,3,0.09175215288996696,0.0917145386338234,0.09373422339558601,0.8239849396049976,0.9157370924949646,,,,,,,,,
Five Dir Case 3,all,poi_only,relation_stratified,4096,ok,4096,2349,2,7,0.869873046875,0.62060546875,False,15,4081,0,420149,0.003662109375,1.0,0.0072974945268791044,0.009619781722179007,0.0,7,7,3,3,0,2207,142,2,2,1,0.09607512131333351,0.09607512131333351,0.09607512131333351,0.8239849396049976,0.9200600609183311,,,,,,,,,
Five Dir Case 3,all,poi_only,temporal_episode,64,ok,64,60,2,1,1.0,1.0,False,4,60,11,424170,0.0625,0.26666666666666666,0.10126582278481013,0.0001414327133866063,0.7333333333333333,3,7,2,3,0,59,1,2,2,1,0.16188237071037292,0.16188237071037292,0.16188237071037292,1.0627617873251438,1.2246441580355167,,,,,,,,,
Five Dir Case 3,all,poi_only,temporal_episode,256,ok,256,129,2,1,1.0,1.0,False,12,244,3,423986,0.046875,0.8,0.08856088560885608,0.0005751597011055324,0.2,4,7,2,3,0,128,1,2,2,1,0.15841037407517433,0.15841037407517433,0.15841037407517433,1.0627617873251438,1.2211721614003181,,,,,,,,,
Five Dir Case 3,all,poi_only,temporal_episode,1024,ok,1024,277,2,1,1.0,1.0,False,12,1012,3,423218,0.01171875,0.8,0.023099133782483156,0.002385498432454093,0.2,4,7,2,3,0,270,7,2,2,3,0.15996179729700089,0.15996083989739418,0.16026124730706215,1.0627617873251438,1.2227235846221447,,,,,,,,,
Five Dir Case 3,all,poi_only,temporal_episode,4096,ok,4096,966,2,1,1.0,1.0,False,13,4083,2,420147,0.003173828125,0.8666666666666667,0.006324495256628557,0.009624496145958561,0.13333333333333333,5,7,2,3,0,959,7,2,2,1,0.16561974585056305,0.16561974585056305,0.16561974585056305,1.0627617873251438,1.2283815331757069,,,,,,,,,
Five Dir Case 3,all,poi_only,temporal_pcst,64,ok,2,2,2,2,1.0,1.0,False,2,0,13,424230,1.0,0.13333333333333333,0.23529411764705882,0.0,0.8666666666666667,2,7,2,3,0,1,1,1,2,1,0.004866518080234528,0.004866518080234528,0.004866518080234528,3.886819414794445,3.8916859328746796,1.0,,,,,,,,
Five Dir Case 3,all,poi_only,temporal_pcst,256,ok,2,2,2,2,1.0,1.0,False,2,0,13,424230,1.0,0.13333333333333333,0.23529411764705882,0.0,0.8666666666666667,2,7,2,3,0,1,1,1,2,1,0.004730742424726486,0.004730742424726486,0.004730742424726486,3.886819414794445,3.8915501572191715,1.0,,,,,,,,
Five Dir Case 3,all,poi_only,temporal_pcst,1024,ok,586,574,2,1,1.0,0.47952218430034127,False,6,580,9,423650,0.010238907849829351,0.4,0.019966722129783693,0.0013671828960705279,0.6,5,7,3,3,0,574,0,2,2,1,0.004943221807479858,0.004943221807479858,0.004943221807479858,3.886819414794445,3.891762636601925,0.3,,,,,,,,
Five Dir Case 3,all,poi_only,temporal_pcst,4096,ok,586,574,2,1,1.0,0.47952218430034127,False,6,580,9,423650,0.010238907849829351,0.4,0.019966722129783693,0.0013671828960705279,0.6,5,7,3,3,0,574,0,2,2,1,0.004912242293357849,0.004912242293357849,0.004912242293357849,3.886819414794445,3.891731657087803,0.3,,,,,,,,
Five Dir Case 3,all,shared_context,time_rerank,64,ok,64,38,38,1,1.0,0.890625,False,15,49,0,424181,0.234375,1.0,0.379746835443038,0.00011550338259906183,0.0,7,7,3,3,0,36,2,2,2,1,0.09781847521662712,0.09781847521662712,0.09781847521662712,0.828597255051136,0.9264157302677631,,,,,,,,,
Five Dir Case 3,all,shared_context,time_rerank,256,ok,256,113,38,1,1.0,0.796875,False,15,241,0,423989,0.05859375,1.0,0.11070110701107011,0.000568088065436202,0.0,7,7,3,3,0,111,2,2,2,1,0.09778247401118279,0.09778247401118279,0.09778247401118279,0.828597255051136,0.9263797290623188,,,,,,,,,
Five Dir Case 3,all,shared_context,time_rerank,1024,ok,1024,283,38,2,0.9794921875,0.8291015625,False,15,1009,0,423221,0.0146484375,1.0,0.028873917228103944,0.002378426796784763,0.0,7,7,3,3,0,280,3,2,2,3,0.09740851446986198,0.09736142680048943,0.09774116054177284,0.828597255051136,0.926005769520998,,,,,,,,,
Five Dir Case 3,all,shared_context,time_rerank,4096,ok,4096,958,38,2,0.99365234375,0.615966796875,False,15,4081,0,420149,0.003662109375,1.0,0.0072974945268791044,0.009619781722179007,0.0,7,7,3,3,0,948,10,2,2,1,0.09840334206819534,0.09840334206819534,0.09840334206819534,0.828597255051136,0.9270005971193314,,,,,,,,,
Five Dir Case 3,all,shared_context,temporal_top,64,ok,64,38,38,1,1.0,0.890625,False,15,49,0,424181,0.234375,1.0,0.379746835443038,0.00011550338259906183,0.0,7,7,3,3,0,36,2,2,2,1,0.09916218742728233,0.09916218742728233,0.09916218742728233,1.0627617873251438,1.1619239747524261,,,,,,,,,
Five Dir Case 3,all,shared_context,temporal_top,256,ok,256,112,38,1,1.0,0.80078125,False,15,241,0,423989,0.05859375,1.0,0.11070110701107011,0.000568088065436202,0.0,7,7,3,3,0,110,2,2,2,1,0.10394641011953354,0.10394641011953354,0.10394641011953354,1.0627617873251438,1.1667081974446774,,,,,,,,,
Five Dir Case 3,all,shared_context,temporal_top,1024,ok,1024,275,38,2,0.9794921875,0.828125,False,15,1009,0,423221,0.0146484375,1.0,0.028873917228103944,0.002378426796784763,0.0,7,7,3,3,0,274,1,2,2,3,0.09749376401305199,0.09722950682044029,0.09933669120073318,1.0627617873251438,1.1602555513381958,,,,,,,,,
Five Dir Case 3,all,shared_context,temporal_top,4096,ok,4096,959,38,3,0.986328125,0.63427734375,False,15,4081,0,420149,0.003662109375,1.0,0.0072974945268791044,0.009619781722179007,0.0,7,7,3,3,0,958,1,2,2,1,0.09934563562273979,0.09934563562273979,0.09934563562273979,1.0627617873251438,1.1621074229478836,,,,,,,,,
Five Dir Case 3,all,shared_context,temporal_nofreq,64,ok,64,19,38,1,1.0,0.890625,False,15,49,0,424181,0.234375,1.0,0.379746835443038,0.00011550338259906183,0.0,7,7,3,3,0,15,4,2,2,1,0.09776803851127625,0.09776803851127625,0.09776803851127625,0.7069943100214005,0.8047623485326767,,,,,,,,,
Five Dir Case 3,all,shared_context,temporal_nofreq,256,ok,256,122,38,1,1.0,0.703125,False,15,241,0,423989,0.05859375,1.0,0.11070110701107011,0.000568088065436202,0.0,7,7,3,3,0,117,5,2,2,1,0.09694981575012207,0.09694981575012207,0.09694981575012207,0.7069943100214005,0.8039441257715225,,,,,,,,,
Five Dir Case 3,all,shared_context,temporal_nofreq,1024,ok,1024,234,38,1,1.0,0.96484375,False,15,1009,0,423221,0.0146484375,1.0,0.028873917228103944,0.002378426796784763,0.0,7,7,3,3,0,233,1,2,2,3,0.09644608572125435,0.09643129259347916,0.09677334129810333,0.7069943100214005,0.8034403957426548,,,,,,,,,
Five Dir Case 3,all,shared_context,temporal_nofreq,4096,ok,4096,1227,38,1,1.0,0.916259765625,False,15,4081,0,420149,0.003662109375,1.0,0.0072974945268791044,0.009619781722179007,0.0,7,7,3,3,0,1217,10,2,2,1,0.09971312433481216,0.09971312433481216,0.09971312433481216,0.7069943100214005,0.8067074343562126,,,,,,,,,
Five Dir Case 3,all,shared_context,temporal_nocontrast,64,ok,64,19,38,1,1.0,0.890625,False,15,49,0,424181,0.234375,1.0,0.379746835443038,0.00011550338259906183,0.0,7,7,3,3,0,16,3,2,2,1,0.10090162232518196,0.10090162232518196,0.10090162232518196,0.899148017168045,1.000049639493227,,,,,,,,,
Five Dir Case 3,all,shared_context,temporal_nocontrast,256,ok,256,26,38,1,1.0,0.9375,False,15,241,0,423989,0.05859375,1.0,0.11070110701107011,0.000568088065436202,0.0,7,7,3,3,0,24,2,2,2,1,0.10187220945954323,0.10187220945954323,0.10187220945954323,0.899148017168045,1.0010202266275883,,,,,,,,,
Five Dir Case 3,all,shared_context,temporal_nocontrast,1024,ok,1024,198,38,1,1.0,0.9501953125,False,15,1009,0,423221,0.0146484375,1.0,0.028873917228103944,0.002378426796784763,0.0,7,7,3,3,0,196,2,2,2,3,0.10083786025643349,0.10055269300937653,0.10398955270648003,0.899148017168045,0.9999858774244785,,,,,,,,,
Five Dir Case 3,all,shared_context,temporal_nocontrast,4096,ok,4096,500,38,1,1.0,0.9912109375,False,15,4081,0,420149,0.003662109375,1.0,0.0072974945268791044,0.009619781722179007,0.0,7,7,3,3,0,496,4,2,2,1,0.09898137301206589,0.09898137301206589,0.09898137301206589,0.899148017168045,0.9981293901801109,,,,,,,,,
Five Dir Case 3,all,shared_context,temporal_short,64,ok,64,38,38,1,1.0,0.890625,False,15,49,0,424181,0.234375,1.0,0.379746835443038,0.00011550338259906183,0.0,7,7,3,3,0,36,2,2,2,1,0.10105296596884727,0.10105296596884727,0.10105296596884727,1.0729363672435284,1.1739893332123756,,,,,,,,,
Five Dir Case 3,all,shared_context,temporal_short,256,ok,256,112,38,1,1.0,0.80078125,False,15,241,0,423989,0.05859375,1.0,0.11070110701107011,0.000568088065436202,0.0,7,7,3,3,0,110,2,2,2,1,0.10595754161477089,0.10595754161477089,0.10595754161477089,1.0729363672435284,1.1788939088582993,,,,,,,,,
Five Dir Case 3,all,shared_context,temporal_short,1024,ok,1024,210,38,2,0.9794921875,0.8125,False,15,1009,0,423221,0.0146484375,1.0,0.028873917228103944,0.002378426796784763,0.0,7,7,3,3,0,207,3,2,2,3,0.100925013422966,0.10069626942276955,0.10182631015777588,1.0729363672435284,1.1738613806664944,,,,,,,,,
Five Dir Case 3,all,shared_context,temporal_short,4096,ok,4096,799,38,1,1.0,0.6435546875,False,15,4081,0,420149,0.003662109375,1.0,0.0072974945268791044,0.009619781722179007,0.0,7,7,3,3,0,795,4,2,2,1,0.1019347794353962,0.1019347794353962,0.1019347794353962,1.0729363672435284,1.1748711466789246,,,,,,,,,
Five Dir Case 3,all,shared_context,temporal_long,64,ok,64,38,38,1,1.0,0.890625,False,15,49,0,424181,0.234375,1.0,0.379746835443038,0.00011550338259906183,0.0,7,7,3,3,0,36,2,2,2,1,0.10271177068352699,0.10271177068352699,0.10271177068352699,1.062686488032341,1.165398258715868,,,,,,,,,
Five Dir Case 3,all,shared_context,temporal_long,256,ok,256,113,38,1,1.0,0.796875,False,15,241,0,423989,0.05859375,1.0,0.11070110701107011,0.000568088065436202,0.0,7,7,3,3,0,111,2,2,2,1,0.10042662918567657,0.10042662918567657,0.10042662918567657,1.062686488032341,1.1631131172180176,,,,,,,,,
Five Dir Case 3,all,shared_context,temporal_long,1024,ok,1024,280,38,2,0.9794921875,0.8310546875,False,15,1009,0,423221,0.0146484375,1.0,0.028873917228103944,0.002378426796784763,0.0,7,7,3,3,0,279,1,2,2,3,0.10143721476197243,0.09680714458227158,0.1039651371538639,1.062686488032341,1.1641237027943134,,,,,,,,,
Five Dir Case 3,all,shared_context,temporal_long,4096,ok,4096,1079,38,2,0.99365234375,0.889404296875,False,15,4081,0,420149,0.003662109375,1.0,0.0072974945268791044,0.009619781722179007,0.0,7,7,3,3,0,1076,3,2,2,1,0.10302869603037834,0.10302869603037834,0.10302869603037834,1.062686488032341,1.1657151840627193,,,,,,,,,
Five Dir Case 3,all,shared_context,plain_ppr,64,ok,64,19,38,1,1.0,0.890625,False,15,49,0,424181,0.234375,1.0,0.379746835443038,0.00011550338259906183,0.0,7,7,3,3,0,13,6,2,2,1,0.08857428655028343,0.08857428655028343,0.08857428655028343,0.24518221244215965,0.3337564989924431,,,,,,,,,
Five Dir Case 3,all,shared_context,plain_ppr,256,ok,256,30,38,1,1.0,0.97265625,False,15,241,0,423989,0.05859375,1.0,0.11070110701107011,0.000568088065436202,0.0,7,7,3,3,0,26,4,2,2,1,0.08647236973047256,0.08647236973047256,0.08647236973047256,0.24518221244215965,0.3316545821726322,,,,,,,,,
Five Dir Case 3,all,shared_context,plain_ppr,1024,ok,1024,138,38,1,1.0,0.9619140625,False,15,1009,0,423221,0.0146484375,1.0,0.028873917228103944,0.002378426796784763,0.0,7,7,3,3,0,133,5,2,2,3,0.08630403131246567,0.08608872070908546,0.0866791196167469,0.24518221244215965,0.3314862437546253,,,,,,,,,
Five Dir Case 3,all,shared_context,plain_ppr,4096,ok,4096,388,38,1,1.0,0.64013671875,False,15,4081,0,420149,0.003662109375,1.0,0.0072974945268791044,0.009619781722179007,0.0,7,7,3,3,0,385,3,2,2,1,0.08657167851924896,0.08657167851924896,0.08657167851924896,0.24518221244215965,0.3317538909614086,,,,,,,,,
Five Dir Case 3,all,shared_context,heat_kernel,64,ok,64,22,38,1,1.0,0.890625,False,15,49,0,424181,0.234375,1.0,0.379746835443038,0.00011550338259906183,0.0,7,7,3,3,0,14,8,2,2,1,0.08755095675587654,0.08755095675587654,0.08755095675587654,0.08160112053155899,0.16915207728743553,,,,,,,,,
Five Dir Case 3,all,shared_context,heat_kernel,256,ok,256,37,38,1,1.0,0.95703125,False,15,241,0,423989,0.05859375,1.0,0.11070110701107011,0.000568088065436202,0.0,7,7,3,3,0,31,6,2,2,1,0.0864904448390007,0.0864904448390007,0.0864904448390007,0.08160112053155899,0.1680915653705597,,,,,,,,,
Five Dir Case 3,all,shared_context,heat_kernel,1024,ok,1024,138,38,1,1.0,0.9619140625,False,15,1009,0,423221,0.0146484375,1.0,0.028873917228103944,0.002378426796784763,0.0,7,7,3,3,0,132,6,2,2,3,0.0864466018974781,0.08630518987774849,0.08800427243113518,0.08160112053155899,0.1680477224290371,,,,,,,,,
Five Dir Case 3,all,shared_context,heat_kernel,4096,ok,4096,797,38,1,1.0,0.955810546875,False,15,4081,0,420149,0.003662109375,1.0,0.0072974945268791044,0.009619781722179007,0.0,7,7,3,3,0,782,15,2,2,1,0.08550446107983589,0.08550446107983589,0.08550446107983589,0.08160112053155899,0.16710558161139488,,,,,,,,,
Five Dir Case 3,all,shared_context,relation_stratified,64,ok,64,38,38,6,0.90625,0.75,False,15,49,0,424181,0.234375,1.0,0.379746835443038,0.00011550338259906183,0.0,7,7,3,3,0,29,9,2,2,1,0.09248631075024605,0.09248631075024605,0.09248631075024605,0.8239849396049976,0.9164712503552437,,,,,,,,,
Five Dir Case 3,all,shared_context,relation_stratified,256,ok,256,172,38,7,0.77734375,0.67578125,False,15,241,0,423989,0.05859375,1.0,0.11070110701107011,0.000568088065436202,0.0,7,7,3,3,0,150,22,2,2,1,0.09162890538573265,0.09162890538573265,0.09162890538573265,0.8239849396049976,0.9156138449907303,,,,,,,,,
Five Dir Case 3,all,shared_context,relation_stratified,1024,ok,1024,660,38,15,0.8642578125,0.6484375,False,15,1009,0,423221,0.0146484375,1.0,0.028873917228103944,0.002378426796784763,0.0,7,7,3,3,0,585,75,2,2,3,0.09287857264280319,0.09229792654514313,0.10283491760492325,0.8239849396049976,0.9168635122478008,,,,,,,,,
Five Dir Case 3,all,shared_context,relation_stratified,4096,ok,4096,2351,38,7,0.869873046875,0.620849609375,False,15,4081,0,420149,0.003662109375,1.0,0.0072974945268791044,0.009619781722179007,0.0,7,7,3,3,0,2208,143,2,2,1,0.09654200822114944,0.09654200822114944,0.09654200822114944,0.8239849396049976,0.9205269478261471,,,,,,,,,
Five Dir Case 3,all,shared_context,temporal_episode,64,ok,64,38,38,1,1.0,0.90625,False,15,49,0,424181,0.234375,1.0,0.379746835443038,0.00011550338259906183,0.0,7,7,3,3,0,35,3,2,2,1,0.16139481961727142,0.16139481961727142,0.16139481961727142,1.0627617873251438,1.2241566069424152,,,,,,,,,
Five Dir Case 3,all,shared_context,temporal_episode,256,ok,256,133,38,1,1.0,0.9765625,False,15,241,0,423989,0.05859375,1.0,0.11070110701107011,0.000568088065436202,0.0,7,7,3,3,0,131,2,2,2,1,0.1621362715959549,0.1621362715959549,0.1621362715959549,1.0627617873251438,1.2248980589210987,,,,,,,,,
Five Dir Case 3,all,shared_context,temporal_episode,1024,ok,1024,283,38,1,1.0,0.9990234375,False,15,1009,0,423221,0.0146484375,1.0,0.028873917228103944,0.002378426796784763,0.0,7,7,3,3,0,276,7,2,2,3,0.15857938304543495,0.15850553289055824,0.15980611741542816,1.0627617873251438,1.2213411703705788,,,,,,,,,
Five Dir Case 3,all,shared_context,temporal_episode,4096,ok,4096,968,38,1,1.0,0.999755859375,False,15,4081,0,420149,0.003662109375,1.0,0.0072974945268791044,0.009619781722179007,0.0,7,7,3,3,0,961,7,2,2,1,0.16381535679101944,0.16381535679101944,0.16381535679101944,1.0627617873251438,1.2265771441161633,,,,,,,,,
Five Dir Case 3,all,shared_context,temporal_pcst,64,ok,38,15,38,1,1.0,0.8157894736842105,False,15,23,0,424207,0.39473684210526316,1.0,0.5660377358490566,5.421587346486576e-05,0.0,7,7,3,3,0,13,2,2,2,1,0.004789169877767563,0.004789169877767563,0.004789169877767563,3.886819414794445,3.8916085846722126,1.0,,,,,,,,
Five Dir Case 3,all,shared_context,temporal_pcst,256,ok,38,15,38,1,1.0,0.8157894736842105,False,15,23,0,424207,0.39473684210526316,1.0,0.5660377358490566,5.421587346486576e-05,0.0,7,7,3,3,0,13,2,2,2,1,0.004723820835351944,0.004723820835351944,0.004723820835351944,3.886819414794445,3.891543235629797,1.0,,,,,,,,
Five Dir Case 3,all,shared_context,temporal_pcst,1024,ok,616,582,38,1,1.0,0.7094155844155844,False,15,601,0,423629,0.024350649350649352,1.0,0.04754358161648178,0.00141668434575584,0.0,7,7,3,3,0,580,2,2,2,1,0.004957221448421478,0.004957221448421478,0.004957221448421478,3.886819414794445,3.8917766362428665,0.3,,,,,,,,
Five Dir Case 3,all,shared_context,temporal_pcst,4096,ok,616,582,38,1,1.0,0.7094155844155844,False,15,601,0,423629,0.024350649350649352,1.0,0.04754358161648178,0.00141668434575584,0.0,7,7,3,3,0,580,2,2,2,1,0.004941001534461975,0.004941001534461975,0.004941001534461975,3.886819414794445,3.891760416328907,0.3,,,,,,,,
Five Dir Case 3,drop-0,poi_only,time_rerank,1024,ok,1024,207,1,1,1.0,0.8349609375,False,3,1021,12,423209,0.0029296875,0.2,0.005774783445620789,0.0024067133394620843,0.8,2,7,2,3,0,206,1,1,1,1,0.0999980978667736,0.0999980978667736,0.0999980978667736,0.7299275398254395,0.8299256376922131,,,,,,,,,
Five Dir Case 3,drop-0,poi_only,temporal_top,1024,ok,1024,208,1,1,1.0,0.8349609375,False,3,1021,12,423209,0.0029296875,0.2,0.005774783445620789,0.0024067133394620843,0.8,2,7,2,3,0,207,1,1,1,1,0.09760377556085587,0.09760377556085587,0.09760377556085587,0.7386285215616226,0.8362322971224785,,,,,,,,,
Five Dir Case 3,drop-0,shared_context,time_rerank,1024,ok,1024,210,24,1,1.0,0.8330078125,False,5,1019,10,423211,0.0048828125,0.3333333333333333,0.009624639076034648,0.002401998915682531,0.6666666666666666,4,7,2,3,0,208,2,1,1,1,0.09736061468720436,0.09736061468720436,0.09736061468720436,0.7299275398254395,0.8272881545126438,,,,,,,,,
Five Dir Case 3,drop-0,shared_context,temporal_top,1024,ok,1024,209,24,1,1.0,0.833984375,False,5,1019,10,423211,0.0048828125,0.3333333333333333,0.009624639076034648,0.002401998915682531,0.6666666666666666,4,7,2,3,0,208,1,1,1,1,0.09943317994475365,0.09943317994475365,0.09943317994475365,0.7386285215616226,0.8380617015063763,,,,,,,,,
Five Dir Case 3,drop-1,poi_only,time_rerank,1024,ok,1024,588,1,1,1.0,0.8955078125,False,10,1014,5,423216,0.009765625,0.6666666666666666,0.019249278152069296,0.002390212856233647,0.3333333333333333,3,7,1,3,0,586,2,1,1,1,0.09823019802570343,0.09823019802570343,0.09823019802570343,0.7410217262804508,0.8392519243061543,,,,,,,,,
Five Dir Case 3,drop-1,poi_only,temporal_top,1024,ok,1024,584,1,1,1.0,0.8994140625,False,10,1014,5,423216,0.009765625,0.6666666666666666,0.019249278152069296,0.002390212856233647,0.3333333333333333,3,7,1,3,0,583,1,1,1,1,0.09492172300815582,0.09492172300815582,0.09492172300815582,0.7400525808334351,0.8349743038415909,,,,,,,,,
Five Dir Case 3,drop-1,shared_context,time_rerank,1024,ok,1024,588,2,1,1.0,0.8955078125,False,10,1014,5,423216,0.009765625,0.6666666666666666,0.019249278152069296,0.002390212856233647,0.3333333333333333,3,7,1,3,0,586,2,1,1,1,0.09694946184754372,0.09694946184754372,0.09694946184754372,0.7410217262804508,0.8379711881279945,,,,,,,,,
Five Dir Case 3,drop-1,shared_context,temporal_top,1024,ok,1024,584,2,1,1.0,0.8994140625,False,10,1014,5,423216,0.009765625,0.6666666666666666,0.019249278152069296,0.002390212856233647,0.3333333333333333,3,7,1,3,0,583,1,1,1,1,0.09724732860922813,0.09724732860922813,0.09724732860922813,0.7400525808334351,0.8372999094426632,,,,,,,,,
Five Dir Case 3,all,poi_only,typed_temporal,64,ok,64,,2,6,0.84375,0.703125,False,9,55,6,424175,0.140625,0.6,0.22784810126582278,0.00012964665393772247,0.4,6,7,3,3,0,39,9,2,2,1,0.10374061390757561,0.10374061390757561,0.10374061390757561,1.0701914839446545,1.17393209785223,,,True,,,,,,
Five Dir Case 3,all,poi_only,typed_temporal,256,ok,256,,2,10,0.73828125,0.6015625,False,15,241,0,423989,0.05859375,1.0,0.11070110701107011,0.000568088065436202,0.0,7,7,3,3,0,148,10,2,2,1,0.1029859371483326,0.1029859371483326,0.1029859371483326,1.0701914839446545,1.173177421092987,,,True,,,,,,
Five Dir Case 3,all,poi_only,typed_temporal,1024,ok,1024,,2,14,0.8564453125,0.6240234375,False,15,1009,0,423221,0.0146484375,1.0,0.028873917228103944,0.002378426796784763,0.0,7,7,3,3,0,585,10,2,2,3,0.10363875329494476,0.10342545062303543,0.10394469648599625,1.0701914839446545,1.1738302372395992,,,True,,,,,,
Five Dir Case 3,all,poi_only,typed_temporal,4096,ok,4096,,2,12,0.874755859375,0.541015625,False,15,4081,0,420149,0.003662109375,1.0,0.0072974945268791044,0.009619781722179007,0.0,7,7,3,3,0,2267,16,2,2,1,0.1072964183986187,0.1072964183986187,0.1072964183986187,1.0701914839446545,1.1774879023432732,,,True,,,,,,
Five Dir Case 3,all,poi_only,typed_nofreq,64,ok,64,,2,6,0.84375,0.71875,False,9,55,6,424175,0.140625,0.6,0.22784810126582278,0.00012964665393772247,0.4,6,7,3,3,0,40,8,2,2,1,0.10288095474243164,0.10288095474243164,0.10288095474243164,0.6501961797475815,0.7530771344900131,,,True,,,,,,
Five Dir Case 3,all,poi_only,typed_nofreq,256,ok,256,,2,10,0.75,0.6171875,False,15,241,0,423989,0.05859375,1.0,0.11070110701107011,0.000568088065436202,0.0,7,7,3,3,0,148,11,2,2,1,0.10409114882349968,0.10409114882349968,0.10409114882349968,0.6501961797475815,0.7542873285710812,,,True,,,,,,
Five Dir Case 3,all,poi_only,typed_nofreq,1024,ok,1024,,2,14,0.8583984375,0.6416015625,False,15,1009,0,423221,0.0146484375,1.0,0.028873917228103944,0.002378426796784763,0.0,7,7,3,3,0,579,10,2,2,3,0.10454090684652328,0.10412880405783653,0.10487442836165428,0.6501961797475815,0.7547370865941048,,,True,,,,,,
Five Dir Case 3,all,poi_only,typed_nofreq,4096,ok,4096,,2,15,0.818359375,0.565185546875,False,15,4081,0,420149,0.003662109375,1.0,0.0072974945268791044,0.009619781722179007,0.0,7,7,3,3,0,2258,17,2,2,1,0.10861028730869293,0.10861028730869293,0.10861028730869293,0.6501961797475815,0.7588064670562744,,,True,,,,,,
Five Dir Case 3,all,poi_only,typed_nocontrast,64,ok,64,,2,7,0.765625,0.71875,False,8,56,7,424174,0.125,0.5333333333333333,0.20253164556962025,0.00013200386582749925,0.4666666666666667,5,7,2,3,0,36,9,2,2,1,0.10343771800398827,0.10343771800398827,0.10343771800398827,0.87875796854496,0.9821956865489483,,,True,,,,,,
Five Dir Case 3,all,poi_only,typed_nocontrast,256,ok,256,,2,9,0.80078125,0.5703125,False,14,242,1,423988,0.0546875,0.9333333333333333,0.1033210332103321,0.0005704452773259788,0.06666666666666667,6,7,3,3,0,143,15,2,2,1,0.10306647047400475,0.10306647047400475,0.10306647047400475,0.87875796854496,0.9818244390189648,,,True,,,,,,
Five Dir Case 3,all,poi_only,typed_nocontrast,1024,ok,1024,,2,14,0.775390625,0.6484375,False,15,1009,0,423221,0.0146484375,1.0,0.028873917228103944,0.002378426796784763,0.0,7,7,3,3,0,537,14,2,2,3,0.10358888283371925,0.10344831645488739,0.10395605117082596,0.87875796854496,0.9823468513786793,,,True,,,,,,
Five Dir Case 3,all,poi_only,typed_nocontrast,4096,ok,4096,,2,9,0.9453125,0.67529296875,False,15,4081,0,420149,0.003662109375,1.0,0.0072974945268791044,0.009619781722179007,0.0,7,7,3,3,0,2014,18,2,2,1,0.107010368257761,0.107010368257761,0.107010368257761,0.87875796854496,0.985768336802721,,,True,,,,,,
Five Dir Case 3,all,poi_only,typed_short,64,ok,64,,2,6,0.84375,0.703125,False,9,55,6,424175,0.140625,0.6,0.22784810126582278,0.00012964665393772247,0.4,6,7,3,3,0,39,9,2,2,1,0.10326358675956726,0.10326358675956726,0.10326358675956726,1.0699432939291,1.1732068806886673,,,True,,,,,,
Five Dir Case 3,all,poi_only,typed_short,256,ok,256,,2,10,0.71875,0.59375,False,15,241,0,423989,0.05859375,1.0,0.11070110701107011,0.000568088065436202,0.0,7,7,3,3,0,149,11,2,2,1,0.10576857626438141,0.10576857626438141,0.10576857626438141,1.0699432939291,1.1757118701934814,,,True,,,,,,
Five Dir Case 3,all,poi_only,typed_short,1024,ok,1024,,2,14,0.8583984375,0.5771484375,False,15,1009,0,423221,0.0146484375,1.0,0.028873917228103944,0.002378426796784763,0.0,7,7,3,3,0,592,10,2,2,3,0.10398822650313377,0.103972177952528,0.1040734276175499,1.0699432939291,1.1739315204322338,,,True,,,,,,
Five Dir Case 3,all,poi_only,typed_short,4096,ok,4096,,2,17,0.82666015625,0.539794921875,False,15,4081,0,420149,0.003662109375,1.0,0.0072974945268791044,0.009619781722179007,0.0,7,7,3,3,0,2297,29,2,2,1,0.10740607976913452,0.10740607976913452,0.10740607976913452,1.0699432939291,1.1773493736982346,,,True,,,,,,
Five Dir Case 3,all,poi_only,typed_long,64,ok,64,,2,6,0.84375,0.703125,False,9,55,6,424175,0.140625,0.6,0.22784810126582278,0.00012964665393772247,0.4,6,7,3,3,0,40,9,2,2,1,0.10304613038897514,0.10304613038897514,0.10304613038897514,1.0798026956617832,1.1828488260507584,,,True,,,,,,
Five Dir Case 3,all,poi_only,typed_long,256,ok,256,,2,7,0.76953125,0.63671875,False,15,241,0,423989,0.05859375,1.0,0.11070110701107011,0.000568088065436202,0.0,7,7,3,3,0,150,10,2,2,1,0.10273322090506554,0.10273322090506554,0.10273322090506554,1.0798026956617832,1.1825359165668488,,,True,,,,,,
Five Dir Case 3,all,poi_only,typed_long,1024,ok,1024,,2,16,0.85546875,0.609375,False,15,1009,0,423221,0.0146484375,1.0,0.028873917228103944,0.002378426796784763,0.0,7,7,3,3,0,590,8,2,2,3,0.1039043515920639,0.10377570614218712,0.10408540815114975,1.0798026956617832,1.1837070472538471,,,True,,,,,,
Five Dir Case 3,all,poi_only,typed_long,4096,ok,4096,,2,7,0.869873046875,0.624755859375,False,15,4081,0,420149,0.003662109375,1.0,0.0072974945268791044,0.009619781722179007,0.0,7,7,3,3,0,2222,10,2,2,1,0.10723479092121124,0.10723479092121124,0.10723479092121124,1.0798026956617832,1.1870374865829945,,,True,,,,,,
Five Dir Case 3,all,poi_only,time_only,64,ok,64,,2,5,0.515625,0.28125,False,2,62,13,424168,0.03125,0.13333333333333333,0.05063291139240506,0.00014614713716615987,0.8666666666666667,2,7,2,3,0,16,26,1,2,1,0.09584115818142891,0.09584115818142891,0.09584115818142891,0.004977710545063019,0.10081886872649193,,,True,,,,,,
Five Dir Case 3,all,poi_only,time_only,256,ok,256,,2,11,0.28125,0.23828125,False,7,249,8,423981,0.02734375,0.4666666666666667,0.05166051660516605,0.0005869457605544163,0.5333333333333333,4,7,2,3,0,65,67,1,2,1,0.09559251368045807,0.09559251368045807,0.09559251368045807,0.004977710545063019,0.10057022422552109,,,True,,,,,,
Five Dir Case 3,all,poi_only,time_only,1024,ok,1024,,2,10,0.9326171875,0.2841796875,False,14,1010,1,423220,0.013671875,0.9333333333333333,0.026948989412897015,0.0023807840086745398,0.06666666666666667,7,7,3,3,0,280,151,1,2,3,0.09507738426327705,0.09500545263290405,0.09539137780666351,0.004977710545063019,0.10005509480834007,,,True,,,,,,
Five Dir Case 3,all,poi_only,time_only,4096,ok,4096,,2,23,0.93017578125,0.55908203125,False,15,4081,0,420149,0.003662109375,1.0,0.0072974945268791044,0.009619781722179007,0.0,7,7,3,3,0,1438,297,2,2,1,0.09538901597261429,0.09538901597261429,0.09538901597261429,0.004977710545063019,0.10036672651767731,,,True,,,,,,
Five Dir Case 3,all,poi_only,typed_time_only,64,ok,64,,2,18,0.453125,0.171875,False,8,56,7,424174,0.125,0.5333333333333333,0.20253164556962025,0.00013200386582749925,0.4666666666666667,6,7,3,3,0,30,26,1,2,1,0.10321328788995743,0.10321328788995743,0.10321328788995743,0.004977710545063019,0.10819099843502045,,,True,,,,,,
Five Dir Case 3,all,poi_only,typed_time_only,256,ok,256,,2,18,0.46484375,0.265625,False,14,242,1,423988,0.0546875,0.9333333333333333,0.1033210332103321,0.0005704452773259788,0.06666666666666667,7,7,3,3,0,135,50,1,2,1,0.10252174362540245,0.10252174362540245,0.10252174362540245,0.004977710545063019,0.10749945417046547,,,True,,,,,,
Five Dir Case 3,all,poi_only,typed_time_only,1024,ok,1024,,2,34,0.6923828125,0.2998046875,False,14,1010,1,423220,0.013671875,0.9333333333333333,0.026948989412897015,0.0023807840086745398,0.06666666666666667,7,7,3,3,0,585,106,1,2,3,0.10322132706642151,0.10296245664358139,0.10330110788345337,0.004977710545063019,0.10819903761148453,,,True,,,,,,
Five Dir Case 3,all,poi_only,typed_time_only,4096,ok,4096,,2,35,0.71533203125,0.269775390625,False,15,4081,0,420149,0.003662109375,1.0,0.0072974945268791044,0.009619781722179007,0.0,7,7,3,3,0,2288,253,2,2,1,0.10658196359872818,0.10658196359872818,0.10658196359872818,0.004977710545063019,0.1115596741437912,,,True,,,,,,
Five Dir Case 3,all,poi_only,degree_ppr,64,ok,64,,2,2,1.0,0.953125,False,4,60,11,424170,0.0625,0.26666666666666666,0.10126582278481013,0.0001414327133866063,0.7333333333333333,3,7,2,3,0,10,3,2,2,1,0.08458581939339638,0.08458581939339638,0.08458581939339638,0.24400880187749863,0.328594621270895,,,True,,,,,,
Five Dir Case 3,all,poi_only,degree_ppr,256,ok,256,,2,2,1.0,0.94140625,False,4,252,11,423978,0.015625,0.26666666666666666,0.02952029520295203,0.0005940173962237466,0.7333333333333333,3,7,2,3,0,10,4,2,2,1,0.0840970017015934,0.0840970017015934,0.0840970017015934,0.24400880187749863,0.328105803579092,,,True,,,,,,
Five Dir Case 3,all,poi_only,degree_ppr,1024,ok,1024,,2,2,1.0,0.95703125,False,13,1011,2,423219,0.0126953125,0.8666666666666667,0.025024061597690085,0.0023831412205643165,0.13333333333333333,5,7,2,3,0,214,1,2,2,3,0.08399063721299171,0.08381849154829979,0.08401808515191078,0.24400880187749863,0.32799943909049034,,,True,,,,,,
Five Dir Case 3,all,poi_only,degree_ppr,4096,ok,4096,,2,1,1.0,0.9052734375,False,15,4081,0,420149,0.003662109375,1.0,0.0072974945268791044,0.009619781722179007,0.0,7,7,3,3,0,924,2,2,2,1,0.08424672856926918,0.08424672856926918,0.08424672856926918,0.24400880187749863,0.3282555304467678,,,True,,,,,,
Five Dir Case 3,all,poi_only,degree_heat,64,ok,64,,2,2,1.0,0.953125,False,4,60,11,424170,0.0625,0.26666666666666666,0.10126582278481013,0.0001414327133866063,0.7333333333333333,3,7,2,3,0,12,1,2,2,1,0.08459080383181572,0.08459080383181572,0.08459080383181572,0.0818687379360199,0.16645954176783562,,,True,,,,,,
Five Dir Case 3,all,poi_only,degree_heat,256,ok,256,,2,2,1.0,0.68359375,False,4,252,11,423978,0.015625,0.26666666666666666,0.02952029520295203,0.0005940173962237466,0.7333333333333333,3,7,2,3,0,102,4,2,2,1,0.0840991884469986,0.0840991884469986,0.0840991884469986,0.0818687379360199,0.1659679263830185,,,True,,,,,,
Five Dir Case 3,all,poi_only,degree_heat,1024,ok,1024,,2,2,1.0,0.7578125,False,14,1010,1,423220,0.013671875,0.9333333333333333,0.026948989412897015,0.0023807840086745398,0.06666666666666667,6,7,3,3,0,248,3,2,2,3,0.0844934843480587,0.08417568355798721,0.0849393978714943,0.0818687379360199,0.1663622222840786,,,True,,,,,,
Five Dir Case 3,all,poi_only,degree_heat,4096,ok,4096,,2,1,1.0,0.900390625,False,15,4081,0,420149,0.003662109375,1.0,0.0072974945268791044,0.009619781722179007,0.0,7,7,3,3,0,914,0,2,2,1,0.08595874533057213,0.08595874533057213,0.08595874533057213,0.0818687379360199,0.16782748326659203,,,True,,,,,,
Five Dir Case 3,all,shared_context,typed_temporal,64,ok,64,,38,6,0.90625,0.734375,False,15,49,0,424181,0.234375,1.0,0.379746835443038,0.00011550338259906183,0.0,7,7,3,3,0,29,8,2,2,1,0.10364287346601486,0.10364287346601486,0.10364287346601486,1.0701914839446545,1.1738343574106693,,,True,,,,,,
Five Dir Case 3,all,shared_context,typed_temporal,256,ok,256,,38,9,0.765625,0.6328125,False,15,241,0,423989,0.05859375,1.0,0.11070110701107011,0.000568088065436202,0.0,7,7,3,3,0,148,11,2,2,1,0.10304877907037735,0.10304877907037735,0.10304877907037735,1.0701914839446545,1.1732402630150318,,,True,,,,,,
Five Dir Case 3,all,shared_context,typed_temporal,1024,ok,1024,,38,14,0.8564453125,0.66015625,False,15,1009,0,423221,0.0146484375,1.0,0.028873917228103944,0.002378426796784763,0.0,7,7,3,3,0,588,11,2,2,3,0.10401561483740807,0.10365454852581024,0.11634721606969833,1.0701914839446545,1.1742070987820625,,,True,,,,,,
Five Dir Case 3,all,shared_context,typed_temporal,4096,ok,4096,,38,12,0.874755859375,0.546630859375,False,15,4081,0,420149,0.003662109375,1.0,0.0072974945268791044,0.009619781722179007,0.0,7,7,3,3,0,2268,16,2,2,1,0.10710561648011208,0.10710561648011208,0.10710561648011208,1.0701914839446545,1.1772971004247665,,,True,,,,,,
Five Dir Case 3,all,shared_context,typed_nofreq,64,ok,64,,38,5,0.921875,0.765625,False,15,49,0,424181,0.234375,1.0,0.379746835443038,0.00011550338259906183,0.0,7,7,3,3,0,29,9,2,2,1,0.10300834104418755,0.10300834104418755,0.10300834104418755,0.6501961797475815,0.753204520791769,,,True,,,,,,
Five Dir Case 3,all,shared_context,typed_nofreq,256,ok,256,,38,7,0.77734375,0.65625,False,15,241,0,423989,0.05859375,1.0,0.11070110701107011,0.000568088065436202,0.0,7,7,3,3,0,147,12,2,2,1,0.10288604721426964,0.10288604721426964,0.10288604721426964,0.6501961797475815,0.7530822269618511,,,True,,,,,,
Five Dir Case 3,all,shared_context,typed_nofreq,1024,ok,1024,,38,14,0.8583984375,0.677734375,False,15,1009,0,423221,0.0146484375,1.0,0.028873917228103944,0.002378426796784763,0.0,7,7,3,3,0,582,11,2,2,3,0.10361205786466599,0.10358060896396637,0.10386704280972481,0.6501961797475815,0.7538082376122475,,,True,,,,,,
Five Dir Case 3,all,shared_context,typed_nofreq,4096,ok,4096,,38,15,0.818359375,0.566162109375,False,15,4081,0,420149,0.003662109375,1.0,0.0072974945268791044,0.009619781722179007,0.0,7,7,3,3,0,2257,19,2,2,1,0.10675081610679626,0.10675081610679626,0.10675081610679626,0.6501961797475815,0.7569469958543777,,,True,,,,,,
Five Dir Case 3,all,shared_context,typed_nocontrast,64,ok,64,,38,5,0.921875,0.78125,False,15,49,0,424181,0.234375,1.0,0.379746835443038,0.00011550338259906183,0.0,7,7,3,3,0,27,10,2,2,1,0.10269520059227943,0.10269520059227943,0.10269520059227943,0.87875796854496,0.9814531691372395,,,True,,,,,,
Five Dir Case 3,all,shared_context,typed_nocontrast,256,ok,256,,38,7,0.84765625,0.62109375,False,15,241,0,423989,0.05859375,1.0,0.11070110701107011,0.000568088065436202,0.0,7,7,3,3,0,144,16,2,2,1,0.10249915719032288,0.10249915719032288,0.10249915719032288,0.87875796854496,0.9812571257352829,,,True,,,,,,
Five Dir Case 3,all,shared_context,typed_nocontrast,1024,ok,1024,,38,14,0.775390625,0.67578125,False,15,1009,0,423221,0.0146484375,1.0,0.028873917228103944,0.002378426796784763,0.0,7,7,3,3,0,539,17,2,2,3,0.10361210629343987,0.10320374369621277,0.10369252786040306,0.87875796854496,0.9823700748383999,,,True,,,,,,
Five Dir Case 3,all,shared_context,typed_nocontrast,4096,ok,4096,,38,9,0.9453125,0.676025390625,False,15,4081,0,420149,0.003662109375,1.0,0.0072974945268791044,0.009619781722179007,0.0,7,7,3,3,0,2017,18,2,2,1,0.10695109143853188,0.10695109143853188,0.10695109143853188,0.87875796854496,0.9857090599834919,,,True,,,,,,
Five Dir Case 3,all,shared_context,typed_short,64,ok,64,,38,6,0.90625,0.734375,False,15,49,0,424181,0.234375,1.0,0.379746835443038,0.00011550338259906183,0.0,7,7,3,3,0,29,8,2,2,1,0.10282791405916214,0.10282791405916214,0.10282791405916214,1.0699432939291,1.1727712079882622,,,True,,,,,,
Five Dir Case 3,all,shared_context,typed_short,256,ok,256,,38,10,0.73828125,0.6171875,False,15,241,0,423989,0.05859375,1.0,0.11070110701107011,0.000568088065436202,0.0,7,7,3,3,0,149,13,2,2,1,0.10275230929255486,0.10275230929255486,0.10275230929255486,1.0699432939291,1.172695603221655,,,True,,,,,,
Five Dir Case 3,all,shared_context,typed_short,1024,ok,1024,,38,14,0.8583984375,0.625,False,15,1009,0,423221,0.0146484375,1.0,0.028873917228103944,0.002378426796784763,0.0,7,7,3,3,0,595,11,2,2,3,0.10364900156855583,0.10362173244357109,0.1036674976348877,1.0699432939291,1.1735922954976559,,,True,,,,,,
Five Dir Case 3,all,shared_context,typed_short,4096,ok,4096,,38,17,0.82666015625,0.556640625,False,15,4081,0,420149,0.003662109375,1.0,0.0072974945268791044,0.009619781722179007,0.0,7,7,3,3,0,2298,30,2,2,1,0.10681116580963135,0.10681116580963135,0.10681116580963135,1.0699432939291,1.1767544597387314,,,True,,,,,,
Five Dir Case 3,all,shared_context,typed_long,64,ok,64,,38,6,0.90625,0.734375,False,15,49,0,424181,0.234375,1.0,0.379746835443038,0.00011550338259906183,0.0,7,7,3,3,0,30,7,2,2,1,0.10548938438296318,0.10548938438296318,0.10548938438296318,1.0798026956617832,1.1852920800447464,,,True,,,,,,
Five Dir Case 3,all,shared_context,typed_long,256,ok,256,,38,7,0.77734375,0.66796875,False,15,241,0,423989,0.05859375,1.0,0.11070110701107011,0.000568088065436202,0.0,7,7,3,3,0,149,11,2,2,1,0.10275822505354881,0.10275822505354881,0.10275822505354881,1.0798026956617832,1.182560920715332,,,True,,,,,,
Five Dir Case 3,all,shared_context,typed_long,1024,ok,1024,,38,16,0.85546875,0.654296875,False,15,1009,0,423221,0.0146484375,1.0,0.028873917228103944,0.002378426796784763,0.0,7,7,3,3,0,593,10,2,2,3,0.10344720259308815,0.10342853143811226,0.10352287068963051,1.0798026956617832,1.1832498982548714,,,True,,,,,,
Five Dir Case 3,all,shared_context,typed_long,4096,ok,4096,,38,7,0.869873046875,0.625,False,15,4081,0,420149,0.003662109375,1.0,0.0072974945268791044,0.009619781722179007,0.0,7,7,3,3,0,2222,12,2,2,1,0.10670853406190872,0.10670853406190872,0.10670853406190872,1.0798026956617832,1.186511229723692,,,True,,,,,,
Five Dir Case 3,all,shared_context,time_only,64,ok,64,,38,3,0.8125,0.65625,False,15,49,0,424181,0.234375,1.0,0.379746835443038,0.00011550338259906183,0.0,7,7,3,3,0,17,17,2,2,1,0.095561433583498,0.095561433583498,0.095561433583498,0.004977710545063019,0.10053914412856102,,,True,,,,,,
Five Dir Case 3,all,shared_context,time_only,256,ok,256,,38,8,0.4375,0.36328125,False,15,241,0,423989,0.05859375,1.0,0.11070110701107011,0.000568088065436202,0.0,7,7,3,3,0,67,60,2,2,1,0.0950194001197815,0.0950194001197815,0.0950194001197815,0.004977710545063019,0.09999711066484451,,,True,,,,,,
Five Dir Case 3,all,shared_context,time_only,1024,ok,1024,,38,10,0.93359375,0.3212890625,False,15,1009,0,423221,0.0146484375,1.0,0.028873917228103944,0.002378426796784763,0.0,7,7,3,3,0,282,146,2,2,3,0.09531350806355476,0.0951993353664875,0.09532197192311287,0.004977710545063019,0.10029121860861778,,,True,,,,,,
Five Dir Case 3,all,shared_context,time_only,4096,ok,4096,,38,22,0.935302734375,0.562744140625,False,15,4081,0,420149,0.003662109375,1.0,0.0072974945268791044,0.009619781722179007,0.0,7,7,3,3,0,1435,298,2,2,1,0.09532024711370468,0.09532024711370468,0.09532024711370468,0.004977710545063019,0.1002979576587677,,,True,,,,,,
Five Dir Case 3,all,shared_context,typed_time_only,64,ok,64,,38,13,0.75,0.5625,False,15,49,0,424181,0.234375,1.0,0.379746835443038,0.00011550338259906183,0.0,7,7,3,3,0,24,16,2,2,1,0.10300813615322113,0.10300813615322113,0.10300813615322113,0.004977710545063019,0.10798584669828415,,,True,,,,,,
Five Dir Case 3,all,shared_context,typed_time_only,256,ok,256,,38,17,0.50390625,0.3515625,False,15,241,0,423989,0.05859375,1.0,0.11070110701107011,0.000568088065436202,0.0,7,7,3,3,0,127,48,2,2,1,0.10261504352092743,0.10261504352092743,0.10261504352092743,0.004977710545063019,0.10759275406599045,,,True,,,,,,
Five Dir Case 3,all,shared_context,typed_time_only,1024,ok,1024,,38,33,0.6962890625,0.310546875,False,15,1009,0,423221,0.0146484375,1.0,0.028873917228103944,0.002378426796784763,0.0,7,7,3,3,0,581,100,2,2,3,0.10409514605998993,0.10388605296611786,0.1041443943977356,0.004977710545063019,0.10907285660505295,,,True,,,,,,
Five Dir Case 3,all,shared_context,typed_time_only,4096,ok,4096,,38,35,0.71630859375,0.27197265625,False,15,4081,0,420149,0.003662109375,1.0,0.0072974945268791044,0.009619781722179007,0.0,7,7,3,3,0,2280,252,2,2,1,0.11034859344363213,0.11034859344363213,0.11034859344363213,0.004977710545063019,0.11532630398869514,,,True,,,,,,
Five Dir Case 3,all,shared_context,degree_ppr,64,ok,64,,38,1,1.0,0.890625,False,15,49,0,424181,0.234375,1.0,0.379746835443038,0.00011550338259906183,0.0,7,7,3,3,0,13,6,2,2,1,0.08519801869988441,0.08519801869988441,0.08519801869988441,0.24400880187749863,0.32920682057738304,,,True,,,,,,
Five Dir Case 3,all,shared_context,degree_ppr,256,ok,256,,38,1,1.0,0.9296875,False,15,241,0,423989,0.05859375,1.0,0.11070110701107011,0.000568088065436202,0.0,7,7,3,3,0,20,5,2,2,1,0.08432215079665184,0.08432215079665184,0.08432215079665184,0.24400880187749863,0.32833095267415047,,,True,,,,,,
Five Dir Case 3,all,shared_context,degree_ppr,1024,ok,1024,,38,1,1.0,0.9560546875,False,15,1009,0,423221,0.0146484375,1.0,0.028873917228103944,0.002378426796784763,0.0,7,7,3,3,0,219,3,2,2,3,0.08388755097985268,0.08376050740480423,0.08420757204294205,0.24400880187749863,0.3278963528573513,,,True,,,,,,
Five Dir Case 3,all,shared_context,degree_ppr,4096,ok,4096,,38,1,1.0,0.908203125,False,15,4081,0,420149,0.003662109375,1.0,0.0072974945268791044,0.009619781722179007,0.0,7,7,3,3,0,926,1,2,2,1,0.0846366435289383,0.0846366435289383,0.0846366435289383,0.24400880187749863,0.3286454454064369,,,True,,,,,,
Five Dir Case 3,all,shared_context,degree_heat,64,ok,64,,38,1,1.0,0.890625,False,15,49,0,424181,0.234375,1.0,0.379746835443038,0.00011550338259906183,0.0,7,7,3,3,0,13,6,2,2,1,0.0850067101418972,0.0850067101418972,0.0850067101418972,0.0818687379360199,0.1668754480779171,,,True,,,,,,
Five Dir Case 3,all,shared_context,degree_heat,256,ok,256,,38,1,1.0,0.7734375,False,15,241,0,423989,0.05859375,1.0,0.11070110701107011,0.000568088065436202,0.0,7,7,3,3,0,112,5,2,2,1,0.0841507762670517,0.0841507762670517,0.0841507762670517,0.0818687379360199,0.1660195142030716,,,True,,,,,,
Five Dir Case 3,all,shared_context,degree_heat,1024,ok,1024,,38,1,1.0,0.7529296875,False,15,1009,0,423221,0.0146484375,1.0,0.028873917228103944,0.002378426796784763,0.0,7,7,3,3,0,255,4,2,2,3,0.08520510047674179,0.0851500928401947,0.08606652542948723,0.0818687379360199,0.1670738384127617,,,True,,,,,,
Five Dir Case 3,all,shared_context,degree_heat,4096,ok,4096,,38,1,1.0,0.9033203125,False,15,4081,0,420149,0.003662109375,1.0,0.0072974945268791044,0.009619781722179007,0.0,7,7,3,3,0,913,1,2,2,1,0.08484039828181267,0.08484039828181267,0.08484039828181267,0.0818687379360199,0.16670913621783257,,,True,,,,,,
Five Dir Case 3,drop-0,poi_only,typed_temporal,1024,ok,1024,,1,12,0.8349609375,0.517578125,False,6,1018,9,423212,0.005859375,0.4,0.011549566891241578,0.0023996417037927538,0.6,5,7,3,3,0,577,10,1,1,1,0.10391760617494583,0.10391760617494583,0.10391760617494583,0.7338282130658627,0.8377458192408085,,,True,,,,,,
Five Dir Case 3,drop-0,poi_only,time_only,1024,ok,1024,,1,12,0.8876953125,0.376953125,False,5,1019,10,423211,0.0048828125,0.3333333333333333,0.009624639076034648,0.002401998915682531,0.6666666666666666,4,7,2,3,0,208,163,1,1,1,0.09478486329317093,0.09478486329317093,0.09478486329317093,0.003432050347328186,0.09821691364049911,,,True,,,,,,
Five Dir Case 3,drop-0,poi_only,typed_time_only,1024,ok,1024,,1,25,0.701171875,0.19921875,False,4,1020,11,423210,0.00390625,0.26666666666666666,0.007699711260827719,0.0024043561275723076,0.7333333333333333,4,7,2,3,0,514,126,0,1,1,0.10302755981683731,0.10302755981683731,0.10302755981683731,0.003432050347328186,0.1064596101641655,,,True,,,,,,
Five Dir Case 3,drop-0,shared_context,typed_temporal,1024,ok,1024,,24,12,0.8349609375,0.5185546875,False,6,1018,9,423212,0.005859375,0.4,0.011549566891241578,0.0023996417037927538,0.6,5,7,3,3,0,578,11,1,1,1,0.10296913608908653,0.10296913608908653,0.10296913608908653,0.7338282130658627,0.8367973491549492,,,True,,,,,,
Five Dir Case 3,drop-0,shared_context,time_only,1024,ok,1024,,24,12,0.890625,0.3271484375,False,5,1019,10,423211,0.0048828125,0.3333333333333333,0.009624639076034648,0.002401998915682531,0.6666666666666666,4,7,2,3,0,204,168,1,1,1,0.09451250359416008,0.09451250359416008,0.09451250359416008,0.003432050347328186,0.09794455394148827,,,True,,,,,,
Five Dir Case 3,drop-0,shared_context,typed_time_only,1024,ok,1024,,24,25,0.701171875,0.21875,False,5,1019,10,423211,0.0048828125,0.3333333333333333,0.009624639076034648,0.002401998915682531,0.6666666666666666,4,7,2,3,0,517,123,1,1,1,0.10315114632248878,0.10315114632248878,0.10315114632248878,0.003432050347328186,0.10658319666981697,,,True,,,,,,
Five Dir Case 3,drop-1,poi_only,typed_temporal,1024,ok,1024,,1,15,0.875,0.8193359375,False,15,1009,0,423221,0.0146484375,1.0,0.028873917228103944,0.002378426796784763,0.0,7,7,3,3,0,681,14,1,1,1,0.10498428344726562,0.10498428344726562,0.10498428344726562,0.7593529708683491,0.8643372543156147,,,True,,,,,,
Five Dir Case 3,drop-1,poi_only,time_only,1024,ok,1024,,1,10,0.943359375,0.7197265625,False,10,1014,5,423216,0.009765625,0.6666666666666666,0.019249278152069296,0.002390212856233647,0.3333333333333333,3,7,1,3,0,384,56,1,1,1,0.0954737477004528,0.0954737477004528,0.0954737477004528,0.003291696310043335,0.09876544401049614,,,True,,,,,,
Five Dir Case 3,drop-1,poi_only,typed_time_only,1024,ok,1024,,1,23,0.7001953125,0.26171875,False,11,1013,4,423217,0.0107421875,0.7333333333333333,0.021174205967276226,0.0023878556443438703,0.26666666666666666,4,7,2,3,0,641,55,1,1,1,0.1041085533797741,0.1041085533797741,0.1041085533797741,0.003291696310043335,0.10740024968981743,,,True,,,,,,
Five Dir Case 3,drop-1,shared_context,typed_temporal,1024,ok,1024,,2,15,0.875,0.8193359375,False,15,1009,0,423221,0.0146484375,1.0,0.028873917228103944,0.002378426796784763,0.0,7,7,3,3,0,681,14,1,1,1,0.10406389087438583,0.10406389087438583,0.10406389087438583,0.7593529708683491,0.8634168617427349,,,True,,,,,,
Five Dir Case 3,drop-1,shared_context,time_only,1024,ok,1024,,2,10,0.943359375,0.7197265625,False,10,1014,5,423216,0.009765625,0.6666666666666666,0.019249278152069296,0.002390212856233647,0.3333333333333333,3,7,1,3,0,384,56,1,1,1,0.09552885964512825,0.09552885964512825,0.09552885964512825,0.003291696310043335,0.09882055595517159,,,True,,,,,,
Five Dir Case 3,drop-1,shared_context,typed_time_only,1024,ok,1024,,2,23,0.7001953125,0.26171875,False,11,1013,4,423217,0.0107421875,0.7333333333333333,0.021174205967276226,0.0023878556443438703,0.26666666666666666,4,7,2,3,0,641,55,1,1,1,0.10767606645822525,0.10767606645822525,0.10767606645822525,0.003291696310043335,0.11096776276826859,,,True,,,,,,
Five Dir Case 3,all,poi_only,temporal_portfolio,64,ok,64,,2,6,0.921875,0.734375,,8,56,7,424174,0.125,0.5333333333333333,0.20253164556962025,0.00013200386582749925,0.4666666666666667,6,7,3,3,0,46,8,2,2,1,0.19738880172371864,0.19738880172371864,0.19738880172371864,1.0643362365663052,1.2617250382900238,,,,True,,,,,
Five Dir Case 3,all,poi_only,temporal_portfolio,256,ok,256,,2,8,0.84375,0.7734375,,14,242,1,423988,0.0546875,0.9333333333333333,0.1033210332103321,0.0005704452773259788,0.06666666666666667,6,7,3,3,0,178,9,2,2,1,0.19597239047288895,0.19597239047288895,0.19597239047288895,1.0643362365663052,1.260308627039194,,,,True,,,,,
Five Dir Case 3,all,poi_only,temporal_portfolio,1024,ok,1024,,2,12,0.9091796875,0.6630859375,,15,1009,0,423221,0.0146484375,1.0,0.028873917228103944,0.002378426796784763,0.0,7,7,3,3,0,478,10,2,2,3,0.19843203574419022,0.19561177492141724,0.2027147077023983,1.0643362365663052,1.2627682723104954,,,,True,,,,,
Five Dir Case 3,all,poi_only,temporal_portfolio,4096,ok,4096,,2,13,0.915283203125,0.664306640625,,15,4081,0,420149,0.003662109375,1.0,0.0072974945268791044,0.009619781722179007,0.0,7,7,3,3,0,1914,8,2,2,1,0.19709815829992294,0.19709815829992294,0.19709815829992294,1.0643362365663052,1.261434394866228,,,,True,,,,,
Five Dir Case 3,all,poi_only,static_portfolio,64,ok,64,,2,6,0.921875,0.65625,,8,56,7,424174,0.125,0.5333333333333333,0.20253164556962025,0.00013200386582749925,0.4666666666666667,6,7,3,3,0,46,10,2,2,1,0.17328047007322311,0.17328047007322311,0.17328047007322311,0.8314982615411282,1.0047787316143513,,,,True,,,,,
Five Dir Case 3,all,poi_only,static_portfolio,256,ok,256,,2,8,0.83984375,0.77734375,,14,242,1,423988,0.0546875,0.9333333333333333,0.1033210332103321,0.0005704452773259788,0.06666666666666667,6,7,3,3,0,179,16,2,2,1,0.17331519722938538,0.17331519722938538,0.17331519722938538,0.8314982615411282,1.0048134587705135,,,,True,,,,,
Five Dir Case 3,all,poi_only,static_portfolio,1024,ok,1024,,2,13,0.916015625,0.7509765625,,15,1009,0,423221,0.0146484375,1.0,0.028873917228103944,0.002378426796784763,0.0,7,7,3,3,0,471,53,2,2,3,0.1738496869802475,0.17351187765598297,0.1740722693502903,0.8314982615411282,1.0053479485213757,,,,True,,,,,
Five Dir Case 3,all,poi_only,static_portfolio,4096,ok,4096,,2,10,0.90478515625,0.729248046875,,15,4081,0,420149,0.003662109375,1.0,0.0072974945268791044,0.009619781722179007,0.0,7,7,3,3,0,1840,154,2,2,1,0.17852477729320526,0.17852477729320526,0.17852477729320526,0.8314982615411282,1.0100230388343334,,,,True,,,,,
Five Dir Case 3,all,poi_only,rerank_portfolio,64,ok,64,,2,6,0.921875,0.734375,,8,56,7,424174,0.125,0.5333333333333333,0.20253164556962025,0.00013200386582749925,0.4666666666666667,6,7,3,3,0,47,8,2,2,1,0.19558032229542732,0.19558032229542732,0.19558032229542732,0.8365494459867477,1.032129768282175,,,,True,,,,,
Five Dir Case 3,all,poi_only,rerank_portfolio,256,ok,256,,2,8,0.84375,0.79296875,,14,242,1,423988,0.0546875,0.9333333333333333,0.1033210332103321,0.0005704452773259788,0.06666666666666667,6,7,3,3,0,181,10,2,2,1,0.19595903530716896,0.19595903530716896,0.19595903530716896,0.8365494459867477,1.0325084812939167,,,,True,,,,,
Five Dir Case 3,all,poi_only,rerank_portfolio,1024,ok,1024,,2,12,0.9091796875,0.6728515625,,15,1009,0,423221,0.0146484375,1.0,0.028873917228103944,0.002378426796784763,0.0,7,7,3,3,0,475,14,2,2,3,0.196345005184412,0.19493809714913368,0.19822078198194504,0.8365494459867477,1.0328944511711597,,,,True,,,,,
Five Dir Case 3,all,poi_only,rerank_portfolio,4096,ok,4096,,2,12,0.915283203125,0.654541015625,,15,4081,0,420149,0.003662109375,1.0,0.0072974945268791044,0.009619781722179007,0.0,7,7,3,3,0,1902,25,2,2,1,0.19657377526164055,0.19657377526164055,0.19657377526164055,0.8365494459867477,1.0331232212483883,,,,True,,,,,
Five Dir Case 3,all,poi_only,portfolio_quarter,64,ok,64,,2,7,0.84375,0.671875,,9,55,6,424175,0.140625,0.6,0.22784810126582278,0.00012964665393772247,0.4,6,7,3,3,0,38,9,2,2,1,0.19628462940454483,0.19628462940454483,0.19628462940454483,1.0643362365663052,1.26062086597085,,,,True,,,,,
Five Dir Case 3,all,poi_only,portfolio_quarter,256,ok,256,,2,10,0.78125,0.671875,,15,241,0,423989,0.05859375,1.0,0.11070110701107011,0.000568088065436202,0.0,7,7,3,3,0,166,11,2,2,1,0.1962985023856163,0.1962985023856163,0.1962985023856163,1.0643362365663052,1.2606347389519215,,,,True,,,,,
Five Dir Case 3,all,poi_only,portfolio_quarter,1024,ok,1024,,2,14,0.8720703125,0.6669921875,,15,1009,0,423221,0.0146484375,1.0,0.028873917228103944,0.002378426796784763,0.0,7,7,3,3,0,568,11,2,2,3,0.1962280571460724,0.19621235132217407,0.19645526260137558,1.0643362365663052,1.2605642937123775,,,,True,,,,,
Five Dir Case 3,all,poi_only,portfolio_quarter,4096,ok,4096,,2,12,0.88427734375,0.5615234375,,15,4081,0,420149,0.003662109375,1.0,0.0072974945268791044,0.009619781722179007,0.0,7,7,3,3,0,2162,15,2,2,1,0.20078842341899872,0.20078842341899872,0.20078842341899872,1.0643362365663052,1.2651246599853039,,,,True,,,,,
Five Dir Case 3,all,poi_only,portfolio_three_quarters,64,ok,64,,2,5,0.953125,0.625,,7,57,8,424173,0.109375,0.4666666666666667,0.17721518987341772,0.000134361077717276,0.5333333333333333,6,7,3,3,0,53,7,2,2,1,0.1977333314716816,0.1977333314716816,0.1977333314716816,1.0643362365663052,1.2620695680379868,,,,True,,,,,
Five Dir Case 3,all,poi_only,portfolio_three_quarters,256,ok,256,,2,7,0.9140625,0.8671875,,14,242,1,423988,0.0546875,0.9333333333333333,0.1033210332103321,0.0005704452773259788,0.06666666666666667,6,7,3,3,0,142,7,2,2,1,0.1953323595225811,0.1953323595225811,0.1953323595225811,1.0643362365663052,1.2596685960888863,,,,True,,,,,
Five Dir Case 3,all,poi_only,portfolio_three_quarters,1024,ok,1024,,2,8,0.9140625,0.7666015625,,15,1009,0,423221,0.0146484375,1.0,0.028873917228103944,0.002378426796784763,0.0,7,7,3,3,0,351,6,2,2,3,0.19565460458397865,0.19545810669660568,0.19624315202236176,1.0643362365663052,1.2599908411502838,,,,True,,,,,
Five Dir Case 3,all,poi_only,portfolio_three_quarters,4096,ok,4096,,2,12,0.933349609375,0.69921875,,15,4081,0,420149,0.003662109375,1.0,0.0072974945268791044,0.009619781722179007,0.0,7,7,3,3,0,1450,11,2,2,1,0.19902610778808594,0.19902610778808594,0.19902610778808594,1.0643362365663052,1.263362344354391,,,,True,,,,,
Five Dir Case 3,all,shared_context,temporal_portfolio,64,ok,64,,38,6,0.90625,0.734375,,15,49,0,424181,0.234375,1.0,0.379746835443038,0.00011550338259906183,0.0,7,7,3,3,0,29,8,2,2,1,0.1953011006116867,0.1953011006116867,0.1953011006116867,1.0643362365663052,1.2596373371779919,,,,True,,,,,
Five Dir Case 3,all,shared_context,temporal_portfolio,256,ok,256,,38,8,0.84375,0.7734375,,15,241,0,423989,0.05859375,1.0,0.11070110701107011,0.000568088065436202,0.0,7,7,3,3,0,174,10,2,2,1,0.1952156163752079,0.1952156163752079,0.1952156163752079,1.0643362365663052,1.259551852941513,,,,True,,,,,
Five Dir Case 3,all,shared_context,temporal_portfolio,1024,ok,1024,,38,12,0.9072265625,0.6865234375,,15,1009,0,423221,0.0146484375,1.0,0.028873917228103944,0.002378426796784763,0.0,7,7,3,3,0,486,8,2,2,3,0.19744638726115227,0.19677315652370453,0.2000182308256626,1.0643362365663052,1.2617826238274574,,,,True,,,,,
Five Dir Case 3,all,shared_context,temporal_portfolio,4096,ok,4096,,38,13,0.915283203125,0.664306640625,,15,4081,0,420149,0.003662109375,1.0,0.0072974945268791044,0.009619781722179007,0.0,7,7,3,3,0,1917,8,2,2,1,0.19984542578458786,0.19984542578458786,0.19984542578458786,1.0643362365663052,1.264181662350893,,,,True,,,,,
Five Dir Case 3,all,shared_context,static_portfolio,64,ok,64,,38,6,0.90625,0.75,,15,49,0,424181,0.234375,1.0,0.379746835443038,0.00011550338259906183,0.0,7,7,3,3,0,29,9,2,2,1,0.17674250528216362,0.17674250528216362,0.17674250528216362,0.8314982615411282,1.0082407668232918,,,,True,,,,,
Five Dir Case 3,all,shared_context,static_portfolio,256,ok,256,,38,7,0.84375,0.7734375,,15,241,0,423989,0.05859375,1.0,0.11070110701107011,0.000568088065436202,0.0,7,7,3,3,0,175,18,2,2,1,0.17681865021586418,0.17681865021586418,0.17681865021586418,0.8314982615411282,1.0083169117569923,,,,True,,,,,
Five Dir Case 3,all,shared_context,static_portfolio,1024,ok,1024,,38,13,0.9140625,0.7646484375,,15,1009,0,423221,0.0146484375,1.0,0.028873917228103944,0.002378426796784763,0.0,7,7,3,3,0,479,56,2,2,3,0.17453838139772415,0.17396340519189835,0.17621945217251778,0.8314982615411282,1.0060366429388523,,,,True,,,,,
Five Dir Case 3,all,shared_context,static_portfolio,4096,ok,4096,,38,10,0.90478515625,0.7294921875,,15,4081,0,420149,0.003662109375,1.0,0.0072974945268791044,0.009619781722179007,0.0,7,7,3,3,0,1844,156,2,2,1,0.17511333897709846,0.17511333897709846,0.17511333897709846,0.8314982615411282,1.0066116005182266,,,,True,,,,,
Five Dir Case 3,all,shared_context,rerank_portfolio,64,ok,64,,38,6,0.90625,0.734375,,15,49,0,424181,0.234375,1.0,0.379746835443038,0.00011550338259906183,0.0,7,7,3,3,0,30,7,2,2,1,0.19485707953572273,0.19485707953572273,0.19485707953572273,0.8365494459867477,1.0314065255224705,,,,True,,,,,
Five Dir Case 3,all,shared_context,rerank_portfolio,256,ok,256,,38,7,0.84375,0.78515625,,15,241,0,423989,0.05859375,1.0,0.11070110701107011,0.000568088065436202,0.0,7,7,3,3,0,177,11,2,2,1,0.19507595896720886,0.19507595896720886,0.19507595896720886,0.8365494459867477,1.0316254049539566,,,,True,,,,,
Five Dir Case 3,all,shared_context,rerank_portfolio,1024,ok,1024,,38,12,0.9072265625,0.705078125,,15,1009,0,423221,0.0146484375,1.0,0.028873917228103944,0.002378426796784763,0.0,7,7,3,3,0,484,14,2,2,3,0.19634350761771202,0.19545680657029152,0.19851192459464073,0.8365494459867477,1.0328929536044598,,,,True,,,,,
Five Dir Case 3,all,shared_context,rerank_portfolio,4096,ok,4096,,38,12,0.914794921875,0.654052734375,,15,4081,0,420149,0.003662109375,1.0,0.0072974945268791044,0.009619781722179007,0.0,7,7,3,3,0,1901,27,2,2,1,0.1958857662975788,0.1958857662975788,0.1958857662975788,0.8365494459867477,1.0324352122843266,,,,True,,,,,
Five Dir Case 3,all,shared_context,portfolio_quarter,64,ok,64,,38,6,0.90625,0.734375,,15,49,0,424181,0.234375,1.0,0.379746835443038,0.00011550338259906183,0.0,7,7,3,3,0,29,8,2,2,1,0.19491199031472206,0.19491199031472206,0.19491199031472206,1.0643362365663052,1.2592482268810272,,,,True,,,,,
Five Dir Case 3,all,shared_context,portfolio_quarter,256,ok,256,,38,9,0.765625,0.63671875,,15,241,0,423989,0.05859375,1.0,0.11070110701107011,0.000568088065436202,0.0,7,7,3,3,0,148,12,2,2,1,0.1948985531926155,0.1948985531926155,0.1948985531926155,1.0643362365663052,1.2592347897589207,,,,True,,,,,
Five Dir Case 3,all,shared_context,portfolio_quarter,1024,ok,1024,,38,14,0.8720703125,0.6923828125,,15,1009,0,423221,0.0146484375,1.0,0.028873917228103944,0.002378426796784763,0.0,7,7,3,3,0,570,12,2,2,3,0.1960945911705494,0.1958407573401928,0.19704824313521385,1.0643362365663052,1.2604308277368546,,,,True,,,,,
Five Dir Case 3,all,shared_context,portfolio_quarter,4096,ok,4096,,38,12,0.88427734375,0.568115234375,,15,4081,0,420149,0.003662109375,1.0,0.0072974945268791044,0.009619781722179007,0.0,7,7,3,3,0,2162,17,2,2,1,0.19883722439408302,0.19883722439408302,0.19883722439408302,1.0643362365663052,1.2631734609603882,,,,True,,,,,
Five Dir Case 3,all,shared_context,portfolio_three_quarters,64,ok,64,,38,5,0.921875,0.78125,,15,49,0,424181,0.234375,1.0,0.379746835443038,0.00011550338259906183,0.0,7,7,3,3,0,30,7,2,2,1,0.1961629018187523,0.1961629018187523,0.1961629018187523,1.0643362365663052,1.2604991383850574,,,,True,,,,,
Five Dir Case 3,all,shared_context,portfolio_three_quarters,256,ok,256,,38,8,0.91015625,0.86328125,,15,241,0,423989,0.05859375,1.0,0.11070110701107011,0.000568088065436202,0.0,7,7,3,3,0,149,9,2,2,1,0.19894294440746307,0.19894294440746307,0.19894294440746307,1.0643362365663052,1.2632791809737682,,,,True,,,,,
Five Dir Case 3,all,shared_context,portfolio_three_quarters,1024,ok,1024,,38,7,0.9521484375,0.771484375,,15,1009,0,423221,0.0146484375,1.0,0.028873917228103944,0.002378426796784763,0.0,7,7,3,3,0,359,8,2,2,3,0.19517278298735619,0.19488835707306862,0.19534410163760185,1.0643362365663052,1.2595090195536613,,,,True,,,,,
Five Dir Case 3,all,shared_context,portfolio_three_quarters,4096,ok,4096,,38,12,0.932861328125,0.699951171875,,15,4081,0,420149,0.003662109375,1.0,0.0072974945268791044,0.009619781722179007,0.0,7,7,3,3,0,1452,13,2,2,1,0.19575420394539833,0.19575420394539833,0.19575420394539833,1.0643362365663052,1.2600904405117035,,,,True,,,,,
Five Dir Case 3,drop-0,poi_only,temporal_portfolio,1024,ok,1024,,1,14,0.8876953125,0.6298828125,,6,1018,9,423212,0.005859375,0.4,0.011549566891241578,0.0023996417037927538,0.6,5,7,3,3,0,467,9,1,1,1,0.19986416399478912,0.19986416399478912,0.19986416399478912,0.7356189675629139,0.935483131557703,,,,True,,,,,
Five Dir Case 3,drop-0,poi_only,static_portfolio,1024,ok,1024,,1,14,0.841796875,0.6328125,,6,1018,9,423212,0.005859375,0.4,0.011549566891241578,0.0023996417037927538,0.6,5,7,3,3,0,460,61,1,1,1,0.1763584204018116,0.1763584204018116,0.1763584204018116,0.7287511676549911,0.9051095880568027,,,,True,,,,,
Five Dir Case 3,drop-0,poi_only,rerank_portfolio,1024,ok,1024,,1,14,0.8857421875,0.626953125,,6,1018,9,423212,0.005859375,0.4,0.011549566891241578,0.0023996417037927538,0.6,5,7,3,3,0,464,10,1,1,1,0.19823019951581955,0.19823019951581955,0.19823019951581955,0.732310101389885,0.9305403009057045,,,,True,,,,,
Five Dir Case 3,drop-0,shared_context,temporal_portfolio,1024,ok,1024,,24,14,0.8857421875,0.625,,6,1018,9,423212,0.005859375,0.4,0.011549566891241578,0.0023996417037927538,0.6,5,7,3,3,0,471,11,1,1,1,0.20057134330272675,0.20057134330272675,0.20057134330272675,0.7356189675629139,0.9361903108656406,,,,True,,,,,
Five Dir Case 3,drop-0,shared_context,static_portfolio,1024,ok,1024,,24,14,0.8388671875,0.6318359375,,6,1018,9,423212,0.005859375,0.4,0.011549566891241578,0.0023996417037927538,0.6,5,7,3,3,0,466,62,1,1,1,0.1760811060667038,0.1760811060667038,0.1760811060667038,0.7287511676549911,0.904832273721695,,,,True,,,,,
Five Dir Case 3,drop-0,shared_context,rerank_portfolio,1024,ok,1024,,24,14,0.884765625,0.6220703125,,6,1018,9,423212,0.005859375,0.4,0.011549566891241578,0.0023996417037927538,0.6,5,7,3,3,0,470,10,1,1,1,0.20387466996908188,0.20387466996908188,0.20387466996908188,0.732310101389885,0.9361847713589668,,,,True,,,,,
Five Dir Case 3,drop-1,poi_only,temporal_portfolio,1024,ok,1024,,1,13,0.912109375,0.8623046875,,15,1009,0,423221,0.0146484375,1.0,0.028873917228103944,0.002378426796784763,0.0,7,7,3,3,0,725,11,1,1,1,0.19697196781635284,0.19697196781635284,0.19697196781635284,0.745470367372036,0.9424423351883888,,,,True,,,,,
Five Dir Case 3,drop-1,poi_only,static_portfolio,1024,ok,1024,,1,10,0.927734375,0.873046875,,15,1009,0,423221,0.0146484375,1.0,0.028873917228103944,0.002378426796784763,0.0,7,7,3,3,0,762,48,1,1,1,0.1739443838596344,0.1739443838596344,0.1739443838596344,0.7332136705517769,0.9071580544114113,,,,True,,,,,
Five Dir Case 3,drop-1,poi_only,rerank_portfolio,1024,ok,1024,,1,13,0.912109375,0.86328125,,15,1009,0,423221,0.0146484375,1.0,0.028873917228103944,0.002378426796784763,0.0,7,7,3,3,0,733,9,1,1,1,0.19539612531661987,0.19539612531661987,0.19539612531661987,0.7370535805821419,0.9324497058987617,,,,True,,,,,
Five Dir Case 3,drop-1,shared_context,temporal_portfolio,1024,ok,1024,,2,13,0.912109375,0.8623046875,,15,1009,0,423221,0.0146484375,1.0,0.028873917228103944,0.002378426796784763,0.0,7,7,3,3,0,725,11,1,1,1,0.19584624469280243,0.19584624469280243,0.19584624469280243,0.745470367372036,0.9413166120648384,,,,True,,,,,
Five Dir Case 3,drop-1,shared_context,static_portfolio,1024,ok,1024,,2,10,0.927734375,0.873046875,,15,1009,0,423221,0.0146484375,1.0,0.028873917228103944,0.002378426796784763,0.0,7,7,3,3,0,762,48,1,1,1,0.1738310195505619,0.1738310195505619,0.1738310195505619,0.7332136705517769,0.9070446901023388,,,,True,,,,,
Five Dir Case 3,drop-1,shared_context,rerank_portfolio,1024,ok,1024,,2,13,0.912109375,0.86328125,,15,1009,0,423221,0.0146484375,1.0,0.028873917228103944,0.002378426796784763,0.0,7,7,3,3,0,733,9,1,1,1,0.19569456577301025,0.19569456577301025,0.19569456577301025,0.7370535805821419,0.9327481463551521,,,,True,,,,,
Five Dir Case 3,all,poi_only,witness_temporal,64,ok,64,,2,1,1.0,1.0,,6,58,9,424172,0.09375,0.4,0.1518987341772152,0.00013671828960705278,0.6,5,7,2,3,0,40,19,2,2,1,0.09246871247887611,0.09246871247887611,0.09246871247887611,1.0815004967153072,1.1739692091941833,,,,,True,,,,
Five Dir Case 3,all,poi_only,witness_temporal,256,ok,256,,2,1,1.0,1.0,,13,243,2,423987,0.05078125,0.8666666666666667,0.0959409594095941,0.0005728024892157557,0.13333333333333333,5,7,2,3,0,182,32,2,2,1,0.09260260313749313,0.09260260313749313,0.09260260313749313,1.0815004967153072,1.1741030998528004,,,,,True,,,,
Five Dir Case 3,all,poi_only,witness_temporal,1024,ok,1024,,2,1,1.0,1.0,,14,1010,1,423220,0.013671875,0.9333333333333333,0.026948989412897015,0.0023807840086745398,0.06666666666666667,6,7,3,3,0,469,70,2,2,3,0.09565665572881699,0.09553827345371246,0.09586722031235695,1.0815004967153072,1.1771571524441242,,,,,True,,,,
Five Dir Case 3,all,poi_only,witness_temporal,4096,ok,4096,,2,1,1.0,1.0,,14,4082,1,420148,0.00341796875,0.9333333333333333,0.006810994891753831,0.009622138934068783,0.06666666666666667,6,7,3,3,0,1963,139,2,2,1,0.11347122490406036,0.11347122490406036,0.11347122490406036,1.0815004967153072,1.1949717216193676,,,,,True,,,,
Five Dir Case 3,all,poi_only,witness_static,64,ok,64,,2,1,1.0,1.0,,6,58,9,424172,0.09375,0.4,0.1518987341772152,0.00013671828960705278,0.6,5,7,2,3,0,40,19,2,2,1,0.0844932571053505,0.0844932571053505,0.0844932571053505,0.856226708739996,0.9407199658453465,,,,,True,,,,
Five Dir Case 3,all,poi_only,witness_static,256,ok,256,,2,1,1.0,1.0,,13,243,2,423987,0.05078125,0.8666666666666667,0.0959409594095941,0.0005728024892157557,0.13333333333333333,5,7,2,3,0,177,38,2,2,1,0.08522798866033554,0.08522798866033554,0.08522798866033554,0.856226708739996,0.9414546974003315,,,,,True,,,,
Five Dir Case 3,all,poi_only,witness_static,1024,ok,1024,,2,1,1.0,1.0,,14,1010,1,423220,0.013671875,0.9333333333333333,0.026948989412897015,0.0023807840086745398,0.06666666666666667,6,7,3,3,0,473,93,2,2,3,0.08775835484266281,0.08763826638460159,0.08781703934073448,0.856226708739996,0.9439850635826588,,,,,True,,,,
Five Dir Case 3,all,poi_only,witness_static,4096,ok,4096,,2,1,1.0,1.0,,14,4082,1,420148,0.00341796875,0.9333333333333333,0.006810994891753831,0.009622138934068783,0.06666666666666667,6,7,3,3,0,1901,237,2,2,1,0.10536917299032211,0.10536917299032211,0.10536917299032211,0.856226708739996,0.9615958817303181,,,,,True,,,,
Five Dir Case 3,all,poi_only,witness_rerank,64,ok,64,,2,1,1.0,1.0,,6,58,9,424172,0.09375,0.4,0.1518987341772152,0.00013671828960705278,0.6,5,7,2,3,0,41,18,2,2,1,0.09164922311902046,0.09164922311902046,0.09164922311902046,0.8612961359322071,0.9529453590512276,,,,,True,,,,
Five Dir Case 3,all,poi_only,witness_rerank,256,ok,256,,2,1,1.0,1.0,,13,243,2,423987,0.05078125,0.8666666666666667,0.0959409594095941,0.0005728024892157557,0.13333333333333333,5,7,2,3,0,183,31,2,2,1,0.09228579699993134,0.09228579699993134,0.09228579699993134,0.8612961359322071,0.9535819329321384,,,,,True,,,,
Five Dir Case 3,all,poi_only,witness_rerank,1024,ok,1024,,2,1,1.0,1.0,,14,1010,1,423220,0.013671875,0.9333333333333333,0.026948989412897015,0.0023807840086745398,0.06666666666666667,6,7,3,3,0,477,64,2,2,3,0.09550321474671364,0.09535862877964973,0.09572094678878784,0.8612961359322071,0.9567993506789207,,,,,True,,,,
Five Dir Case 3,all,poi_only,witness_rerank,4096,ok,4096,,2,1,1.0,1.0,,14,4082,1,420148,0.00341796875,0.9333333333333333,0.006810994891753831,0.009622138934068783,0.06666666666666667,6,7,3,3,0,1961,133,2,2,1,0.11260956525802612,0.11260956525802612,0.11260956525802612,0.8612961359322071,0.9739057011902332,,,,,True,,,,
Five Dir Case 3,all,poi_only,witness_global,64,ok,64,,2,1,1.0,1.0,,4,60,11,424170,0.0625,0.26666666666666666,0.10126582278481013,0.0001414327133866063,0.7333333333333333,3,7,2,3,0,59,1,2,2,1,0.09133456274867058,0.09133456274867058,0.09133456274867058,0.8612961359322071,0.9526306986808777,,,,,True,,,,
Five Dir Case 3,all,poi_only,witness_global,256,ok,256,,2,1,1.0,1.0,,12,244,3,423986,0.046875,0.8,0.08856088560885608,0.0005751597011055324,0.2,4,7,2,3,0,103,2,2,2,1,0.0911123938858509,0.0911123938858509,0.0911123938858509,0.8612961359322071,0.952408529818058,,,,,True,,,,
Five Dir Case 3,all,poi_only,witness_global,1024,ok,1024,,2,1,1.0,1.0,,12,1012,3,423218,0.01171875,0.8,0.023099133782483156,0.002385498432454093,0.2,4,7,2,3,0,278,10,2,2,3,0.09331973642110825,0.09299041330814362,0.09352658316493034,0.8612961359322071,0.9546158723533154,,,,,True,,,,
Five Dir Case 3,all,poi_only,witness_global,4096,ok,4096,,2,1,1.0,1.0,,13,4083,2,420147,0.003173828125,0.8666666666666667,0.006324495256628557,0.009624496145958561,0.13333333333333333,5,7,2,3,0,937,18,2,2,1,0.10092637687921524,0.10092637687921524,0.10092637687921524,0.8612961359322071,0.9622225128114223,,,,,True,,,,
Five Dir Case 3,all,poi_only,witness_time_only,64,ok,64,,2,1,1.0,1.0,,5,59,10,424171,0.078125,0.3333333333333333,0.12658227848101267,0.00013907550149682956,0.6666666666666666,4,7,2,3,0,23,33,1,2,1,0.08713920786976814,0.08713920786976814,0.08713920786976814,0.0048221200704574585,0.0919613279402256,,,,,True,,,,
Five Dir Case 3,all,poi_only,witness_time_only,256,ok,256,,2,1,1.0,1.0,,10,246,5,423984,0.0390625,0.6666666666666666,0.07380073800738007,0.000579874124885086,0.3333333333333333,5,7,2,3,0,113,81,1,2,1,0.08820659667253494,0.08820659667253494,0.08820659667253494,0.0048221200704574585,0.0930287167429924,,,,,True,,,,
Five Dir Case 3,all,poi_only,witness_time_only,1024,ok,1024,,2,1,1.0,1.0,,13,1011,2,423219,0.0126953125,0.8666666666666667,0.025024061597690085,0.0023831412205643165,0.13333333333333333,6,7,3,3,0,468,190,1,2,3,0.091962069272995,0.09182335436344147,0.09224506467580795,0.0048221200704574585,0.09678418934345245,,,,,True,,,,
Five Dir Case 3,all,poi_only,witness_time_only,4096,ok,4096,,2,1,1.0,1.0,,14,4082,1,420148,0.00341796875,0.9333333333333333,0.006810994891753831,0.009622138934068783,0.06666666666666667,6,7,3,3,0,2061,297,2,2,1,0.10916240513324738,0.10916240513324738,0.10916240513324738,0.0048221200704574585,0.11398452520370483,,,,,True,,,,
Five Dir Case 3,all,shared_context,witness_temporal,64,ok,64,,38,1,1.0,0.890625,,15,49,0,424181,0.234375,1.0,0.379746835443038,0.00011550338259906183,0.0,7,7,3,3,0,25,16,2,2,1,0.09195652231574059,0.09195652231574059,0.09195652231574059,1.0815004967153072,1.1734570190310478,,,,,True,,,,
Five Dir Case 3,all,shared_context,witness_temporal,256,ok,256,,38,1,1.0,0.9921875,,15,241,0,423989,0.05859375,1.0,0.11070110701107011,0.000568088065436202,0.0,7,7,3,3,0,175,31,2,2,1,0.0923345796763897,0.0923345796763897,0.0923345796763897,1.0815004967153072,1.173835076391697,,,,,True,,,,
Five Dir Case 3,all,shared_context,witness_temporal,1024,ok,1024,,38,1,1.0,0.9990234375,,15,1009,0,423221,0.0146484375,1.0,0.028873917228103944,0.002378426796784763,0.0,7,7,3,3,0,479,69,2,2,3,0.09572355449199677,0.09562942385673523,0.09871451184153557,1.0815004967153072,1.177224051207304,,,,,True,,,,
Five Dir Case 3,all,shared_context,witness_temporal,4096,ok,4096,,38,1,1.0,0.999755859375,,15,4081,0,420149,0.003662109375,1.0,0.0072974945268791044,0.009619781722179007,0.0,7,7,3,3,0,1967,139,2,2,1,0.11258505657315254,0.11258505657315254,0.11258505657315254,1.0815004967153072,1.1940855532884598,,,,,True,,,,
Five Dir Case 3,all,shared_context,witness_static,64,ok,64,,38,1,1.0,0.890625,,15,49,0,424181,0.234375,1.0,0.379746835443038,0.00011550338259906183,0.0,7,7,3,3,0,24,17,2,2,1,0.08368214964866638,0.08368214964866638,0.08368214964866638,0.856226708739996,0.9399088583886623,,,,,True,,,,
Five Dir Case 3,all,shared_context,witness_static,256,ok,256,,38,1,1.0,0.9921875,,15,241,0,423989,0.05859375,1.0,0.11070110701107011,0.000568088065436202,0.0,7,7,3,3,0,172,35,2,2,1,0.08440833166241646,0.08440833166241646,0.08440833166241646,0.856226708739996,0.9406350404024124,,,,,True,,,,
Five Dir Case 3,all,shared_context,witness_static,1024,ok,1024,,38,1,1.0,0.9990234375,,15,1009,0,423221,0.0146484375,1.0,0.028873917228103944,0.002378426796784763,0.0,7,7,3,3,0,480,94,2,2,3,0.08814973384141922,0.08760599792003632,0.09533249214291573,0.856226708739996,0.9443764425814152,,,,,True,,,,
Five Dir Case 3,all,shared_context,witness_static,4096,ok,4096,,38,1,1.0,0.999755859375,,15,4081,0,420149,0.003662109375,1.0,0.0072974945268791044,0.009619781722179007,0.0,7,7,3,3,0,1904,239,2,2,1,0.10594957694411278,0.10594957694411278,0.10594957694411278,0.856226708739996,0.9621762856841087,,,,,True,,,,
Five Dir Case 3,all,shared_context,witness_rerank,64,ok,64,,38,1,1.0,0.890625,,15,49,0,424181,0.234375,1.0,0.379746835443038,0.00011550338259906183,0.0,7,7,3,3,0,25,16,2,2,1,0.09169043228030205,0.09169043228030205,0.09169043228030205,0.8612961359322071,0.9529865682125092,,,,,True,,,,
Five Dir Case 3,all,shared_context,witness_rerank,256,ok,256,,38,1,1.0,0.9921875,,15,241,0,423989,0.05859375,1.0,0.11070110701107011,0.000568088065436202,0.0,7,7,3,3,0,174,30,2,2,1,0.0919351801276207,0.0919351801276207,0.0919351801276207,0.8612961359322071,0.9532313160598278,,,,,True,,,,
Five Dir Case 3,all,shared_context,witness_rerank,1024,ok,1024,,38,1,1.0,0.9990234375,,15,1009,0,423221,0.0146484375,1.0,0.028873917228103944,0.002378426796784763,0.0,7,7,3,3,0,483,66,2,2,3,0.09581467881798744,0.09567846730351448,0.09594856202602386,0.8612961359322071,0.9571108147501945,,,,,True,,,,
Five Dir Case 3,all,shared_context,witness_rerank,4096,ok,4096,,38,1,1.0,0.999755859375,,15,4081,0,420149,0.003662109375,1.0,0.0072974945268791044,0.009619781722179007,0.0,7,7,3,3,0,1963,135,2,2,1,0.11413609981536865,0.11413609981536865,0.11413609981536865,0.8612961359322071,0.9754322357475758,,,,,True,,,,
Five Dir Case 3,all,shared_context,witness_global,64,ok,64,,38,1,1.0,0.890625,,15,49,0,424181,0.234375,1.0,0.379746835443038,0.00011550338259906183,0.0,7,7,3,3,0,36,2,2,2,1,0.0915333442389965,0.0915333442389965,0.0915333442389965,0.8612961359322071,0.9528294801712036,,,,,True,,,,
Five Dir Case 3,all,shared_context,witness_global,256,ok,256,,38,1,1.0,0.97265625,,15,241,0,423989,0.05859375,1.0,0.11070110701107011,0.000568088065436202,0.0,7,7,3,3,0,111,2,2,2,1,0.09150373935699463,0.09150373935699463,0.09150373935699463,0.8612961359322071,0.9527998752892017,,,,,True,,,,
Five Dir Case 3,all,shared_context,witness_global,1024,ok,1024,,38,1,1.0,0.9990234375,,15,1009,0,423221,0.0146484375,1.0,0.028873917228103944,0.002378426796784763,0.0,7,7,3,3,0,285,10,2,2,3,0.09333702176809311,0.09298812225461006,0.09357478469610214,0.8612961359322071,0.9546331577003002,,,,,True,,,,
Five Dir Case 3,all,shared_context,witness_global,4096,ok,4096,,38,1,1.0,0.999755859375,,15,4081,0,420149,0.003662109375,1.0,0.0072974945268791044,0.009619781722179007,0.0,7,7,3,3,0,941,18,2,2,1,0.10108248516917229,0.10108248516917229,0.10108248516917229,0.8612961359322071,0.9623786211013794,,,,,True,,,,
Five Dir Case 3,all,shared_context,witness_time_only,64,ok,64,,38,1,1.0,0.890625,,15,49,0,424181,0.234375,1.0,0.379746835443038,0.00011550338259906183,0.0,7,7,3,3,0,21,20,2,2,1,0.08836688846349716,0.08836688846349716,0.08836688846349716,0.0048221200704574585,0.09318900853395462,,,,,True,,,,
Five Dir Case 3,all,shared_context,witness_time_only,256,ok,256,,38,1,1.0,0.9921875,,15,241,0,423989,0.05859375,1.0,0.11070110701107011,0.000568088065436202,0.0,7,7,3,3,0,112,76,2,2,1,0.08791032060980797,0.08791032060980797,0.08791032060980797,0.0048221200704574585,0.09273244068026543,,,,,True,,,,
Five Dir Case 3,all,shared_context,witness_time_only,1024,ok,1024,,38,1,1.0,0.998046875,,15,1009,0,423221,0.0146484375,1.0,0.028873917228103944,0.002378426796784763,0.0,7,7,3,3,0,469,183,2,2,3,0.0917598307132721,0.09158742800354958,0.09199763461947441,0.0048221200704574585,0.09658195078372955,,,,,True,,,,
Five Dir Case 3,all,shared_context,witness_time_only,4096,ok,4096,,38,1,1.0,0.99951171875,,15,4081,0,420149,0.003662109375,1.0,0.0072974945268791044,0.009619781722179007,0.0,7,7,3,3,0,2057,293,2,2,1,0.10878215730190277,0.10878215730190277,0.10878215730190277,0.0048221200704574585,0.11360427737236023,,,,,True,,,,
Five Dir Case 3,drop-0,poi_only,witness_temporal,1024,ok,1024,,1,1,1.0,1.0,,5,1019,10,423211,0.0048828125,0.3333333333333333,0.009624639076034648,0.002401998915682531,0.6666666666666666,4,7,3,3,0,469,54,1,1,1,0.09634272009134293,0.09634272009134293,0.09634272009134293,0.7586659751832485,0.8550086952745914,,,,,True,,,,
Five Dir Case 3,drop-0,poi_only,witness_static,1024,ok,1024,,1,1,1.0,1.0,,5,1019,10,423211,0.0048828125,0.3333333333333333,0.009624639076034648,0.002401998915682531,0.6666666666666666,4,7,3,3,0,465,97,1,1,1,0.08726263791322708,0.08726263791322708,0.08726263791322708,0.7608146965503693,0.8480773344635963,,,,,True,,,,
Five Dir Case 3,drop-0,poi_only,witness_rerank,1024,ok,1024,,1,1,1.0,1.0,,5,1019,10,423211,0.0048828125,0.3333333333333333,0.009624639076034648,0.002401998915682531,0.6666666666666666,4,7,3,3,0,468,55,1,1,1,0.09447602182626724,0.09447602182626724,0.09447602182626724,0.7643562778830528,0.8588322997093201,,,,,True,,,,
Five Dir Case 3,drop-0,poi_only,witness_global,1024,ok,1024,,1,1,1.0,1.0,,2,1022,13,423208,0.001953125,0.13333333333333333,0.0038498556304138597,0.002409070551351861,0.8666666666666667,1,7,1,3,0,207,8,1,1,1,0.09220033138990402,0.09220033138990402,0.09220033138990402,0.7643562778830528,0.8565566092729568,,,,,True,,,,
Five Dir Case 3,drop-0,poi_only,witness_time_only,1024,ok,1024,,1,1,1.0,1.0,,3,1021,12,423209,0.0029296875,0.2,0.005774783445620789,0.0024067133394620843,0.8,3,7,2,3,0,425,193,0,1,1,0.09089048206806183,0.09089048206806183,0.09089048206806183,0.0031914226710796356,0.09408190473914146,,,,,True,,,,
Five Dir Case 3,drop-0,shared_context,witness_temporal,1024,ok,1024,,24,1,1.0,0.9990234375,,6,1018,9,423212,0.005859375,0.4,0.011549566891241578,0.0023996417037927538,0.6,5,7,3,3,0,473,55,1,1,1,0.09503766521811485,0.09503766521811485,0.09503766521811485,0.7586659751832485,0.8537036404013634,,,,,True,,,,
Five Dir Case 3,drop-0,shared_context,witness_static,1024,ok,1024,,24,1,1.0,0.9990234375,,6,1018,9,423212,0.005859375,0.4,0.011549566891241578,0.0023996417037927538,0.6,5,7,3,3,0,471,100,1,1,1,0.08710980042815208,0.08710980042815208,0.08710980042815208,0.7608146965503693,0.8479244969785213,,,,,True,,,,
Five Dir Case 3,drop-0,shared_context,witness_rerank,1024,ok,1024,,24,1,1.0,0.9990234375,,6,1018,9,423212,0.005859375,0.4,0.011549566891241578,0.0023996417037927538,0.6,5,7,3,3,0,472,57,1,1,1,0.09456217288970947,0.09456217288970947,0.09456217288970947,0.7643562778830528,0.8589184507727623,,,,,True,,,,
Five Dir Case 3,drop-0,shared_context,witness_global,1024,ok,1024,,24,1,1.0,0.9990234375,,5,1019,10,423211,0.0048828125,0.3333333333333333,0.009624639076034648,0.002401998915682531,0.6666666666666666,4,7,2,3,0,211,9,1,1,1,0.09219346940517426,0.09219346940517426,0.09219346940517426,0.7643562778830528,0.8565497472882271,,,,,True,,,,
Five Dir Case 3,drop-0,shared_context,witness_time_only,1024,ok,1024,,24,1,1.0,0.9990234375,,5,1019,10,423211,0.0048828125,0.3333333333333333,0.009624639076034648,0.002401998915682531,0.6666666666666666,4,7,2,3,0,423,185,1,1,1,0.09088362008333206,0.09088362008333206,0.09088362008333206,0.0031914226710796356,0.0940750427544117,,,,,True,,,,
Five Dir Case 3,drop-1,poi_only,witness_temporal,1024,ok,1024,,1,1,1.0,1.0,,12,1012,3,423218,0.01171875,0.8,0.023099133782483156,0.002385498432454093,0.2,4,7,2,3,0,727,53,1,1,1,0.09263239428400993,0.09263239428400993,0.09263239428400993,0.7444245964288712,0.8370569907128811,,,,,True,,,,
Five Dir Case 3,drop-1,poi_only,witness_static,1024,ok,1024,,1,1,1.0,1.0,,13,1011,2,423219,0.0126953125,0.8666666666666667,0.025024061597690085,0.0023831412205643165,0.13333333333333333,5,7,3,3,0,764,70,1,1,1,0.08318663015961647,0.08318663015961647,0.08318663015961647,0.7404465191066265,0.823633149266243,,,,,True,,,,
Five Dir Case 3,drop-1,poi_only,witness_rerank,1024,ok,1024,,1,1,1.0,1.0,,12,1012,3,423218,0.01171875,0.8,0.023099133782483156,0.002385498432454093,0.2,4,7,2,3,0,732,52,1,1,1,0.09028526768088341,0.09028526768088341,0.09028526768088341,0.7442196197807789,0.8345048874616623,,,,,True,,,,
Five Dir Case 3,drop-1,poi_only,witness_global,1024,ok,1024,,1,1,1.0,1.0,,10,1014,5,423216,0.009765625,0.6666666666666666,0.019249278152069296,0.002390212856233647,0.3333333333333333,3,7,1,3,0,589,3,1,1,1,0.08782626688480377,0.08782626688480377,0.08782626688480377,0.7442196197807789,0.8320458866655827,,,,,True,,,,
Five Dir Case 3,drop-1,poi_only,witness_time_only,1024,ok,1024,,1,1,1.0,1.0,,10,1014,5,423216,0.009765625,0.6666666666666666,0.019249278152069296,0.002390212856233647,0.3333333333333333,3,7,1,3,0,558,77,1,1,1,0.086419727653265,0.086419727653265,0.086419727653265,0.0032292120158672333,0.08964893966913223,,,,,True,,,,
Five Dir Case 3,drop-1,shared_context,witness_temporal,1024,ok,1024,,2,1,1.0,1.0,,12,1012,3,423218,0.01171875,0.8,0.023099133782483156,0.002385498432454093,0.2,4,7,2,3,0,727,53,1,1,1,0.09055209159851074,0.09055209159851074,0.09055209159851074,0.7444245964288712,0.8349766880273819,,,,,True,,,,
Five Dir Case 3,drop-1,shared_context,witness_static,1024,ok,1024,,2,1,1.0,1.0,,13,1011,2,423219,0.0126953125,0.8666666666666667,0.025024061597690085,0.0023831412205643165,0.13333333333333333,5,7,3,3,0,764,70,1,1,1,0.08328062668442726,0.08328062668442726,0.08328062668442726,0.7404465191066265,0.8237271457910538,,,,,True,,,,
Five Dir Case 3,drop-1,shared_context,witness_rerank,1024,ok,1024,,2,1,1.0,1.0,,12,1012,3,423218,0.01171875,0.8,0.023099133782483156,0.002385498432454093,0.2,4,7,2,3,0,732,52,1,1,1,0.09021081402897835,0.09021081402897835,0.09021081402897835,0.7442196197807789,0.8344304338097572,,,,,True,,,,
Five Dir Case 3,drop-1,shared_context,witness_global,1024,ok,1024,,2,1,1.0,1.0,,10,1014,5,423216,0.009765625,0.6666666666666666,0.019249278152069296,0.002390212856233647,0.3333333333333333,3,7,1,3,0,589,3,1,1,1,0.08768010139465332,0.08768010139465332,0.08768010139465332,0.7442196197807789,0.8318997211754322,,,,,True,,,,
Five Dir Case 3,drop-1,shared_context,witness_time_only,1024,ok,1024,,2,1,1.0,0.9990234375,,10,1014,5,423216,0.009765625,0.6666666666666666,0.019249278152069296,0.002390212856233647,0.3333333333333333,3,7,1,3,0,557,77,1,1,1,0.0863008014857769,0.0863008014857769,0.0863008014857769,0.0032292120158672333,0.08953001350164413,,,,,True,,,,
Five Dir Case 3,all,poi_only,marginal_rerank,64,ok,64,,2,2,1.0,1.0,,12,52,3,424178,0.1875,0.8,0.3037974683544304,0.00012257501826839215,0.2,4,7,2,3,0,38,4,2,2,1,0.07473237067461014,0.07473237067461014,0.07473237067461014,0.8408896923065186,0.9156220629811287,,,,,True,"{'eligible_anchors': 274262, 'pool_anchors': 6056, 'pool_raw_events': 6268, 'global_pool_limit': 4096, 'per_relation_pool_limit': 171, 'normalization_scale': 1.0}",0.13298342376947403,2.0874894373118877,"{'status': 'ok', 'raw_events': 64, 'steps': 62, 'objective': 80.65812712930276, 'diversity': 1.0}"
Five Dir Case 3,all,poi_only,marginal_linear,64,ok,64,,2,2,1.0,1.0,,11,53,4,424177,0.171875,0.7333333333333333,0.27848101265822783,0.0001249322301581689,0.26666666666666666,3,7,2,3,0,33,2,2,2,1,0.0306016206741333,0.0306016206741333,0.0306016206741333,0.8408896923065186,0.8714913129806519,,,,,True,"{'eligible_anchors': 274262, 'pool_anchors': 6056, 'pool_raw_events': 6268, 'global_pool_limit': 4096, 'per_relation_pool_limit': 171, 'normalization_scale': 1.0}",0.13298342376947403,2.0874894373118877,"{'status': 'ok', 'raw_events': 64, 'steps': 62, 'objective': 57.28113916723515, 'diversity': 0.0}"
Five Dir Case 3,all,poi_only,marginal_diverse4,64,ok,64,,2,2,1.0,1.0,,12,52,3,424178,0.1875,0.8,0.3037974683544304,0.00012257501826839215,0.2,4,7,2,3,0,34,7,2,2,1,0.07135528326034546,0.07135528326034546,0.07135528326034546,0.8408896923065186,0.912244975566864,,,,,True,"{'eligible_anchors': 274262, 'pool_anchors': 6056, 'pool_raw_events': 6268, 'global_pool_limit': 4096, 'per_relation_pool_limit': 171, 'normalization_scale': 1.0}",0.13298342376947403,2.0874894373118877,"{'status': 'ok', 'raw_events': 64, 'steps': 60, 'objective': 160.44243817618718, 'diversity': 4.0}"
Five Dir Case 3,all,poi_only,marginal_static,64,ok,64,,2,2,1.0,1.0,,12,52,3,424178,0.1875,0.8,0.3037974683544304,0.00012257501826839215,0.2,4,7,2,3,0,38,4,2,2,1,0.07105263322591782,0.07105263322591782,0.07105263322591782,0.835470300167799,0.9065229333937168,,,,,True,"{'eligible_anchors': 274262, 'pool_anchors': 5974, 'pool_raw_events': 6178, 'global_pool_limit': 4096, 'per_relation_pool_limit': 171, 'normalization_scale': 1.0}",0.11335843056440353,2.0874894373118877,"{'status': 'ok', 'raw_events': 64, 'steps': 61, 'objective': 80.67991675928019, 'diversity': 1.0}"
Five Dir Case 3,all,poi_only,marginal_nofrequency,64,ok,64,,2,2,1.0,1.0,,8,56,7,424174,0.125,0.5333333333333333,0.20253164556962025,0.00013200386582749925,0.4666666666666667,3,7,2,3,0,20,8,2,2,1,0.07108868286013603,0.07108868286013603,0.07108868286013603,0.4528295397758484,0.5239182226359844,,,,,True,"{'eligible_anchors': 274262, 'pool_anchors': 5992, 'pool_raw_events': 6180, 'global_pool_limit': 4096, 'per_relation_pool_limit': 171, 'normalization_scale': 1.0}",0.11808488890528679,2.0874894373118877,"{'status': 'ok', 'raw_events': 64, 'steps': 61, 'objective': 86.49850192397098, 'diversity': 1.0}"
Five Dir Case 3,all,poi_only,marginal_rerank,256,ok,256,,2,1,1.0,1.0,,12,244,3,423986,0.046875,0.8,0.08856088560885608,0.0005751597011055324,0.2,4,7,2,3,0,101,8,2,2,1,0.2935515269637108,0.2935515269637108,0.2935515269637108,0.8408896923065186,1.1344412192702293,,,,,True,"{'eligible_anchors': 274262, 'pool_anchors': 6056, 'pool_raw_events': 6268, 'global_pool_limit': 4096, 'per_relation_pool_limit': 171, 'normalization_scale': 1.0}",0.117132268846035,2.0874894373118877,"{'status': 'ok', 'raw_events': 256, 'steps': 251, 'objective': 254.45837878116586, 'diversity': 1.0}"
Five Dir Case 3,all,poi_only,marginal_linear,256,ok,256,,2,2,1.0,1.0,,11,245,4,423985,0.04296875,0.7333333333333333,0.08118081180811808,0.0005775169129953092,0.26666666666666666,3,7,2,3,0,89,2,2,2,1,0.1185271367430687,0.1185271367430687,0.1185271367430687,0.8408896923065186,0.9594168290495872,,,,,True,"{'eligible_anchors': 274262, 'pool_anchors': 6056, 'pool_raw_events': 6268, 'global_pool_limit': 4096, 'per_relation_pool_limit': 171, 'normalization_scale': 1.0}",0.117132268846035,2.0874894373118877,"{'status': 'ok', 'raw_events': 256, 'steps': 252, 'objective': 205.84794910476683, 'diversity': 0.0}"
Five Dir Case 3,all,poi_only,marginal_diverse4,256,ok,256,,2,1,1.0,1.0,,13,243,2,423987,0.05078125,0.8666666666666667,0.0959409594095941,0.0005728024892157557,0.13333333333333333,5,7,2,3,0,121,7,2,2,1,0.29734767600893974,0.29734767600893974,0.29734767600893974,0.8408896923065186,1.1382373683154583,,,,,True,"{'eligible_anchors': 274262, 'pool_anchors': 6056, 'pool_raw_events': 6268, 'global_pool_limit': 4096, 'per_relation_pool_limit': 171, 'normalization_scale': 1.0}",0.117132268846035,2.0874894373118877,"{'status': 'ok', 'raw_events': 256, 'steps': 248, 'objective': 395.0936452341323, 'diversity': 4.0}"
Five Dir Case 3,all,poi_only,marginal_milp,256,ok,256,,2,2,1.0,1.0,,11,245,4,423985,0.04296875,0.7333333333333333,0.08118081180811808,0.0005775169129953092,0.26666666666666666,3,7,2,3,0,101,1,2,2,1,0.3278299532830715,0.3278299532830715,0.3278299532830715,0.8408896923065186,1.16871964558959,,,,,True,"{'eligible_anchors': 274262, 'pool_anchors': 6056, 'pool_raw_events': 6268, 'global_pool_limit': 4096, 'per_relation_pool_limit': 171, 'normalization_scale': 1.0}",0.117132268846035,2.0874894373118877,"{'status': 'ok', 'solver_status': 0, 'solver_message': 'Optimization terminated successfully. (HiGHS Status 7: Optimal)', 'mip_gap': 0.0, 'objective_upper_bound': 215.16463779238953, 'mip_node_count': 1.0, 'variables': 12324, 'constraints': 27699, 'time_limit': 20.0, 'relative_gap_tolerance': 0.01, 'raw_events': 256, 'objective': 215.16463779238944}"
Five Dir Case 3,all,poi_only,marginal_static,256,ok,256,,2,1,1.0,1.0,,12,244,3,423986,0.046875,0.8,0.08856088560885608,0.0005751597011055324,0.2,4,7,2,3,0,99,8,2,2,1,0.2885193042457104,0.2885193042457104,0.2885193042457104,0.835470300167799,1.1239896044135094,,,,,True,"{'eligible_anchors': 274262, 'pool_anchors': 5974, 'pool_raw_events': 6178, 'global_pool_limit': 4096, 'per_relation_pool_limit': 171, 'normalization_scale': 1.0}",0.11338607594370842,2.0874894373118877,"{'status': 'ok', 'raw_events': 256, 'steps': 250, 'objective': 254.0551761920202, 'diversity': 1.0}"
Five Dir Case 3,all,poi_only,marginal_nofrequency,256,ok,256,,2,1,1.0,1.0,,13,243,2,423987,0.05078125,0.8666666666666667,0.0959409594095941,0.0005728024892157557,0.13333333333333333,5,7,2,3,0,115,6,2,2,1,0.288225743919611,0.288225743919611,0.288225743919611,0.4528295397758484,0.7410552836954594,,,,,True,"{'eligible_anchors': 274262, 'pool_anchors': 5992, 'pool_raw_events': 6180, 'global_pool_limit': 4096, 'per_relation_pool_limit': 171, 'normalization_scale': 1.0}",0.12060219421982765,2.0874894373118877,"{'status': 'ok', 'raw_events': 256, 'steps': 250, 'objective': 270.6553149361967, 'diversity': 1.0}"
Five Dir Case 3,all,poi_only,marginal_rerank,1024,ok,1024,,2,1,1.0,1.0,,13,1011,2,423219,0.0126953125,0.8666666666666667,0.025024061597690085,0.0023831412205643165,0.13333333333333333,5,7,2,3,0,313,20,2,2,1,1.1338792853057384,1.1338792853057384,1.1338792853057384,0.8408896923065186,1.974768977612257,,,,,True,"{'eligible_anchors': 274262, 'pool_anchors': 6056, 'pool_raw_events': 6268, 'global_pool_limit': 4096, 'per_relation_pool_limit': 171, 'normalization_scale': 1.0}",0.12091652676463127,2.0874894373118877,"{'status': 'ok', 'raw_events': 1024, 'steps': 1009, 'objective': 699.9699628359649, 'diversity': 1.0}"
Five Dir Case 3,all,poi_only,marginal_linear,1024,ok,1024,,2,1,1.0,1.0,,12,1012,3,423218,0.01171875,0.8,0.023099133782483156,0.002385498432454093,0.2,4,7,2,3,0,293,17,2,2,1,0.4632224589586258,0.4632224589586258,0.4632224589586258,0.8408896923065186,1.3041121512651443,,,,,True,"{'eligible_anchors': 274262, 'pool_anchors': 6056, 'pool_raw_events': 6268, 'global_pool_limit': 4096, 'per_relation_pool_limit': 171, 'normalization_scale': 1.0}",0.12091652676463127,2.0874894373118877,"{'status': 'ok', 'raw_events': 1024, 'steps': 1008, 'objective': 619.1854181358287, 'diversity': 0.0}"
Five Dir Case 3,all,poi_only,marginal_diverse4,1024,ok,1024,,2,1,1.0,1.0,,13,1011,2,423219,0.0126953125,0.8666666666666667,0.025024061597690085,0.0023831412205643165,0.13333333333333333,5,7,2,3,0,309,12,2,2,1,1.1347202248871326,1.1347202248871326,1.1347202248871326,0.8408896923065186,1.9756099171936512,,,,,True,"{'eligible_anchors': 274262, 'pool_anchors': 6056, 'pool_raw_events': 6268, 'global_pool_limit': 4096, 'per_relation_pool_limit': 171, 'normalization_scale': 1.0}",0.12091652676463127,2.0874894373118877,"{'status': 'ok', 'raw_events': 1024, 'steps': 1004, 'objective': 957.4766472319509, 'diversity': 4.0}"
Five Dir Case 3,all,poi_only,marginal_milp,1024,ok,1024,,2,1,1.0,1.0,,12,1012,3,423218,0.01171875,0.8,0.023099133782483156,0.002385498432454093,0.2,4,7,2,3,0,268,7,2,2,1,0.29478636756539345,0.29478636756539345,0.29478636756539345,0.8408896923065186,1.135676059871912,,,,,True,"{'eligible_anchors': 274262, 'pool_anchors': 6056, 'pool_raw_events': 6268, 'global_pool_limit': 4096, 'per_relation_pool_limit': 171, 'normalization_scale': 1.0}",0.12091652676463127,2.0874894373118877,"{'status': 'ok', 'solver_status': 0, 'solver_message': 'Optimization terminated successfully. (HiGHS Status 7: Optimal)', 'mip_gap': 0.0, 'objective_upper_bound': 637.288064459715, 'mip_node_count': 1.0, 'variables': 12324, 'constraints': 27699, 'time_limit': 20.0, 'relative_gap_tolerance': 0.01, 'raw_events': 1024, 'objective': 637.2880644597146}"
Five Dir Case 3,all,poi_only,marginal_static,1024,ok,1024,,2,1,1.0,1.0,,13,1011,2,423219,0.0126953125,0.8666666666666667,0.025024061597690085,0.0023831412205643165,0.13333333333333333,5,7,2,3,0,290,12,2,2,1,1.117450874298811,1.117450874298811,1.117450874298811,0.835470300167799,1.95292117446661,,,,,True,"{'eligible_anchors': 274262, 'pool_anchors': 5974, 'pool_raw_events': 6178, 'global_pool_limit': 4096, 'per_relation_pool_limit': 171, 'normalization_scale': 1.0}",0.11187350749969482,2.0874894373118877,"{'status': 'ok', 'raw_events': 1024, 'steps': 1005, 'objective': 709.7470493227347, 'diversity': 1.0}"
Five Dir Case 3,all,poi_only,marginal_nofrequency,1024,ok,1024,,2,1,1.0,1.0,,14,1010,1,423220,0.013671875,0.9333333333333333,0.026948989412897015,0.0023807840086745398,0.06666666666666667,6,7,3,3,0,274,12,2,2,1,1.1134366393089294,1.1134366393089294,1.1134366393089294,0.4528295397758484,1.5662661790847778,,,,,True,"{'eligible_anchors': 274262, 'pool_anchors': 5992, 'pool_raw_events': 6180, 'global_pool_limit': 4096, 'per_relation_pool_limit': 171, 'normalization_scale': 1.0}",0.12127509340643883,2.0874894373118877,"{'status': 'ok', 'raw_events': 1024, 'steps': 1012, 'objective': 816.6248730984184, 'diversity': 1.0}"
Five Dir Case 3,all,poi_only,marginal_rerank,4096,ok,4096,,2,1,1.0,1.0,,14,4082,1,420148,0.00341796875,0.9333333333333333,0.006810994891753831,0.009622138934068783,0.06666666666666667,6,7,3,3,0,969,11,2,2,1,7.45678586512804,7.45678586512804,7.45678586512804,0.8408896923065186,8.297675557434559,,,,,True,"{'eligible_anchors': 274262, 'pool_anchors': 11851, 'pool_raw_events': 12042, 'global_pool_limit': 8192, 'per_relation_pool_limit': 342, 'normalization_scale': 1.0}",0.15061720088124275,2.0874894373118877,"{'status': 'ok', 'raw_events': 4096, 'steps': 4071, 'objective': 1736.8969584905499, 'diversity': 1.0}"
Five Dir Case 3,all,poi_only,marginal_linear,4096,ok,4096,,2,1,1.0,1.0,,13,4083,2,420147,0.003173828125,0.8666666666666667,0.006324495256628557,0.009624496145958561,0.13333333333333333,5,7,2,3,0,913,14,2,2,1,3.243588648736477,3.243588648736477,3.243588648736477,0.8408896923065186,4.0844783410429955,,,,,True,"{'eligible_anchors': 274262, 'pool_anchors': 11851, 'pool_raw_events': 12042, 'global_pool_limit': 8192, 'per_relation_pool_limit': 342, 'normalization_scale': 1.0}",0.15061720088124275,2.0874894373118877,"{'status': 'ok', 'raw_events': 4096, 'steps': 4069, 'objective': 1618.0051632044747, 'diversity': 0.0}"
Five Dir Case 3,all,poi_only,marginal_diverse4,4096,ok,4096,,2,1,1.0,1.0,,14,4082,1,420148,0.00341796875,0.9333333333333333,0.006810994891753831,0.009622138934068783,0.06666666666666667,6,7,3,3,0,1128,24,2,2,1,7.416811138391495,7.416811138391495,7.416811138391495,0.8408896923065186,8.257700830698013,,,,,True,"{'eligible_anchors': 274262, 'pool_anchors': 11851, 'pool_raw_events': 12042, 'global_pool_limit': 8192, 'per_relation_pool_limit': 342, 'normalization_scale': 1.0}",0.15061720088124275,2.0874894373118877,"{'status': 'ok', 'raw_events': 4096, 'steps': 4037, 'objective': 2109.167953509251, 'diversity': 4.0}"
Five Dir Case 3,all,poi_only,marginal_static,4096,ok,4096,,2,1,1.0,1.0,,13,4083,2,420147,0.003173828125,0.8666666666666667,0.006324495256628557,0.009624496145958561,0.13333333333333333,5,7,2,3,0,1048,10,2,2,1,7.785363536328077,7.785363536328077,7.785363536328077,0.835470300167799,8.620833836495876,,,,,True,"{'eligible_anchors': 274262, 'pool_anchors': 11892, 'pool_raw_events': 12088, 'global_pool_limit': 8192, 'per_relation_pool_limit': 342, 'normalization_scale': 1.0}",0.1476609855890274,2.0874894373118877,"{'status': 'ok', 'raw_events': 4096, 'steps': 4068, 'objective': 1854.1757007533329, 'diversity': 1.0}"
Five Dir Case 3,all,poi_only,marginal_nofrequency,4096,ok,4096,,2,1,1.0,1.0,,14,4082,1,420148,0.00341796875,0.9333333333333333,0.006810994891753831,0.009622138934068783,0.06666666666666667,6,7,3,3,0,1374,15,2,2,1,7.732823263853788,7.732823263853788,7.732823263853788,0.4528295397758484,8.185652803629637,,,,,True,"{'eligible_anchors': 274262, 'pool_anchors': 12167, 'pool_raw_events': 12373, 'global_pool_limit': 8192, 'per_relation_pool_limit': 342, 'normalization_scale': 1.0}",0.15346229448914528,2.0874894373118877,"{'status': 'ok', 'raw_events': 4096, 'steps': 4054, 'objective': 2006.416418062358, 'diversity': 1.0}"
Five Dir Case 3,all,shared_context,marginal_rerank,64,ok,64,,38,1,1.0,0.890625,,15,49,0,424181,0.234375,1.0,0.379746835443038,0.00011550338259906183,0.0,7,7,3,3,0,30,5,2,2,1,0.032651498913764954,0.032651498913764954,0.032651498913764954,0.8408896923065186,0.8735411912202835,,,,,True,"{'eligible_anchors': 274262, 'pool_anchors': 6056, 'pool_raw_events': 6270, 'global_pool_limit': 4096, 'per_relation_pool_limit': 171, 'normalization_scale': 1.0}",0.1281135343015194,2.0874894373118877,"{'status': 'ok', 'raw_events': 64, 'steps': 26, 'objective': 74.27192082841363, 'diversity': 1.0}"
Five Dir Case 3,all,shared_context,marginal_linear,64,ok,64,,38,1,1.0,0.890625,,15,49,0,424181,0.234375,1.0,0.379746835443038,0.00011550338259906183,0.0,7,7,3,3,0,36,2,2,2,1,0.014400817453861237,0.014400817453861237,0.014400817453861237,0.8408896923065186,0.8552905097603798,,,,,True,"{'eligible_anchors': 274262, 'pool_anchors': 6056, 'pool_raw_events': 6270, 'global_pool_limit': 4096, 'per_relation_pool_limit': 171, 'normalization_scale': 1.0}",0.1281135343015194,2.0874894373118877,"{'status': 'ok', 'raw_events': 64, 'steps': 26, 'objective': 51.28257662727956, 'diversity': 0.0}"
Five Dir Case 3,all,shared_context,marginal_diverse4,64,ok,64,,38,1,1.0,0.890625,,15,49,0,424181,0.234375,1.0,0.379746835443038,0.00011550338259906183,0.0,7,7,3,3,0,29,7,2,2,1,0.030531737953424454,0.030531737953424454,0.030531737953424454,0.8408896923065186,0.871421430259943,,,,,True,"{'eligible_anchors': 274262, 'pool_anchors': 6056, 'pool_raw_events': 6270, 'global_pool_limit': 4096, 'per_relation_pool_limit': 171, 'normalization_scale': 1.0}",0.1281135343015194,2.0874894373118877,"{'status': 'ok', 'raw_events': 64, 'steps': 25, 'objective': 152.16531111119622, 'diversity': 4.0}"
Five Dir Case 3,all,shared_context,marginal_static,64,ok,64,,38,1,1.0,0.890625,,15,49,0,424181,0.234375,1.0,0.379746835443038,0.00011550338259906183,0.0,7,7,3,3,0,30,5,2,2,1,0.031377311795949936,0.031377311795949936,0.031377311795949936,0.835470300167799,0.8668476119637489,,,,,True,"{'eligible_anchors': 274262, 'pool_anchors': 5974, 'pool_raw_events': 6180, 'global_pool_limit': 4096, 'per_relation_pool_limit': 171, 'normalization_scale': 1.0}",0.11572696268558502,2.0874894373118877,"{'status': 'ok', 'raw_events': 64, 'steps': 26, 'objective': 74.30112206046189, 'diversity': 1.0}"
Five Dir Case 3,all,shared_context,marginal_nofrequency,64,ok,64,,38,1,1.0,0.890625,,15,49,0,424181,0.234375,1.0,0.379746835443038,0.00011550338259906183,0.0,7,7,3,3,0,25,5,2,2,1,0.03021741658449173,0.03021741658449173,0.03021741658449173,0.4528295397758484,0.4830469563603401,,,,,True,"{'eligible_anchors': 274262, 'pool_anchors': 5992, 'pool_raw_events': 6181, 'global_pool_limit': 4096, 'per_relation_pool_limit': 171, 'normalization_scale': 1.0}",0.12252520024776459,2.0874894373118877,"{'status': 'ok', 'raw_events': 64, 'steps': 25, 'objective': 79.50787998082996, 'diversity': 1.0}"
Five Dir Case 3,all,shared_context,marginal_rerank,256,ok,256,,38,1,1.0,0.97265625,,15,241,0,423989,0.05859375,1.0,0.11070110701107011,0.000568088065436202,0.0,7,7,3,3,0,105,8,2,2,1,0.2545859217643738,0.2545859217643738,0.2545859217643738,0.8408896923065186,1.0954756140708923,,,,,True,"{'eligible_anchors': 274262, 'pool_anchors': 6056, 'pool_raw_events': 6270, 'global_pool_limit': 4096, 'per_relation_pool_limit': 171, 'normalization_scale': 1.0}",0.12349613383412361,2.0874894373118877,"{'status': 'ok', 'raw_events': 256, 'steps': 216, 'objective': 251.29163796166875, 'diversity': 1.0}"
Five Dir Case 3,all,shared_context,marginal_linear,256,ok,256,,38,1,1.0,0.97265625,,15,241,0,423989,0.05859375,1.0,0.11070110701107011,0.000568088065436202,0.0,7,7,3,3,0,86,3,2,2,1,0.10255962982773781,0.10255962982773781,0.10255962982773781,0.8408896923065186,0.9434493221342564,,,,,True,"{'eligible_anchors': 274262, 'pool_anchors': 6056, 'pool_raw_events': 6270, 'global_pool_limit': 4096, 'per_relation_pool_limit': 171, 'normalization_scale': 1.0}",0.12349613383412361,2.0874894373118877,"{'status': 'ok', 'raw_events': 256, 'steps': 216, 'objective': 198.99209867157867, 'diversity': 0.0}"
Five Dir Case 3,all,shared_context,marginal_diverse4,256,ok,256,,38,1,1.0,0.9921875,,15,241,0,423989,0.05859375,1.0,0.11070110701107011,0.000568088065436202,0.0,7,7,3,3,0,124,6,2,2,1,0.2527545504271984,0.2527545504271984,0.2527545504271984,0.8408896923065186,1.093644242733717,,,,,True,"{'eligible_anchors': 274262, 'pool_anchors': 6056, 'pool_raw_events': 6270, 'global_pool_limit': 4096, 'per_relation_pool_limit': 171, 'normalization_scale': 1.0}",0.12349613383412361,2.0874894373118877,"{'status': 'ok', 'raw_events': 256, 'steps': 215, 'objective': 393.66188549168544, 'diversity': 4.0}"
Five Dir Case 3,all,shared_context,marginal_milp,256,ok,256,,38,1,1.0,0.97265625,,15,241,0,423989,0.05859375,1.0,0.11070110701107011,0.000568088065436202,0.0,7,7,3,3,0,111,2,2,2,1,0.34477756544947624,0.34477756544947624,0.34477756544947624,0.8408896923065186,1.1856672577559948,,,,,True,"{'eligible_anchors': 274262, 'pool_anchors': 6056, 'pool_raw_events': 6270, 'global_pool_limit': 4096, 'per_relation_pool_limit': 171, 'normalization_scale': 1.0}",0.12349613383412361,2.0874894373118877,"{'status': 'ok', 'solver_status': 0, 'solver_message': 'Optimization terminated successfully. (HiGHS Status 7: Optimal)', 'mip_gap': 0.0, 'objective_upper_bound': 210.89190174697217, 'mip_node_count': 1.0, 'variables': 12326, 'constraints': 27665, 'time_limit': 20.0, 'relative_gap_tolerance': 0.01, 'raw_events': 256, 'objective': 210.89190174697208}"
Five Dir Case 3,all,shared_context,marginal_static,256,ok,256,,38,1,1.0,0.97265625,,15,241,0,423989,0.05859375,1.0,0.11070110701107011,0.000568088065436202,0.0,7,7,3,3,0,101,8,2,2,1,0.25365520641207695,0.25365520641207695,0.25365520641207695,0.835470300167799,1.089125506579876,,,,,True,"{'eligible_anchors': 274262, 'pool_anchors': 5974, 'pool_raw_events': 6180, 'global_pool_limit': 4096, 'per_relation_pool_limit': 171, 'normalization_scale': 1.0}",0.11496373638510704,2.0874894373118877,"{'status': 'ok', 'raw_events': 256, 'steps': 216, 'objective': 250.59962824024936, 'diversity': 1.0}"
Five Dir Case 3,all,shared_context,marginal_nofrequency,256,ok,256,,38,1,1.0,0.9921875,,15,241,0,423989,0.05859375,1.0,0.11070110701107011,0.000568088065436202,0.0,7,7,3,3,0,121,6,2,2,1,0.25088024139404297,0.25088024139404297,0.25088024139404297,0.4528295397758484,0.7037097811698914,,,,,True,"{'eligible_anchors': 274262, 'pool_anchors': 5992, 'pool_raw_events': 6181, 'global_pool_limit': 4096, 'per_relation_pool_limit': 171, 'normalization_scale': 1.0}",0.12189332395792007,2.0874894373118877,"{'status': 'ok', 'raw_events': 256, 'steps': 216, 'objective': 269.3574242744641, 'diversity': 1.0}"
Five Dir Case 3,all,shared_context,marginal_rerank,1024,ok,1024,,38,1,1.0,0.998046875,,15,1009,0,423221,0.0146484375,1.0,0.028873917228103944,0.002378426796784763,0.0,7,7,3,3,0,313,22,2,2,1,1.0867286138236523,1.0867286138236523,1.0867286138236523,0.8408896923065186,1.9276183061301708,,,,,True,"{'eligible_anchors': 274262, 'pool_anchors': 6056, 'pool_raw_events': 6270, 'global_pool_limit': 4096, 'per_relation_pool_limit': 171, 'normalization_scale': 1.0}",0.12238537147641182,2.0874894373118877,"{'status': 'ok', 'raw_events': 1024, 'steps': 975, 'objective': 699.3029840825495, 'diversity': 1.0}"
Five Dir Case 3,all,shared_context,marginal_linear,1024,ok,1024,,38,1,1.0,0.998046875,,15,1009,0,423221,0.0146484375,1.0,0.028873917228103944,0.002378426796784763,0.0,7,7,3,3,0,293,22,2,2,1,0.43976255133748055,0.43976255133748055,0.43976255133748055,0.8408896923065186,1.280652243643999,,,,,True,"{'eligible_anchors': 274262, 'pool_anchors': 6056, 'pool_raw_events': 6270, 'global_pool_limit': 4096, 'per_relation_pool_limit': 171, 'normalization_scale': 1.0}",0.12238537147641182,2.0874894373118877,"{'status': 'ok', 'raw_events': 1024, 'steps': 974, 'objective': 617.9729086523033, 'diversity': 0.0}"
Five Dir Case 3,all,shared_context,marginal_diverse4,1024,ok,1024,,38,1,1.0,0.998046875,,15,1009,0,423221,0.0146484375,1.0,0.028873917228103944,0.002378426796784763,0.0,7,7,3,3,0,311,12,2,2,1,1.0772064253687859,1.0772064253687859,1.0772064253687859,0.8408896923065186,1.9180961176753044,,,,,True,"{'eligible_anchors': 274262, 'pool_anchors': 6056, 'pool_raw_events': 6270, 'global_pool_limit': 4096, 'per_relation_pool_limit': 171, 'normalization_scale': 1.0}",0.12238537147641182,2.0874894373118877,"{'status': 'ok', 'raw_events': 1024, 'steps': 971, 'objective': 957.3042060438019, 'diversity': 4.0}"
Five Dir Case 3,all,shared_context,marginal_milp,1024,ok,1021,,38,1,1.0,0.9980411361410382,,15,1006,0,423224,0.014691478942213516,1.0,0.02895752895752896,0.0023713551611154325,0.0,7,7,3,3,0,271,9,2,2,1,0.34478919208049774,0.34478919208049774,0.34478919208049774,0.8408896923065186,1.1856788843870163,,,,,True,"{'eligible_anchors': 274262, 'pool_anchors': 6056, 'pool_raw_events': 6270, 'global_pool_limit': 4096, 'per_relation_pool_limit': 171, 'normalization_scale': 1.0}",0.12238537147641182,2.0874894373118877,"{'status': 'ok', 'solver_status': 0, 'solver_message': 'Optimization terminated successfully. (HiGHS Status 7: Optimal)', 'mip_gap': 0.0024792673953589694, 'objective_upper_bound': 636.1888101293681, 'mip_node_count': 1.0, 'variables': 12326, 'constraints': 27665, 'time_limit': 20.0, 'relative_gap_tolerance': 0.01, 'raw_events': 1021, 'objective': 634.6154287881816}"
Five Dir Case 3,all,shared_context,marginal_static,1024,ok,1024,,38,1,1.0,0.998046875,,15,1009,0,423221,0.0146484375,1.0,0.028873917228103944,0.002378426796784763,0.0,7,7,3,3,0,275,12,2,2,1,1.0671252235770226,1.0671252235770226,1.0671252235770226,0.835470300167799,1.9025955237448215,,,,,True,"{'eligible_anchors': 274262, 'pool_anchors': 5974, 'pool_raw_events': 6180, 'global_pool_limit': 4096, 'per_relation_pool_limit': 171, 'normalization_scale': 1.0}",0.11297053843736649,2.0874894373118877,"{'status': 'ok', 'raw_events': 1024, 'steps': 974, 'objective': 707.8339985039202, 'diversity': 1.0}"
Five Dir Case 3,all,shared_context,marginal_nofrequency,1024,ok,1024,,38,1,1.0,0.998046875,,15,1009,0,423221,0.0146484375,1.0,0.028873917228103944,0.002378426796784763,0.0,7,7,3,3,0,276,13,2,2,1,1.0842884294688702,1.0842884294688702,1.0842884294688702,0.4528295397758484,1.5371179692447186,,,,,True,"{'eligible_anchors': 274262, 'pool_anchors': 5992, 'pool_raw_events': 6181, 'global_pool_limit': 4096, 'per_relation_pool_limit': 171, 'normalization_scale': 1.0}",0.12202233821153641,2.0874894373118877,"{'status': 'ok', 'raw_events': 1024, 'steps': 979, 'objective': 816.3118751838026, 'diversity': 1.0}"
Five Dir Case 3,all,shared_context,marginal_rerank,4096,ok,4096,,38,1,1.0,0.999755859375,,15,4081,0,420149,0.003662109375,1.0,0.0072974945268791044,0.009619781722179007,0.0,7,7,3,3,0,970,11,2,2,1,7.644491091370583,7.644491091370583,7.644491091370583,0.8408896923065186,8.485380783677101,,,,,True,"{'eligible_anchors': 274262, 'pool_anchors': 11851, 'pool_raw_events': 12044, 'global_pool_limit': 8192, 'per_relation_pool_limit': 342, 'normalization_scale': 1.0}",0.1525128297507763,2.0874894373118877,"{'status': 'ok', 'raw_events': 4096, 'steps': 4036, 'objective': 1737.2706081407005, 'diversity': 1.0}"
Five Dir Case 3,all,shared_context,marginal_linear,4096,ok,4096,,38,1,1.0,0.999755859375,,15,4081,0,420149,0.003662109375,1.0,0.0072974945268791044,0.009619781722179007,0.0,7,7,3,3,0,917,14,2,2,1,3.2710938453674316,3.2710938453674316,3.2710938453674316,0.8408896923065186,4.11198353767395,,,,,True,"{'eligible_anchors': 274262, 'pool_anchors': 11851, 'pool_raw_events': 12044, 'global_pool_limit': 8192, 'per_relation_pool_limit': 342, 'normalization_scale': 1.0}",0.1525128297507763,2.0874894373118877,"{'status': 'ok', 'raw_events': 4096, 'steps': 4035, 'objective': 1618.0473564392769, 'diversity': 0.0}"
Five Dir Case 3,all,shared_context,marginal_diverse4,4096,ok,4096,,38,1,1.0,0.999755859375,,15,4081,0,420149,0.003662109375,1.0,0.0072974945268791044,0.009619781722179007,0.0,7,7,3,3,0,1130,24,2,2,1,7.607136677950621,7.607136677950621,7.607136677950621,0.8408896923065186,8.44802637025714,,,,,True,"{'eligible_anchors': 274262, 'pool_anchors': 11851, 'pool_raw_events': 12044, 'global_pool_limit': 8192, 'per_relation_pool_limit': 342, 'normalization_scale': 1.0}",0.1525128297507763,2.0874894373118877,"{'status': 'ok', 'raw_events': 4096, 'steps': 4004, 'objective': 2110.079443619346, 'diversity': 4.0}"
Five Dir Case 3,all,shared_context,marginal_static,4096,ok,4096,,38,1,1.0,0.999755859375,,15,4081,0,420149,0.003662109375,1.0,0.0072974945268791044,0.009619781722179007,0.0,7,7,3,3,0,1050,10,2,2,1,7.6643367521464825,7.6643367521464825,7.6643367521464825,0.835470300167799,8.499807052314281,,,,,True,"{'eligible_anchors': 274262, 'pool_anchors': 11892, 'pool_raw_events': 12090, 'global_pool_limit': 8192, 'per_relation_pool_limit': 342, 'normalization_scale': 1.0}",0.14910760894417763,2.0874894373118877,"{'status': 'ok', 'raw_events': 4096, 'steps': 4035, 'objective': 1854.5061956136042, 'diversity': 1.0}"
Five Dir Case 3,all,shared_context,marginal_nofrequency,4096,ok,4096,,38,1,1.0,0.999755859375,,15,4081,0,420149,0.003662109375,1.0,0.0072974945268791044,0.009619781722179007,0.0,7,7,3,3,0,1374,15,2,2,1,7.761109832674265,7.761109832674265,7.761109832674265,0.4528295397758484,8.213939372450113,,,,,True,"{'eligible_anchors': 274262, 'pool_anchors': 12167, 'pool_raw_events': 12374, 'global_pool_limit': 8192, 'per_relation_pool_limit': 342, 'normalization_scale': 1.0}",0.15506722778081894,2.0874894373118877,"{'status': 'ok', 'raw_events': 4096, 'steps': 4021, 'objective': 2006.7678111183577, 'diversity': 1.0}"
Five Dir Case 3,drop-0,poi_only,marginal_rerank,1024,ok,1024,,1,1,1.0,1.0,,3,1021,12,423209,0.0029296875,0.2,0.005774783445620789,0.0024067133394620843,0.8,2,7,1,3,0,212,15,1,1,1,1.1172638535499573,1.1172638535499573,1.1172638535499573,0.7574312575161457,1.874695111066103,,,,,True,"{'eligible_anchors': 274083, 'pool_anchors': 5996, 'pool_raw_events': 6196, 'global_pool_limit': 4096, 'per_relation_pool_limit': 171, 'normalization_scale': 1.0}",0.12220162525773048,2.0597510375082493,"{'status': 'ok', 'raw_events': 1024, 'steps': 1011, 'objective': 696.0404052603342, 'diversity': 1.0}"
Five Dir Case 3,drop-0,poi_only,marginal_linear,1024,ok,1024,,1,1,1.0,1.0,,2,1022,13,423208,0.001953125,0.13333333333333333,0.0038498556304138597,0.002409070551351861,0.8666666666666667,1,7,1,3,0,203,14,1,1,1,0.45514554157853127,0.45514554157853127,0.45514554157853127,0.7574312575161457,1.212576799094677,,,,,True,"{'eligible_anchors': 274083, 'pool_anchors': 5996, 'pool_raw_events': 6196, 'global_pool_limit': 4096, 'per_relation_pool_limit': 171, 'normalization_scale': 1.0}",0.12220162525773048,2.0597510375082493,"{'status': 'ok', 'raw_events': 1024, 'steps': 1011, 'objective': 607.3100911049222, 'diversity': 0.0}"
Five Dir Case 3,drop-0,poi_only,marginal_diverse4,1024,ok,1024,,1,1,1.0,1.0,,4,1020,11,423210,0.00390625,0.26666666666666666,0.007699711260827719,0.0024043561275723076,0.7333333333333333,3,7,2,3,0,235,7,1,1,1,1.1143876314163208,1.1143876314163208,1.1143876314163208,0.7574312575161457,1.8718188889324665,,,,,True,"{'eligible_anchors': 274083, 'pool_anchors': 5996, 'pool_raw_events': 6196, 'global_pool_limit': 4096, 'per_relation_pool_limit': 171, 'normalization_scale': 1.0}",0.12220162525773048,2.0597510375082493,"{'status': 'ok', 'raw_events': 1024, 'steps': 1009, 'objective': 935.6262003827126, 'diversity': 4.0}"
Five Dir Case 3,drop-0,poi_only,marginal_static,1024,ok,1024,,1,1,1.0,1.0,,3,1021,12,423209,0.0029296875,0.2,0.005774783445620789,0.0024067133394620843,0.8,2,7,1,3,0,220,8,1,1,1,1.1229738779366016,1.1229738779366016,1.1229738779366016,0.7524040900170803,1.875377967953682,,,,,True,"{'eligible_anchors': 274083, 'pool_anchors': 6043, 'pool_raw_events': 6222, 'global_pool_limit': 4096, 'per_relation_pool_limit': 171, 'normalization_scale': 1.0}",0.11576331779360771,2.0597510375082493,"{'status': 'ok', 'raw_events': 1024, 'steps': 1009, 'objective': 697.8403820176728, 'diversity': 1.0}"
Five Dir Case 3,drop-0,poi_only,marginal_nofrequency,1024,ok,1024,,1,1,1.0,1.0,,4,1020,11,423210,0.00390625,0.26666666666666666,0.007699711260827719,0.0024043561275723076,0.7333333333333333,3,7,2,3,0,234,6,1,1,1,1.1371613070368767,1.1371613070368767,1.1371613070368767,0.3309446647763252,1.468105971813202,,,,,True,"{'eligible_anchors': 274083, 'pool_anchors': 6106, 'pool_raw_events': 6308, 'global_pool_limit': 4096, 'per_relation_pool_limit': 171, 'normalization_scale': 1.0}",0.12304507195949554,2.0597510375082493,"{'status': 'ok', 'raw_events': 1024, 'steps': 1018, 'objective': 804.5086182278803, 'diversity': 1.0}"
Five Dir Case 3,drop-0,shared_context,marginal_rerank,1024,ok,1024,,24,1,1.0,0.9990234375,,5,1019,10,423211,0.0048828125,0.3333333333333333,0.009624639076034648,0.002401998915682531,0.6666666666666666,4,7,2,3,0,213,15,1,1,1,1.0982868410646915,1.0982868410646915,1.0982868410646915,0.7574312575161457,1.8557180985808372,,,,,True,"{'eligible_anchors': 274083, 'pool_anchors': 5996, 'pool_raw_events': 6197, 'global_pool_limit': 4096, 'per_relation_pool_limit': 171, 'normalization_scale': 1.0}",0.12148502469062805,2.0597510375082493,"{'status': 'ok', 'raw_events': 1024, 'steps': 988, 'objective': 696.33167281732, 'diversity': 1.0}"
Five Dir Case 3,drop-0,shared_context,marginal_linear,1024,ok,1024,,24,1,1.0,0.9990234375,,5,1019,10,423211,0.0048828125,0.3333333333333333,0.009624639076034648,0.002401998915682531,0.6666666666666666,4,7,2,3,0,207,14,1,1,1,0.4457201510667801,0.4457201510667801,0.4457201510667801,0.7574312575161457,1.2031514085829258,,,,,True,"{'eligible_anchors': 274083, 'pool_anchors': 5996, 'pool_raw_events': 6197, 'global_pool_limit': 4096, 'per_relation_pool_limit': 171, 'normalization_scale': 1.0}",0.12148502469062805,2.0597510375082493,"{'status': 'ok', 'raw_events': 1024, 'steps': 989, 'objective': 607.0921790550763, 'diversity': 0.0}"
Five Dir Case 3,drop-0,shared_context,marginal_diverse4,1024,ok,1024,,24,1,1.0,0.9990234375,,5,1019,10,423211,0.0048828125,0.3333333333333333,0.009624639076034648,0.002401998915682531,0.6666666666666666,4,7,2,3,0,237,8,1,1,1,1.0858640484511852,1.0858640484511852,1.0858640484511852,0.7574312575161457,1.843295305967331,,,,,True,"{'eligible_anchors': 274083, 'pool_anchors': 5996, 'pool_raw_events': 6197, 'global_pool_limit': 4096, 'per_relation_pool_limit': 171, 'normalization_scale': 1.0}",0.12148502469062805,2.0597510375082493,"{'status': 'ok', 'raw_events': 1024, 'steps': 986, 'objective': 936.9583290466188, 'diversity': 4.0}"
Five Dir Case 3,drop-0,shared_context,marginal_static,1024,ok,1024,,24,1,1.0,0.9990234375,,5,1019,10,423211,0.0048828125,0.3333333333333333,0.009624639076034648,0.002401998915682531,0.6666666666666666,4,7,2,3,0,222,9,1,1,1,1.0863625444471836,1.0863625444471836,1.0863625444471836,0.7524040900170803,1.838766634464264,,,,,True,"{'eligible_anchors': 274083, 'pool_anchors': 6043, 'pool_raw_events': 6223, 'global_pool_limit': 4096, 'per_relation_pool_limit': 171, 'normalization_scale': 1.0}",0.11546911299228668,2.0597510375082493,"{'status': 'ok', 'raw_events': 1024, 'steps': 987, 'objective': 698.0176681548244, 'diversity': 1.0}"
Five Dir Case 3,drop-0,shared_context,marginal_nofrequency,1024,ok,1024,,24,1,1.0,0.9990234375,,5,1019,10,423211,0.0048828125,0.3333333333333333,0.009624639076034648,0.002401998915682531,0.6666666666666666,4,7,2,3,0,235,7,1,1,1,1.1227758787572384,1.1227758787572384,1.1227758787572384,0.3309446647763252,1.4537205435335636,,,,,True,"{'eligible_anchors': 274083, 'pool_anchors': 6106, 'pool_raw_events': 6309, 'global_pool_limit': 4096, 'per_relation_pool_limit': 171, 'normalization_scale': 1.0}",0.12303454428911209,2.0597510375082493,"{'status': 'ok', 'raw_events': 1024, 'steps': 993, 'objective': 804.4862072043422, 'diversity': 1.0}"
Five Dir Case 3,drop-1,poi_only,marginal_rerank,1024,ok,1024,,1,1,1.0,1.0,,10,1014,5,423216,0.009765625,0.6666666666666666,0.019249278152069296,0.002390212856233647,0.3333333333333333,3,7,1,3,0,613,2,1,1,1,1.0556806102395058,1.0556806102395058,1.0556806102395058,0.725988682359457,1.7816692925989628,,,,,True,"{'eligible_anchors': 265852, 'pool_anchors': 5718, 'pool_raw_events': 5834, 'global_pool_limit': 4096, 'per_relation_pool_limit': 171, 'normalization_scale': 1.0}",0.11900998279452324,1.8820534646511078,"{'status': 'ok', 'raw_events': 1024, 'steps': 1001, 'objective': 367.67477396970855, 'diversity': 1.0}"
Five Dir Case 3,drop-1,poi_only,marginal_linear,1024,ok,1024,,1,1,1.0,1.0,,10,1014,5,423216,0.009765625,0.6666666666666666,0.019249278152069296,0.002390212856233647,0.3333333333333333,3,7,1,3,0,593,1,1,1,1,0.4347723238170147,0.4347723238170147,0.4347723238170147,0.725988682359457,1.1607610061764717,,,,,True,"{'eligible_anchors': 265852, 'pool_anchors': 5718, 'pool_raw_events': 5834, 'global_pool_limit': 4096, 'per_relation_pool_limit': 171, 'normalization_scale': 1.0}",0.11900998279452324,1.8820534646511078,"{'status': 'ok', 'raw_events': 1024, 'steps': 1009, 'objective': 313.8096240490013, 'diversity': 0.0}"
Five Dir Case 3,drop-1,poi_only,marginal_diverse4,1024,ok,1024,,1,1,1.0,1.0,,10,1014,5,423216,0.009765625,0.6666666666666666,0.019249278152069296,0.002390212856233647,0.3333333333333333,3,7,1,3,0,604,6,1,1,1,1.070624377578497,1.070624377578497,1.070624377578497,0.725988682359457,1.796613059937954,,,,,True,"{'eligible_anchors': 265852, 'pool_anchors': 5718, 'pool_raw_events': 5834, 'global_pool_limit': 4096, 'per_relation_pool_limit': 171, 'normalization_scale': 1.0}",0.11900998279452324,1.8820534646511078,"{'status': 'ok', 'raw_events': 1024, 'steps': 1001, 'objective': 538.1845726155063, 'diversity': 4.0}"
Five Dir Case 3,drop-1,poi_only,marginal_static,1024,ok,1024,,1,1,1.0,1.0,,10,1014,5,423216,0.009765625,0.6666666666666666,0.019249278152069296,0.002390212856233647,0.3333333333333333,3,7,1,3,0,576,2,1,1,1,1.1047974862158298,1.1047974862158298,1.1047974862158298,0.7224861569702625,1.8272836431860924,,,,,True,"{'eligible_anchors': 265852, 'pool_anchors': 5959, 'pool_raw_events': 6067, 'global_pool_limit': 4096, 'per_relation_pool_limit': 171, 'normalization_scale': 1.0}",0.11642902716994286,1.8820534646511078,"{'status': 'ok', 'raw_events': 1024, 'steps': 1008, 'objective': 421.80846075901104, 'diversity': 1.0}"
Five Dir Case 3,drop-1,poi_only,marginal_nofrequency,1024,ok,1024,,1,1,1.0,1.0,,10,1014,5,423216,0.009765625,0.6666666666666666,0.019249278152069296,0.002390212856233647,0.3333333333333333,3,7,1,3,0,597,4,1,1,1,1.120770663022995,1.120770663022995,1.120770663022995,0.31987565010786057,1.4406463131308556,,,,,True,"{'eligible_anchors': 265852, 'pool_anchors': 6052, 'pool_raw_events': 6155, 'global_pool_limit': 4096, 'per_relation_pool_limit': 171, 'normalization_scale': 1.0}",0.1226370520889759,1.8820534646511078,"{'status': 'ok', 'raw_events': 1024, 'steps': 1007, 'objective': 461.0823554458252, 'diversity': 1.0}"
Five Dir Case 3,drop-1,shared_context,marginal_rerank,1024,ok,1024,,2,1,1.0,1.0,,10,1014,5,423216,0.009765625,0.6666666666666666,0.019249278152069296,0.002390212856233647,0.3333333333333333,3,7,1,3,0,613,2,1,1,1,1.0748165771365166,1.0748165771365166,1.0748165771365166,0.725988682359457,1.8008052594959736,,,,,True,"{'eligible_anchors': 265852, 'pool_anchors': 5718, 'pool_raw_events': 5834, 'global_pool_limit': 4096, 'per_relation_pool_limit': 171, 'normalization_scale': 1.0}",0.11969177797436714,1.8820534646511078,"{'status': 'ok', 'raw_events': 1024, 'steps': 1002, 'objective': 367.67477396970855, 'diversity': 1.0}"
Five Dir Case 3,drop-1,shared_context,marginal_linear,1024,ok,1024,,2,1,1.0,1.0,,10,1014,5,423216,0.009765625,0.6666666666666666,0.019249278152069296,0.002390212856233647,0.3333333333333333,3,7,1,3,0,593,1,1,1,1,0.43546708300709724,0.43546708300709724,0.43546708300709724,0.725988682359457,1.1614557653665543,,,,,True,"{'eligible_anchors': 265852, 'pool_anchors': 5718, 'pool_raw_events': 5834, 'global_pool_limit': 4096, 'per_relation_pool_limit': 171, 'normalization_scale': 1.0}",0.11969177797436714,1.8820534646511078,"{'status': 'ok', 'raw_events': 1024, 'steps': 1010, 'objective': 313.8096240490013, 'diversity': 0.0}"
Five Dir Case 3,drop-1,shared_context,marginal_diverse4,1024,ok,1024,,2,1,1.0,1.0,,10,1014,5,423216,0.009765625,0.6666666666666666,0.019249278152069296,0.002390212856233647,0.3333333333333333,3,7,1,3,0,604,6,1,1,1,1.0755880624055862,1.0755880624055862,1.0755880624055862,0.725988682359457,1.8015767447650433,,,,,True,"{'eligible_anchors': 265852, 'pool_anchors': 5718, 'pool_raw_events': 5834, 'global_pool_limit': 4096, 'per_relation_pool_limit': 171, 'normalization_scale': 1.0}",0.11969177797436714,1.8820534646511078,"{'status': 'ok', 'raw_events': 1024, 'steps': 1001, 'objective': 538.1845726155063, 'diversity': 4.0}"
Five Dir Case 3,drop-1,shared_context,marginal_static,1024,ok,1024,,2,1,1.0,1.0,,10,1014,5,423216,0.009765625,0.6666666666666666,0.019249278152069296,0.002390212856233647,0.3333333333333333,3,7,1,3,0,576,2,1,1,1,1.1172411106526852,1.1172411106526852,1.1172411106526852,0.7224861569702625,1.8397272676229477,,,,,True,"{'eligible_anchors': 265852, 'pool_anchors': 5959, 'pool_raw_events': 6067, 'global_pool_limit': 4096, 'per_relation_pool_limit': 171, 'normalization_scale': 1.0}",0.11237306520342827,1.8820534646511078,"{'status': 'ok', 'raw_events': 1024, 'steps': 1008, 'objective': 421.80846075901104, 'diversity': 1.0}"
Five Dir Case 3,drop-1,shared_context,marginal_nofrequency,1024,ok,1024,,2,1,1.0,1.0,,10,1014,5,423216,0.009765625,0.6666666666666666,0.019249278152069296,0.002390212856233647,0.3333333333333333,3,7,1,3,0,597,4,1,1,1,1.1240991204977036,1.1240991204977036,1.1240991204977036,0.31987565010786057,1.4439747706055641,,,,,True,"{'eligible_anchors': 265852, 'pool_anchors': 6052, 'pool_raw_events': 6155, 'global_pool_limit': 4096, 'per_relation_pool_limit': 171, 'normalization_scale': 1.0}",0.12083012610673904,1.8820534646511078,"{'status': 'ok', 'raw_events': 1024, 'steps': 1007, 'objective': 461.0823554458252, 'diversity': 1.0}"
Five Dir Case 3,all,poi_only,marginal_ppr,64,ok,64,,2,2,1.0,1.0,,4,60,11,424170,0.0625,0.26666666666666666,0.10126582278481013,0.0001414327133866063,0.7333333333333333,3,7,2,3,0,10,3,2,2,1,0.07108286395668983,0.07108286395668983,0.07108286395668983,0.24846914783120155,0.3195520117878914,,,,,True,"{'eligible_anchors': 274262, 'pool_anchors': 6050, 'pool_raw_events': 6256, 'global_pool_limit': 4096, 'per_relation_pool_limit': 171, 'normalization_scale': 1.0}",0.1238645426928997,2.057912766933441,"{'status': 'ok', 'raw_events': 64, 'steps': 61, 'objective': 79.0115364985227, 'diversity': 1.0}"
Five Dir Case 3,all,poi_only,marginal_ppr,256,ok,256,,2,1,1.0,1.0,,9,247,6,423983,0.03515625,0.6,0.06642066420664207,0.0005822313367748627,0.4,5,7,2,3,0,30,7,2,2,1,0.28908171132206917,0.28908171132206917,0.28908171132206917,0.24846914783120155,0.5375508591532707,,,,,True,"{'eligible_anchors': 274262, 'pool_anchors': 6050, 'pool_raw_events': 6256, 'global_pool_limit': 4096, 'per_relation_pool_limit': 171, 'normalization_scale': 1.0}",0.11827817559242249,2.057912766933441,"{'status': 'ok', 'raw_events': 256, 'steps': 251, 'objective': 191.22379095770307, 'diversity': 1.0}"
Five Dir Case 3,all,poi_only,marginal_ppr,1024,ok,1024,,2,1,1.0,1.0,,13,1011,2,423219,0.0126953125,0.8666666666666667,0.025024061597690085,0.0023831412205643165,0.13333333333333333,5,7,2,3,0,240,14,2,2,1,1.1134205013513565,1.1134205013513565,1.1134205013513565,0.24846914783120155,1.361889649182558,,,,,True,"{'eligible_anchors': 274262, 'pool_anchors': 6050, 'pool_raw_events': 6256, 'global_pool_limit': 4096, 'per_relation_pool_limit': 171, 'normalization_scale': 1.0}",0.11986352503299713,2.057912766933441,"{'status': 'ok', 'raw_events': 1024, 'steps': 1012, 'objective': 406.38555627147105, 'diversity': 1.0}"
Five Dir Case 3,all,poi_only,marginal_ppr,4096,ok,4096,,2,1,1.0,1.0,,14,4082,1,420148,0.00341796875,0.9333333333333333,0.006810994891753831,0.009622138934068783,0.06666666666666667,6,7,3,3,0,937,25,2,2,1,7.4977248795330524,7.4977248795330524,7.4977248795330524,0.24846914783120155,7.746194027364254,,,,,True,"{'eligible_anchors': 274262, 'pool_anchors': 11867, 'pool_raw_events': 12099, 'global_pool_limit': 8192, 'per_relation_pool_limit': 342, 'normalization_scale': 1.0}",0.14972972497344017,2.057912766933441,"{'status': 'ok', 'raw_events': 4096, 'steps': 4038, 'objective': 564.5506624322285, 'diversity': 1.0}"
Five Dir Case 3,all,shared_context,marginal_ppr,64,ok,64,,38,1,1.0,0.890625,,15,49,0,424181,0.234375,1.0,0.379746835443038,0.00011550338259906183,0.0,7,7,3,3,0,17,4,2,2,1,0.031746603548526764,0.031746603548526764,0.031746603548526764,0.24846914783120155,0.2802157513797283,,,,,True,"{'eligible_anchors': 274262, 'pool_anchors': 6050, 'pool_raw_events': 6258, 'global_pool_limit': 4096, 'per_relation_pool_limit': 171, 'normalization_scale': 1.0}",0.12218738719820976,2.057912766933441,"{'status': 'ok', 'raw_events': 64, 'steps': 26, 'objective': 60.362412441589605, 'diversity': 1.0}"
Five Dir Case 3,all,shared_context,marginal_ppr,256,ok,256,,38,1,1.0,0.97265625,,15,241,0,423989,0.05859375,1.0,0.11070110701107011,0.000568088065436202,0.0,7,7,3,3,0,37,7,2,2,1,0.25355055928230286,0.25355055928230286,0.25355055928230286,0.24846914783120155,0.5020197071135044,,,,,True,"{'eligible_anchors': 274262, 'pool_anchors': 6050, 'pool_raw_events': 6258, 'global_pool_limit': 4096, 'per_relation_pool_limit': 171, 'normalization_scale': 1.0}",0.12044332548975945,2.057912766933441,"{'status': 'ok', 'raw_events': 256, 'steps': 217, 'objective': 187.24606395135774, 'diversity': 1.0}"
Five Dir Case 3,all,shared_context,marginal_ppr,1024,ok,1024,,38,1,1.0,0.998046875,,15,1009,0,423221,0.0146484375,1.0,0.028873917228103944,0.002378426796784763,0.0,7,7,3,3,0,239,14,2,2,1,1.0665051750838757,1.0665051750838757,1.0665051750838757,0.24846914783120155,1.3149743229150772,,,,,True,"{'eligible_anchors': 274262, 'pool_anchors': 6050, 'pool_raw_events': 6258, 'global_pool_limit': 4096, 'per_relation_pool_limit': 171, 'normalization_scale': 1.0}",0.12344423308968544,2.057912766933441,"{'status': 'ok', 'raw_events': 1024, 'steps': 978, 'objective': 405.94262673034433, 'diversity': 1.0}"
Five Dir Case 3,all,shared_context,marginal_ppr,4096,ok,4096,,38,1,1.0,0.999755859375,,15,4081,0,420149,0.003662109375,1.0,0.0072974945268791044,0.009619781722179007,0.0,7,7,3,3,0,937,26,2,2,1,7.447845760732889,7.447845760732889,7.447845760732889,0.24846914783120155,7.696314908564091,,,,,True,"{'eligible_anchors': 274262, 'pool_anchors': 11867, 'pool_raw_events': 12101, 'global_pool_limit': 8192, 'per_relation_pool_limit': 342, 'normalization_scale': 1.0}",0.15102319419384003,2.057912766933441,"{'status': 'ok', 'raw_events': 4096, 'steps': 4003, 'objective': 564.7193318012824, 'diversity': 1.0}"
Five Dir Case 3,all,poi_only,marginal_heat,64,ok,64,,2,2,1.0,1.0,,4,60,11,424170,0.0625,0.26666666666666666,0.10126582278481013,0.0001414327133866063,0.7333333333333333,3,7,2,3,0,15,3,2,2,1,0.07174844667315483,0.07174844667315483,0.07174844667315483,0.09028352424502373,0.16203197091817856,,,,,True,"{'eligible_anchors': 274262, 'pool_anchors': 6052, 'pool_raw_events': 6263, 'global_pool_limit': 4096, 'per_relation_pool_limit': 171, 'normalization_scale': 1.0}",0.11983834207057953,2.057912766933441,"{'status': 'ok', 'raw_events': 64, 'steps': 62, 'objective': 81.8564775299599, 'diversity': 1.0}"
Five Dir Case 3,all,poi_only,marginal_heat,256,ok,256,,2,2,1.0,1.0,,5,251,10,423979,0.01953125,0.3333333333333333,0.03690036900369004,0.0005916601843339698,0.6666666666666666,4,7,2,3,0,38,9,2,2,1,0.291485283523798,0.291485283523798,0.291485283523798,0.09028352424502373,0.3817688077688217,,,,,True,"{'eligible_anchors': 274262, 'pool_anchors': 6052, 'pool_raw_events': 6263, 'global_pool_limit': 4096, 'per_relation_pool_limit': 171, 'normalization_scale': 1.0}",0.12379780784249306,2.057912766933441,"{'status': 'ok', 'raw_events': 256, 'steps': 254, 'objective': 222.24333582063917, 'diversity': 1.0}"
Five Dir Case 3,all,poi_only,marginal_heat,1024,ok,1024,,2,1,1.0,1.0,,13,1011,2,423219,0.0126953125,0.8666666666666667,0.025024061597690085,0.0023831412205643165,0.13333333333333333,5,7,2,3,0,247,4,2,2,1,1.115973997861147,1.115973997861147,1.115973997861147,0.09028352424502373,1.2062575221061707,,,,,True,"{'eligible_anchors': 274262, 'pool_anchors': 6052, 'pool_raw_events': 6263, 'global_pool_limit': 4096, 'per_relation_pool_limit': 171, 'normalization_scale': 1.0}",0.12048977240920067,2.057912766933441,"{'status': 'ok', 'raw_events': 1024, 'steps': 1015, 'objective': 563.3949112202586, 'diversity': 1.0}"
Five Dir Case 3,all,poi_only,marginal_heat,4096,ok,4096,,2,1,1.0,1.0,,14,4082,1,420148,0.00341796875,0.9333333333333333,0.006810994891753831,0.009622138934068783,0.06666666666666667,6,7,3,3,0,866,20,2,2,1,7.6824875101447105,7.6824875101447105,7.6824875101447105,0.09028352424502373,7.772771034389734,,,,,True,"{'eligible_anchors': 274262, 'pool_anchors': 12067, 'pool_raw_events': 12317, 'global_pool_limit': 8192, 'per_relation_pool_limit': 342, 'normalization_scale': 1.0}",0.15484018251299858,2.057912766933441,"{'status': 'ok', 'raw_events': 4096, 'steps': 4045, 'objective': 882.8021036384248, 'diversity': 1.0}"
Five Dir Case 3,all,shared_context,marginal_heat,64,ok,64,,38,1,1.0,0.890625,,15,49,0,424181,0.234375,1.0,0.379746835443038,0.00011550338259906183,0.0,7,7,3,3,0,21,4,2,2,1,0.030903607606887817,0.030903607606887817,0.030903607606887817,0.09028352424502373,0.12118713185191154,,,,,True,"{'eligible_anchors': 274262, 'pool_anchors': 6052, 'pool_raw_events': 6265, 'global_pool_limit': 4096, 'per_relation_pool_limit': 171, 'normalization_scale': 1.0}",0.12072304636240005,2.057912766933441,"{'status': 'ok', 'raw_events': 64, 'steps': 26, 'objective': 63.79261548998735, 'diversity': 1.0}"
Five Dir Case 3,all,shared_context,marginal_heat,256,ok,256,,38,1,1.0,0.97265625,,15,241,0,423989,0.05859375,1.0,0.11070110701107011,0.000568088065436202,0.0,7,7,3,3,0,48,9,2,2,1,0.24835985153913498,0.24835985153913498,0.24835985153913498,0.09028352424502373,0.3386433757841587,,,,,True,"{'eligible_anchors': 274262, 'pool_anchors': 6052, 'pool_raw_events': 6265, 'global_pool_limit': 4096, 'per_relation_pool_limit': 171, 'normalization_scale': 1.0}",0.12161074578762054,2.057912766933441,"{'status': 'ok', 'raw_events': 256, 'steps': 218, 'objective': 217.097887691977, 'diversity': 1.0}"
Five Dir Case 3,all,shared_context,marginal_heat,1024,ok,1024,,38,1,1.0,0.998046875,,15,1009,0,423221,0.0146484375,1.0,0.028873917228103944,0.002378426796784763,0.0,7,7,3,3,0,249,5,2,2,1,1.0621055848896503,1.0621055848896503,1.0621055848896503,0.09028352424502373,1.152389109134674,,,,,True,"{'eligible_anchors': 274262, 'pool_anchors': 6052, 'pool_raw_events': 6265, 'global_pool_limit': 4096, 'per_relation_pool_limit': 171, 'normalization_scale': 1.0}",0.12158094719052315,2.057912766933441,"{'status': 'ok', 'raw_events': 1024, 'steps': 981, 'objective': 563.0659926253256, 'diversity': 1.0}"
Five Dir Case 3,all,shared_context,marginal_heat,4096,ok,4096,,38,1,1.0,0.99951171875,,15,4081,0,420149,0.003662109375,1.0,0.0072974945268791044,0.009619781722179007,0.0,7,7,3,3,0,863,21,2,2,1,7.632223311811686,7.632223311811686,7.632223311811686,0.09028352424502373,7.722506836056709,,,,,True,"{'eligible_anchors': 274262, 'pool_anchors': 12067, 'pool_raw_events': 12319, 'global_pool_limit': 8192, 'per_relation_pool_limit': 342, 'normalization_scale': 1.0}",0.14909593015909195,2.057912766933441,"{'status': 'ok', 'raw_events': 4096, 'steps': 4014, 'objective': 883.0875452668586, 'diversity': 1.0}"
Five Dir Case 3,drop-0,poi_only,marginal_ppr,1024,ok,1024,,1,1,1.0,1.0,,3,1021,12,423209,0.0029296875,0.2,0.005774783445620789,0.0024067133394620843,0.8,2,7,1,3,0,216,4,1,1,1,1.122169315814972,1.122169315814972,1.122169315814972,0.15232279896736145,1.2744921147823334,,,,,True,"{'eligible_anchors': 274083, 'pool_anchors': 6003, 'pool_raw_events': 6220, 'global_pool_limit': 4096, 'per_relation_pool_limit': 171, 'normalization_scale': 1.0}",0.12636185064911842,2.1263602413237095,"{'status': 'ok', 'raw_events': 1024, 'steps': 1016, 'objective': 401.6880252278125, 'diversity': 1.0}"
Five Dir Case 3,drop-0,shared_context,marginal_ppr,1024,ok,1024,,24,1,1.0,0.9990234375,,5,1019,10,423211,0.0048828125,0.3333333333333333,0.009624639076034648,0.002401998915682531,0.6666666666666666,4,7,2,3,0,220,5,1,1,1,1.0827250219881535,1.0827250219881535,1.0827250219881535,0.15232279896736145,1.235047820955515,,,,,True,"{'eligible_anchors': 274083, 'pool_anchors': 6003, 'pool_raw_events': 6222, 'global_pool_limit': 4096, 'per_relation_pool_limit': 171, 'normalization_scale': 1.0}",0.1229131743311882,2.1263602413237095,"{'status': 'ok', 'raw_events': 1024, 'steps': 993, 'objective': 401.45615145062857, 'diversity': 1.0}"
Five Dir Case 3,drop-0,poi_only,marginal_heat,1024,ok,1024,,1,1,1.0,1.0,,3,1021,12,423209,0.0029296875,0.2,0.005774783445620789,0.0024067133394620843,0.8,2,7,1,3,0,235,3,1,1,1,1.1129198037087917,1.1129198037087917,1.1129198037087917,0.06808088719844818,1.18100069090724,,,,,True,"{'eligible_anchors': 274083, 'pool_anchors': 5988, 'pool_raw_events': 6201, 'global_pool_limit': 4096, 'per_relation_pool_limit': 171, 'normalization_scale': 1.0}",0.11950060725212097,2.1263602413237095,"{'status': 'ok', 'raw_events': 1024, 'steps': 1017, 'objective': 558.4056205787825, 'diversity': 1.0}"
Five Dir Case 3,drop-0,shared_context,marginal_heat,1024,ok,1024,,24,1,1.0,0.9990234375,,5,1019,10,423211,0.0048828125,0.3333333333333333,0.009624639076034648,0.002401998915682531,0.6666666666666666,4,7,2,3,0,240,4,1,1,1,1.075054842978716,1.075054842978716,1.075054842978716,0.06808088719844818,1.143135730177164,,,,,True,"{'eligible_anchors': 274083, 'pool_anchors': 5988, 'pool_raw_events': 6203, 'global_pool_limit': 4096, 'per_relation_pool_limit': 171, 'normalization_scale': 1.0}",0.11995761469006538,2.1263602413237095,"{'status': 'ok', 'raw_events': 1024, 'steps': 994, 'objective': 558.0263813529771, 'diversity': 1.0}"
Five Dir Case 3,drop-1,poi_only,marginal_ppr,1024,ok,1024,,1,1,1.0,1.0,,11,1013,4,423217,0.0107421875,0.7333333333333333,0.021174205967276226,0.0023878556443438703,0.26666666666666666,4,7,2,3,0,612,15,1,1,1,1.093798004090786,1.093798004090786,1.093798004090786,0.14857499673962593,1.242373000830412,,,,,True,"{'eligible_anchors': 265852, 'pool_anchors': 6054, 'pool_raw_events': 6162, 'global_pool_limit': 4096, 'per_relation_pool_limit': 171, 'normalization_scale': 1.0}",0.11764329671859741,1.8813828006386757,"{'status': 'ok', 'raw_events': 1024, 'steps': 990, 'objective': 25.71080409248397, 'diversity': 1.0}"
Five Dir Case 3,drop-1,shared_context,marginal_ppr,1024,ok,1024,,2,1,1.0,1.0,,11,1013,4,423217,0.0107421875,0.7333333333333333,0.021174205967276226,0.0023878556443438703,0.26666666666666666,4,7,2,3,0,612,15,1,1,1,1.0933023765683174,1.0933023765683174,1.0933023765683174,0.14857499673962593,1.2418773733079433,,,,,True,"{'eligible_anchors': 265852, 'pool_anchors': 6054, 'pool_raw_events': 6162, 'global_pool_limit': 4096, 'per_relation_pool_limit': 171, 'normalization_scale': 1.0}",0.11927703768014908,1.8813828006386757,"{'status': 'ok', 'raw_events': 1024, 'steps': 991, 'objective': 25.71080409248397, 'diversity': 1.0}"
Five Dir Case 3,drop-1,poi_only,marginal_heat,1024,ok,1024,,1,1,1.0,1.0,,11,1013,4,423217,0.0107421875,0.7333333333333333,0.021174205967276226,0.0023878556443438703,0.26666666666666666,4,7,2,3,0,620,7,1,1,1,1.0896883495151997,1.0896883495151997,1.0896883495151997,0.07239270582795143,1.162081055343151,,,,,True,"{'eligible_anchors': 265852, 'pool_anchors': 6048, 'pool_raw_events': 6152, 'global_pool_limit': 4096, 'per_relation_pool_limit': 171, 'normalization_scale': 1.0}",0.1222754716873169,1.8813828006386757,"{'status': 'ok', 'raw_events': 1024, 'steps': 992, 'objective': 30.79569219735948, 'diversity': 1.0}"
Five Dir Case 3,drop-1,shared_context,marginal_heat,1024,ok,1024,,2,1,1.0,1.0,,11,1013,4,423217,0.0107421875,0.7333333333333333,0.021174205967276226,0.0023878556443438703,0.26666666666666666,4,7,2,3,0,620,7,1,1,1,1.0964025780558586,1.0964025780558586,1.0964025780558586,0.07239270582795143,1.16879528388381,,,,,True,"{'eligible_anchors': 265852, 'pool_anchors': 6048, 'pool_raw_events': 6152, 'global_pool_limit': 4096, 'per_relation_pool_limit': 171, 'normalization_scale': 1.0}",0.12323939800262451,1.8813828006386757,"{'status': 'ok', 'raw_events': 1024, 'steps': 993, 'objective': 30.79569219735948, 'diversity': 1.0}"
Theia Case 1,all,poi_only,old_score_top,64,ok,64,50,3,1,1.0,1.0,True,7,57,232,897957,0.109375,0.029288702928870293,0.0462046204620462,6.347339796484242e-05,0.9707112970711297,6,12,4,6,0,50,0,3,3,1,0.19236620143055916,0.19236620143055916,0.19236620143055916,,,,,,,,,,,
Theia Case 1,all,poi_only,old_score_top,256,ok,256,174,3,1,1.0,0.9765625,True,12,244,227,897770,0.046875,0.0502092050209205,0.048484848484848485,0.0002717106860249395,0.9497907949790795,8,12,5,6,0,169,5,3,3,1,0.19004040211439133,0.19004040211439133,0.19004040211439133,,,,,,,,,,,
Theia Case 1,all,poi_only,old_score_top,1024,ok,1024,212,3,1,1.0,0.994140625,True,12,1012,227,897002,0.01171875,0.0502092050209205,0.019002375296912115,0.0011269312059722899,0.9497907949790795,8,12,5,6,0,177,35,3,3,3,0.19052862748503685,0.188608780503273,0.19063514471054077,,,,,,,,,,,
Theia Case 1,all,poi_only,old_score_top,4096,ok,4096,243,3,1,1.0,0.99853515625,True,12,4084,227,893930,0.0029296875,0.0502092050209205,0.005536332179930796,0.004547813285761692,0.9497907949790795,8,12,5,6,0,207,36,3,3,1,0.19145677983760834,0.19145677983760834,0.19145677983760834,,,,,,,,,,,
Theia Case 1,all,poi_only,rarity_top,64,ok,64,36,3,6,0.046875,0.046875,True,3,61,236,897953,0.046875,0.012552301255230125,0.019801980198019802,6.792767150623487e-05,0.9874476987447699,3,12,3,6,0,33,3,3,3,1,0.1683739423751831,0.1683739423751831,0.1683739423751831,,,,,,,,,,,
Theia Case 1,all,poi_only,rarity_top,256,ok,256,53,3,5,0.01171875,0.01171875,True,3,253,236,897761,0.01171875,0.012552301255230125,0.012121212121212121,0.00028173280149307246,0.9874476987447699,3,12,3,6,0,33,20,3,3,1,0.1690816469490528,0.1690816469490528,0.1690816469490528,,,,,,,,,,,
Theia Case 1,all,poi_only,rarity_top,1024,ok,1024,63,3,5,0.0029296875,0.0029296875,True,3,1021,236,896993,0.0029296875,0.012552301255230125,0.004750593824228029,0.001136953321440423,0.9874476987447699,3,12,3,6,0,34,29,3,3,3,0.16780546307563782,0.16734186559915543,0.17781436443328857,,,,,,,,,,,
Theia Case 1,all,poi_only,rarity_top,4096,ok,4096,115,3,5,0.000732421875,0.000732421875,True,3,4093,236,893921,0.000732421875,0.012552301255230125,0.001384083044982699,0.004557835401229825,0.9874476987447699,3,12,3,6,0,75,40,3,3,1,0.1730518788099289,0.1730518788099289,0.1730518788099289,,,,,,,,,,,
Theia Case 1,all,poi_only,diffusion_top,64,ok,64,52,3,3,0.96875,0.796875,True,8,56,231,897958,0.125,0.03347280334728033,0.052805280528052806,6.235982957949431e-05,0.9665271966527197,7,12,5,6,0,52,0,3,3,1,0.18757497146725655,0.18757497146725655,0.18757497146725655,3.1549688912928104,3.342543862760067,,,,,,,,,
Theia Case 1,all,poi_only,diffusion_top,256,ok,256,151,3,8,0.95703125,0.8046875,True,12,244,227,897770,0.046875,0.0502092050209205,0.048484848484848485,0.0002717106860249395,0.9497907949790795,8,12,5,6,0,150,1,3,3,1,0.349797535687685,0.349797535687685,0.349797535687685,3.1549688912928104,3.5047664269804955,,,,,,,,,
Theia Case 1,all,poi_only,diffusion_top,1024,ok,1024,535,3,1,1.0,0.8154296875,True,14,1010,225,897004,0.013671875,0.058577405857740586,0.022169437846397466,0.0011247040692015937,0.9414225941422594,9,12,5,6,0,484,51,3,3,3,0.1872345618903637,0.1870371215045452,0.19315960258245468,3.1549688912928104,3.342203453183174,,,,,,,,,
Theia Case 1,all,poi_only,diffusion_top,4096,ok,4096,1322,3,1,1.0,0.979736328125,True,14,4082,225,893932,0.00341796875,0.058577405857740586,0.006459054209919262,0.004545586148990996,0.9414225941422594,9,12,5,6,0,1311,11,3,3,1,0.18629353493452072,0.18629353493452072,0.18629353493452072,3.1549688912928104,3.341262426227331,,,,,,,,,
Theia Case 1,all,poi_only,localdegree_top,64,ok,64,61,3,10,0.046875,0.046875,True,3,61,236,897953,0.046875,0.012552301255230125,0.019801980198019802,6.792767150623487e-05,0.9874476987447699,3,12,3,6,0,7,54,3,3,1,0.14890852198004723,0.14890852198004723,0.14890852198004723,2.2875960394740105,2.4365045614540577,,,,,,,,,
Theia Case 1,all,poi_only,localdegree_top,256,ok,256,203,3,26,0.01171875,0.01171875,True,3,253,236,897761,0.01171875,0.012552301255230125,0.012121212121212121,0.00028173280149307246,0.9874476987447699,3,12,3,6,0,22,181,3,3,1,0.14838189259171486,0.14838189259171486,0.14838189259171486,2.2875960394740105,2.4359779320657253,,,,,,,,,
Theia Case 1,all,poi_only,localdegree_top,1024,ok,1024,677,3,67,0.0029296875,0.0029296875,True,3,1021,236,896993,0.0029296875,0.012552301255230125,0.004750593824228029,0.001136953321440423,0.9874476987447699,3,12,3,6,0,80,597,3,3,3,0.14822111278772354,0.14776283130049706,0.14826695248484612,2.2875960394740105,2.435817152261734,,,,,,,,,
Theia Case 1,all,poi_only,localdegree_top,4096,ok,4096,2159,3,152,0.000732421875,0.000732421875,True,3,4093,236,893921,0.000732421875,0.012552301255230125,0.001384083044982699,0.004557835401229825,0.9874476987447699,3,12,3,6,0,278,1881,3,3,1,0.15344344079494476,0.15344344079494476,0.15344344079494476,2.2875960394740105,2.4410394802689552,,,,,,,,,
Theia Case 1,all,poi_only,episode,64,ok,64,53,3,1,1.0,1.0,True,8,56,231,897958,0.125,0.03347280334728033,0.052805280528052806,6.235982957949431e-05,0.9665271966527197,7,12,5,6,0,49,4,3,3,1,0.30323420464992523,0.30323420464992523,0.30323420464992523,3.1549688912928104,3.4582030959427357,,,,,,,,,
Theia Case 1,all,poi_only,episode,256,ok,256,203,3,1,1.0,1.0,True,12,244,227,897770,0.046875,0.0502092050209205,0.048484848484848485,0.0002717106860249395,0.9497907949790795,8,12,5,6,0,199,4,3,3,1,0.30465902388095856,0.30465902388095856,0.30465902388095856,3.1549688912928104,3.459627915173769,,,,,,,,,
Theia Case 1,all,poi_only,episode,1024,ok,1024,523,3,1,1.0,1.0,True,14,1010,225,897004,0.013671875,0.058577405857740586,0.022169437846397466,0.0011247040692015937,0.9414225941422594,9,12,5,6,0,517,6,3,3,3,0.3051476590335369,0.30450233444571495,0.309683483093977,3.1549688912928104,3.4601165503263474,,,,,,,,,
Theia Case 1,all,poi_only,episode,4096,ok,4096,1317,3,1,1.0,1.0,True,14,4082,225,893932,0.00341796875,0.058577405857740586,0.006459054209919262,0.004545586148990996,0.9414225941422594,9,12,5,6,0,1308,9,3,3,1,0.31427713111042976,0.31427713111042976,0.31427713111042976,3.1549688912928104,3.46924602240324,,,,,,,,,
Theia Case 1,all,poi_only,coverage_exact,64,ok,64,53,3,1,1.0,1.0,True,8,56,231,897958,0.125,0.03347280334728033,0.052805280528052806,6.235982957949431e-05,0.9665271966527197,7,12,5,6,0,49,4,3,3,1,0.8636073991656303,0.8636073991656303,0.8636073991656303,3.1549688912928104,4.018576290458441,,,,,,,,,
Theia Case 1,all,poi_only,coverage_exact,256,ok,256,203,3,1,1.0,1.0,True,12,244,227,897770,0.046875,0.0502092050209205,0.048484848484848485,0.0002717106860249395,0.9497907949790795,8,12,5,6,0,199,4,3,3,1,0.8775011748075485,0.8775011748075485,0.8775011748075485,3.1549688912928104,4.032470066100359,,,,,,,,,
Theia Case 1,all,poi_only,coverage_exact,1024,ok,1024,523,3,1,1.0,1.0,True,14,1010,225,897004,0.013671875,0.058577405857740586,0.022169437846397466,0.0011247040692015937,0.9414225941422594,9,12,5,6,0,517,6,3,3,3,0.8801185451447964,0.8800075203180313,0.8879317827522755,3.1549688912928104,4.035087436437607,,,,,,,,,
Theia Case 1,all,poi_only,coverage_exact,4096,ok,4096,1315,3,1,1.0,1.0,True,14,4082,225,893932,0.00341796875,0.058577405857740586,0.006459054209919262,0.004545586148990996,0.9414225941422594,9,12,5,6,0,1305,10,3,3,1,0.9065997153520584,0.9065997153520584,0.9065997153520584,3.1549688912928104,4.061568606644869,,,,,,,,,
Theia Case 1,all,poi_only,coverage_semantic,64,ok,64,59,3,1,1.0,1.0,True,8,56,231,897958,0.125,0.03347280334728033,0.052805280528052806,6.235982957949431e-05,0.9665271966527197,7,12,5,6,0,56,3,3,3,1,1.017544224858284,1.017544224858284,1.017544224858284,3.1549688912928104,4.172513116151094,,,,,,,,,
Theia Case 1,all,poi_only,coverage_semantic,256,ok,256,211,3,1,1.0,1.0,True,14,242,225,897772,0.0546875,0.058577405857740586,0.05656565656565657,0.00026948354925424326,0.9414225941422594,9,12,5,6,0,205,6,3,3,1,1.0027989335358143,1.0027989335358143,1.0027989335358143,3.1549688912928104,4.157767824828625,,,,,,,,,
Theia Case 1,all,poi_only,coverage_semantic,1024,ok,1024,604,3,1,1.0,1.0,True,14,1010,225,897004,0.013671875,0.058577405857740586,0.022169437846397466,0.0011247040692015937,0.9414225941422594,9,12,5,6,0,597,7,3,3,3,1.0022677853703499,1.0016233995556831,1.0085899457335472,3.1549688912928104,4.15723667666316,,,,,,,,,
Theia Case 1,all,poi_only,coverage_semantic,4096,ok,4096,1212,3,1,1.0,1.0,True,14,4082,225,893932,0.00341796875,0.058577405857740586,0.006459054209919262,0.004545586148990996,0.9414225941422594,9,12,5,6,0,1202,10,3,3,1,1.0315469056367874,1.0315469056367874,1.0315469056367874,3.1549688912928104,4.186515796929598,,,,,,,,,
Theia Case 1,all,poi_only,coverage_partial,64,ok,64,59,3,1,1.0,1.0,True,8,56,231,897958,0.125,0.03347280334728033,0.052805280528052806,6.235982957949431e-05,0.9665271966527197,7,12,5,6,0,56,3,3,3,1,0.9890502393245697,0.9890502393245697,0.9890502393245697,3.1549688912928104,4.14401913061738,,,,,,,,,
Theia Case 1,all,poi_only,coverage_partial,256,ok,256,213,3,1,1.0,1.0,True,14,242,225,897772,0.0546875,0.058577405857740586,0.05656565656565657,0.00026948354925424326,0.9414225941422594,9,12,5,6,0,205,8,3,3,1,1.005016267299652,1.005016267299652,1.005016267299652,3.1549688912928104,4.1599851585924625,,,,,,,,,
Theia Case 1,all,poi_only,coverage_partial,1024,ok,1024,606,3,1,1.0,1.0,True,14,1010,225,897004,0.013671875,0.058577405857740586,0.022169437846397466,0.0011247040692015937,0.9414225941422594,9,12,5,6,0,597,9,3,3,3,1.0009362883865833,0.9977683313190937,1.0122254341840744,3.1549688912928104,4.155905179679394,,,,,,,,,
Theia Case 1,all,poi_only,coverage_partial,4096,ok,4096,1209,3,1,1.0,1.0,True,14,4082,225,893932,0.00341796875,0.058577405857740586,0.006459054209919262,0.004545586148990996,0.9414225941422594,9,12,5,6,0,1197,12,3,3,1,1.0237616151571274,1.0237616151571274,1.0237616151571274,3.1549688912928104,4.178730506449938,,,,,,,,,
Theia Case 1,all,poi_only,coverage_no_frequency,64,ok,64,58,3,1,1.0,1.0,True,7,57,232,897957,0.109375,0.029288702928870293,0.0462046204620462,6.347339796484242e-05,0.9707112970711297,6,12,4,6,0,56,2,3,3,1,1.0063198991119862,1.0063198991119862,1.0063198991119862,0.7413223870098591,1.7476422861218452,,,,,,,,,
Theia Case 1,all,poi_only,coverage_no_frequency,256,ok,256,165,3,1,1.0,1.0,True,14,242,225,897772,0.0546875,0.058577405857740586,0.05656565656565657,0.00026948354925424326,0.9414225941422594,9,12,5,6,0,162,3,3,3,1,1.010098110884428,1.010098110884428,1.010098110884428,0.7413223870098591,1.751420497894287,,,,,,,,,
Theia Case 1,all,poi_only,coverage_no_frequency,1024,ok,1024,488,3,1,1.0,1.0,True,14,1010,225,897004,0.013671875,0.058577405857740586,0.022169437846397466,0.0011247040692015937,0.9414225941422594,9,12,5,6,0,482,6,3,3,3,1.00697373598814,1.0054815746843815,1.0088215433061123,0.7413223870098591,1.7482961229979992,,,,,,,,,
Theia Case 1,all,poi_only,coverage_no_frequency,4096,ok,4096,1107,3,1,1.0,1.0,True,14,4082,225,893932,0.00341796875,0.058577405857740586,0.006459054209919262,0.004545586148990996,0.9414225941422594,9,12,5,6,0,1101,6,3,3,1,1.0478268787264824,1.0478268787264824,1.0478268787264824,0.7413223870098591,1.7891492657363415,,,,,,,,,
Theia Case 1,all,poi_only,pcst_native,64,ok,3,3,3,3,1.0,1.0,True,3,0,236,898014,1.0,0.012552301255230125,0.024793388429752067,0.0,0.9874476987447699,3,12,3,6,0,3,0,3,3,1,0.01010829210281372,0.01010829210281372,0.01010829210281372,6.146835528314114,6.156943820416927,1.0,0.0,,,,,,,
Theia Case 1,all,poi_only,pcst_native,256,ok,114,114,3,2,1.0,0.8771929824561403,True,6,108,233,897906,0.05263157894736842,0.02510460251046025,0.0339943342776204,0.00012026538561759617,0.9748953974895398,6,12,5,6,0,114,0,3,3,1,0.010420925915241241,0.010420925915241241,0.010420925915241241,6.146835528314114,6.157256454229355,0.3,51.98139206055923,,,,,,,
Theia Case 1,all,poi_only,pcst_native,1024,ok,940,873,3,1,1.0,0.9638297872340426,True,10,930,229,897084,0.010638297872340425,0.04184100418410042,0.016963528413910092,0.0010356185983737447,0.9581589958158996,8,12,5,6,0,873,0,3,3,1,0.010917428880929947,0.010917428880929947,0.010917428880929947,6.146835528314114,6.157752957195044,0.1,186.52300201115204,,,,,,,
Theia Case 1,all,poi_only,pcst_native,4096,ok,940,873,3,1,1.0,0.9638297872340426,True,10,930,229,897084,0.010638297872340425,0.04184100418410042,0.016963528413910092,0.0010356185983737447,0.9581589958158996,8,12,5,6,0,873,0,3,3,1,0.011143255978822708,0.011143255978822708,0.011143255978822708,6.146835528314114,6.157978784292936,0.1,186.52300201115204,,,,,,,
Theia Case 1,all,poi_only,random_0,64,ok,64,57,3,12,0.046875,0.046875,True,3,61,236,897953,0.046875,0.012552301255230125,0.019801980198019802,6.792767150623487e-05,0.9874476987447699,3,12,3,6,0,7,50,3,3,1,0.24100784584879875,0.24100784584879875,0.24100784584879875,,,,,,,,,,,
Theia Case 1,all,poi_only,random_0,256,ok,256,213,3,29,0.01171875,0.01171875,True,3,253,236,897761,0.01171875,0.012552301255230125,0.012121212121212121,0.00028173280149307246,0.9874476987447699,3,12,3,6,0,23,190,3,3,1,0.2386801354587078,0.2386801354587078,0.2386801354587078,,,,,,,,,,,
Theia Case 1,all,poi_only,random_0,1024,ok,1024,762,3,60,0.0029296875,0.0029296875,True,3,1021,236,896993,0.0029296875,0.012552301255230125,0.004750593824228029,0.001136953321440423,0.9874476987447699,3,12,3,6,0,84,678,3,3,1,0.23558728769421577,0.23558728769421577,0.23558728769421577,,,,,,,,,,,
Theia Case 1,all,poi_only,random_0,4096,ok,4096,2405,3,104,0.000732421875,0.000732421875,True,4,4092,235,893922,0.0009765625,0.016736401673640166,0.001845444059976932,0.004556721832844477,0.9832635983263598,4,12,4,6,0,346,2059,3,3,1,0.23513057455420494,0.23513057455420494,0.23513057455420494,,,,,,,,,,,
Theia Case 1,all,poi_only,random_1,64,ok,64,60,3,17,0.046875,0.046875,True,3,61,236,897953,0.046875,0.012552301255230125,0.019801980198019802,6.792767150623487e-05,0.9874476987447699,3,12,3,6,0,7,53,3,3,1,0.23950766772031784,0.23950766772031784,0.23950766772031784,,,,,,,,,,,
Theia Case 1,all,poi_only,random_1,256,ok,256,215,3,20,0.01171875,0.01171875,True,3,253,236,897761,0.01171875,0.012552301255230125,0.012121212121212121,0.00028173280149307246,0.9874476987447699,3,12,3,6,0,16,199,3,3,1,0.2406979240477085,0.2406979240477085,0.2406979240477085,,,,,,,,,,,
Theia Case 1,all,poi_only,random_1,1024,ok,1024,728,3,53,0.0029296875,0.0029296875,True,3,1021,236,896993,0.0029296875,0.012552301255230125,0.004750593824228029,0.001136953321440423,0.9874476987447699,3,12,3,6,0,79,649,3,3,1,0.24434218928217888,0.24434218928217888,0.24434218928217888,,,,,,,,,,,
Theia Case 1,all,poi_only,random_1,4096,ok,4096,2394,3,117,0.000732421875,0.000732421875,True,4,4092,235,893922,0.0009765625,0.016736401673640166,0.001845444059976932,0.004556721832844477,0.9832635983263598,4,12,4,6,0,318,2076,3,3,1,0.2360491044819355,0.2360491044819355,0.2360491044819355,,,,,,,,,,,
Theia Case 1,all,poi_only,random_2,64,ok,64,63,3,23,0.046875,0.046875,True,3,61,236,897953,0.046875,0.012552301255230125,0.019801980198019802,6.792767150623487e-05,0.9874476987447699,3,12,3,6,0,13,50,3,3,1,0.2329111546278,0.2329111546278,0.2329111546278,,,,,,,,,,,
Theia Case 1,all,poi_only,random_2,256,ok,256,229,3,30,0.01171875,0.01171875,True,3,253,236,897761,0.01171875,0.012552301255230125,0.012121212121212121,0.00028173280149307246,0.9874476987447699,3,12,3,6,0,32,197,3,3,1,0.2355230450630188,0.2355230450630188,0.2355230450630188,,,,,,,,,,,
Theia Case 1,all,poi_only,random_2,1024,ok,1024,744,3,57,0.0029296875,0.0029296875,True,4,1020,235,896994,0.00390625,0.016736401673640166,0.006334125098970704,0.001135839753055075,0.9832635983263598,4,12,4,6,0,80,664,3,3,1,0.2445702999830246,0.2445702999830246,0.2445702999830246,,,,,,,,,,,
Theia Case 1,all,poi_only,random_2,4096,ok,4096,2386,3,115,0.000732421875,0.000732421875,True,4,4092,235,893922,0.0009765625,0.016736401673640166,0.001845444059976932,0.004556721832844477,0.9832635983263598,4,12,4,6,0,308,2078,3,3,1,0.2403872013092041,0.2403872013092041,0.2403872013092041,,,,,,,,,,,
Theia Case 1,all,poi_only,random_3,64,ok,64,62,3,15,0.046875,0.046875,True,3,61,236,897953,0.046875,0.012552301255230125,0.019801980198019802,6.792767150623487e-05,0.9874476987447699,3,12,3,6,0,6,56,3,3,1,0.2356625571846962,0.2356625571846962,0.2356625571846962,,,,,,,,,,,
Theia Case 1,all,poi_only,random_3,256,ok,256,216,3,29,0.01171875,0.01171875,True,4,252,235,897762,0.015625,0.016736401673640166,0.01616161616161616,0.0002806192331077244,0.9832635983263598,4,12,4,6,0,16,200,3,3,1,0.23434662073850632,0.23434662073850632,0.23434662073850632,,,,,,,,,,,
Theia Case 1,all,poi_only,random_3,1024,ok,1024,748,3,50,0.0029296875,0.0029296875,True,4,1020,235,896994,0.00390625,0.016736401673640166,0.006334125098970704,0.001135839753055075,0.9832635983263598,4,12,4,6,0,73,675,3,3,1,0.23675213009119034,0.23675213009119034,0.23675213009119034,,,,,,,,,,,
Theia Case 1,all,poi_only,random_3,4096,ok,4096,2413,3,122,0.000732421875,0.000732421875,True,4,4092,235,893922,0.0009765625,0.016736401673640166,0.001845444059976932,0.004556721832844477,0.9832635983263598,4,12,4,6,0,291,2122,3,3,1,0.25463660806417465,0.25463660806417465,0.25463660806417465,,,,,,,,,,,
Theia Case 1,all,poi_only,random_4,64,ok,64,58,3,14,0.046875,0.046875,True,3,61,236,897953,0.046875,0.012552301255230125,0.019801980198019802,6.792767150623487e-05,0.9874476987447699,3,12,3,6,0,6,52,3,3,1,0.23839415237307549,0.23839415237307549,0.23839415237307549,,,,,,,,,,,
Theia Case 1,all,poi_only,random_4,256,ok,256,222,3,26,0.01171875,0.01171875,True,3,253,236,897761,0.01171875,0.012552301255230125,0.012121212121212121,0.00028173280149307246,0.9874476987447699,3,12,3,6,0,22,200,3,3,1,0.23581137135624886,0.23581137135624886,0.23581137135624886,,,,,,,,,,,
Theia Case 1,all,poi_only,random_4,1024,ok,1024,730,3,63,0.0029296875,0.0029296875,True,5,1019,234,896995,0.0048828125,0.02092050209205021,0.00791765637371338,0.0011347261846697267,0.9790794979079498,4,12,4,6,0,82,648,3,3,1,0.234255563467741,0.234255563467741,0.234255563467741,,,,,,,,,,,
Theia Case 1,all,poi_only,random_4,4096,ok,4096,2390,3,104,0.000732421875,0.000732421875,True,5,4091,234,893923,0.001220703125,0.02092050209205021,0.002306805074971165,0.004555608264459129,0.9790794979079498,4,12,4,6,0,301,2089,3,3,1,0.23408615961670876,0.23408615961670876,0.23408615961670876,,,,,,,,,,,
Theia Case 1,all,shared_context,old_score_top,64,infeasible_mandatory,,,165,,,,True,,,,,,,,,,,,,,,,,,,,,,,,,,,,,,,,,
Theia Case 1,all,shared_context,old_score_top,256,ok,256,81,165,1,1.0,1.0,True,7,249,232,897765,0.02734375,0.029288702928870293,0.028282828282828285,0.00027727852795168004,0.9707112970711297,6,12,4,6,0,68,13,3,3,1,0.2018279731273651,0.2018279731273651,0.2018279731273651,,,,,,,,,,,
Theia Case 1,all,shared_context,old_score_top,1024,ok,1024,224,165,1,1.0,0.994140625,True,12,1012,227,897002,0.01171875,0.0502092050209205,0.019002375296912115,0.0011269312059722899,0.9497907949790795,8,12,5,6,0,177,47,3,3,3,0.19376885518431664,0.18949340656399727,0.19497179985046387,,,,,,,,,,,
Theia Case 1,all,shared_context,old_score_top,4096,ok,4096,249,165,1,1.0,0.99853515625,True,12,4084,227,893930,0.0029296875,0.0502092050209205,0.005536332179930796,0.004547813285761692,0.9497907949790795,8,12,5,6,0,207,42,3,3,1,0.18911349773406982,0.18911349773406982,0.18911349773406982,,,,,,,,,,,
Theia Case 1,all,shared_context,rarity_top,64,infeasible_mandatory,,,165,,,,True,,,,,,,,,,,,,,,,,,,,,,,,,,,,,,,,,
Theia Case 1,all,shared_context,rarity_top,256,ok,256,56,165,5,0.64453125,0.64453125,True,3,253,236,897761,0.01171875,0.012552301255230125,0.012121212121212121,0.00028173280149307246,0.9874476987447699,3,12,3,6,0,35,21,3,3,1,0.16582632064819336,0.16582632064819336,0.16582632064819336,,,,,,,,,,,
Theia Case 1,all,shared_context,rarity_top,1024,ok,1024,76,165,4,0.1611328125,0.1611328125,True,3,1021,236,896993,0.0029296875,0.012552301255230125,0.004750593824228029,0.001136953321440423,0.9874476987447699,3,12,3,6,0,36,40,3,3,3,0.1751089096069336,0.16724327206611633,0.17837326973676682,,,,,,,,,,,
Theia Case 1,all,shared_context,rarity_top,4096,ok,4096,128,165,3,0.999267578125,0.337158203125,True,3,4093,236,893921,0.000732421875,0.012552301255230125,0.001384083044982699,0.004557835401229825,0.9874476987447699,3,12,3,6,0,76,52,3,3,1,0.17293532565236092,0.17293532565236092,0.17293532565236092,,,,,,,,,,,
Theia Case 1,all,shared_context,diffusion_top,64,infeasible_mandatory,,,165,,,,True,,,,,,,,,,,,,,,,,,,,,,,,,,,,,,,,,
Theia Case 1,all,shared_context,diffusion_top,256,ok,256,90,165,1,1.0,0.953125,True,8,248,231,897766,0.03125,0.03347280334728033,0.03232323232323232,0.0002761649595663319,0.9665271966527197,7,12,5,6,0,78,12,3,3,1,0.1901993416249752,0.1901993416249752,0.1901993416249752,3.1549688912928104,3.3451682329177856,,,,,,,,,
Theia Case 1,all,shared_context,diffusion_top,1024,ok,1024,474,165,1,1.0,0.818359375,True,14,1010,225,897004,0.013671875,0.058577405857740586,0.022169437846397466,0.0011247040692015937,0.9414225941422594,9,12,5,6,0,461,13,3,3,3,0.18369872868061066,0.1835719831287861,0.18418006226420403,3.1549688912928104,3.338667619973421,,,,,,,,,
Theia Case 1,all,shared_context,diffusion_top,4096,ok,4096,1210,165,1,1.0,0.981201171875,True,14,4082,225,893932,0.00341796875,0.058577405857740586,0.006459054209919262,0.004545586148990996,0.9414225941422594,9,12,5,6,0,1197,13,3,3,1,0.19822212681174278,0.19822212681174278,0.19822212681174278,3.1549688912928104,3.3531910181045532,,,,,,,,,
Theia Case 1,all,shared_context,localdegree_top,64,infeasible_mandatory,,,165,,,,True,,,,,,,,,,,,,,,,,,,,,,,,,,,,,,,,,
Theia Case 1,all,shared_context,localdegree_top,256,ok,256,99,165,10,0.95703125,0.7109375,True,3,253,236,897761,0.01171875,0.012552301255230125,0.012121212121212121,0.00028173280149307246,0.9874476987447699,3,12,3,6,0,10,89,3,3,1,0.15377895906567574,0.15377895906567574,0.15377895906567574,2.2875960394740105,2.441374998539686,,,,,,,,,
Theia Case 1,all,shared_context,localdegree_top,1024,ok,1024,594,165,60,0.916015625,0.5380859375,True,3,1021,236,896993,0.0029296875,0.012552301255230125,0.004750593824228029,0.001136953321440423,0.9874476987447699,3,12,3,6,0,70,524,3,3,3,0.15192488953471184,0.1470578946173191,0.1529316045343876,2.2875960394740105,2.4395209290087223,,,,,,,,,
Theia Case 1,all,shared_context,localdegree_top,4096,ok,4096,2105,165,150,0.918212890625,0.498779296875,True,3,4093,236,893921,0.000732421875,0.012552301255230125,0.001384083044982699,0.004557835401229825,0.9874476987447699,3,12,3,6,0,273,1832,3,3,1,0.14724835008382797,0.14724835008382797,0.14724835008382797,2.2875960394740105,2.4348443895578384,,,,,,,,,
Theia Case 1,all,shared_context,episode,64,infeasible_mandatory,,,165,,,,True,,,,,,,,,,,,,,,,,,,,,,,,,,,,,,,,,
Theia Case 1,all,shared_context,episode,256,ok,256,90,165,1,1.0,1.0,True,8,248,231,897766,0.03125,0.03347280334728033,0.03232323232323232,0.0002761649595663319,0.9665271966527197,7,12,5,6,0,74,16,3,3,1,0.29826458916068077,0.29826458916068077,0.29826458916068077,3.1549688912928104,3.453233480453491,,,,,,,,,
Theia Case 1,all,shared_context,episode,1024,ok,1024,474,165,1,1.0,1.0,True,14,1010,225,897004,0.013671875,0.058577405857740586,0.022169437846397466,0.0011247040692015937,0.9414225941422594,9,12,5,6,0,456,18,3,3,3,0.3045743778347969,0.3007240407168865,0.30561546236276627,3.1549688912928104,3.4595432691276073,,,,,,,,,
Theia Case 1,all,shared_context,episode,4096,ok,4096,1239,165,1,1.0,1.0,True,14,4082,225,893932,0.00341796875,0.058577405857740586,0.006459054209919262,0.004545586148990996,0.9414225941422594,9,12,5,6,0,1219,20,3,3,1,0.3036021217703819,0.3036021217703819,0.3036021217703819,3.1549688912928104,3.4585710130631924,,,,,,,,,
Theia Case 1,all,shared_context,coverage_exact,64,infeasible_mandatory,,,165,,,,True,,,,,,,,,,,,,,,,,,,,,,,,,,,,,,,,,
Theia Case 1,all,shared_context,coverage_exact,256,ok,256,90,165,1,1.0,1.0,True,8,248,231,897766,0.03125,0.03347280334728033,0.03232323232323232,0.0002761649595663319,0.9665271966527197,7,12,5,6,0,74,16,3,3,1,0.8673897013068199,0.8673897013068199,0.8673897013068199,3.1549688912928104,4.02235859259963,,,,,,,,,
Theia Case 1,all,shared_context,coverage_exact,1024,ok,1024,486,165,1,1.0,1.0,True,14,1010,225,897004,0.013671875,0.058577405857740586,0.022169437846397466,0.0011247040692015937,0.9414225941422594,9,12,5,6,0,468,18,3,3,3,0.8724784292280674,0.8657623417675495,0.8743975348770618,3.1549688912928104,4.027447320520878,,,,,,,,,
Theia Case 1,all,shared_context,coverage_exact,4096,ok,4096,1324,165,1,1.0,1.0,True,14,4082,225,893932,0.00341796875,0.058577405857740586,0.006459054209919262,0.004545586148990996,0.9414225941422594,9,12,5,6,0,1302,22,3,3,1,0.9311140067875385,0.9311140067875385,0.9311140067875385,3.1549688912928104,4.086082898080349,,,,,,,,,
Theia Case 1,all,shared_context,coverage_semantic,64,infeasible_mandatory,,,165,,,,True,,,,,,,,,,,,,,,,,,,,,,,,,,,,,,,,,
Theia Case 1,all,shared_context,coverage_semantic,256,ok,256,102,165,1,1.0,1.0,True,8,248,231,897766,0.03125,0.03347280334728033,0.03232323232323232,0.0002761649595663319,0.9665271966527197,7,12,5,6,0,87,15,3,3,1,1.1135519109666348,1.1135519109666348,1.1135519109666348,3.1549688912928104,4.268520802259445,,,,,,,,,
Theia Case 1,all,shared_context,coverage_semantic,1024,ok,1024,520,165,1,1.0,1.0,True,14,1010,225,897004,0.013671875,0.058577405857740586,0.022169437846397466,0.0011247040692015937,0.9414225941422594,9,12,5,6,0,501,19,3,3,3,1.0105621106922626,1.0104715041816235,1.0195683799684048,3.1549688912928104,4.165531001985073,,,,,,,,,
Theia Case 1,all,shared_context,coverage_semantic,4096,ok,4096,1218,165,1,1.0,1.0,True,14,4082,225,893932,0.00341796875,0.058577405857740586,0.006459054209919262,0.004545586148990996,0.9414225941422594,9,12,5,6,0,1196,22,3,3,1,1.0426238179206848,1.0426238179206848,1.0426238179206848,3.1549688912928104,4.197592709213495,,,,,,,,,
Theia Case 1,all,shared_context,coverage_partial,64,infeasible_mandatory,,,165,,,,True,,,,,,,,,,,,,,,,,,,,,,,,,,,,,,,,,
Theia Case 1,all,shared_context,coverage_partial,256,ok,256,102,165,1,1.0,1.0,True,8,248,231,897766,0.03125,0.03347280334728033,0.03232323232323232,0.0002761649595663319,0.9665271966527197,7,12,5,6,0,87,15,3,3,1,0.9982665181159973,0.9982665181159973,0.9982665181159973,3.1549688912928104,4.153235409408808,,,,,,,,,
Theia Case 1,all,shared_context,coverage_partial,1024,ok,1024,523,165,1,1.0,1.0,True,14,1010,225,897004,0.013671875,0.058577405857740586,0.022169437846397466,0.0011247040692015937,0.9414225941422594,9,12,5,6,0,501,22,3,3,3,1.0009802877902985,0.9942406453192234,1.0108618214726448,3.1549688912928104,4.155949179083109,,,,,,,,,
Theia Case 1,all,shared_context,coverage_partial,4096,ok,4096,1218,165,1,1.0,1.0,True,14,4082,225,893932,0.00341796875,0.058577405857740586,0.006459054209919262,0.004545586148990996,0.9414225941422594,9,12,5,6,0,1194,24,3,3,1,1.0216557793319225,1.0216557793319225,1.0216557793319225,3.1549688912928104,4.176624670624733,,,,,,,,,
Theia Case 1,all,shared_context,coverage_no_frequency,64,infeasible_mandatory,,,165,,,,True,,,,,,,,,,,,,,,,,,,,,,,,,,,,,,,,,
Theia Case 1,all,shared_context,coverage_no_frequency,256,ok,256,102,165,1,1.0,1.0,True,7,249,232,897765,0.02734375,0.029288702928870293,0.028282828282828285,0.00027727852795168004,0.9707112970711297,6,12,4,6,0,88,14,3,3,1,0.9899986460804939,0.9899986460804939,0.9899986460804939,0.7413223870098591,1.731321033090353,,,,,,,,,
Theia Case 1,all,shared_context,coverage_no_frequency,1024,ok,1024,423,165,1,1.0,1.0,True,14,1010,225,897004,0.013671875,0.058577405857740586,0.022169437846397466,0.0011247040692015937,0.9414225941422594,9,12,5,6,0,405,18,3,3,3,1.0035259500145912,1.0016060695052147,1.0072785206139088,0.7413223870098591,1.7448483370244503,,,,,,,,,
Theia Case 1,all,shared_context,coverage_no_frequency,4096,ok,4096,1041,165,1,1.0,1.0,True,14,4082,225,893932,0.00341796875,0.058577405857740586,0.006459054209919262,0.004545586148990996,0.9414225941422594,9,12,5,6,0,1023,18,3,3,1,1.0350116081535816,1.0350116081535816,1.0350116081535816,0.7413223870098591,1.7763339951634407,,,,,,,,,
Theia Case 1,all,shared_context,pcst_native,64,infeasible_mandatory,,,165,,,,True,,,,,,,,,,,,,,,,,,,,,,,,,,,,,,,,,
Theia Case 1,all,shared_context,pcst_native,256,ok,165,17,165,2,1.0,1.0,True,3,162,236,897852,0.01818181818181818,0.012552301255230125,0.01485148514851485,0.00018039807842639425,0.9874476987447699,3,12,3,6,0,5,12,3,3,1,0.010146260261535645,0.010146260261535645,0.010146260261535645,6.146835528314114,6.156981788575649,1.0,0.0,,,,,,,
Theia Case 1,all,shared_context,pcst_native,1024,ok,275,127,165,1,1.0,0.9490909090909091,True,6,269,233,897745,0.02181818181818182,0.02510460251046025,0.023346303501945526,0.0002995498956586423,0.9748953974895398,6,12,5,6,0,115,12,3,3,1,0.01057242602109909,0.01057242602109909,0.01057242602109909,6.146835528314114,6.157407954335213,0.3,51.98139206055923,,,,,,,
Theia Case 1,all,shared_context,pcst_native,4096,ok,1100,885,165,1,1.0,0.9690909090909091,True,10,1090,229,896924,0.00909090909090909,0.04184100418410042,0.014936519790888723,0.0012137895400294427,0.9581589958158996,8,12,5,6,0,873,12,3,3,1,0.010941419750452042,0.010941419750452042,0.010941419750452042,6.146835528314114,6.157776948064566,0.1,186.52300201115204,,,,,,,
Theia Case 1,all,shared_context,random_0,64,infeasible_mandatory,,,165,,,,True,,,,,,,,,,,,,,,,,,,,,,,,,,,,,,,,,
Theia Case 1,all,shared_context,random_0,256,ok,256,96,165,13,0.953125,0.85546875,True,3,253,236,897761,0.01171875,0.012552301255230125,0.012121212121212121,0.00028173280149307246,0.9874476987447699,3,12,3,6,0,10,86,3,3,1,0.2386353574693203,0.2386353574693203,0.2386353574693203,,,,,,,,,,,
Theia Case 1,all,shared_context,random_0,1024,ok,1024,669,165,53,0.9326171875,0.8662109375,True,3,1021,236,896993,0.0029296875,0.012552301255230125,0.004750593824228029,0.001136953321440423,0.9874476987447699,3,12,3,6,0,72,597,3,3,1,0.23929672688245773,0.23929672688245773,0.23929672688245773,,,,,,,,,,,
Theia Case 1,all,shared_context,random_0,4096,ok,4096,2339,165,99,0.970458984375,0.90380859375,True,4,4092,235,893922,0.0009765625,0.016736401673640166,0.001845444059976932,0.004556721832844477,0.9832635983263598,4,12,4,6,0,332,2007,3,3,1,0.2396116629242897,0.2396116629242897,0.2396116629242897,,,,,,,,,,,
Theia Case 1,all,shared_context,random_1,64,infeasible_mandatory,,,165,,,,True,,,,,,,,,,,,,,,,,,,,,,,,,,,,,,,,,
Theia Case 1,all,shared_context,random_1,256,ok,256,99,165,14,0.9453125,0.859375,True,3,253,236,897761,0.01171875,0.012552301255230125,0.012121212121212121,0.00028173280149307246,0.9874476987447699,3,12,3,6,0,9,90,3,3,1,0.23926421999931335,0.23926421999931335,0.23926421999931335,,,,,,,,,,,
Theia Case 1,all,shared_context,random_1,1024,ok,1024,643,165,44,0.9482421875,0.896484375,True,3,1021,236,896993,0.0029296875,0.012552301255230125,0.004750593824228029,0.001136953321440423,0.9874476987447699,3,12,3,6,0,66,577,3,3,1,0.2395259626209736,0.2395259626209736,0.2395259626209736,,,,,,,,,,,
Theia Case 1,all,shared_context,random_1,4096,ok,4096,2330,165,114,0.9658203125,0.905029296875,True,4,4092,235,893922,0.0009765625,0.016736401673640166,0.001845444059976932,0.004556721832844477,0.9832635983263598,4,12,4,6,0,310,2020,3,3,1,0.2398143969476223,0.2398143969476223,0.2398143969476223,,,,,,,,,,,
Theia Case 1,all,shared_context,random_2,64,infeasible_mandatory,,,165,,,,True,,,,,,,,,,,,,,,,,,,,,,,,,,,,,,,,,
Theia Case 1,all,shared_context,random_2,256,ok,256,105,165,27,0.88671875,0.87109375,True,3,253,236,897761,0.01171875,0.012552301255230125,0.012121212121212121,0.00028173280149307246,0.9874476987447699,3,12,3,6,0,18,87,3,3,1,0.23997192457318306,0.23997192457318306,0.23997192457318306,,,,,,,,,,,
Theia Case 1,all,shared_context,random_2,1024,ok,1024,661,165,49,0.9404296875,0.873046875,True,3,1021,236,896993,0.0029296875,0.012552301255230125,0.004750593824228029,0.001136953321440423,0.9874476987447699,3,12,3,6,0,73,588,3,3,1,0.2418971098959446,0.2418971098959446,0.2418971098959446,,,,,,,,,,,
Theia Case 1,all,shared_context,random_2,4096,ok,4096,2308,165,113,0.9677734375,0.916015625,True,4,4092,235,893922,0.0009765625,0.016736401673640166,0.001845444059976932,0.004556721832844477,0.9832635983263598,4,12,4,6,0,297,2011,3,3,1,0.24045146629214287,0.24045146629214287,0.24045146629214287,,,,,,,,,,,
Theia Case 1,all,shared_context,random_3,64,infeasible_mandatory,,,165,,,,True,,,,,,,,,,,,,,,,,,,,,,,,,,,,,,,,,
Theia Case 1,all,shared_context,random_3,256,ok,256,103,165,16,0.94140625,0.86328125,True,3,253,236,897761,0.01171875,0.012552301255230125,0.012121212121212121,0.00028173280149307246,0.9874476987447699,3,12,3,6,0,9,94,3,3,1,0.24087273702025414,0.24087273702025414,0.24087273702025414,,,,,,,,,,,
Theia Case 1,all,shared_context,random_3,1024,ok,1024,650,165,43,0.94140625,0.875,True,4,1020,235,896994,0.00390625,0.016736401673640166,0.006334125098970704,0.001135839753055075,0.9832635983263598,4,12,4,6,0,60,590,3,3,1,0.24037228524684906,0.24037228524684906,0.24037228524684906,,,,,,,,,,,
Theia Case 1,all,shared_context,random_3,4096,ok,4096,2332,165,119,0.965576171875,0.908203125,True,4,4092,235,893922,0.0009765625,0.016736401673640166,0.001845444059976932,0.004556721832844477,0.9832635983263598,4,12,4,6,0,282,2050,3,3,1,0.25154805555939674,0.25154805555939674,0.25154805555939674,,,,,,,,,,,
Theia Case 1,all,shared_context,random_4,64,infeasible_mandatory,,,165,,,,True,,,,,,,,,,,,,,,,,,,,,,,,,,,,,,,,,
Theia Case 1,all,shared_context,random_4,256,ok,256,101,165,12,0.94921875,0.90234375,True,3,253,236,897761,0.01171875,0.012552301255230125,0.012121212121212121,0.00028173280149307246,0.9874476987447699,3,12,3,6,0,10,91,3,3,1,0.23956524208188057,0.23956524208188057,0.23956524208188057,,,,,,,,,,,
Theia Case 1,all,shared_context,random_4,1024,ok,1024,648,165,52,0.9306640625,0.8740234375,True,4,1020,235,896994,0.00390625,0.016736401673640166,0.006334125098970704,0.001135839753055075,0.9832635983263598,4,12,4,6,0,72,576,3,3,1,0.23987356573343277,0.23987356573343277,0.23987356573343277,,,,,,,,,,,
Theia Case 1,all,shared_context,random_4,4096,ok,4096,2339,165,101,0.97314453125,0.917724609375,True,5,4091,234,893923,0.001220703125,0.02092050209205021,0.002306805074971165,0.004555608264459129,0.9790794979079498,4,12,4,6,0,294,2045,3,3,1,0.2440790720283985,0.2440790720283985,0.2440790720283985,,,,,,,,,,,
Theia Case 1,drop-0,poi_only,diffusion_top,1024,ok,1024,519,2,1,1.0,0.8154296875,True,14,1010,225,897004,0.013671875,0.058577405857740586,0.022169437846397466,0.0011247040692015937,0.9414225941422594,9,12,5,6,0,519,0,2,2,1,0.18500112369656563,0.18500112369656563,0.18500112369656563,3.0119437240064144,3.19694484770298,,,,,,,,,
Theia Case 1,drop-0,poi_only,episode,1024,ok,1024,531,2,1,1.0,1.0,True,12,1012,227,897002,0.01171875,0.0502092050209205,0.019002375296912115,0.0011269312059722899,0.9497907949790795,8,12,5,6,0,510,21,2,2,1,0.30021514371037483,0.30021514371037483,0.30021514371037483,3.0119437240064144,3.3121588677167892,,,,,,,,,
Theia Case 1,drop-0,poi_only,coverage_semantic,1024,ok,1024,569,2,1,1.0,1.0,True,8,1016,231,896998,0.0078125,0.03347280334728033,0.012668250197941409,0.0011313854795136824,0.9665271966527197,7,12,5,6,0,546,23,2,2,1,1.0029845125973225,1.0029845125973225,1.0029845125973225,3.0119437240064144,4.014928236603737,,,,,,,,,
Theia Case 1,drop-0,poi_only,coverage_no_frequency,1024,ok,1024,551,2,1,1.0,1.0,True,8,1016,231,896998,0.0078125,0.03347280334728033,0.012668250197941409,0.0011313854795136824,0.9665271966527197,7,12,5,6,0,544,7,2,2,1,1.0011374168097973,1.0011374168097973,1.0011374168097973,0.609096072614193,1.6102334894239902,,,,,,,,,
Theia Case 1,drop-0,shared_context,diffusion_top,1024,ok,1024,498,83,1,1.0,0.3251953125,True,12,1012,227,897002,0.01171875,0.0502092050209205,0.019002375296912115,0.0011269312059722899,0.9497907949790795,8,12,5,6,0,471,27,2,2,1,0.18397057801485062,0.18397057801485062,0.18397057801485062,3.0119437240064144,3.195914302021265,,,,,,,,,
Theia Case 1,drop-0,shared_context,episode,1024,ok,1024,505,83,1,1.0,1.0,True,12,1012,227,897002,0.01171875,0.0502092050209205,0.019002375296912115,0.0011269312059722899,0.9497907949790795,8,12,5,6,0,478,27,2,2,1,0.2967653088271618,0.2967653088271618,0.2967653088271618,3.0119437240064144,3.308709032833576,,,,,,,,,
Theia Case 1,drop-0,shared_context,coverage_semantic,1024,ok,1024,551,83,1,1.0,1.0,True,8,1016,231,896998,0.0078125,0.03347280334728033,0.012668250197941409,0.0011313854795136824,0.9665271966527197,7,12,5,6,0,532,19,2,2,1,0.996630035340786,0.996630035340786,0.996630035340786,3.0119437240064144,4.0085737593472,,,,,,,,,
Theia Case 1,drop-0,shared_context,coverage_no_frequency,1024,ok,1024,492,83,1,1.0,1.0,True,7,1017,232,896997,0.0068359375,0.029288702928870293,0.011084718923198733,0.0011324990478990306,0.9707112970711297,6,12,4,6,0,480,12,2,2,1,0.9937965348362923,0.9937965348362923,0.9937965348362923,0.609096072614193,1.6028926074504852,,,,,,,,,
Theia Case 1,drop-1,poi_only,diffusion_top,1024,ok,1024,520,2,1,1.0,0.8154296875,True,14,1010,225,897004,0.013671875,0.058577405857740586,0.022169437846397466,0.0011247040692015937,0.9414225941422594,9,12,5,6,0,514,6,2,2,1,0.18233774229884148,0.18233774229884148,0.18233774229884148,2.9835270792245865,3.165864821523428,,,,,,,,,
Theia Case 1,drop-1,poi_only,episode,1024,ok,1024,530,2,1,1.0,1.0,True,14,1010,225,897004,0.013671875,0.058577405857740586,0.022169437846397466,0.0011247040692015937,0.9414225941422594,9,12,5,6,0,523,7,2,2,1,0.3107464388012886,0.3107464388012886,0.3107464388012886,2.9835270792245865,3.294273518025875,,,,,,,,,
Theia Case 1,drop-1,poi_only,coverage_semantic,1024,ok,1024,563,2,1,1.0,1.0,True,14,1010,225,897004,0.013671875,0.058577405857740586,0.022169437846397466,0.0011247040692015937,0.9414225941422594,9,12,5,6,0,555,8,2,2,1,0.9980333223938942,0.9980333223938942,0.9980333223938942,2.9835270792245865,3.9815604016184807,,,,,,,,,
Theia Case 1,drop-1,poi_only,coverage_no_frequency,1024,ok,1024,544,2,1,1.0,1.0,True,14,1010,225,897004,0.013671875,0.058577405857740586,0.022169437846397466,0.0011247040692015937,0.9414225941422594,9,12,5,6,0,537,7,2,2,1,1.0095336772501469,1.0095336772501469,1.0095336772501469,0.6128465011715889,1.6223801784217358,,,,,,,,,
Theia Case 1,drop-1,shared_context,diffusion_top,1024,ok,1024,512,83,1,1.0,0.8154296875,True,14,1010,225,897004,0.013671875,0.058577405857740586,0.022169437846397466,0.0011247040692015937,0.9414225941422594,9,12,5,6,0,465,47,2,2,1,0.18261510133743286,0.18261510133743286,0.18261510133743286,2.9835270792245865,3.1661421805620193,,,,,,,,,
Theia Case 1,drop-1,shared_context,episode,1024,ok,1024,504,83,1,1.0,1.0,True,14,1010,225,897004,0.013671875,0.058577405857740586,0.022169437846397466,0.0011247040692015937,0.9414225941422594,9,12,5,6,0,491,13,2,2,1,0.29844072833657265,0.29844072833657265,0.29844072833657265,2.9835270792245865,3.281967807561159,,,,,,,,,
Theia Case 1,drop-1,shared_context,coverage_semantic,1024,ok,1024,545,83,1,1.0,1.0,True,14,1010,225,897004,0.013671875,0.058577405857740586,0.022169437846397466,0.0011247040692015937,0.9414225941422594,9,12,5,6,0,531,14,2,2,1,1.0093884095549583,1.0093884095549583,1.0093884095549583,2.9835270792245865,3.992915488779545,,,,,,,,,
Theia Case 1,drop-1,shared_context,coverage_no_frequency,1024,ok,1024,474,83,1,1.0,1.0,True,14,1010,225,897004,0.013671875,0.058577405857740586,0.022169437846397466,0.0011247040692015937,0.9414225941422594,9,12,5,6,0,461,13,2,2,1,0.9948397800326347,0.9948397800326347,0.9948397800326347,0.6128465011715889,1.6076862812042236,,,,,,,,,
Theia Case 1,drop-2,poi_only,diffusion_top,1024,ok,1024,674,2,1,1.0,0.984375,True,14,1010,225,897004,0.013671875,0.058577405857740586,0.022169437846397466,0.0011247040692015937,0.9414225941422594,9,12,5,6,0,674,0,2,2,1,0.17973456531763077,0.17973456531763077,0.17973456531763077,3.094792064279318,3.2745266295969486,,,,,,,,,
Theia Case 1,drop-2,poi_only,episode,1024,ok,1024,682,2,1,1.0,1.0,True,14,1010,225,897004,0.013671875,0.058577405857740586,0.022169437846397466,0.0011247040692015937,0.9414225941422594,9,12,5,6,0,661,21,2,2,1,0.3053577281534672,0.3053577281534672,0.3053577281534672,3.094792064279318,3.400149792432785,,,,,,,,,
Theia Case 1,drop-2,poi_only,coverage_semantic,1024,ok,1024,653,2,1,1.0,1.0,True,14,1010,225,897004,0.013671875,0.058577405857740586,0.022169437846397466,0.0011247040692015937,0.9414225941422594,9,12,5,6,0,629,24,2,2,1,0.9954364560544491,0.9954364560544491,0.9954364560544491,3.094792064279318,4.090228520333767,,,,,,,,,
Theia Case 1,drop-2,poi_only,coverage_no_frequency,1024,ok,1024,678,2,1,1.0,1.0,True,14,1010,225,897004,0.013671875,0.058577405857740586,0.022169437846397466,0.0011247040692015937,0.9414225941422594,9,12,5,6,0,654,24,2,2,1,1.0042889975011349,1.0042889975011349,1.0042889975011349,0.6135606653988361,1.617849662899971,,,,,,,,,
Theia Case 1,drop-2,shared_context,diffusion_top,1024,ok,1024,572,164,1,1.0,0.986328125,True,14,1010,225,897004,0.013671875,0.058577405857740586,0.022169437846397466,0.0011247040692015937,0.9414225941422594,9,12,5,6,0,560,12,2,2,1,0.182874895632267,0.182874895632267,0.182874895632267,3.094792064279318,3.277666959911585,,,,,,,,,
Theia Case 1,drop-2,shared_context,episode,1024,ok,1024,573,164,1,1.0,1.0,True,14,1010,225,897004,0.013671875,0.058577405857740586,0.022169437846397466,0.0011247040692015937,0.9414225941422594,9,12,5,6,0,540,33,2,2,1,0.2974100336432457,0.2974100336432457,0.2974100336432457,3.094792064279318,3.3922020979225636,,,,,,,,,
Theia Case 1,drop-2,shared_context,coverage_semantic,1024,ok,1024,601,164,1,1.0,1.0,True,14,1010,225,897004,0.013671875,0.058577405857740586,0.022169437846397466,0.0011247040692015937,0.9414225941422594,9,12,5,6,0,583,18,2,2,1,0.9853144064545631,0.9853144064545631,0.9853144064545631,3.094792064279318,4.080106470733881,,,,,,,,,
Theia Case 1,drop-2,shared_context,coverage_no_frequency,1024,ok,1024,606,164,1,1.0,1.0,True,14,1010,225,897004,0.013671875,0.058577405857740586,0.022169437846397466,0.0011247040692015937,0.9414225941422594,9,12,5,6,0,588,18,2,2,1,0.9962065555155277,0.9962065555155277,0.9962065555155277,0.6135606653988361,1.6097672209143639,,,,,,,,,
Theia Case 1,all,poi_only,time_rerank,64,ok,64,55,3,2,1.0,0.828125,False,8,56,231,897958,0.125,0.03347280334728033,0.052805280528052806,6.235982957949431e-05,0.9665271966527197,7,12,5,6,0,55,0,3,3,1,0.22757325321435928,0.22757325321435928,0.22757325321435928,2.983812380582094,3.2113856337964535,,,,,,,,,
Theia Case 1,all,poi_only,time_rerank,256,ok,256,114,3,1,1.0,0.69140625,False,12,244,227,897770,0.046875,0.0502092050209205,0.048484848484848485,0.0002717106860249395,0.9497907949790795,8,12,5,6,0,113,1,3,3,1,0.2274167165160179,0.2274167165160179,0.2274167165160179,2.983812380582094,3.211229097098112,,,,,,,,,
Theia Case 1,all,poi_only,time_rerank,1024,ok,1024,675,3,1,1.0,0.9912109375,False,14,1010,225,897004,0.013671875,0.058577405857740586,0.022169437846397466,0.0011247040692015937,0.9414225941422594,9,12,5,6,0,674,1,3,3,3,0.2254747413098812,0.22540093585848808,0.2261487878859043,2.983812380582094,3.2092871218919754,,,,,,,,,
Theia Case 1,all,poi_only,time_rerank,4096,ok,4096,1219,3,1,1.0,0.945556640625,False,14,4082,225,893932,0.00341796875,0.058577405857740586,0.006459054209919262,0.004545586148990996,0.9414225941422594,9,12,5,6,0,1203,16,3,3,1,0.22511987015604973,0.22511987015604973,0.22511987015604973,2.983812380582094,3.208932250738144,,,,,,,,,
Theia Case 1,all,poi_only,temporal_top,64,ok,64,55,3,3,0.890625,0.765625,False,8,56,231,897958,0.125,0.03347280334728033,0.052805280528052806,6.235982957949431e-05,0.9665271966527197,7,12,5,6,0,55,0,3,3,1,0.22582056745886803,0.22582056745886803,0.22582056745886803,3.605464905500412,3.83128547295928,,,,,,,,,
Theia Case 1,all,poi_only,temporal_top,256,ok,256,111,3,1,1.0,0.88671875,False,12,244,227,897770,0.046875,0.0502092050209205,0.048484848484848485,0.0002717106860249395,0.9497907949790795,8,12,5,6,0,110,1,3,3,1,0.22529907524585724,0.22529907524585724,0.22529907524585724,3.605464905500412,3.8307639807462692,,,,,,,,,
Theia Case 1,all,poi_only,temporal_top,1024,ok,1024,476,3,2,0.994140625,0.984375,False,14,1010,225,897004,0.013671875,0.058577405857740586,0.022169437846397466,0.0011247040692015937,0.9414225941422594,9,12,5,6,0,476,0,3,3,3,0.22573750466108322,0.22566989809274673,0.2274492271244526,3.605464905500412,3.831202410161495,,,,,,,,,
Theia Case 1,all,poi_only,temporal_top,4096,ok,4096,1254,3,1,1.0,0.946044921875,False,14,4082,225,893932,0.00341796875,0.058577405857740586,0.006459054209919262,0.004545586148990996,0.9414225941422594,9,12,5,6,0,1253,1,3,3,1,0.22716518118977547,0.22716518118977547,0.22716518118977547,3.605464905500412,3.8326300866901875,,,,,,,,,
Theia Case 1,all,poi_only,temporal_nofreq,64,ok,64,17,3,2,1.0,0.296875,False,7,57,232,897957,0.109375,0.029288702928870293,0.0462046204620462,6.347339796484242e-05,0.9707112970711297,6,12,4,6,0,16,1,3,3,1,0.2260478511452675,0.2260478511452675,0.2260478511452675,1.3563276901841164,1.5823755413293839,,,,,,,,,
Theia Case 1,all,poi_only,temporal_nofreq,256,ok,256,70,3,1,1.0,0.57421875,False,7,249,232,897765,0.02734375,0.029288702928870293,0.028282828282828285,0.00027727852795168004,0.9707112970711297,6,12,4,6,0,70,0,3,3,1,0.22548087313771248,0.22548087313771248,0.22548087313771248,1.3563276901841164,1.5818085633218288,,,,,,,,,
Theia Case 1,all,poi_only,temporal_nofreq,1024,ok,1024,410,3,1,1.0,0.9912109375,False,14,1010,225,897004,0.013671875,0.058577405857740586,0.022169437846397466,0.0011247040692015937,0.9414225941422594,9,12,5,6,0,409,1,3,3,3,0.22824348881840706,0.2269449681043625,0.23428591713309288,1.3563276901841164,1.5845711790025234,,,,,,,,,
Theia Case 1,all,poi_only,temporal_nofreq,4096,ok,4096,814,3,1,1.0,0.998046875,False,14,4082,225,893932,0.00341796875,0.058577405857740586,0.006459054209919262,0.004545586148990996,0.9414225941422594,9,12,5,6,0,807,7,3,3,1,0.2263510413467884,0.2263510413467884,0.2263510413467884,1.3563276901841164,1.5826787315309048,,,,,,,,,
Theia Case 1,all,poi_only,temporal_nocontrast,64,ok,64,46,3,1,1.0,1.0,False,7,57,232,897957,0.109375,0.029288702928870293,0.0462046204620462,6.347339796484242e-05,0.9707112970711297,6,12,4,6,0,45,1,3,3,1,0.22920477762818336,0.22920477762818336,0.22920477762818336,3.2035431191325188,3.432747896760702,,,,,,,,,
Theia Case 1,all,poi_only,temporal_nocontrast,256,ok,256,65,3,1,1.0,1.0,False,7,249,232,897765,0.02734375,0.029288702928870293,0.028282828282828285,0.00027727852795168004,0.9707112970711297,6,12,4,6,0,63,2,3,3,1,0.22624212130904198,0.22624212130904198,0.22624212130904198,3.2035431191325188,3.4297852404415607,,,,,,,,,
Theia Case 1,all,poi_only,temporal_nocontrast,1024,ok,1024,78,3,1,1.0,1.0,False,7,1017,232,896997,0.0068359375,0.029288702928870293,0.011084718923198733,0.0011324990478990306,0.9707112970711297,6,12,4,6,0,74,4,3,3,3,0.22540535777807236,0.22522834688425064,0.22597254812717438,3.2035431191325188,3.428948476910591,,,,,,,,,
Theia Case 1,all,poi_only,temporal_nocontrast,4096,ok,4096,136,3,1,1.0,0.999755859375,False,7,4089,232,893925,0.001708984375,0.029288702928870293,0.003229527104959631,0.004553381127688432,0.9707112970711297,6,12,4,6,0,129,7,3,3,1,0.2259325049817562,0.2259325049817562,0.2259325049817562,3.2035431191325188,3.429475624114275,,,,,,,,,
Theia Case 1,all,poi_only,temporal_short,64,ok,64,53,3,1,1.0,0.640625,False,7,57,232,897957,0.109375,0.029288702928870293,0.0462046204620462,6.347339796484242e-05,0.9707112970711297,6,12,4,6,0,52,1,3,3,1,0.23065518960356712,0.23065518960356712,0.23065518960356712,3.5446953922510147,3.775350581854582,,,,,,,,,
Theia Case 1,all,poi_only,temporal_short,256,ok,256,76,3,1,1.0,0.5234375,False,8,248,231,897766,0.03125,0.03347280334728033,0.03232323232323232,0.0002761649595663319,0.9665271966527197,7,12,5,6,0,74,2,3,3,1,0.22584420070052147,0.22584420070052147,0.22584420070052147,3.5446953922510147,3.770539592951536,,,,,,,,,
Theia Case 1,all,poi_only,temporal_short,1024,ok,1024,301,3,2,0.998046875,0.93359375,False,14,1010,225,897004,0.013671875,0.058577405857740586,0.022169437846397466,0.0011247040692015937,0.9414225941422594,9,12,5,6,0,298,3,3,3,3,0.2260892651975155,0.22594443336129189,0.22638143226504326,3.5446953922510147,3.77078465744853,,,,,,,,,
Theia Case 1,all,poi_only,temporal_short,4096,ok,4096,673,3,5,0.94189453125,0.890869140625,False,14,4082,225,893932,0.00341796875,0.058577405857740586,0.006459054209919262,0.004545586148990996,0.9414225941422594,9,12,5,6,0,651,22,3,3,1,0.22639259696006775,0.22639259696006775,0.22639259696006775,3.5446953922510147,3.7710879892110825,,,,,,,,,
Theia Case 1,all,poi_only,temporal_long,64,ok,64,55,3,2,1.0,0.828125,False,8,56,231,897958,0.125,0.03347280334728033,0.052805280528052806,6.235982957949431e-05,0.9665271966527197,7,12,5,6,0,55,0,3,3,1,0.22874263674020767,0.22874263674020767,0.22874263674020767,3.5891861394047737,3.8179287761449814,,,,,,,,,
Theia Case 1,all,poi_only,temporal_long,256,ok,256,149,3,1,1.0,0.9140625,False,12,244,227,897770,0.046875,0.0502092050209205,0.048484848484848485,0.0002717106860249395,0.9497907949790795,8,12,5,6,0,148,1,3,3,1,0.22804438322782516,0.22804438322782516,0.22804438322782516,3.5891861394047737,3.817230522632599,,,,,,,,,
Theia Case 1,all,poi_only,temporal_long,1024,ok,1024,522,3,1,1.0,0.8154296875,False,14,1010,225,897004,0.013671875,0.058577405857740586,0.022169437846397466,0.0011247040692015937,0.9414225941422594,9,12,5,6,0,521,1,3,3,3,0.2280559130012989,0.22773189470171928,0.2393706627190113,3.5891861394047737,3.8172420524060726,,,,,,,,,
Theia Case 1,all,poi_only,temporal_long,4096,ok,4096,1224,3,1,1.0,0.979248046875,False,14,4082,225,893932,0.00341796875,0.058577405857740586,0.006459054209919262,0.004545586148990996,0.9414225941422594,9,12,5,6,0,1223,1,3,3,1,0.22641272842884064,0.22641272842884064,0.22641272842884064,3.5891861394047737,3.8155988678336143,,,,,,,,,
Theia Case 1,all,poi_only,plain_ppr,64,ok,64,41,3,1,1.0,0.953125,False,5,59,234,897955,0.078125,0.02092050209205021,0.033003300330033,6.570053473553864e-05,0.9790794979079498,5,12,4,6,0,32,9,3,3,1,0.18525437265634537,0.18525437265634537,0.18525437265634537,0.46125227212905884,0.6465066447854042,,,,,,,,,
Theia Case 1,all,poi_only,plain_ppr,256,ok,256,139,3,1,1.0,1.0,False,7,249,232,897765,0.02734375,0.029288702928870293,0.028282828282828285,0.00027727852795168004,0.9707112970711297,6,12,4,6,0,94,45,3,3,1,0.1830367036163807,0.1830367036163807,0.1830367036163807,0.46125227212905884,0.6442889757454395,,,,,,,,,
Theia Case 1,all,poi_only,plain_ppr,1024,ok,1024,260,3,1,1.0,1.0,False,7,1017,232,896997,0.0068359375,0.029288702928870293,0.011084718923198733,0.0011324990478990306,0.9707112970711297,6,12,4,6,0,94,166,3,3,3,0.1874348185956478,0.18373462185263634,0.1937834918498993,0.46125227212905884,0.6486870907247066,,,,,,,,,
Theia Case 1,all,poi_only,plain_ppr,4096,ok,4096,270,3,1,1.0,1.0,False,7,4089,232,893925,0.001708984375,0.029288702928870293,0.003229527104959631,0.004553381127688432,0.9707112970711297,6,12,4,6,0,94,176,3,3,1,0.18486539274454117,0.18486539274454117,0.18486539274454117,0.46125227212905884,0.6461176648736,,,,,,,,,
Theia Case 1,all,poi_only,heat_kernel,64,ok,64,36,3,1,1.0,0.859375,False,3,61,236,897953,0.046875,0.012552301255230125,0.019801980198019802,6.792767150623487e-05,0.9874476987447699,3,12,3,6,0,28,8,3,3,1,0.18413446843624115,0.18413446843624115,0.18413446843624115,0.14557502791285515,0.3297094963490963,,,,,,,,,
Theia Case 1,all,poi_only,heat_kernel,256,ok,256,137,3,1,1.0,0.97265625,False,5,251,234,897763,0.01953125,0.02092050209205021,0.020202020202020204,0.00027950566472237625,0.9790794979079498,5,12,4,6,0,88,49,3,3,1,0.18401334807276726,0.18401334807276726,0.18401334807276726,0.14557502791285515,0.3295883759856224,,,,,,,,,
Theia Case 1,all,poi_only,heat_kernel,1024,ok,1024,254,3,1,1.0,0.947265625,False,5,1019,234,896995,0.0048828125,0.02092050209205021,0.00791765637371338,0.0011347261846697267,0.9790794979079498,5,12,4,6,0,88,166,3,3,3,0.18277108296751976,0.18253914639353752,0.18345171958208084,0.14557502791285515,0.3283461108803749,,,,,,,,,
Theia Case 1,all,poi_only,heat_kernel,4096,ok,4096,264,3,1,1.0,0.9384765625,False,5,4091,234,893923,0.001220703125,0.02092050209205021,0.002306805074971165,0.004555608264459129,0.9790794979079498,5,12,4,6,0,88,176,3,3,1,0.1840091273188591,0.1840091273188591,0.1840091273188591,0.14557502791285515,0.32958415523171425,,,,,,,,,
Theia Case 1,all,poi_only,relation_stratified,64,ok,64,50,3,7,0.640625,0.609375,False,8,56,231,897958,0.125,0.03347280334728033,0.052805280528052806,6.235982957949431e-05,0.9665271966527197,7,12,5,6,0,44,6,3,3,1,0.19042832031846046,0.19042832031846046,0.19042832031846046,2.969091184437275,3.1595195047557354,,,,,,,,,
Theia Case 1,all,poi_only,relation_stratified,256,ok,256,159,3,15,0.8828125,0.5625,False,8,248,231,897766,0.03125,0.03347280334728033,0.03232323232323232,0.0002761649595663319,0.9665271966527197,7,12,5,6,0,153,6,3,3,1,0.18860316649079323,0.18860316649079323,0.18860316649079323,2.969091184437275,3.157694350928068,,,,,,,,,
Theia Case 1,all,poi_only,relation_stratified,1024,ok,1024,609,3,7,0.931640625,0.9111328125,False,13,1011,226,897003,0.0126953125,0.05439330543933055,0.02058590657165479,0.0011258176375869419,0.9456066945606695,9,12,6,6,0,561,48,3,3,3,0.1910785473883152,0.18929968774318695,0.193875752389431,2.969091184437275,3.16016973182559,,,,,,,,,
Theia Case 1,all,poi_only,relation_stratified,4096,ok,4096,1799,3,1,1.0,0.99267578125,False,16,4080,223,893934,0.00390625,0.06694560669456066,0.007381776239907728,0.0045433590122203,0.9330543933054394,11,12,6,6,0,1753,46,3,3,1,0.19433968141674995,0.19433968141674995,0.19433968141674995,2.969091184437275,3.163430865854025,,,,,,,,,
Theia Case 1,all,poi_only,temporal_episode,64,ok,64,55,3,1,1.0,1.0,False,8,56,231,897958,0.125,0.03347280334728033,0.052805280528052806,6.235982957949431e-05,0.9665271966527197,7,12,5,6,0,52,3,3,3,1,0.35550035163760185,0.35550035163760185,0.35550035163760185,3.605464905500412,3.960965257138014,,,,,,,,,
Theia Case 1,all,poi_only,temporal_episode,256,ok,256,117,3,1,1.0,1.0,False,12,244,227,897770,0.046875,0.0502092050209205,0.048484848484848485,0.0002717106860249395,0.9497907949790795,8,12,5,6,0,114,3,3,3,1,0.35665904358029366,0.35665904358029366,0.35665904358029366,3.605464905500412,3.9621239490807056,,,,,,,,,
Theia Case 1,all,poi_only,temporal_episode,1024,ok,1024,476,3,1,1.0,1.0,False,14,1010,225,897004,0.013671875,0.058577405857740586,0.022169437846397466,0.0011247040692015937,0.9414225941422594,9,12,5,6,0,469,7,3,3,3,0.36087799817323685,0.3597872890532017,0.3652561604976654,3.605464905500412,3.966342903673649,,,,,,,,,
Theia Case 1,all,poi_only,temporal_episode,4096,ok,4096,1273,3,1,1.0,1.0,False,14,4082,225,893932,0.00341796875,0.058577405857740586,0.006459054209919262,0.004545586148990996,0.9414225941422594,9,12,5,6,0,1257,16,3,3,1,0.36775804683566093,0.36775804683566093,0.36775804683566093,3.605464905500412,3.973222952336073,,,,,,,,,
Theia Case 1,all,poi_only,temporal_pcst,64,ok,3,3,3,3,1.0,1.0,False,3,0,236,898014,1.0,0.012552301255230125,0.024793388429752067,0.0,0.9874476987447699,3,12,3,6,0,3,0,3,3,1,0.010367345064878464,0.010367345064878464,0.010367345064878464,6.905634839087725,6.916002184152603,1.0,,,,,,,,
Theia Case 1,all,poi_only,temporal_pcst,256,ok,85,85,3,1,1.0,0.8823529411764706,False,6,79,233,897935,0.07058823529411765,0.02510460251046025,0.037037037037037035,8.79719024425009e-05,0.9748953974895398,6,12,5,6,0,85,0,3,3,1,0.010878439992666245,0.010878439992666245,0.010878439992666245,6.905634839087725,6.916513279080391,0.3,,,,,,,,
Theia Case 1,all,poi_only,temporal_pcst,1024,ok,262,233,3,1,1.0,0.9732824427480916,False,10,252,229,897762,0.03816793893129771,0.04184100418410042,0.03992015968063872,0.0002806192331077244,0.9581589958158996,8,12,5,6,0,233,0,3,3,1,0.011402182281017303,0.011402182281017303,0.011402182281017303,6.905634839087725,6.917037021368742,0.1,,,,,,,,
Theia Case 1,all,poi_only,temporal_pcst,4096,ok,2560,2409,3,1,1.0,0.981640625,False,14,2546,225,895468,0.00546875,0.058577405857740586,0.010003572704537335,0.002835145109096295,0.9414225941422594,9,12,5,6,0,2409,0,3,3,1,0.012124847620725632,0.012124847620725632,0.012124847620725632,6.905634839087725,6.91775968670845,0.03,,,,,,,,
Theia Case 1,all,shared_context,time_rerank,64,infeasible_mandatory,,,165,,,,False,,,,,,,,,,,,,,,,,,,,,,,,,,,,,,,,,
Theia Case 1,all,shared_context,time_rerank,256,ok,256,96,165,1,1.0,0.95703125,False,8,248,231,897766,0.03125,0.03347280334728033,0.03232323232323232,0.0002761649595663319,0.9665271966527197,7,12,5,6,0,84,12,3,3,1,0.22756263613700867,0.22756263613700867,0.22756263613700867,2.983812380582094,3.211375016719103,,,,,,,,,
Theia Case 1,all,shared_context,time_rerank,1024,ok,1024,542,165,1,1.0,0.9912109375,False,14,1010,225,897004,0.013671875,0.058577405857740586,0.022169437846397466,0.0011247040692015937,0.9414225941422594,9,12,5,6,0,530,12,3,3,3,0.22816139087080956,0.22600453346967697,0.22816993668675423,2.983812380582094,3.2119737714529037,,,,,,,,,
Theia Case 1,all,shared_context,time_rerank,4096,ok,4096,1227,165,1,1.0,0.945556640625,False,14,4082,225,893932,0.00341796875,0.058577405857740586,0.006459054209919262,0.004545586148990996,0.9414225941422594,9,12,5,6,0,1199,28,3,3,1,0.2263314612209797,0.2263314612209797,0.2263314612209797,2.983812380582094,3.210143841803074,,,,,,,,,
Theia Case 1,all,shared_context,temporal_top,64,infeasible_mandatory,,,165,,,,False,,,,,,,,,,,,,,,,,,,,,,,,,,,,,,,,,
Theia Case 1,all,shared_context,temporal_top,256,ok,256,98,165,1,1.0,0.95703125,False,8,248,231,897766,0.03125,0.03347280334728033,0.03232323232323232,0.0002761649595663319,0.9665271966527197,7,12,5,6,0,86,12,3,3,1,0.2276589535176754,0.2276589535176754,0.2276589535176754,3.605464905500412,3.8331238590180874,,,,,,,,,
Theia Case 1,all,shared_context,temporal_top,1024,ok,1024,358,165,2,0.998046875,0.990234375,False,14,1010,225,897004,0.013671875,0.058577405857740586,0.022169437846397466,0.0011247040692015937,0.9414225941422594,9,12,5,6,0,344,14,3,3,3,0.2289297692477703,0.2276049666106701,0.23001734912395477,3.605464905500412,3.8343946747481823,,,,,,,,,
Theia Case 1,all,shared_context,temporal_top,4096,ok,4096,1263,165,1,1.0,0.946044921875,False,14,4082,225,893932,0.00341796875,0.058577405857740586,0.006459054209919262,0.004545586148990996,0.9414225941422594,9,12,5,6,0,1250,13,3,3,1,0.2349696010351181,0.2349696010351181,0.2349696010351181,3.605464905500412,3.84043450653553,,,,,,,,,
Theia Case 1,all,shared_context,temporal_nofreq,64,infeasible_mandatory,,,165,,,,False,,,,,,,,,,,,,,,,,,,,,,,,,,,,,,,,,
Theia Case 1,all,shared_context,temporal_nofreq,256,ok,256,45,165,1,1.0,0.765625,False,7,249,232,897765,0.02734375,0.029288702928870293,0.028282828282828285,0.00027727852795168004,0.9707112970711297,6,12,4,6,0,33,12,3,3,1,0.22859496995806694,0.22859496995806694,0.22859496995806694,1.3563276901841164,1.5849226601421833,,,,,,,,,
Theia Case 1,all,shared_context,temporal_nofreq,1024,ok,1024,349,165,1,1.0,0.9931640625,False,14,1010,225,897004,0.013671875,0.058577405857740586,0.022169437846397466,0.0011247040692015937,0.9414225941422594,9,12,5,6,0,336,13,3,3,3,0.2299753986299038,0.22839060425758362,0.23205797746777534,1.3563276901841164,1.5863030888140202,,,,,,,,,
Theia Case 1,all,shared_context,temporal_nofreq,4096,ok,4096,822,165,1,1.0,0.998046875,False,14,4082,225,893932,0.00341796875,0.058577405857740586,0.006459054209919262,0.004545586148990996,0.9414225941422594,9,12,5,6,0,806,16,3,3,1,0.22893882542848587,0.22893882542848587,0.22893882542848587,1.3563276901841164,1.5852665156126022,,,,,,,,,
Theia Case 1,all,shared_context,temporal_nocontrast,64,infeasible_mandatory,,,165,,,,False,,,,,,,,,,,,,,,,,,,,,,,,,,,,,,,,,
Theia Case 1,all,shared_context,temporal_nocontrast,256,ok,256,62,165,1,1.0,1.0,False,7,249,232,897765,0.02734375,0.029288702928870293,0.028282828282828285,0.00027727852795168004,0.9707112970711297,6,12,4,6,0,49,13,3,3,1,0.22828349098563194,0.22828349098563194,0.22828349098563194,3.2035431191325188,3.4318266101181507,,,,,,,,,
Theia Case 1,all,shared_context,temporal_nocontrast,1024,ok,1024,87,165,1,1.0,1.0,False,7,1017,232,896997,0.0068359375,0.029288702928870293,0.011084718923198733,0.0011324990478990306,0.9707112970711297,6,12,4,6,0,70,17,3,3,3,0.2261742539703846,0.22574495524168015,0.22705547884106636,3.2035431191325188,3.4297173731029034,,,,,,,,,
Theia Case 1,all,shared_context,temporal_nocontrast,4096,ok,4096,146,165,1,1.0,0.999755859375,False,7,4089,232,893925,0.001708984375,0.029288702928870293,0.003229527104959631,0.004553381127688432,0.9707112970711297,6,12,4,6,0,128,18,3,3,1,0.22778015583753586,0.22778015583753586,0.22778015583753586,3.2035431191325188,3.4313232749700546,,,,,,,,,
Theia Case 1,all,shared_context,temporal_short,64,infeasible_mandatory,,,165,,,,False,,,,,,,,,,,,,,,,,,,,,,,,,,,,,,,,,
Theia Case 1,all,shared_context,temporal_short,256,ok,256,70,165,1,1.0,0.96875,False,7,249,232,897765,0.02734375,0.029288702928870293,0.028282828282828285,0.00027727852795168004,0.9707112970711297,6,12,4,6,0,57,13,3,3,1,0.2272178940474987,0.2272178940474987,0.2272178940474987,3.5446953922510147,3.7719132862985134,,,,,,,,,
Theia Case 1,all,shared_context,temporal_short,1024,ok,1024,289,165,2,0.998046875,0.990234375,False,14,1010,225,897004,0.013671875,0.058577405857740586,0.022169437846397466,0.0011247040692015937,0.9414225941422594,9,12,5,6,0,275,14,3,3,3,0.22648320719599724,0.22628432884812355,0.22650086134672165,3.5446953922510147,3.771178599447012,,,,,,,,,
Theia Case 1,all,shared_context,temporal_short,4096,ok,4096,676,165,5,0.94189453125,0.89111328125,False,14,4082,225,893932,0.00341796875,0.058577405857740586,0.006459054209919262,0.004545586148990996,0.9414225941422594,9,12,5,6,0,645,31,3,3,1,0.2361862137913704,0.2361862137913704,0.2361862137913704,3.5446953922510147,3.780881606042385,,,,,,,,,
Theia Case 1,all,shared_context,temporal_long,64,infeasible_mandatory,,,165,,,,False,,,,,,,,,,,,,,,,,,,,,,,,,,,,,,,,,
Theia Case 1,all,shared_context,temporal_long,256,ok,256,90,165,1,1.0,0.953125,False,8,248,231,897766,0.03125,0.03347280334728033,0.03232323232323232,0.0002761649595663319,0.9665271966527197,7,12,5,6,0,78,12,3,3,1,0.2279435284435749,0.2279435284435749,0.2279435284435749,3.5891861394047737,3.8171296678483486,,,,,,,,,
Theia Case 1,all,shared_context,temporal_long,1024,ok,1024,474,165,1,1.0,0.853515625,False,14,1010,225,897004,0.013671875,0.058577405857740586,0.022169437846397466,0.0011247040692015937,0.9414225941422594,9,12,5,6,0,460,14,3,3,3,0.2257717028260231,0.22553853318095207,0.2267494648694992,3.5891861394047737,3.814957842230797,,,,,,,,,
Theia Case 1,all,shared_context,temporal_long,4096,ok,4096,1200,165,1,1.0,0.979248046875,False,14,4082,225,893932,0.00341796875,0.058577405857740586,0.006459054209919262,0.004545586148990996,0.9414225941422594,9,12,5,6,0,1188,12,3,3,1,0.22533905878663063,0.22533905878663063,0.22533905878663063,3.5891861394047737,3.8145251981914043,,,,,,,,,
Theia Case 1,all,shared_context,plain_ppr,64,infeasible_mandatory,,,165,,,,False,,,,,,,,,,,,,,,,,,,,,,,,,,,,,,,,,
Theia Case 1,all,shared_context,plain_ppr,256,ok,256,68,165,1,1.0,1.0,False,5,251,234,897763,0.01953125,0.02092050209205021,0.020202020202020204,0.00027950566472237625,0.9790794979079498,5,12,4,6,0,51,17,3,3,1,0.18455281481146812,0.18455281481146812,0.18455281481146812,0.46125227212905884,0.645805086940527,,,,,,,,,
Theia Case 1,all,shared_context,plain_ppr,1024,ok,1024,261,165,1,1.0,1.0,False,7,1017,232,896997,0.0068359375,0.029288702928870293,0.011084718923198733,0.0011324990478990306,0.9707112970711297,6,12,4,6,0,94,167,3,3,3,0.1852177307009697,0.18420511856675148,0.1872219294309616,0.46125227212905884,0.6464700028300285,,,,,,,,,
Theia Case 1,all,shared_context,plain_ppr,4096,ok,4096,282,165,1,1.0,1.0,False,7,4089,232,893925,0.001708984375,0.029288702928870293,0.003229527104959631,0.004553381127688432,0.9707112970711297,6,12,4,6,0,94,188,3,3,1,0.18365062773227692,0.18365062773227692,0.18365062773227692,0.46125227212905884,0.6449028998613358,,,,,,,,,
Theia Case 1,all,shared_context,heat_kernel,64,infeasible_mandatory,,,165,,,,False,,,,,,,,,,,,,,,,,,,,,,,,,,,,,,,,,
Theia Case 1,all,shared_context,heat_kernel,256,ok,256,65,165,1,1.0,0.96875,False,3,253,236,897761,0.01171875,0.012552301255230125,0.012121212121212121,0.00028173280149307246,0.9874476987447699,3,12,3,6,0,48,17,3,3,1,0.1847251020371914,0.1847251020371914,0.1847251020371914,0.14557502791285515,0.33030012995004654,,,,,,,,,
Theia Case 1,all,shared_context,heat_kernel,1024,ok,1024,257,165,1,1.0,1.0,False,5,1019,234,896995,0.0048828125,0.02092050209205021,0.00791765637371338,0.0011347261846697267,0.9790794979079498,5,12,4,6,0,90,167,3,3,3,0.18642110750079155,0.185892041772604,0.19087892025709152,0.14557502791285515,0.3319961354136467,,,,,,,,,
Theia Case 1,all,shared_context,heat_kernel,4096,ok,4096,278,165,1,1.0,1.0,False,5,4091,234,893923,0.001220703125,0.02092050209205021,0.002306805074971165,0.004555608264459129,0.9790794979079498,5,12,4,6,0,90,188,3,3,1,0.18445607647299767,0.18445607647299767,0.18445607647299767,0.14557502791285515,0.3300311043858528,,,,,,,,,
Theia Case 1,all,shared_context,relation_stratified,64,infeasible_mandatory,,,165,,,,False,,,,,,,,,,,,,,,,,,,,,,,,,,,,,,,,,
Theia Case 1,all,shared_context,relation_stratified,256,ok,256,83,165,9,0.88671875,0.86328125,False,8,248,231,897766,0.03125,0.03347280334728033,0.03232323232323232,0.0002761649595663319,0.9665271966527197,7,12,5,6,0,64,19,3,3,1,0.19086123630404472,0.19086123630404472,0.19086123630404472,2.969091184437275,3.1599524207413197,,,,,,,,,
Theia Case 1,all,shared_context,relation_stratified,1024,ok,1024,554,165,11,0.9189453125,0.822265625,False,13,1011,226,897003,0.0126953125,0.05439330543933055,0.02058590657165479,0.0011258176375869419,0.9456066945606695,9,12,6,6,0,504,50,3,3,3,0.188527412712574,0.1882556565105915,0.190508920699358,2.969091184437275,3.157618597149849,,,,,,,,,
Theia Case 1,all,shared_context,relation_stratified,4096,ok,4096,1796,165,1,1.0,0.99267578125,False,14,4082,225,893932,0.00341796875,0.058577405857740586,0.006459054209919262,0.004545586148990996,0.9414225941422594,10,12,6,6,0,1739,57,3,3,1,0.1930752545595169,0.1930752545595169,0.1930752545595169,2.969091184437275,3.162166438996792,,,,,,,,,
Theia Case 1,all,shared_context,temporal_episode,64,infeasible_mandatory,,,165,,,,False,,,,,,,,,,,,,,,,,,,,,,,,,,,,,,,,,
Theia Case 1,all,shared_context,temporal_episode,256,ok,256,98,165,1,1.0,1.0,False,8,248,231,897766,0.03125,0.03347280334728033,0.03232323232323232,0.0002761649595663319,0.9665271966527197,7,12,5,6,0,83,15,3,3,1,0.3554144948720932,0.3554144948720932,0.3554144948720932,3.605464905500412,3.960879400372505,,,,,,,,,
Theia Case 1,all,shared_context,temporal_episode,1024,ok,1024,393,165,1,1.0,1.0,False,14,1010,225,897004,0.013671875,0.058577405857740586,0.022169437846397466,0.0011247040692015937,0.9414225941422594,9,12,5,6,0,375,18,3,3,3,0.36026614531874657,0.35880085080862045,0.36215393990278244,3.605464905500412,3.9657310508191586,,,,,,,,,
Theia Case 1,all,shared_context,temporal_episode,4096,ok,4096,1279,165,1,1.0,1.0,False,14,4082,225,893932,0.00341796875,0.058577405857740586,0.006459054209919262,0.004545586148990996,0.9414225941422594,9,12,5,6,0,1251,28,3,3,1,0.3703007809817791,0.3703007809817791,0.3703007809817791,3.605464905500412,3.975765686482191,,,,,,,,,
Theia Case 1,all,shared_context,temporal_pcst,64,infeasible_mandatory,,,165,,,,False,,,,,,,,,,,,,,,,,,,,,,,,,,,,,,,,,
Theia Case 1,all,shared_context,temporal_pcst,256,ok,245,97,165,1,1.0,0.9591836734693877,False,6,239,233,897775,0.024489795918367346,0.02510460251046025,0.024793388429752067,0.0002661428440981989,0.9748953974895398,6,12,5,6,0,85,12,3,3,1,0.011431857943534851,0.011431857943534851,0.011431857943534851,6.905634839087725,6.9170666970312595,0.3,,,,,,,,
Theia Case 1,all,shared_context,temporal_pcst,1024,ok,422,245,165,1,1.0,0.9834123222748815,False,10,412,229,897602,0.023696682464454975,0.04184100418410042,0.030257186081694403,0.0004587901747634224,0.9581589958158996,8,12,5,6,0,233,12,3,3,1,0.011968333274126053,0.011968333274126053,0.011968333274126053,6.905634839087725,6.917603172361851,0.1,,,,,,,,
Theia Case 1,all,shared_context,temporal_pcst,4096,ok,2720,2421,165,1,1.0,0.9827205882352941,False,14,2706,225,895308,0.005147058823529412,0.058577405857740586,0.009462656302805001,0.0030133160507519927,0.9414225941422594,9,12,5,6,0,2409,12,3,3,1,0.012594450265169144,0.012594450265169144,0.012594450265169144,6.905634839087725,6.918229289352894,0.03,,,,,,,,
Theia Case 1,drop-0,poi_only,time_rerank,1024,ok,1024,468,2,1,1.0,0.5947265625,False,7,1017,232,896997,0.0068359375,0.029288702928870293,0.011084718923198733,0.0011324990478990306,0.9707112970711297,6,12,4,6,0,465,3,2,2,1,0.21938413009047508,0.21938413009047508,0.21938413009047508,2.813213188201189,3.032597318291664,,,,,,,,,
Theia Case 1,drop-0,poi_only,temporal_top,1024,ok,1024,289,2,1,1.0,0.9208984375,False,6,1018,233,896996,0.005859375,0.02510460251046025,0.009501187648456057,0.0011336126162843786,0.9748953974895398,5,12,3,6,0,288,1,2,2,1,0.220001220703125,0.220001220703125,0.220001220703125,3.138860806822777,3.358862027525902,,,,,,,,,
Theia Case 1,drop-0,shared_context,time_rerank,1024,ok,1024,462,83,1,1.0,0.6728515625,False,7,1017,232,896997,0.0068359375,0.029288702928870293,0.011084718923198733,0.0011324990478990306,0.9707112970711297,6,12,4,6,0,452,10,2,2,1,0.21981829032301903,0.21981829032301903,0.21981829032301903,2.813213188201189,3.033031478524208,,,,,,,,,
Theia Case 1,drop-0,shared_context,temporal_top,1024,ok,1024,285,83,1,1.0,0.9462890625,False,6,1018,233,896996,0.005859375,0.02510460251046025,0.009501187648456057,0.0011336126162843786,0.9748953974895398,5,12,3,6,0,278,7,2,2,1,0.2243213914334774,0.2243213914334774,0.2243213914334774,3.138860806822777,3.363182198256254,,,,,,,,,
Theia Case 1,drop-1,poi_only,time_rerank,1024,ok,1024,629,2,1,1.0,0.9912109375,False,14,1010,225,897004,0.013671875,0.058577405857740586,0.022169437846397466,0.0011247040692015937,0.9414225941422594,9,12,5,6,0,628,1,2,2,1,0.2190285287797451,0.2190285287797451,0.2190285287797451,2.804363913834095,3.02339244261384,,,,,,,,,
Theia Case 1,drop-1,poi_only,temporal_top,1024,ok,1024,623,2,2,0.9931640625,0.986328125,False,14,1010,225,897004,0.013671875,0.058577405857740586,0.022169437846397466,0.0011247040692015937,0.9414225941422594,9,12,5,6,0,623,0,2,2,1,0.22736890241503716,0.22736890241503716,0.22736890241503716,3.1169131956994534,3.3442820981144905,,,,,,,,,
Theia Case 1,drop-1,shared_context,time_rerank,1024,ok,1024,623,83,1,1.0,0.9912109375,False,14,1010,225,897004,0.013671875,0.058577405857740586,0.022169437846397466,0.0011247040692015937,0.9414225941422594,9,12,5,6,0,616,7,2,2,1,0.22791233286261559,0.22791233286261559,0.22791233286261559,2.804363913834095,3.0322762466967106,,,,,,,,,
Theia Case 1,drop-1,shared_context,temporal_top,1024,ok,1024,549,83,2,0.9931640625,0.986328125,False,14,1010,225,897004,0.013671875,0.058577405857740586,0.022169437846397466,0.0011247040692015937,0.9414225941422594,9,12,5,6,0,543,6,2,2,1,0.2178013175725937,0.2178013175725937,0.2178013175725937,3.1169131956994534,3.334714513272047,,,,,,,,,
Theia Case 1,drop-2,poi_only,time_rerank,1024,ok,1024,644,2,1,1.0,0.9833984375,False,14,1010,225,897004,0.013671875,0.058577405857740586,0.022169437846397466,0.0011247040692015937,0.9414225941422594,9,12,5,6,0,643,1,2,2,1,0.2208009883761406,0.2208009883761406,0.2208009883761406,2.849285949021578,3.0700869373977184,,,,,,,,,
Theia Case 1,drop-2,poi_only,temporal_top,1024,ok,1024,560,2,1,1.0,0.9833984375,False,14,1010,225,897004,0.013671875,0.058577405857740586,0.022169437846397466,0.0011247040692015937,0.9414225941422594,9,12,5,6,0,560,0,2,2,1,0.21987781673669815,0.21987781673669815,0.21987781673669815,3.1314364597201347,3.351314276456833,,,,,,,,,
Theia Case 1,drop-2,shared_context,time_rerank,1024,ok,1024,562,164,1,1.0,0.9853515625,False,14,1010,225,897004,0.013671875,0.058577405857740586,0.022169437846397466,0.0011247040692015937,0.9414225941422594,9,12,5,6,0,550,12,2,2,1,0.2277327924966812,0.2277327924966812,0.2277327924966812,2.849285949021578,3.077018741518259,,,,,,,,,
Theia Case 1,drop-2,shared_context,temporal_top,1024,ok,1024,418,164,1,1.0,0.9833984375,False,14,1010,225,897004,0.013671875,0.058577405857740586,0.022169437846397466,0.0011247040692015937,0.9414225941422594,9,12,5,6,0,406,12,2,2,1,0.22318774461746216,0.22318774461746216,0.22318774461746216,3.1314364597201347,3.354624204337597,,,,,,,,,
Theia Case 1,all,poi_only,typed_temporal,64,ok,64,,3,7,0.75,0.65625,False,8,56,231,897958,0.125,0.03347280334728033,0.052805280528052806,6.235982957949431e-05,0.9665271966527197,7,12,5,6,0,42,7,3,3,1,0.23750049993395805,0.23750049993395805,0.23750049993395805,3.4852306582033634,3.7227311581373215,,,True,,,,,,
Theia Case 1,all,poi_only,typed_temporal,256,ok,256,,3,10,0.90234375,0.875,False,9,247,230,897767,0.03515625,0.03765690376569038,0.03636363636363636,0.0002750513911809838,0.9623430962343096,8,12,6,6,0,160,8,3,3,1,0.2301233559846878,0.2301233559846878,0.2301233559846878,3.4852306582033634,3.7153540141880512,,,True,,,,,,
Theia Case 1,all,poi_only,typed_temporal,1024,ok,1024,,3,4,0.951171875,0.884765625,False,13,1011,226,897003,0.0126953125,0.05439330543933055,0.02058590657165479,0.0011258176375869419,0.9456066945606695,9,12,6,6,0,577,6,3,3,3,0.22947511076927185,0.22810820117592812,0.23094751313328743,3.4852306582033634,3.7147057689726353,,,True,,,,,,
Theia Case 1,all,poi_only,typed_temporal,4096,ok,4096,,3,1,1.0,0.97509765625,False,16,4080,223,893934,0.00390625,0.06694560669456066,0.007381776239907728,0.0045433590122203,0.9330543933054394,11,12,6,6,0,1862,18,3,3,1,0.2332090400159359,0.2332090400159359,0.2332090400159359,3.4852306582033634,3.7184396982192993,,,True,,,,,,
Theia Case 1,all,poi_only,typed_nofreq,64,ok,64,,3,5,0.859375,0.734375,False,8,56,231,897958,0.125,0.03347280334728033,0.052805280528052806,6.235982957949431e-05,0.9665271966527197,7,12,5,6,0,41,9,3,3,1,0.22699181362986565,0.22699181362986565,0.22699181362986565,1.3511278256773949,1.5781196393072605,,,True,,,,,,
Theia Case 1,all,poi_only,typed_nofreq,256,ok,256,,3,7,0.9453125,0.90625,False,8,248,231,897766,0.03125,0.03347280334728033,0.03232323232323232,0.0002761649595663319,0.9665271966527197,7,12,5,6,0,146,9,3,3,1,0.22533901408314705,0.22533901408314705,0.22533901408314705,1.3511278256773949,1.576466839760542,,,True,,,,,,
Theia Case 1,all,poi_only,typed_nofreq,1024,ok,1024,,3,3,0.953125,0.9140625,False,12,1012,227,897002,0.01171875,0.0502092050209205,0.019002375296912115,0.0011269312059722899,0.9497907949790795,8,12,5,6,0,490,14,3,3,3,0.2255558967590332,0.22545164078474045,0.22778212279081345,1.3511278256773949,1.576683722436428,,,True,,,,,,
Theia Case 1,all,poi_only,typed_nofreq,4096,ok,4096,,3,1,1.0,0.98583984375,False,14,4082,225,893932,0.00341796875,0.058577405857740586,0.006459054209919262,0.004545586148990996,0.9414225941422594,9,12,5,6,0,1653,25,3,3,1,0.22945014387369156,0.22945014387369156,0.22945014387369156,1.3511278256773949,1.5805779695510864,,,True,,,,,,
Theia Case 1,all,poi_only,typed_nocontrast,64,ok,64,,3,1,1.0,0.953125,False,5,59,234,897955,0.078125,0.02092050209205021,0.033003300330033,6.570053473553864e-05,0.9790794979079498,5,12,4,6,0,32,11,3,3,1,0.2274453155696392,0.2274453155696392,0.2274453155696392,3.196976739913225,3.4244220554828644,,,True,,,,,,
Theia Case 1,all,poi_only,typed_nocontrast,256,ok,256,,3,2,0.9765625,0.90234375,False,7,249,232,897765,0.02734375,0.029288702928870293,0.028282828282828285,0.00027727852795168004,0.9707112970711297,6,12,4,6,0,98,14,3,3,1,0.22635818272829056,0.22635818272829056,0.22635818272829056,3.196976739913225,3.4233349226415157,,,True,,,,,,
Theia Case 1,all,poi_only,typed_nocontrast,1024,ok,1024,,3,3,0.953125,0.904296875,False,8,1016,231,896998,0.0078125,0.03347280334728033,0.012668250197941409,0.0011313854795136824,0.9665271966527197,7,12,5,6,0,289,26,3,3,3,0.22623557969927788,0.22526774182915688,0.22947145625948906,3.196976739913225,3.423212319612503,,,True,,,,,,
Theia Case 1,all,poi_only,typed_nocontrast,4096,ok,4096,,3,2,0.99853515625,0.984375,False,8,4088,231,893926,0.001953125,0.03347280334728033,0.003690888119953864,0.004552267559303084,0.9665271966527197,7,12,5,6,0,889,30,3,3,1,0.22985711693763733,0.22985711693763733,0.22985711693763733,3.196976739913225,3.4268338568508625,,,True,,,,,,
Theia Case 1,all,poi_only,typed_short,64,ok,64,,3,8,0.75,0.71875,False,8,56,231,897958,0.125,0.03347280334728033,0.052805280528052806,6.235982957949431e-05,0.9665271966527197,7,12,5,6,0,44,7,3,3,1,0.22510690614581108,0.22510690614581108,0.22510690614581108,3.500492226332426,3.725599132478237,,,True,,,,,,
Theia Case 1,all,poi_only,typed_short,256,ok,256,,3,9,0.8984375,0.7890625,False,8,248,231,897766,0.03125,0.03347280334728033,0.03232323232323232,0.0002761649595663319,0.9665271966527197,7,12,5,6,0,154,14,3,3,1,0.22956237196922302,0.22956237196922302,0.22956237196922302,3.500492226332426,3.730054598301649,,,True,,,,,,
Theia Case 1,all,poi_only,typed_short,1024,ok,1024,,3,4,0.9482421875,0.8466796875,False,12,1012,227,897002,0.01171875,0.0502092050209205,0.019002375296912115,0.0011269312059722899,0.9497907949790795,8,12,5,6,0,509,34,3,3,3,0.22550420835614204,0.22527390345931053,0.22596285492181778,3.500492226332426,3.725996434688568,,,True,,,,,,
Theia Case 1,all,poi_only,typed_short,4096,ok,4096,,3,1,1.0,0.96337890625,False,14,4082,225,893932,0.00341796875,0.058577405857740586,0.006459054209919262,0.004545586148990996,0.9414225941422594,9,12,5,6,0,1575,47,3,3,1,0.23039813339710236,0.23039813339710236,0.23039813339710236,3.500492226332426,3.7308903597295284,,,True,,,,,,
Theia Case 1,all,poi_only,typed_long,64,ok,64,,3,9,0.625,0.578125,False,8,56,231,897958,0.125,0.03347280334728033,0.052805280528052806,6.235982957949431e-05,0.9665271966527197,7,12,5,6,0,42,8,3,3,1,0.22520770877599716,0.22520770877599716,0.22520770877599716,3.5717789083719254,3.7969866171479225,,,True,,,,,,
Theia Case 1,all,poi_only,typed_long,256,ok,256,,3,12,0.91015625,0.65234375,False,9,247,230,897767,0.03515625,0.03765690376569038,0.03636363636363636,0.0002750513911809838,0.9623430962343096,8,12,6,6,0,154,6,3,3,1,0.22522594034671783,0.22522594034671783,0.22522594034671783,3.5717789083719254,3.797004848718643,,,True,,,,,,
Theia Case 1,all,poi_only,typed_long,1024,ok,1024,,3,5,0.935546875,0.9052734375,False,13,1011,226,897003,0.0126953125,0.05439330543933055,0.02058590657165479,0.0011258176375869419,0.9456066945606695,9,12,6,6,0,548,9,3,3,3,0.22597621008753777,0.22523513063788414,0.22740912437438965,3.5717789083719254,3.797755118459463,,,True,,,,,,
Theia Case 1,all,poi_only,typed_long,4096,ok,4096,,3,1,1.0,0.9931640625,False,16,4080,223,893934,0.00390625,0.06694560669456066,0.007381776239907728,0.0045433590122203,0.9330543933054394,11,12,6,6,0,1780,13,3,3,1,0.22999464720487595,0.22999464720487595,0.22999464720487595,3.5717789083719254,3.8017735555768013,,,True,,,,,,
Theia Case 1,all,poi_only,time_only,64,ok,64,,3,3,0.90625,0.65625,False,5,59,234,897955,0.078125,0.02092050209205021,0.033003300330033,6.570053473553864e-05,0.9790794979079498,4,12,3,6,0,35,10,3,3,1,0.22495468705892563,0.22495468705892563,0.22495468705892563,0.012396767735481262,0.2373514547944069,,,True,,,,,,
Theia Case 1,all,poi_only,time_only,256,ok,256,,3,3,0.9765625,0.8203125,False,5,251,234,897763,0.01953125,0.02092050209205021,0.020202020202020204,0.00027950566472237625,0.9790794979079498,4,12,3,6,0,49,43,3,3,1,0.22476715967059135,0.22476715967059135,0.22476715967059135,0.012396767735481262,0.23716392740607262,,,True,,,,,,
Theia Case 1,all,poi_only,time_only,1024,ok,1024,,3,3,0.994140625,0.8720703125,False,5,1019,234,896995,0.0048828125,0.02092050209205021,0.00791765637371338,0.0011347261846697267,0.9790794979079498,4,12,3,6,0,111,86,3,3,3,0.2267588973045349,0.2253074161708355,0.22838539257645607,0.012396767735481262,0.23915566504001617,,,True,,,,,,
Theia Case 1,all,poi_only,time_only,4096,ok,4096,,3,3,0.99853515625,0.913818359375,False,5,4091,234,893923,0.001220703125,0.02092050209205021,0.002306805074971165,0.004555608264459129,0.9790794979079498,4,12,3,6,0,238,130,3,3,1,0.22565237060189247,0.22565237060189247,0.22565237060189247,0.012396767735481262,0.23804913833737373,,,True,,,,,,
Theia Case 1,all,poi_only,typed_time_only,64,ok,64,,3,3,0.921875,0.484375,False,5,59,234,897955,0.078125,0.02092050209205021,0.033003300330033,6.570053473553864e-05,0.9790794979079498,5,12,3,6,0,30,25,3,3,1,0.2258811593055725,0.2258811593055725,0.2258811593055725,0.012396767735481262,0.23827792704105377,,,True,,,,,,
Theia Case 1,all,poi_only,typed_time_only,256,ok,256,,3,3,0.96875,0.50390625,False,7,249,232,897765,0.02734375,0.029288702928870293,0.028282828282828285,0.00027727852795168004,0.9707112970711297,6,12,4,6,0,112,51,3,3,1,0.22398540750145912,0.22398540750145912,0.22398540750145912,0.012396767735481262,0.23638217523694038,,,True,,,,,,
Theia Case 1,all,poi_only,typed_time_only,1024,ok,1024,,3,2,0.98828125,0.408203125,False,7,1017,232,896997,0.0068359375,0.029288702928870293,0.011084718923198733,0.0011324990478990306,0.9707112970711297,6,12,4,6,0,402,114,3,3,3,0.22159641236066818,0.22027359902858734,0.22460726648569107,0.012396767735481262,0.23399318009614944,,,True,,,,,,
Theia Case 1,all,poi_only,typed_time_only,4096,ok,4096,,3,2,0.99853515625,0.8642578125,False,8,4088,231,893926,0.001953125,0.03347280334728033,0.003690888119953864,0.004552267559303084,0.9665271966527197,7,12,5,6,0,1501,153,3,3,1,0.22515198960900307,0.22515198960900307,0.22515198960900307,0.012396767735481262,0.23754875734448433,,,True,,,,,,
Theia Case 1,all,poi_only,degree_ppr,64,ok,64,,3,1,1.0,0.953125,False,7,57,232,897957,0.109375,0.029288702928870293,0.0462046204620462,6.347339796484242e-05,0.9707112970711297,6,12,4,6,0,20,6,3,3,1,0.1729678101837635,0.1729678101837635,0.1729678101837635,0.4735430181026459,0.6465108282864094,,,True,,,,,,
Theia Case 1,all,poi_only,degree_ppr,256,ok,256,,3,1,1.0,0.91015625,False,7,249,232,897765,0.02734375,0.029288702928870293,0.028282828282828285,0.00027727852795168004,0.9707112970711297,6,12,4,6,0,97,1,3,3,1,0.17265645414590836,0.17265645414590836,0.17265645414590836,0.4735430181026459,0.6461994722485542,,,True,,,,,,
Theia Case 1,all,poi_only,degree_ppr,1024,ok,1024,,3,1,1.0,0.970703125,False,14,1010,225,897004,0.013671875,0.058577405857740586,0.022169437846397466,0.0011247040692015937,0.9414225941422594,9,12,5,6,0,516,0,3,3,3,0.17236290499567986,0.17181788757443428,0.18330764025449753,0.4735430181026459,0.6459059230983257,,,True,,,,,,
Theia Case 1,all,poi_only,degree_ppr,4096,ok,4096,,3,1,1.0,0.997314453125,False,14,4082,225,893932,0.00341796875,0.058577405857740586,0.006459054209919262,0.004545586148990996,0.9414225941422594,9,12,5,6,0,693,175,3,3,1,0.17373256385326385,0.17373256385326385,0.17373256385326385,0.4735430181026459,0.6472755819559097,,,True,,,,,,
Theia Case 1,all,poi_only,degree_heat,64,ok,64,,3,2,1.0,0.953125,False,7,57,232,897957,0.109375,0.029288702928870293,0.0462046204620462,6.347339796484242e-05,0.9707112970711297,6,12,4,6,0,18,6,3,3,1,0.17254027724266052,0.17254027724266052,0.17254027724266052,0.14986325427889824,0.32240353152155876,,,True,,,,,,
Theia Case 1,all,poi_only,degree_heat,256,ok,256,,3,1,1.0,0.93359375,False,7,249,232,897765,0.02734375,0.029288702928870293,0.028282828282828285,0.00027727852795168004,0.9707112970711297,6,12,4,6,0,95,1,3,3,1,0.17231984063982964,0.17231984063982964,0.17231984063982964,0.14986325427889824,0.3221830949187279,,,True,,,,,,
Theia Case 1,all,poi_only,degree_heat,1024,ok,1024,,3,1,1.0,0.9765625,False,14,1010,225,897004,0.013671875,0.058577405857740586,0.022169437846397466,0.0011247040692015937,0.9414225941422594,9,12,5,6,0,498,2,3,3,3,0.17176413536071777,0.17144997417926788,0.1734544113278389,0.14986325427889824,0.321627389639616,,,True,,,,,,
Theia Case 1,all,poi_only,degree_heat,4096,ok,4096,,3,1,1.0,0.998779296875,False,14,4082,225,893932,0.00341796875,0.058577405857740586,0.006459054209919262,0.004545586148990996,0.9414225941422594,9,12,5,6,0,648,176,3,3,1,0.1727219894528389,0.1727219894528389,0.1727219894528389,0.14986325427889824,0.32258524373173714,,,True,,,,,,
Theia Case 1,all,shared_context,typed_temporal,64,infeasible_mandatory,,,165,,,,False,,,,,,,,,,,,,,,,,,,,,,,,,,,True,,,,,,
Theia Case 1,all,shared_context,typed_temporal,256,ok,256,,165,7,0.88671875,0.8671875,False,8,248,231,897766,0.03125,0.03347280334728033,0.03232323232323232,0.0002761649595663319,0.9665271966527197,7,12,5,6,0,66,17,3,3,1,0.22370440885424614,0.22370440885424614,0.22370440885424614,3.4852306582033634,3.7089350670576096,,,True,,,,,,
Theia Case 1,all,shared_context,typed_temporal,1024,ok,1024,,165,5,0.935546875,0.8779296875,False,13,1011,226,897003,0.0126953125,0.05439330543933055,0.02058590657165479,0.0011258176375869419,0.9456066945606695,9,12,6,6,0,517,21,3,3,3,0.2228916473686695,0.22108987718820572,0.22373446077108383,3.4852306582033634,3.708122305572033,,,True,,,,,,
Theia Case 1,all,shared_context,typed_temporal,4096,ok,4096,,165,1,1.0,0.97509765625,False,14,4082,225,893932,0.00341796875,0.058577405857740586,0.006459054209919262,0.004545586148990996,0.9414225941422594,10,12,6,6,0,1840,30,3,3,1,0.2263105772435665,0.2263105772435665,0.2263105772435665,3.4852306582033634,3.71154123544693,,,True,,,,,,
Theia Case 1,all,shared_context,typed_nofreq,64,infeasible_mandatory,,,165,,,,False,,,,,,,,,,,,,,,,,,,,,,,,,,,True,,,,,,
Theia Case 1,all,shared_context,typed_nofreq,256,ok,256,,165,5,0.95703125,0.8984375,False,8,248,231,897766,0.03125,0.03347280334728033,0.03232323232323232,0.0002761649595663319,0.9665271966527197,7,12,5,6,0,63,18,3,3,1,0.22171874344348907,0.22171874344348907,0.22171874344348907,1.3511278256773949,1.572846569120884,,,True,,,,,,
Theia Case 1,all,shared_context,typed_nofreq,1024,ok,1024,,165,3,0.95703125,0.9130859375,False,12,1012,227,897002,0.01171875,0.0502092050209205,0.019002375296912115,0.0011269312059722899,0.9497907949790795,8,12,5,6,0,445,28,3,3,3,0.222391739487648,0.22159989923238754,0.22262761741876602,1.3511278256773949,1.5735195651650429,,,True,,,,,,
Theia Case 1,all,shared_context,typed_nofreq,4096,ok,4096,,165,1,1.0,0.98583984375,False,12,4084,227,893930,0.0029296875,0.0502092050209205,0.005536332179930796,0.004547813285761692,0.9497907949790795,8,12,5,6,0,1634,37,3,3,1,0.22611620649695396,0.22611620649695396,0.22611620649695396,1.3511278256773949,1.5772440321743488,,,True,,,,,,
Theia Case 1,all,shared_context,typed_nocontrast,64,infeasible_mandatory,,,165,,,,False,,,,,,,,,,,,,,,,,,,,,,,,,,,True,,,,,,
Theia Case 1,all,shared_context,typed_nocontrast,256,ok,256,,165,1,1.0,0.9765625,False,5,251,234,897763,0.01953125,0.02092050209205021,0.020202020202020204,0.00027950566472237625,0.9790794979079498,5,12,4,6,0,46,21,3,3,1,0.2214958816766739,0.2214958816766739,0.2214958816766739,3.196976739913225,3.418472621589899,,,True,,,,,,
Theia Case 1,all,shared_context,typed_nocontrast,1024,ok,1024,,165,2,0.958984375,0.91796875,False,8,1016,231,896998,0.0078125,0.03347280334728033,0.012668250197941409,0.0011313854795136824,0.9665271966527197,7,12,5,6,0,262,34,3,3,3,0.22117572650313377,0.22117086499929428,0.22251810878515244,3.196976739913225,3.418152466416359,,,True,,,,,,
Theia Case 1,all,shared_context,typed_nocontrast,4096,ok,4096,,165,2,0.99853515625,0.984375,False,8,4088,231,893926,0.001953125,0.03347280334728033,0.003690888119953864,0.004552267559303084,0.9665271966527197,7,12,5,6,0,889,41,3,3,1,0.22592180967330933,0.22592180967330933,0.22592180967330933,3.196976739913225,3.4228985495865345,,,True,,,,,,
Theia Case 1,all,shared_context,typed_short,64,infeasible_mandatory,,,165,,,,False,,,,,,,,,,,,,,,,,,,,,,,,,,,True,,,,,,
Theia Case 1,all,shared_context,typed_short,256,ok,256,,165,7,0.8984375,0.86328125,False,8,248,231,897766,0.03125,0.03347280334728033,0.03232323232323232,0.0002761649595663319,0.9665271966527197,7,12,5,6,0,68,16,3,3,1,0.22209421545267105,0.22209421545267105,0.22209421545267105,3.500492226332426,3.722586441785097,,,True,,,,,,
Theia Case 1,all,shared_context,typed_short,1024,ok,1024,,165,4,0.94921875,0.861328125,False,12,1012,227,897002,0.01171875,0.0502092050209205,0.019002375296912115,0.0011269312059722899,0.9497907949790795,8,12,5,6,0,462,42,3,3,3,0.2213945835828781,0.22125685214996338,0.22287583723664284,3.500492226332426,3.721886809915304,,,True,,,,,,
Theia Case 1,all,shared_context,typed_short,4096,ok,4096,,165,1,1.0,0.96337890625,False,12,4084,227,893930,0.0029296875,0.0502092050209205,0.005536332179930796,0.004547813285761692,0.9497907949790795,8,12,5,6,0,1565,58,3,3,1,0.22651948407292366,0.22651948407292366,0.22651948407292366,3.500492226332426,3.7270117104053497,,,True,,,,,,
Theia Case 1,all,shared_context,typed_long,64,infeasible_mandatory,,,165,,,,False,,,,,,,,,,,,,,,,,,,,,,,,,,,True,,,,,,
Theia Case 1,all,shared_context,typed_long,256,ok,256,,165,11,0.88671875,0.8671875,False,8,248,231,897766,0.03125,0.03347280334728033,0.03232323232323232,0.0002761649595663319,0.9665271966527197,7,12,5,6,0,66,18,3,3,1,0.22727644816040993,0.22727644816040993,0.22727644816040993,3.5717789083719254,3.7990553565323353,,,True,,,,,,
Theia Case 1,all,shared_context,typed_long,1024,ok,1024,,165,9,0.9208984375,0.8291015625,False,13,1011,226,897003,0.0126953125,0.05439330543933055,0.02058590657165479,0.0011258176375869419,0.9456066945606695,9,12,6,6,0,493,21,3,3,3,0.2239045314490795,0.2220361977815628,0.22633253037929535,3.5717789083719254,3.795683439821005,,,True,,,,,,
Theia Case 1,all,shared_context,typed_long,4096,ok,4096,,165,1,1.0,0.993408203125,False,14,4082,225,893932,0.00341796875,0.058577405857740586,0.006459054209919262,0.004545586148990996,0.9414225941422594,10,12,6,6,0,1762,25,3,3,1,0.2266792617738247,0.2266792617738247,0.2266792617738247,3.5717789083719254,3.79845817014575,,,True,,,,,,
Theia Case 1,all,shared_context,time_only,64,infeasible_mandatory,,,165,,,,False,,,,,,,,,,,,,,,,,,,,,,,,,,,True,,,,,,
Theia Case 1,all,shared_context,time_only,256,ok,256,,165,3,0.9765625,0.8828125,False,5,251,234,897763,0.01953125,0.02092050209205021,0.020202020202020204,0.00027950566472237625,0.9790794979079498,4,12,3,6,0,37,29,3,3,1,0.2199304699897766,0.2199304699897766,0.2199304699897766,0.012396767735481262,0.23232723772525787,,,True,,,,,,
Theia Case 1,all,shared_context,time_only,1024,ok,1024,,165,3,0.994140625,0.8984375,False,5,1019,234,896995,0.0048828125,0.02092050209205021,0.00791765637371338,0.0011347261846697267,0.9790794979079498,4,12,3,6,0,88,75,3,3,3,0.21551593765616417,0.21511413156986237,0.21627657487988472,0.012396767735481262,0.22791270539164543,,,True,,,,,,
Theia Case 1,all,shared_context,time_only,4096,ok,4096,,165,3,0.99853515625,0.919921875,False,5,4091,234,893923,0.001220703125,0.02092050209205021,0.002306805074971165,0.004555608264459129,0.9790794979079498,4,12,3,6,0,237,141,3,3,1,0.21614288166165352,0.21614288166165352,0.21614288166165352,0.012396767735481262,0.22853964939713478,,,True,,,,,,
Theia Case 1,all,shared_context,typed_time_only,64,infeasible_mandatory,,,165,,,,False,,,,,,,,,,,,,,,,,,,,,,,,,,,True,,,,,,
Theia Case 1,all,shared_context,typed_time_only,256,ok,256,,165,4,0.97265625,0.8046875,False,5,251,234,897763,0.01953125,0.02092050209205021,0.020202020202020204,0.00027950566472237625,0.9790794979079498,5,12,3,6,0,50,40,3,3,1,0.22346961870789528,0.22346961870789528,0.22346961870789528,0.012396767735481262,0.23586638644337654,,,True,,,,,,
Theia Case 1,all,shared_context,typed_time_only,1024,ok,1024,,165,2,0.98828125,0.5498046875,False,7,1017,232,896997,0.0068359375,0.029288702928870293,0.011084718923198733,0.0011324990478990306,0.9707112970711297,6,12,4,6,0,360,107,3,3,3,0.22216393053531647,0.22188999131321907,0.22391093522310257,0.012396767735481262,0.23456069827079773,,,True,,,,,,
Theia Case 1,all,shared_context,typed_time_only,4096,ok,4096,,165,2,0.99853515625,0.663818359375,False,8,4088,231,893926,0.001953125,0.03347280334728033,0.003690888119953864,0.004552267559303084,0.9665271966527197,7,12,5,6,0,1495,156,3,3,1,0.22571290284395218,0.22571290284395218,0.22571290284395218,0.012396767735481262,0.23810967057943344,,,True,,,,,,
Theia Case 1,all,shared_context,degree_ppr,64,infeasible_mandatory,,,165,,,,False,,,,,,,,,,,,,,,,,,,,,,,,,,,True,,,,,,
Theia Case 1,all,shared_context,degree_ppr,256,ok,256,,165,1,1.0,0.9765625,False,7,249,232,897765,0.02734375,0.029288702928870293,0.028282828282828285,0.00027727852795168004,0.9707112970711297,6,12,4,6,0,26,13,3,3,1,0.17333227023482323,0.17333227023482323,0.17333227023482323,0.4735430181026459,0.6468752883374691,,,True,,,,,,
Theia Case 1,all,shared_context,degree_ppr,1024,ok,1024,,165,1,1.0,0.994140625,False,14,1010,225,897004,0.013671875,0.058577405857740586,0.022169437846397466,0.0011247040692015937,0.9414225941422594,9,12,5,6,0,370,12,3,3,3,0.17325104773044586,0.1724279671907425,0.17426053062081337,0.4735430181026459,0.6467940658330917,,,True,,,,,,
Theia Case 1,all,shared_context,degree_ppr,4096,ok,4096,,165,1,1.0,0.997314453125,False,14,4082,225,893932,0.00341796875,0.058577405857740586,0.006459054209919262,0.004545586148990996,0.9414225941422594,9,12,5,6,0,693,187,3,3,1,0.1807381585240364,0.1807381585240364,0.1807381585240364,0.4735430181026459,0.6542811766266823,,,True,,,,,,
Theia Case 1,all,shared_context,degree_heat,64,infeasible_mandatory,,,165,,,,False,,,,,,,,,,,,,,,,,,,,,,,,,,,True,,,,,,
Theia Case 1,all,shared_context,degree_heat,256,ok,256,,165,1,1.0,0.9765625,False,7,249,232,897765,0.02734375,0.029288702928870293,0.028282828282828285,0.00027727852795168004,0.9707112970711297,6,12,4,6,0,26,13,3,3,1,0.17388199642300606,0.17388199642300606,0.17388199642300606,0.14986325427889824,0.3237452507019043,,,True,,,,,,
Theia Case 1,all,shared_context,degree_heat,1024,ok,1024,,165,1,1.0,0.994140625,False,14,1010,225,897004,0.013671875,0.058577405857740586,0.022169437846397466,0.0011247040692015937,0.9414225941422594,9,12,5,6,0,369,13,3,3,3,0.17329216375946999,0.17217519506812096,0.17697180435061455,0.14986325427889824,0.3231554180383682,,,True,,,,,,
Theia Case 1,all,shared_context,degree_heat,4096,ok,4096,,165,1,1.0,0.998779296875,False,14,4082,225,893932,0.00341796875,0.058577405857740586,0.006459054209919262,0.004545586148990996,0.9414225941422594,9,12,5,6,0,648,187,3,3,1,0.17299256473779678,0.17299256473779678,0.17299256473779678,0.14986325427889824,0.322855819016695,,,True,,,,,,
Theia Case 1,drop-0,poi_only,typed_temporal,1024,ok,1024,,2,2,0.99609375,0.951171875,False,7,1017,232,896997,0.0068359375,0.029288702928870293,0.011084718923198733,0.0011324990478990306,0.9707112970711297,6,12,4,6,0,528,11,2,2,1,0.22430073842406273,0.22430073842406273,0.22430073842406273,3.1370216719806194,3.361322410404682,,,True,,,,,,
Theia Case 1,drop-0,poi_only,time_only,1024,ok,1024,,2,3,0.99609375,0.8994140625,False,4,1020,235,896994,0.00390625,0.016736401673640166,0.006334125098970704,0.001135839753055075,0.9832635983263598,3,12,2,6,0,110,86,2,2,1,0.21697122231125832,0.21697122231125832,0.21697122231125832,0.009827513247728348,0.22679873555898666,,,True,,,,,,
Theia Case 1,drop-0,poi_only,typed_time_only,1024,ok,1024,,2,4,0.9833984375,0.2958984375,False,5,1019,234,896995,0.0048828125,0.02092050209205021,0.00791765637371338,0.0011347261846697267,0.9790794979079498,4,12,2,6,0,395,107,2,2,1,0.2216985709965229,0.2216985709965229,0.2216985709965229,0.009827513247728348,0.23152608424425125,,,True,,,,,,
Theia Case 1,drop-0,shared_context,typed_temporal,1024,ok,1024,,83,2,0.9970703125,0.953125,False,7,1017,232,896997,0.0068359375,0.029288702928870293,0.011084718923198733,0.0011324990478990306,0.9707112970711297,6,12,4,6,0,519,15,2,2,1,0.22207337617874146,0.22207337617874146,0.22207337617874146,3.1370216719806194,3.359095048159361,,,True,,,,,,
Theia Case 1,drop-0,shared_context,time_only,1024,ok,1024,,83,3,0.99609375,0.908203125,False,4,1020,235,896994,0.00390625,0.016736401673640166,0.006334125098970704,0.001135839753055075,0.9832635983263598,3,12,2,6,0,99,80,2,2,1,0.21556289866566658,0.21556289866566658,0.21556289866566658,0.009827513247728348,0.22539041191339493,,,True,,,,,,
Theia Case 1,drop-0,shared_context,typed_time_only,1024,ok,1024,,83,3,0.984375,0.490234375,False,5,1019,234,896995,0.0048828125,0.02092050209205021,0.00791765637371338,0.0011347261846697267,0.9790794979079498,4,12,2,6,0,386,105,2,2,1,0.22819647565484047,0.22819647565484047,0.22819647565484047,0.009827513247728348,0.23802398890256882,,,True,,,,,,
Theia Case 1,drop-1,poi_only,typed_temporal,1024,ok,1024,,2,5,0.947265625,0.8759765625,False,13,1011,226,897003,0.0126953125,0.05439330543933055,0.02058590657165479,0.0011258176375869419,0.9456066945606695,9,12,6,6,0,591,15,2,2,1,0.22682734951376915,0.22682734951376915,0.22682734951376915,3.080078974366188,3.306906323879957,,,True,,,,,,
Theia Case 1,drop-1,poi_only,time_only,1024,ok,1024,,2,3,0.99609375,0.8251953125,False,4,1020,235,896994,0.00390625,0.016736401673640166,0.006334125098970704,0.001135839753055075,0.9832635983263598,3,12,2,6,0,114,30,2,2,1,0.2158960923552513,0.2158960923552513,0.2158960923552513,0.010081741958856583,0.2259778343141079,,,True,,,,,,
Theia Case 1,drop-1,poi_only,typed_time_only,1024,ok,1024,,2,3,0.9755859375,0.5888671875,False,7,1017,232,896997,0.0068359375,0.029288702928870293,0.011084718923198733,0.0011324990478990306,0.9707112970711297,6,12,5,6,0,452,48,2,2,1,0.22396859154105186,0.22396859154105186,0.22396859154105186,0.010081741958856583,0.23405033349990845,,,True,,,,,,
Theia Case 1,drop-1,shared_context,typed_temporal,1024,ok,1024,,83,5,0.9482421875,0.8779296875,False,13,1011,226,897003,0.0126953125,0.05439330543933055,0.02058590657165479,0.0011258176375869419,0.9456066945606695,9,12,6,6,0,581,18,2,2,1,0.22196028754115105,0.22196028754115105,0.22196028754115105,3.080078974366188,3.302039261907339,,,True,,,,,,
Theia Case 1,drop-1,shared_context,time_only,1024,ok,1024,,83,3,0.99609375,0.83203125,False,4,1020,235,896994,0.00390625,0.016736401673640166,0.006334125098970704,0.001135839753055075,0.9832635983263598,3,12,2,6,0,103,30,2,2,1,0.21607080847024918,0.21607080847024918,0.21607080847024918,0.010081741958856583,0.22615255042910576,,,True,,,,,,
Theia Case 1,drop-1,shared_context,typed_time_only,1024,ok,1024,,83,4,0.9658203125,0.462890625,False,7,1017,232,896997,0.0068359375,0.029288702928870293,0.011084718923198733,0.0011324990478990306,0.9707112970711297,6,12,5,6,0,442,46,2,2,1,0.22437796369194984,0.22437796369194984,0.22437796369194984,0.010081741958856583,0.23445970565080643,,,True,,,,,,
Theia Case 1,drop-2,poi_only,typed_temporal,1024,ok,1024,,2,4,0.9501953125,0.8623046875,False,13,1011,226,897003,0.0126953125,0.05439330543933055,0.02058590657165479,0.0011258176375869419,0.9456066945606695,9,12,6,6,0,584,8,2,2,1,0.22461996600031853,0.22461996600031853,0.22461996600031853,3.235943738371134,3.4605637043714523,,,True,,,,,,
Theia Case 1,drop-2,poi_only,time_only,1024,ok,1024,,2,2,0.99609375,0.8759765625,False,2,1022,237,896992,0.001953125,0.008368200836820083,0.003167062549485352,0.001138066889825771,0.9916317991631799,2,12,2,6,0,99,91,2,2,1,0.2216862067580223,0.2216862067580223,0.2216862067580223,0.010352946817874908,0.23203915357589722,,,True,,,,,,
Theia Case 1,drop-2,poi_only,typed_time_only,1024,ok,1024,,2,3,0.9853515625,0.384765625,False,4,1020,235,896994,0.00390625,0.016736401673640166,0.006334125098970704,0.001135839753055075,0.9832635983263598,4,12,3,6,0,397,114,2,2,1,0.22298834472894669,0.22298834472894669,0.22298834472894669,0.010352946817874908,0.2333412915468216,,,True,,,,,,
Theia Case 1,drop-2,shared_context,typed_temporal,1024,ok,1024,,164,5,0.9326171875,0.8603515625,False,11,1013,228,897001,0.0107421875,0.04602510460251046,0.01741884402216944,0.001128044774357638,0.9539748953974896,8,12,6,6,0,519,21,2,2,1,0.22150808945298195,0.22150808945298195,0.22150808945298195,3.235943738371134,3.4574518278241158,,,True,,,,,,
Theia Case 1,drop-2,shared_context,time_only,1024,ok,1024,,164,2,0.99609375,0.904296875,False,2,1022,237,896992,0.001953125,0.008368200836820083,0.003167062549485352,0.001138066889825771,0.9916317991631799,2,12,2,6,0,75,92,2,2,1,0.21497974172234535,0.21497974172234535,0.21497974172234535,0.010352946817874908,0.22533268854022026,,,True,,,,,,
Theia Case 1,drop-2,shared_context,typed_time_only,1024,ok,1024,,164,3,0.9853515625,0.53125,False,4,1020,235,896994,0.00390625,0.016736401673640166,0.006334125098970704,0.001135839753055075,0.9832635983263598,4,12,3,6,0,349,108,2,2,1,0.22215788066387177,0.22215788066387177,0.22215788066387177,0.010352946817874908,0.23251082748174667,,,True,,,,,,
Theia Case 1,all,poi_only,temporal_portfolio,64,ok,64,,3,6,0.796875,0.5625,,8,56,231,897958,0.125,0.03347280334728033,0.052805280528052806,6.235982957949431e-05,0.9665271966527197,7,12,5,6,0,45,5,3,3,1,0.4622069448232651,0.4622069448232651,0.4622069448232651,3.575288452208042,4.037495397031307,,,,True,,,,,
Theia Case 1,all,poi_only,temporal_portfolio,256,ok,256,,3,9,0.93359375,0.88671875,,8,248,231,897766,0.03125,0.03347280334728033,0.03232323232323232,0.0002761649595663319,0.9665271966527197,7,12,5,6,0,173,7,3,3,1,0.45965564996004105,0.45965564996004105,0.45965564996004105,3.575288452208042,4.034944102168083,,,,True,,,,,
Theia Case 1,all,poi_only,temporal_portfolio,1024,ok,1024,,3,6,0.9443359375,0.90625,,15,1009,224,897005,0.0146484375,0.06276150627615062,0.023752969121140142,0.0011235905008162457,0.9372384937238494,10,12,6,6,0,511,7,3,3,3,0.4601881429553032,0.45944878458976746,0.4638041518628597,3.575288452208042,4.035476595163345,,,,True,,,,,
Theia Case 1,all,poi_only,temporal_portfolio,4096,ok,4096,,3,1,1.0,0.97998046875,,16,4080,223,893934,0.00390625,0.06694560669456066,0.007381776239907728,0.0045433590122203,0.9330543933054394,11,12,6,6,0,1808,12,3,3,1,0.46989278495311737,0.46989278495311737,0.46989278495311737,3.575288452208042,4.0451812371611595,,,,True,,,,,
Theia Case 1,all,poi_only,static_portfolio,64,ok,64,,3,7,0.6875,0.609375,,7,57,232,897957,0.109375,0.029288702928870293,0.0462046204620462,6.347339796484242e-05,0.9707112970711297,6,12,4,6,0,45,6,3,3,1,0.38404444977641106,0.38404444977641106,0.38404444977641106,2.9083340018987656,3.2923784516751766,,,,True,,,,,
Theia Case 1,all,poi_only,static_portfolio,256,ok,256,,3,13,0.90625,0.671875,,8,248,231,897766,0.03125,0.03347280334728033,0.03232323232323232,0.0002761649595663319,0.9665271966527197,7,12,5,6,0,173,8,3,3,1,0.40357358008623123,0.40357358008623123,0.40357358008623123,2.9083340018987656,3.311907581984997,,,,True,,,,,
Theia Case 1,all,poi_only,static_portfolio,1024,ok,1024,,3,15,0.923828125,0.798828125,,15,1009,224,897005,0.0146484375,0.06276150627615062,0.023752969121140142,0.0011235905008162457,0.9372384937238494,10,12,6,6,0,498,31,3,3,3,0.39103324711322784,0.38550974056124687,0.39199524745345116,2.9083340018987656,3.2993672490119934,,,,True,,,,,
Theia Case 1,all,poi_only,static_portfolio,4096,ok,4096,,3,1,1.0,0.9951171875,,16,4080,223,893934,0.00390625,0.06694560669456066,0.007381776239907728,0.0045433590122203,0.9330543933054394,11,12,6,6,0,1880,27,3,3,1,0.38931450992822647,0.38931450992822647,0.38931450992822647,2.9083340018987656,3.297648511826992,,,,True,,,,,
Theia Case 1,all,poi_only,rerank_portfolio,64,ok,64,,3,6,0.828125,0.6875,,8,56,231,897958,0.125,0.03347280334728033,0.052805280528052806,6.235982957949431e-05,0.9665271966527197,7,12,5,6,0,46,5,3,3,1,0.4590742848813534,0.4590742848813534,0.4590742848813534,2.9227269291877747,3.381801214069128,,,,True,,,,,
Theia Case 1,all,poi_only,rerank_portfolio,256,ok,256,,3,9,0.89453125,0.828125,,12,244,227,897770,0.046875,0.0502092050209205,0.048484848484848485,0.0002717106860249395,0.9497907949790795,8,12,5,6,0,175,8,3,3,1,0.46007872745394707,0.46007872745394707,0.46007872745394707,2.9227269291877747,3.3828056566417217,,,,True,,,,,
Theia Case 1,all,poi_only,rerank_portfolio,1024,ok,1024,,3,9,0.939453125,0.8955078125,,15,1009,224,897005,0.0146484375,0.06276150627615062,0.023752969121140142,0.0011235905008162457,0.9372384937238494,10,12,6,6,0,509,6,3,3,3,0.4640291891992092,0.45994701609015465,0.46427927538752556,2.9227269291877747,3.386756118386984,,,,True,,,,,
Theia Case 1,all,poi_only,rerank_portfolio,4096,ok,4096,,3,2,0.9951171875,0.987060546875,,15,4081,224,893933,0.003662109375,0.06276150627615062,0.006920415224913495,0.004544472580605648,0.9372384937238494,10,12,6,6,0,1918,8,3,3,1,0.4674553610384464,0.4674553610384464,0.4674553610384464,2.9227269291877747,3.390182290226221,,,,True,,,,,
Theia Case 1,all,poi_only,portfolio_quarter,64,ok,64,,3,7,0.75,0.578125,,8,56,231,897958,0.125,0.03347280334728033,0.052805280528052806,6.235982957949431e-05,0.9665271966527197,7,12,5,6,0,41,7,3,3,1,0.4695439487695694,0.4695439487695694,0.4695439487695694,3.575288452208042,4.0448324009776115,,,,True,,,,,
Theia Case 1,all,poi_only,portfolio_quarter,256,ok,256,,3,10,0.90625,0.87890625,,9,247,230,897767,0.03515625,0.03765690376569038,0.03636363636363636,0.0002750513911809838,0.9623430962343096,8,12,6,6,0,164,8,3,3,1,0.47138773277401924,0.47138773277401924,0.47138773277401924,3.575288452208042,4.046676184982061,,,,True,,,,,
Theia Case 1,all,poi_only,portfolio_quarter,1024,ok,1024,,3,5,0.9326171875,0.873046875,,13,1011,226,897003,0.0126953125,0.05439330543933055,0.02058590657165479,0.0011258176375869419,0.9456066945606695,9,12,6,6,0,538,9,3,3,3,0.4616748169064522,0.4609762132167816,0.463461983948946,3.575288452208042,4.036963269114494,,,,True,,,,,
Theia Case 1,all,poi_only,portfolio_quarter,4096,ok,4096,,3,1,1.0,0.9765625,,16,4080,223,893934,0.00390625,0.06694560669456066,0.007381776239907728,0.0045433590122203,0.9330543933054394,11,12,6,6,0,1803,19,3,3,1,0.46133603155612946,0.46133603155612946,0.46133603155612946,3.575288452208042,4.036624483764172,,,,True,,,,,
Theia Case 1,all,poi_only,portfolio_three_quarters,64,ok,64,,3,6,0.828125,0.6875,,8,56,231,897958,0.125,0.03347280334728033,0.052805280528052806,6.235982957949431e-05,0.9665271966527197,7,12,5,6,0,50,6,3,3,1,0.4577566348016262,0.4577566348016262,0.4577566348016262,3.575288452208042,4.033045087009668,,,,True,,,,,
Theia Case 1,all,poi_only,portfolio_three_quarters,256,ok,256,,3,7,0.875,0.80078125,,12,244,227,897770,0.046875,0.0502092050209205,0.048484848484848485,0.0002717106860249395,0.9497907949790795,8,12,5,6,0,140,4,3,3,1,0.457914549857378,0.457914549857378,0.457914549857378,3.575288452208042,4.03320300206542,,,,True,,,,,
Theia Case 1,all,poi_only,portfolio_three_quarters,1024,ok,1024,,3,6,0.9697265625,0.94921875,,15,1009,224,897005,0.0146484375,0.06276150627615062,0.023752969121140142,0.0011235905008162457,0.9372384937238494,10,12,6,6,0,452,11,3,3,3,0.4643953777849674,0.46107861027121544,0.4726721830666065,3.575288452208042,4.03968382999301,,,,True,,,,,
Theia Case 1,all,poi_only,portfolio_three_quarters,4096,ok,4096,,3,2,0.9951171875,0.968994140625,,15,4081,224,893933,0.003662109375,0.06276150627615062,0.006920415224913495,0.004544472580605648,0.9372384937238494,10,12,6,6,0,1637,16,3,3,1,0.46577443182468414,0.46577443182468414,0.46577443182468414,3.575288452208042,4.041062884032726,,,,True,,,,,
Theia Case 1,all,shared_context,temporal_portfolio,64,infeasible_mandatory,,,165,,,,,,,,,,,,,,,,,,,,,,,,,,,,,,,,True,,,,,
Theia Case 1,all,shared_context,temporal_portfolio,256,ok,256,,165,7,0.88671875,0.8671875,,8,248,231,897766,0.03125,0.03347280334728033,0.03232323232323232,0.0002761649595663319,0.9665271966527197,7,12,5,6,0,66,17,3,3,1,0.45918209850788116,0.45918209850788116,0.45918209850788116,3.575288452208042,4.034470550715923,,,,True,,,,,
Theia Case 1,all,shared_context,temporal_portfolio,1024,ok,1024,,165,7,0.953125,0.9248046875,,14,1010,225,897004,0.013671875,0.058577405857740586,0.022169437846397466,0.0011247040692015937,0.9414225941422594,10,12,6,6,0,421,24,3,3,3,0.4618604853749275,0.4616116061806679,0.46614493802189827,3.575288452208042,4.03714893758297,,,,True,,,,,
Theia Case 1,all,shared_context,temporal_portfolio,4096,ok,4096,,165,1,1.0,0.979736328125,,16,4080,223,893934,0.00390625,0.06694560669456066,0.007381776239907728,0.0045433590122203,0.9330543933054394,11,12,6,6,0,1660,24,3,3,1,0.4655924625694752,0.4655924625694752,0.4655924625694752,3.575288452208042,4.040880914777517,,,,True,,,,,
Theia Case 1,all,shared_context,static_portfolio,64,infeasible_mandatory,,,165,,,,,,,,,,,,,,,,,,,,,,,,,,,,,,,,True,,,,,
Theia Case 1,all,shared_context,static_portfolio,256,ok,256,,165,9,0.88671875,0.86328125,,8,248,231,897766,0.03125,0.03347280334728033,0.03232323232323232,0.0002761649595663319,0.9665271966527197,7,12,5,6,0,64,19,3,3,1,0.38628828153014183,0.38628828153014183,0.38628828153014183,2.9083340018987656,3.2946222834289074,,,,True,,,,,
Theia Case 1,all,shared_context,static_portfolio,1024,ok,1024,,165,14,0.9306640625,0.77734375,,13,1011,226,897003,0.0126953125,0.05439330543933055,0.02058590657165479,0.0011258176375869419,0.9456066945606695,9,12,6,6,0,443,43,3,3,3,0.386400505900383,0.3847341611981392,0.3893522582948208,2.9083340018987656,3.2947345077991486,,,,True,,,,,
Theia Case 1,all,shared_context,static_portfolio,4096,ok,4096,,165,1,1.0,0.99560546875,,16,4080,223,893934,0.00390625,0.06694560669456066,0.007381776239907728,0.0045433590122203,0.9330543933054394,11,12,6,6,0,1868,37,3,3,1,0.38267453387379646,0.38267453387379646,0.38267453387379646,2.9083340018987656,3.291008535772562,,,,True,,,,,
Theia Case 1,all,shared_context,rerank_portfolio,64,infeasible_mandatory,,,165,,,,,,,,,,,,,,,,,,,,,,,,,,,,,,,,True,,,,,
Theia Case 1,all,shared_context,rerank_portfolio,256,ok,256,,165,7,0.91015625,0.88671875,,8,248,231,897766,0.03125,0.03347280334728033,0.03232323232323232,0.0002761649595663319,0.9665271966527197,7,12,5,6,0,67,17,3,3,1,0.4639790467917919,0.4639790467917919,0.4639790467917919,2.9227269291877747,3.3867059759795666,,,,True,,,,,
Theia Case 1,all,shared_context,rerank_portfolio,1024,ok,1024,,165,9,0.947265625,0.90625,,13,1011,226,897003,0.0126953125,0.05439330543933055,0.02058590657165479,0.0011258176375869419,0.9456066945606695,9,12,6,6,0,422,20,3,3,3,0.4620251730084419,0.46144281700253487,0.46832287311553955,2.9227269291877747,3.3847521021962166,,,,True,,,,,
Theia Case 1,all,shared_context,rerank_portfolio,4096,ok,4096,,165,2,0.9951171875,0.990234375,,15,4081,224,893933,0.003662109375,0.06276150627615062,0.006920415224913495,0.004544472580605648,0.9372384937238494,10,12,6,6,0,1868,21,3,3,1,0.4628325328230858,0.4628325328230858,0.4628325328230858,2.9227269291877747,3.3855594620108604,,,,True,,,,,
Theia Case 1,all,shared_context,portfolio_quarter,64,infeasible_mandatory,,,165,,,,,,,,,,,,,,,,,,,,,,,,,,,,,,,,True,,,,,
Theia Case 1,all,shared_context,portfolio_quarter,256,ok,256,,165,7,0.88671875,0.8671875,,8,248,231,897766,0.03125,0.03347280334728033,0.03232323232323232,0.0002761649595663319,0.9665271966527197,7,12,5,6,0,66,17,3,3,1,0.46390314772725105,0.46390314772725105,0.46390314772725105,3.575288452208042,4.039191599935293,,,,True,,,,,
Theia Case 1,all,shared_context,portfolio_quarter,1024,ok,1024,,165,5,0.935546875,0.8779296875,,13,1011,226,897003,0.0126953125,0.05439330543933055,0.02058590657165479,0.0011258176375869419,0.9456066945606695,9,12,6,6,0,517,21,3,3,3,0.46122753992676735,0.4599761813879013,0.46636129543185234,3.575288452208042,4.0365159921348095,,,,True,,,,,
Theia Case 1,all,shared_context,portfolio_quarter,4096,ok,4096,,165,1,1.0,0.97705078125,,16,4080,223,893934,0.00390625,0.06694560669456066,0.007381776239907728,0.0045433590122203,0.9330543933054394,11,12,6,6,0,1750,31,3,3,1,0.4637751691043377,0.4637751691043377,0.4637751691043377,3.575288452208042,4.03906362131238,,,,True,,,,,
Theia Case 1,all,shared_context,portfolio_three_quarters,64,infeasible_mandatory,,,165,,,,,,,,,,,,,,,,,,,,,,,,,,,,,,,,True,,,,,
Theia Case 1,all,shared_context,portfolio_three_quarters,256,ok,256,,165,7,0.89453125,0.859375,,8,248,231,897766,0.03125,0.03347280334728033,0.03232323232323232,0.0002761649595663319,0.9665271966527197,7,12,5,6,0,65,19,3,3,1,0.4647834226489067,0.4647834226489067,0.4647834226489067,3.575288452208042,4.040071874856949,,,,True,,,,,
Theia Case 1,all,shared_context,portfolio_three_quarters,1024,ok,1024,,165,7,0.9697265625,0.9501953125,,15,1009,224,897005,0.0146484375,0.06276150627615062,0.023752969121140142,0.0011235905008162457,0.9372384937238494,10,12,6,6,0,420,21,3,3,3,0.45994406938552856,0.45895136520266533,0.46270477399230003,3.575288452208042,4.035232521593571,,,,True,,,,,
Theia Case 1,all,shared_context,portfolio_three_quarters,4096,ok,4096,,165,2,0.9951171875,0.968505859375,,15,4081,224,893933,0.003662109375,0.06276150627615062,0.006920415224913495,0.004544472580605648,0.9372384937238494,10,12,6,6,0,1603,25,3,3,1,0.4654127359390259,0.4654127359390259,0.4654127359390259,3.575288452208042,4.040701188147068,,,,True,,,,,
Theia Case 1,drop-0,poi_only,temporal_portfolio,1024,ok,1024,,2,2,0.9638671875,0.9228515625,,7,1017,232,896997,0.0068359375,0.029288702928870293,0.011084718923198733,0.0011324990478990306,0.9707112970711297,6,12,4,6,0,442,8,2,2,1,0.4727310389280319,0.4727310389280319,0.4727310389280319,3.116684067994356,3.589415106922388,,,,True,,,,,
Theia Case 1,drop-0,poi_only,static_portfolio,1024,ok,1024,,2,7,0.953125,0.8994140625,,13,1011,226,897003,0.0126953125,0.05439330543933055,0.02058590657165479,0.0011258176375869419,0.9456066945606695,9,12,6,6,0,570,34,2,2,1,0.3835480101406574,0.3835480101406574,0.3835480101406574,2.7661323994398117,3.149680409580469,,,,True,,,,,
Theia Case 1,drop-0,poi_only,rerank_portfolio,1024,ok,1024,,2,4,0.9638671875,0.927734375,,8,1016,231,896998,0.0078125,0.03347280334728033,0.012668250197941409,0.0011313854795136824,0.9665271966527197,7,12,5,6,0,438,9,2,2,1,0.4589427337050438,0.4589427337050438,0.4589427337050438,2.7770604081451893,3.236003141850233,,,,True,,,,,
Theia Case 1,drop-0,shared_context,temporal_portfolio,1024,ok,1024,,83,3,0.955078125,0.927734375,,7,1017,232,896997,0.0068359375,0.029288702928870293,0.011084718923198733,0.0011324990478990306,0.9707112970711297,6,12,4,6,0,427,18,2,2,1,0.4591371715068817,0.4591371715068817,0.4591371715068817,3.116684067994356,3.575821239501238,,,,True,,,,,
Theia Case 1,drop-0,shared_context,static_portfolio,1024,ok,1024,,83,7,0.953125,0.8994140625,,13,1011,226,897003,0.0126953125,0.05439330543933055,0.02058590657165479,0.0011258176375869419,0.9456066945606695,9,12,6,6,0,490,40,2,2,1,0.3805553503334522,0.3805553503334522,0.3805553503334522,2.7661323994398117,3.146687749773264,,,,True,,,,,
Theia Case 1,drop-0,shared_context,rerank_portfolio,1024,ok,1024,,83,4,0.96484375,0.9287109375,,8,1016,231,896998,0.0078125,0.03347280334728033,0.012668250197941409,0.0011313854795136824,0.9665271966527197,7,12,5,6,0,432,16,2,2,1,0.4604843817651272,0.4604843817651272,0.4604843817651272,2.7770604081451893,3.2375447899103165,,,,True,,,,,
Theia Case 1,drop-1,poi_only,temporal_portfolio,1024,ok,1024,,2,8,0.9462890625,0.85546875,,15,1009,224,897005,0.0146484375,0.06276150627615062,0.023752969121140142,0.0011235905008162457,0.9372384937238494,10,12,6,6,0,545,9,2,2,1,0.462566040456295,0.462566040456295,0.462566040456295,3.0937263928353786,3.5562924332916737,,,,True,,,,,
Theia Case 1,drop-1,poi_only,static_portfolio,1024,ok,1024,,2,12,0.927734375,0.8154296875,,15,1009,224,897005,0.0146484375,0.06276150627615062,0.023752969121140142,0.0011235905008162457,0.9372384937238494,10,12,6,6,0,552,33,2,2,1,0.3811165988445282,0.3811165988445282,0.3811165988445282,2.7763438560068607,3.157460454851389,,,,True,,,,,
Theia Case 1,drop-1,poi_only,rerank_portfolio,1024,ok,1024,,2,9,0.931640625,0.8857421875,,15,1009,224,897005,0.0146484375,0.06276150627615062,0.023752969121140142,0.0011235905008162457,0.9372384937238494,10,12,6,6,0,540,7,2,2,1,0.45689597725868225,0.45689597725868225,0.45689597725868225,2.787423074245453,3.244319051504135,,,,True,,,,,
Theia Case 1,drop-1,shared_context,temporal_portfolio,1024,ok,1024,,83,8,0.9482421875,0.8583984375,,15,1009,224,897005,0.0146484375,0.06276150627615062,0.023752969121140142,0.0011235905008162457,0.9372384937238494,10,12,6,6,0,519,17,2,2,1,0.4598555378615856,0.4598555378615856,0.4598555378615856,3.0937263928353786,3.5535819306969643,,,,True,,,,,
Theia Case 1,drop-1,shared_context,static_portfolio,1024,ok,1024,,83,12,0.9296875,0.7978515625,,15,1009,224,897005,0.0146484375,0.06276150627615062,0.023752969121140142,0.0011235905008162457,0.9372384937238494,10,12,6,6,0,478,38,2,2,1,0.37812354043126106,0.37812354043126106,0.37812354043126106,2.7763438560068607,3.154467396438122,,,,True,,,,,
Theia Case 1,drop-1,shared_context,rerank_portfolio,1024,ok,1024,,83,9,0.9365234375,0.8896484375,,15,1009,224,897005,0.0146484375,0.06276150627615062,0.023752969121140142,0.0011235905008162457,0.9372384937238494,10,12,6,6,0,503,10,2,2,1,0.4612771049141884,0.4612771049141884,0.4612771049141884,2.787423074245453,3.2487001791596413,,,,True,,,,,
Theia Case 1,drop-2,poi_only,temporal_portfolio,1024,ok,1024,,2,6,0.939453125,0.8876953125,,15,1009,224,897005,0.0146484375,0.06276150627615062,0.023752969121140142,0.0011235905008162457,0.9372384937238494,10,12,6,6,0,514,6,2,2,1,0.46171649545431137,0.46171649545431137,0.46171649545431137,3.158743243664503,3.6204597391188145,,,,True,,,,,
Theia Case 1,drop-2,poi_only,static_portfolio,1024,ok,1024,,2,16,0.9140625,0.853515625,,15,1009,224,897005,0.0146484375,0.06276150627615062,0.023752969121140142,0.0011235905008162457,0.9372384937238494,10,12,6,6,0,528,12,2,2,1,0.3783951997756958,0.3783951997756958,0.3783951997756958,2.8157471381127834,3.1941423378884792,,,,True,,,,,
Theia Case 1,drop-2,poi_only,rerank_portfolio,1024,ok,1024,,2,12,0.92578125,0.876953125,,15,1009,224,897005,0.0146484375,0.06276150627615062,0.023752969121140142,0.0011235905008162457,0.9372384937238494,10,12,6,6,0,521,5,2,2,1,0.4595935642719269,0.4595935642719269,0.4595935642719269,2.826755005866289,3.286348570138216,,,,True,,,,,
Theia Case 1,drop-2,shared_context,temporal_portfolio,1024,ok,1024,,164,6,0.9462890625,0.8994140625,,15,1009,224,897005,0.0146484375,0.06276150627615062,0.023752969121140142,0.0011235905008162457,0.9372384937238494,10,12,6,6,0,447,22,2,2,1,0.457021776586771,0.457021776586771,0.457021776586771,3.158743243664503,3.615765020251274,,,,True,,,,,
Theia Case 1,drop-2,shared_context,static_portfolio,1024,ok,1024,,164,15,0.919921875,0.861328125,,15,1009,224,897005,0.0146484375,0.06276150627615062,0.023752969121140142,0.0011235905008162457,0.9372384937238494,10,12,6,6,0,475,19,2,2,1,0.37882811576128006,0.37882811576128006,0.37882811576128006,2.8157471381127834,3.1945752538740635,,,,True,,,,,
Theia Case 1,drop-2,shared_context,rerank_portfolio,1024,ok,1024,,164,11,0.9345703125,0.88671875,,15,1009,224,897005,0.0146484375,0.06276150627615062,0.023752969121140142,0.0011235905008162457,0.9372384937238494,10,12,6,6,0,451,18,2,2,1,0.46865443140268326,0.46865443140268326,0.46865443140268326,2.826755005866289,3.2954094372689724,,,,True,,,,,
Theia Case 1,all,poi_only,witness_temporal,64,ok,64,,3,1,1.0,1.0,,8,56,231,897958,0.125,0.03347280334728033,0.052805280528052806,6.235982957949431e-05,0.9665271966527197,7,12,5,6,0,43,12,3,3,1,0.28100916370749474,0.28100916370749474,0.28100916370749474,3.6791865676641464,3.960195731371641,,,,,True,,,,
Theia Case 1,all,poi_only,witness_temporal,256,ok,256,,3,1,1.0,1.0,,8,248,231,897766,0.03125,0.03347280334728033,0.03232323232323232,0.0002761649595663319,0.9665271966527197,7,12,5,6,0,175,18,3,3,1,0.29277293756604195,0.29277293756604195,0.29277293756604195,3.6791865676641464,3.9719595052301884,,,,,True,,,,
Theia Case 1,all,poi_only,witness_temporal,1024,ok,1024,,3,1,1.0,1.0,,16,1008,223,897006,0.015625,0.06694560669456066,0.025336500395882817,0.0011224769324308975,0.9330543933054394,11,12,6,6,0,493,31,3,3,3,0.29306766390800476,0.2917119339108467,0.2984968088567257,3.6791865676641464,3.972254231572151,,,,,True,,,,
Theia Case 1,all,poi_only,witness_temporal,4096,ok,4096,,3,1,1.0,1.0,,17,4079,222,893935,0.004150390625,0.07112970711297072,0.00784313725490196,0.004542245443834952,0.9288702928870293,12,12,6,6,0,1782,53,3,3,1,0.3123546466231346,0.3123546466231346,0.3123546466231346,3.6791865676641464,3.991541214287281,,,,,True,,,,
Theia Case 1,all,poi_only,witness_static,64,ok,64,,3,1,1.0,1.0,,7,57,232,897957,0.109375,0.029288702928870293,0.0462046204620462,6.347339796484242e-05,0.9707112970711297,6,12,4,6,0,44,10,3,3,1,0.26308611407876015,0.26308611407876015,0.26308611407876015,2.965577833354473,3.2286639474332333,,,,,True,,,,
Theia Case 1,all,poi_only,witness_static,256,ok,256,,3,1,1.0,1.0,,8,248,231,897766,0.03125,0.03347280334728033,0.03232323232323232,0.0002761649595663319,0.9665271966527197,7,12,5,6,0,174,15,3,3,1,0.24817462265491486,0.24817462265491486,0.24817462265491486,2.965577833354473,3.213752456009388,,,,,True,,,,
Theia Case 1,all,poi_only,witness_static,1024,ok,1024,,3,1,1.0,1.0,,16,1008,223,897006,0.015625,0.06694560669456066,0.025336500395882817,0.0011224769324308975,0.9330543933054394,11,12,6,6,0,484,55,3,3,3,0.24996979162096977,0.248665489256382,0.2501513138413429,2.965577833354473,3.215547624975443,,,,,True,,,,
Theia Case 1,all,poi_only,witness_static,4096,ok,4096,,3,1,1.0,1.0,,17,4079,222,893935,0.004150390625,0.07112970711297072,0.00784313725490196,0.004542245443834952,0.9288702928870293,12,12,6,6,0,1903,54,3,3,1,0.2636282816529274,0.2636282816529274,0.2636282816529274,2.965577833354473,3.2292061150074005,,,,,True,,,,
Theia Case 1,all,poi_only,witness_rerank,64,ok,64,,3,1,1.0,1.0,,8,56,231,897958,0.125,0.03347280334728033,0.052805280528052806,6.235982957949431e-05,0.9665271966527197,7,12,5,6,0,43,12,3,3,1,0.2762618809938431,0.2762618809938431,0.2762618809938431,2.9795511439442635,3.2558130249381065,,,,,True,,,,
Theia Case 1,all,poi_only,witness_rerank,256,ok,256,,3,1,1.0,1.0,,10,246,229,897768,0.0390625,0.04184100418410042,0.04040404040404041,0.0002739378227956357,0.9581589958158996,8,12,5,6,0,179,18,3,3,1,0.27906594052910805,0.27906594052910805,0.27906594052910805,2.9795511439442635,3.2586170844733715,,,,,True,,,,
Theia Case 1,all,poi_only,witness_rerank,1024,ok,1024,,3,1,1.0,1.0,,16,1008,223,897006,0.015625,0.06694560669456066,0.025336500395882817,0.0011224769324308975,0.9330543933054394,11,12,6,6,0,497,29,3,3,3,0.2856517620384693,0.28541091084480286,0.2871139608323574,2.9795511439442635,3.2652029059827328,,,,,True,,,,
Theia Case 1,all,poi_only,witness_rerank,4096,ok,4096,,3,1,1.0,1.0,,16,4080,223,893934,0.00390625,0.06694560669456066,0.007381776239907728,0.0045433590122203,0.9330543933054394,11,12,6,6,0,1903,39,3,3,1,0.29554450139403343,0.29554450139403343,0.29554450139403343,2.9795511439442635,3.275095645338297,,,,,True,,,,
Theia Case 1,all,poi_only,witness_global,64,ok,64,,3,1,1.0,1.0,,8,56,231,897958,0.125,0.03347280334728033,0.052805280528052806,6.235982957949431e-05,0.9665271966527197,7,12,5,6,0,52,3,3,3,1,0.2836429290473461,0.2836429290473461,0.2836429290473461,2.9795511439442635,3.2631940729916096,,,,,True,,,,
Theia Case 1,all,poi_only,witness_global,256,ok,256,,3,1,1.0,1.0,,12,244,227,897770,0.046875,0.0502092050209205,0.048484848484848485,0.0002717106860249395,0.9497907949790795,8,12,5,6,0,119,4,3,3,1,0.27870647981762886,0.27870647981762886,0.27870647981762886,2.9795511439442635,3.2582576237618923,,,,,True,,,,
Theia Case 1,all,poi_only,witness_global,1024,ok,1024,,3,1,1.0,1.0,,14,1010,225,897004,0.013671875,0.058577405857740586,0.022169437846397466,0.0011247040692015937,0.9414225941422594,9,12,5,6,0,676,8,3,3,3,0.28075452521443367,0.2806944064795971,0.282693050801754,2.9795511439442635,3.260305669158697,,,,,True,,,,
Theia Case 1,all,poi_only,witness_global,4096,ok,4096,,3,1,1.0,1.0,,14,4082,225,893932,0.00341796875,0.058577405857740586,0.006459054209919262,0.004545586148990996,0.9414225941422594,9,12,5,6,0,1193,29,3,3,1,0.2891085222363472,0.2891085222363472,0.2891085222363472,2.9795511439442635,3.2686596661806107,,,,,True,,,,
Theia Case 1,all,poi_only,witness_time_only,64,ok,64,,3,1,1.0,1.0,,6,58,233,897956,0.09375,0.02510460251046025,0.039603960396039604,6.458696635019054e-05,0.9748953974895398,5,12,3,6,0,40,18,3,3,1,0.29323888197541237,0.29323888197541237,0.29323888197541237,0.013391811400651932,0.3066306933760643,,,,,True,,,,
Theia Case 1,all,poi_only,witness_time_only,256,ok,256,,3,1,1.0,1.0,,6,250,233,897764,0.0234375,0.02510460251046025,0.024242424242424242,0.00027839209633702817,0.9748953974895398,5,12,3,6,0,91,55,3,3,1,0.29468943178653717,0.29468943178653717,0.29468943178653717,0.013391811400651932,0.3080812431871891,,,,,True,,,,
Theia Case 1,all,poi_only,witness_time_only,1024,ok,1024,,3,1,1.0,1.0,,7,1017,232,896997,0.0068359375,0.029288702928870293,0.011084718923198733,0.0011324990478990306,0.9707112970711297,6,12,4,6,0,303,121,3,3,3,0.2867348790168762,0.2850101664662361,0.28684229776263237,0.013391811400651932,0.30012669041752815,,,,,True,,,,
Theia Case 1,all,poi_only,witness_time_only,4096,ok,4096,,3,1,1.0,1.0,,7,4089,232,893925,0.001708984375,0.029288702928870293,0.003229527104959631,0.004553381127688432,0.9707112970711297,6,12,4,6,0,1019,238,3,3,1,0.3014382906258106,0.3014382906258106,0.3014382906258106,0.013391811400651932,0.31483010202646255,,,,,True,,,,
Theia Case 1,all,shared_context,witness_temporal,64,infeasible_mandatory,,,165,,,,,,,,,,,,,,,,,,,,,,,,,,,,,,,,,True,,,,
Theia Case 1,all,shared_context,witness_temporal,256,ok,256,,165,1,1.0,1.0,,8,248,231,897766,0.03125,0.03347280334728033,0.03232323232323232,0.0002761649595663319,0.9665271966527197,7,12,5,6,0,60,25,3,3,1,0.27804723381996155,0.27804723381996155,0.27804723381996155,3.6791865676641464,3.957233801484108,,,,,True,,,,
Theia Case 1,all,shared_context,witness_temporal,1024,ok,1024,,165,1,1.0,1.0,,14,1010,225,897004,0.013671875,0.058577405857740586,0.022169437846397466,0.0011247040692015937,0.9414225941422594,10,12,6,6,0,405,44,3,3,3,0.280764177441597,0.2796315476298332,0.28725623711943626,3.6791865676641464,3.9599507451057434,,,,,True,,,,
Theia Case 1,all,shared_context,witness_temporal,4096,ok,4096,,165,1,1.0,1.0,,17,4079,222,893935,0.004150390625,0.07112970711297072,0.00784313725490196,0.004542245443834952,0.9288702928870293,12,12,6,6,0,1642,63,3,3,1,0.2954786382615566,0.2954786382615566,0.2954786382615566,3.6791865676641464,3.974665205925703,,,,,True,,,,
Theia Case 1,all,shared_context,witness_static,64,infeasible_mandatory,,,165,,,,,,,,,,,,,,,,,,,,,,,,,,,,,,,,,True,,,,
Theia Case 1,all,shared_context,witness_static,256,ok,256,,165,1,1.0,1.0,,8,248,231,897766,0.03125,0.03347280334728033,0.03232323232323232,0.0002761649595663319,0.9665271966527197,7,12,5,6,0,61,26,3,3,1,0.2532288543879986,0.2532288543879986,0.2532288543879986,2.965577833354473,3.2188066877424717,,,,,True,,,,
Theia Case 1,all,shared_context,witness_static,1024,ok,1024,,165,1,1.0,1.0,,14,1010,225,897004,0.013671875,0.058577405857740586,0.022169437846397466,0.0011247040692015937,0.9414225941422594,10,12,6,6,0,441,64,3,3,3,0.25838538259267807,0.2490774281322956,0.2618522085249424,2.965577833354473,3.223963215947151,,,,,True,,,,
Theia Case 1,all,shared_context,witness_static,4096,ok,4096,,165,1,1.0,1.0,,17,4079,222,893935,0.004150390625,0.07112970711297072,0.00784313725490196,0.004542245443834952,0.9288702928870293,12,12,6,6,0,1895,60,3,3,1,0.2744019143283367,0.2744019143283367,0.2744019143283367,2.965577833354473,3.23997974768281,,,,,True,,,,
Theia Case 1,all,shared_context,witness_rerank,64,infeasible_mandatory,,,165,,,,,,,,,,,,,,,,,,,,,,,,,,,,,,,,,True,,,,
Theia Case 1,all,shared_context,witness_rerank,256,ok,256,,165,1,1.0,1.0,,8,248,231,897766,0.03125,0.03347280334728033,0.03232323232323232,0.0002761649595663319,0.9665271966527197,7,12,5,6,0,60,27,3,3,1,0.2827078476548195,0.2827078476548195,0.2827078476548195,2.9795511439442635,3.262258991599083,,,,,True,,,,
Theia Case 1,all,shared_context,witness_rerank,1024,ok,1024,,165,1,1.0,1.0,,14,1010,225,897004,0.013671875,0.058577405857740586,0.022169437846397466,0.0011247040692015937,0.9414225941422594,10,12,6,6,0,406,37,3,3,3,0.29912614822387695,0.2890201769769192,0.41563277319073677,2.9795511439442635,3.2786772921681404,,,,,True,,,,
Theia Case 1,all,shared_context,witness_rerank,4096,ok,4096,,165,1,1.0,1.0,,16,4080,223,893934,0.00390625,0.06694560669456066,0.007381776239907728,0.0045433590122203,0.9330543933054394,11,12,6,6,0,1857,50,3,3,1,0.30071844160556793,0.30071844160556793,0.30071844160556793,2.9795511439442635,3.2802695855498314,,,,,True,,,,
Theia Case 1,all,shared_context,witness_global,64,infeasible_mandatory,,,165,,,,,,,,,,,,,,,,,,,,,,,,,,,,,,,,,True,,,,
Theia Case 1,all,shared_context,witness_global,256,ok,256,,165,1,1.0,1.0,,8,248,231,897766,0.03125,0.03347280334728033,0.03232323232323232,0.0002761649595663319,0.9665271966527197,7,12,5,6,0,81,15,3,3,1,0.2818375714123249,0.2818375714123249,0.2818375714123249,2.9795511439442635,3.2613887153565884,,,,,True,,,,
Theia Case 1,all,shared_context,witness_global,1024,ok,1024,,165,1,1.0,1.0,,14,1010,225,897004,0.013671875,0.058577405857740586,0.022169437846397466,0.0011247040692015937,0.9414225941422594,9,12,5,6,0,524,18,3,3,3,0.2862296663224697,0.2836453914642334,0.2876792252063751,2.9795511439442635,3.265780810266733,,,,,True,,,,
Theia Case 1,all,shared_context,witness_global,4096,ok,4096,,165,1,1.0,1.0,,14,4082,225,893932,0.00341796875,0.058577405857740586,0.006459054209919262,0.004545586148990996,0.9414225941422594,9,12,5,6,0,1190,40,3,3,1,0.303446501493454,0.303446501493454,0.303446501493454,2.9795511439442635,3.2829976454377174,,,,,True,,,,
Theia Case 1,all,shared_context,witness_time_only,64,infeasible_mandatory,,,165,,,,,,,,,,,,,,,,,,,,,,,,,,,,,,,,,True,,,,
Theia Case 1,all,shared_context,witness_time_only,256,ok,256,,165,1,1.0,1.0,,4,252,235,897762,0.015625,0.016736401673640166,0.01616161616161616,0.0002806192331077244,0.9832635983263598,4,12,3,6,0,50,43,3,3,1,0.2994263209402561,0.2994263209402561,0.2994263209402561,0.013391811400651932,0.31281813234090805,,,,,True,,,,
Theia Case 1,all,shared_context,witness_time_only,1024,ok,1024,,165,1,1.0,1.0,,7,1017,232,896997,0.0068359375,0.029288702928870293,0.011084718923198733,0.0011324990478990306,0.9707112970711297,6,12,4,6,0,291,132,3,3,3,0.29692593589425087,0.2967630475759506,0.29742079228162766,0.013391811400651932,0.3103177472949028,,,,,True,,,,
Theia Case 1,all,shared_context,witness_time_only,4096,ok,4096,,165,1,1.0,1.0,,7,4089,232,893925,0.001708984375,0.029288702928870293,0.003229527104959631,0.004553381127688432,0.9707112970711297,6,12,4,6,0,1015,249,3,3,1,0.31957540661096573,0.31957540661096573,0.31957540661096573,0.013391811400651932,0.33296721801161766,,,,,True,,,,
Theia Case 1,drop-0,poi_only,witness_temporal,1024,ok,1024,,2,1,1.0,1.0,,7,1017,232,896997,0.0068359375,0.029288702928870293,0.011084718923198733,0.0011324990478990306,0.9707112970711297,6,12,4,6,0,419,43,2,2,1,0.27566036581993103,0.27566036581993103,0.27566036581993103,3.1229063160717487,3.3985666818916798,,,,,True,,,,
Theia Case 1,drop-0,poi_only,witness_static,1024,ok,1024,,2,1,1.0,1.0,,13,1011,226,897003,0.0126953125,0.05439330543933055,0.02058590657165479,0.0011258176375869419,0.9456066945606695,9,12,6,6,0,534,70,2,2,1,0.24596116691827774,0.24596116691827774,0.24596116691827774,2.78882097825408,3.0347821451723576,,,,,True,,,,
Theia Case 1,drop-0,poi_only,witness_rerank,1024,ok,1024,,2,1,1.0,1.0,,8,1016,231,896998,0.0078125,0.03347280334728033,0.012668250197941409,0.0011313854795136824,0.9665271966527197,7,12,5,6,0,415,44,2,2,1,0.27234987169504166,0.27234987169504166,0.27234987169504166,2.7996178343892097,3.0719677060842514,,,,,True,,,,
Theia Case 1,drop-0,poi_only,witness_global,1024,ok,1024,,2,1,1.0,1.0,,7,1017,232,896997,0.0068359375,0.029288702928870293,0.011084718923198733,0.0011324990478990306,0.9707112970711297,6,12,4,6,0,460,16,2,2,1,0.27043352648615837,0.27043352648615837,0.27043352648615837,2.7996178343892097,3.070051360875368,,,,,True,,,,
Theia Case 1,drop-0,poi_only,witness_time_only,1024,ok,1024,,2,1,1.0,1.0,,5,1019,234,896995,0.0048828125,0.02092050209205021,0.00791765637371338,0.0011347261846697267,0.9790794979079498,4,12,2,6,0,290,118,2,2,1,0.27841540798544884,0.27841540798544884,0.27841540798544884,0.010060589760541916,0.28847599774599075,,,,,True,,,,
Theia Case 1,drop-0,shared_context,witness_temporal,1024,ok,1024,,83,1,1.0,1.0,,7,1017,232,896997,0.0068359375,0.029288702928870293,0.011084718923198733,0.0011324990478990306,0.9707112970711297,6,12,4,6,0,406,51,2,2,1,0.28820307925343513,0.28820307925343513,0.28820307925343513,3.1229063160717487,3.411109395325184,,,,,True,,,,
Theia Case 1,drop-0,shared_context,witness_static,1024,ok,1024,,83,1,1.0,1.0,,13,1011,226,897003,0.0126953125,0.05439330543933055,0.02058590657165479,0.0011258176375869419,0.9456066945606695,9,12,6,6,0,455,76,2,2,1,0.27431007474660873,0.27431007474660873,0.27431007474660873,2.78882097825408,3.0631310530006886,,,,,True,,,,
Theia Case 1,drop-0,shared_context,witness_rerank,1024,ok,1024,,83,1,1.0,1.0,,8,1016,231,896998,0.0078125,0.03347280334728033,0.012668250197941409,0.0011313854795136824,0.9665271966527197,7,12,5,6,0,411,49,2,2,1,0.2892849035561085,0.2892849035561085,0.2892849035561085,2.7996178343892097,3.0889027379453182,,,,,True,,,,
Theia Case 1,drop-0,shared_context,witness_global,1024,ok,1024,,83,1,1.0,1.0,,7,1017,232,896997,0.0068359375,0.029288702928870293,0.011084718923198733,0.0011324990478990306,0.9707112970711297,6,12,4,6,0,447,22,2,2,1,0.2916836775839329,0.2916836775839329,0.2916836775839329,2.7996178343892097,3.0913015119731426,,,,,True,,,,
Theia Case 1,drop-0,shared_context,witness_time_only,1024,ok,1024,,83,1,1.0,1.0,,5,1019,234,896995,0.0048828125,0.02092050209205021,0.00791765637371338,0.0011347261846697267,0.9790794979079498,4,12,2,6,0,284,123,2,2,1,0.29238511621952057,0.29238511621952057,0.29238511621952057,0.010060589760541916,0.3024457059800625,,,,,True,,,,
Theia Case 1,drop-1,poi_only,witness_temporal,1024,ok,1024,,2,1,1.0,1.0,,16,1008,223,897006,0.015625,0.06694560669456066,0.025336500395882817,0.0011224769324308975,0.9330543933054394,11,12,6,6,0,527,36,2,2,1,0.3063286617398262,0.3063286617398262,0.3063286617398262,3.163583915680647,3.469912577420473,,,,,True,,,,
Theia Case 1,drop-1,poi_only,witness_static,1024,ok,1024,,2,1,1.0,1.0,,16,1008,223,897006,0.015625,0.06694560669456066,0.025336500395882817,0.0011224769324308975,0.9330543933054394,11,12,6,6,0,529,59,2,2,1,0.2518146149814129,0.2518146149814129,0.2518146149814129,2.834950029850006,3.086764644831419,,,,,True,,,,
Theia Case 1,drop-1,poi_only,witness_rerank,1024,ok,1024,,2,1,1.0,1.0,,16,1008,223,897006,0.015625,0.06694560669456066,0.025336500395882817,0.0011224769324308975,0.9330543933054394,11,12,6,6,0,525,32,2,2,1,0.28536583110690117,0.28536583110690117,0.28536583110690117,2.8465269692242146,3.1318928003311157,,,,,True,,,,
Theia Case 1,drop-1,poi_only,witness_global,1024,ok,1024,,2,1,1.0,1.0,,14,1010,225,897004,0.013671875,0.058577405857740586,0.022169437846397466,0.0011247040692015937,0.9414225941422594,9,12,5,6,0,627,9,2,2,1,0.281594593077898,0.281594593077898,0.281594593077898,2.8465269692242146,3.1281215623021126,,,,,True,,,,
Theia Case 1,drop-1,poi_only,witness_time_only,1024,ok,1024,,2,1,1.0,1.0,,7,1017,232,896997,0.0068359375,0.029288702928870293,0.011084718923198733,0.0011324990478990306,0.9707112970711297,6,12,5,6,0,312,83,2,2,1,0.2900027260184288,0.2900027260184288,0.2900027260184288,0.010553289204835892,0.3005560152232647,,,,,True,,,,
Theia Case 1,drop-1,shared_context,witness_temporal,1024,ok,1024,,83,1,1.0,1.0,,16,1008,223,897006,0.015625,0.06694560669456066,0.025336500395882817,0.0011224769324308975,0.9330543933054394,11,12,6,6,0,500,42,2,2,1,0.28597326949238777,0.28597326949238777,0.28597326949238777,3.163583915680647,3.4495571851730347,,,,,True,,,,
Theia Case 1,drop-1,shared_context,witness_static,1024,ok,1024,,83,1,1.0,1.0,,16,1008,223,897006,0.015625,0.06694560669456066,0.025336500395882817,0.0011224769324308975,0.9330543933054394,11,12,6,6,0,462,64,2,2,1,0.2537870928645134,0.2537870928645134,0.2537870928645134,2.834950029850006,3.0887371227145195,,,,,True,,,,
Theia Case 1,drop-1,shared_context,witness_rerank,1024,ok,1024,,83,1,1.0,1.0,,16,1008,223,897006,0.015625,0.06694560669456066,0.025336500395882817,0.0011224769324308975,0.9330543933054394,11,12,6,6,0,484,35,2,2,1,0.2895553186535835,0.2895553186535835,0.2895553186535835,2.8465269692242146,3.136082287877798,,,,,True,,,,
Theia Case 1,drop-1,shared_context,witness_global,1024,ok,1024,,83,1,1.0,1.0,,14,1010,225,897004,0.013671875,0.058577405857740586,0.022169437846397466,0.0011247040692015937,0.9414225941422594,9,12,5,6,0,619,15,2,2,1,0.2834383137524128,0.2834383137524128,0.2834383137524128,2.8465269692242146,3.1299652829766273,,,,,True,,,,
Theia Case 1,drop-1,shared_context,witness_time_only,1024,ok,1024,,83,1,1.0,1.0,,7,1017,232,896997,0.0068359375,0.029288702928870293,0.011084718923198733,0.0011324990478990306,0.9707112970711297,6,12,5,6,0,297,82,2,2,1,0.2918830178678036,0.2918830178678036,0.2918830178678036,0.010553289204835892,0.30243630707263947,,,,,True,,,,
Theia Case 1,drop-2,poi_only,witness_temporal,1024,ok,1024,,2,1,1.0,1.0,,16,1008,223,897006,0.015625,0.06694560669456066,0.025336500395882817,0.0011224769324308975,0.9330543933054394,11,12,6,6,0,499,29,2,2,1,0.2791692428290844,0.2791692428290844,0.2791692428290844,3.1487484164536,3.4279176592826843,,,,,True,,,,
Theia Case 1,drop-2,poi_only,witness_static,1024,ok,1024,,2,1,1.0,1.0,,16,1008,223,897006,0.015625,0.06694560669456066,0.025336500395882817,0.0011224769324308975,0.9330543933054394,11,12,6,6,0,503,41,2,2,1,0.24094882234930992,0.24094882234930992,0.24094882234930992,2.9591499865055084,3.2000988088548183,,,,,True,,,,
Theia Case 1,drop-2,poi_only,witness_rerank,1024,ok,1024,,2,1,1.0,1.0,,16,1008,223,897006,0.015625,0.06694560669456066,0.025336500395882817,0.0011224769324308975,0.9330543933054394,11,12,6,6,0,496,30,2,2,1,0.27398137748241425,0.27398137748241425,0.27398137748241425,2.970602285116911,3.244583662599325,,,,,True,,,,
Theia Case 1,drop-2,poi_only,witness_global,1024,ok,1024,,2,1,1.0,1.0,,14,1010,225,897004,0.013671875,0.058577405857740586,0.022169437846397466,0.0011247040692015937,0.9414225941422594,9,12,5,6,0,634,15,2,2,1,0.26849572733044624,0.26849572733044624,0.26849572733044624,2.970602285116911,3.239098012447357,,,,,True,,,,
Theia Case 1,drop-2,poi_only,witness_time_only,1024,ok,1024,,2,1,1.0,1.0,,4,1020,235,896994,0.00390625,0.016736401673640166,0.006334125098970704,0.001135839753055075,0.9832635983263598,4,12,3,6,0,287,120,2,2,1,0.27791279926896095,0.27791279926896095,0.27791279926896095,0.011288989335298538,0.2892017886042595,,,,,True,,,,
Theia Case 1,drop-2,shared_context,witness_temporal,1024,ok,1024,,164,1,1.0,1.0,,16,1008,223,897006,0.015625,0.06694560669456066,0.025336500395882817,0.0011224769324308975,0.9330543933054394,11,12,6,6,0,426,41,2,2,1,0.281963549554348,0.281963549554348,0.281963549554348,3.1487484164536,3.430711966007948,,,,,True,,,,
Theia Case 1,drop-2,shared_context,witness_static,1024,ok,1024,,164,1,1.0,1.0,,16,1008,223,897006,0.015625,0.06694560669456066,0.025336500395882817,0.0011224769324308975,0.9330543933054394,11,12,6,6,0,445,46,2,2,1,0.23935072496533394,0.23935072496533394,0.23935072496533394,2.9591499865055084,3.1985007114708424,,,,,True,,,,
Theia Case 1,drop-2,shared_context,witness_rerank,1024,ok,1024,,164,1,1.0,1.0,,16,1008,223,897006,0.015625,0.06694560669456066,0.025336500395882817,0.0011224769324308975,0.9330543933054394,11,12,6,6,0,423,40,2,2,1,0.27033451199531555,0.27033451199531555,0.27033451199531555,2.970602285116911,3.2409367971122265,,,,,True,,,,
Theia Case 1,drop-2,shared_context,witness_global,1024,ok,1024,,164,1,1.0,1.0,,14,1010,225,897004,0.013671875,0.058577405857740586,0.022169437846397466,0.0011247040692015937,0.9414225941422594,9,12,5,6,0,540,23,2,2,1,0.2683062329888344,0.2683062329888344,0.2683062329888344,2.970602285116911,3.2389085181057453,,,,,True,,,,
Theia Case 1,drop-2,shared_context,witness_time_only,1024,ok,1024,,164,1,1.0,1.0,,4,1020,235,896994,0.00390625,0.016736401673640166,0.006334125098970704,0.001135839753055075,0.9832635983263598,4,12,3,6,0,279,130,2,2,1,0.2786483094096184,0.2786483094096184,0.2786483094096184,0.011288989335298538,0.2899372987449169,,,,,True,,,,
Theia Case 1,all,poi_only,marginal_rerank,64,ok,64,,3,2,1.0,1.0,,8,56,231,897958,0.125,0.03347280334728033,0.052805280528052806,6.235982957949431e-05,0.9665271966527197,7,12,5,6,0,51,3,3,3,1,0.07085640355944633,0.07085640355944633,0.07085640355944633,2.9059109650552273,2.9767673686146736,,,,,True,"{'eligible_anchors': 887576, 'pool_anchors': 6469, 'pool_raw_events': 6517, 'global_pool_limit': 4096, 'per_relation_pool_limit': 228, 'normalization_scale': 1.0}",0.30766673758625984,8.3185715675354,"{'status': 'ok', 'raw_events': 64, 'steps': 60, 'objective': 51.235272344927125, 'diversity': 1.0}"
Theia Case 1,all,poi_only,marginal_linear,64,ok,64,,3,2,1.0,1.0,,8,56,231,897958,0.125,0.03347280334728033,0.052805280528052806,6.235982957949431e-05,0.9665271966527197,7,12,5,6,0,54,0,3,3,1,0.029975377023220062,0.029975377023220062,0.029975377023220062,2.9059109650552273,2.9358863420784473,,,,,True,"{'eligible_anchors': 887576, 'pool_anchors': 6469, 'pool_raw_events': 6517, 'global_pool_limit': 4096, 'per_relation_pool_limit': 228, 'normalization_scale': 1.0}",0.30766673758625984,8.3185715675354,"{'status': 'ok', 'raw_events': 64, 'steps': 60, 'objective': 33.670992925121546, 'diversity': 0.0}"
Theia Case 1,all,poi_only,marginal_diverse4,64,ok,64,,3,1,1.0,1.0,,8,56,231,897958,0.125,0.03347280334728033,0.052805280528052806,6.235982957949431e-05,0.9665271966527197,7,12,5,6,0,51,2,3,3,1,0.06662095710635185,0.06662095710635185,0.06662095710635185,2.9059109650552273,2.972531922161579,,,,,True,"{'eligible_anchors': 887576, 'pool_anchors': 6469, 'pool_raw_events': 6517, 'global_pool_limit': 4096, 'per_relation_pool_limit': 228, 'normalization_scale': 1.0}",0.30766673758625984,8.3185715675354,"{'status': 'ok', 'raw_events': 64, 'steps': 60, 'objective': 105.75156389614241, 'diversity': 4.0}"
Theia Case 1,all,poi_only,marginal_static,64,ok,64,,3,2,1.0,1.0,,8,56,231,897958,0.125,0.03347280334728033,0.052805280528052806,6.235982957949431e-05,0.9665271966527197,7,12,5,6,0,49,4,3,3,1,0.06591315194964409,0.06591315194964409,0.06591315194964409,2.892182171344757,2.958095323294401,,,,,True,"{'eligible_anchors': 887576, 'pool_anchors': 6485, 'pool_raw_events': 6575, 'global_pool_limit': 4096, 'per_relation_pool_limit': 228, 'normalization_scale': 1.0}",0.2809991352260113,8.3185715675354,"{'status': 'ok', 'raw_events': 64, 'steps': 59, 'objective': 53.59575708325475, 'diversity': 1.0}"
Theia Case 1,all,poi_only,marginal_nofrequency,64,ok,64,,3,1,1.0,1.0,,7,57,232,897957,0.109375,0.029288702928870293,0.0462046204620462,6.347339796484242e-05,0.9707112970711297,6,12,4,6,0,42,1,3,3,1,0.0704212412238121,0.0704212412238121,0.0704212412238121,0.7236910238862038,0.7941122651100159,,,,,True,"{'eligible_anchors': 887576, 'pool_anchors': 6785, 'pool_raw_events': 6829, 'global_pool_limit': 4096, 'per_relation_pool_limit': 228, 'normalization_scale': 1.0}",0.31671324744820595,8.3185715675354,"{'status': 'ok', 'raw_events': 64, 'steps': 60, 'objective': 60.85185040941041, 'diversity': 1.0}"
Theia Case 1,all,poi_only,marginal_rerank,256,ok,256,,3,1,1.0,1.0,,12,244,227,897770,0.046875,0.0502092050209205,0.048484848484848485,0.0002717106860249395,0.9497907949790795,8,12,5,6,0,130,4,3,3,1,0.263396006077528,0.263396006077528,0.263396006077528,2.9059109650552273,3.1693069711327553,,,,,True,"{'eligible_anchors': 887576, 'pool_anchors': 6469, 'pool_raw_events': 6517, 'global_pool_limit': 4096, 'per_relation_pool_limit': 228, 'normalization_scale': 1.0}",0.3102567009627819,8.3185715675354,"{'status': 'ok', 'raw_events': 256, 'steps': 243, 'objective': 117.47836377644148, 'diversity': 1.0}"
Theia Case 1,all,poi_only,marginal_linear,256,ok,256,,3,1,1.0,1.0,,12,244,227,897770,0.046875,0.0502092050209205,0.048484848484848485,0.0002717106860249395,0.9497907949790795,8,12,5,6,0,108,5,3,3,1,0.11520779877901077,0.11520779877901077,0.11520779877901077,2.9059109650552273,3.021118763834238,,,,,True,"{'eligible_anchors': 887576, 'pool_anchors': 6469, 'pool_raw_events': 6517, 'global_pool_limit': 4096, 'per_relation_pool_limit': 228, 'normalization_scale': 1.0}",0.3102567009627819,8.3185715675354,"{'status': 'ok', 'raw_events': 256, 'steps': 247, 'objective': 90.22261792427878, 'diversity': 0.0}"
Theia Case 1,all,poi_only,marginal_diverse4,256,ok,256,,3,1,1.0,1.0,,12,244,227,897770,0.046875,0.0502092050209205,0.048484848484848485,0.0002717106860249395,0.9497907949790795,8,12,5,6,0,147,12,3,3,1,0.2629040665924549,0.2629040665924549,0.2629040665924549,2.9059109650552273,3.168815031647682,,,,,True,"{'eligible_anchors': 887576, 'pool_anchors': 6469, 'pool_raw_events': 6517, 'global_pool_limit': 4096, 'per_relation_pool_limit': 228, 'normalization_scale': 1.0}",0.3102567009627819,8.3185715675354,"{'status': 'ok', 'raw_events': 256, 'steps': 236, 'objective': 202.9410773007922, 'diversity': 4.0}"
Theia Case 1,all,poi_only,marginal_milp,256,ok,256,,3,1,1.0,1.0,,12,244,227,897770,0.046875,0.0502092050209205,0.048484848484848485,0.0002717106860249395,0.9497907949790795,8,12,5,6,0,111,4,3,3,1,2.27885565161705,2.27885565161705,2.27885565161705,2.9059109650552273,5.1847666166722775,,,,,True,"{'eligible_anchors': 887576, 'pool_anchors': 6469, 'pool_raw_events': 6517, 'global_pool_limit': 4096, 'per_relation_pool_limit': 228, 'normalization_scale': 1.0}",0.3102567009627819,8.3185715675354,"{'status': 'ok', 'solver_status': 0, 'solver_message': 'Optimization terminated successfully. (HiGHS Status 7: Optimal)', 'mip_gap': 0.00023934987067091566, 'objective_upper_bound': 92.04483624661171, 'mip_node_count': 1.0, 'variables': 12986, 'constraints': 32694, 'time_limit': 20.0, 'relative_gap_tolerance': 0.01, 'raw_events': 256, 'objective': 92.02281059879611}"
Theia Case 1,all,poi_only,marginal_static,256,ok,256,,3,1,1.0,1.0,,12,244,227,897770,0.046875,0.0502092050209205,0.048484848484848485,0.0002717106860249395,0.9497907949790795,8,12,5,6,0,153,5,3,3,1,0.260491069406271,0.260491069406271,0.260491069406271,2.892182171344757,3.152673240751028,,,,,True,"{'eligible_anchors': 887576, 'pool_anchors': 6485, 'pool_raw_events': 6575, 'global_pool_limit': 4096, 'per_relation_pool_limit': 228, 'normalization_scale': 1.0}",0.29637880250811577,8.3185715675354,"{'status': 'ok', 'raw_events': 256, 'steps': 241, 'objective': 127.45632750469477, 'diversity': 1.0}"
Theia Case 1,all,poi_only,marginal_nofrequency,256,ok,256,,3,1,1.0,1.0,,12,244,227,897770,0.046875,0.0502092050209205,0.048484848484848485,0.0002717106860249395,0.9497907949790795,8,12,5,6,0,105,3,3,3,1,0.27276262268424034,0.27276262268424034,0.27276262268424034,0.7236910238862038,0.9964536465704441,,,,,True,"{'eligible_anchors': 887576, 'pool_anchors': 6785, 'pool_raw_events': 6829, 'global_pool_limit': 4096, 'per_relation_pool_limit': 228, 'normalization_scale': 1.0}",0.33563846722245216,8.3185715675354,"{'status': 'ok', 'raw_events': 256, 'steps': 247, 'objective': 166.66497150164986, 'diversity': 1.0}"
Theia Case 1,all,poi_only,marginal_rerank,1024,ok,1024,,3,1,1.0,1.0,,14,1010,225,897004,0.013671875,0.058577405857740586,0.022169437846397466,0.0011247040692015937,0.9414225941422594,9,12,5,6,0,681,9,3,3,1,1.004699558019638,1.004699558019638,1.004699558019638,2.9059109650552273,3.9106105230748653,,,,,True,"{'eligible_anchors': 887576, 'pool_anchors': 6469, 'pool_raw_events': 6517, 'global_pool_limit': 4096, 'per_relation_pool_limit': 228, 'normalization_scale': 1.0}",0.31249353289604187,8.3185715675354,"{'status': 'ok', 'raw_events': 1024, 'steps': 980, 'objective': 235.6694774742022, 'diversity': 1.0}"
Theia Case 1,all,poi_only,marginal_linear,1024,ok,1024,,3,1,1.0,1.0,,14,1010,225,897004,0.013671875,0.058577405857740586,0.022169437846397466,0.0011247040692015937,0.9414225941422594,9,12,5,6,0,605,4,3,3,1,0.4295314885675907,0.4295314885675907,0.4295314885675907,2.9059109650552273,3.335442453622818,,,,,True,"{'eligible_anchors': 887576, 'pool_anchors': 6469, 'pool_raw_events': 6517, 'global_pool_limit': 4096, 'per_relation_pool_limit': 228, 'normalization_scale': 1.0}",0.31249353289604187,8.3185715675354,"{'status': 'ok', 'raw_events': 1024, 'steps': 980, 'objective': 192.66721852408318, 'diversity': 0.0}"
Theia Case 1,all,poi_only,marginal_diverse4,1024,ok,1024,,3,1,1.0,1.0,,14,1010,225,897004,0.013671875,0.058577405857740586,0.022169437846397466,0.0011247040692015937,0.9414225941422594,9,12,5,6,0,675,9,3,3,1,1.0009474381804466,1.0009474381804466,1.0009474381804466,2.9059109650552273,3.906858403235674,,,,,True,"{'eligible_anchors': 887576, 'pool_anchors': 6469, 'pool_raw_events': 6517, 'global_pool_limit': 4096, 'per_relation_pool_limit': 228, 'normalization_scale': 1.0}",0.31249353289604187,8.3185715675354,"{'status': 'ok', 'raw_events': 1024, 'steps': 977, 'objective': 367.189352118111, 'diversity': 4.0}"
Theia Case 1,all,poi_only,marginal_milp,1024,ok,1024,,3,1,1.0,1.0,,14,1010,225,897004,0.013671875,0.058577405857740586,0.022169437846397466,0.0011247040692015937,0.9414225941422594,9,12,5,6,0,674,6,3,3,1,0.7579432912170887,0.7579432912170887,0.7579432912170887,2.9059109650552273,3.663854256272316,,,,,True,"{'eligible_anchors': 887576, 'pool_anchors': 6469, 'pool_raw_events': 6517, 'global_pool_limit': 4096, 'per_relation_pool_limit': 228, 'normalization_scale': 1.0}",0.31249353289604187,8.3185715675354,"{'status': 'ok', 'solver_status': 0, 'solver_message': 'Optimization terminated successfully. (HiGHS Status 7: Optimal)', 'mip_gap': 0.0, 'objective_upper_bound': 192.94569071611903, 'mip_node_count': 1.0, 'variables': 12986, 'constraints': 32694, 'time_limit': 20.0, 'relative_gap_tolerance': 0.01, 'raw_events': 1024, 'objective': 192.94569071611906}"
Theia Case 1,all,poi_only,marginal_static,1024,ok,1024,,3,1,1.0,1.0,,14,1010,225,897004,0.013671875,0.058577405857740586,0.022169437846397466,0.0011247040692015937,0.9414225941422594,9,12,5,6,0,491,59,3,3,1,1.0088414773344994,1.0088414773344994,1.0088414773344994,2.892182171344757,3.9010236486792564,,,,,True,"{'eligible_anchors': 887576, 'pool_anchors': 6485, 'pool_raw_events': 6575, 'global_pool_limit': 4096, 'per_relation_pool_limit': 228, 'normalization_scale': 1.0}",0.2862645499408245,8.3185715675354,"{'status': 'ok', 'raw_events': 1024, 'steps': 992, 'objective': 315.0753872266175, 'diversity': 1.0}"
Theia Case 1,all,poi_only,marginal_nofrequency,1024,ok,1024,,3,1,1.0,1.0,,14,1010,225,897004,0.013671875,0.058577405857740586,0.022169437846397466,0.0011247040692015937,0.9414225941422594,9,12,5,6,0,422,11,3,3,1,1.0601680427789688,1.0601680427789688,1.0601680427789688,0.7236910238862038,1.7838590666651726,,,,,True,"{'eligible_anchors': 887576, 'pool_anchors': 6785, 'pool_raw_events': 6829, 'global_pool_limit': 4096, 'per_relation_pool_limit': 228, 'normalization_scale': 1.0}",0.31365447118878365,8.3185715675354,"{'status': 'ok', 'raw_events': 1024, 'steps': 977, 'objective': 347.884872996927, 'diversity': 1.0}"
Theia Case 1,all,poi_only,marginal_rerank,4096,ok,4096,,3,1,1.0,1.0,,14,4082,225,893932,0.00341796875,0.058577405857740586,0.006459054209919262,0.004545586148990996,0.9414225941422594,9,12,5,6,0,1222,32,3,3,1,7.212131712585688,7.212131712585688,7.212131712585688,2.9059109650552273,10.118042677640915,,,,,True,"{'eligible_anchors': 887576, 'pool_anchors': 13240, 'pool_raw_events': 13370, 'global_pool_limit': 8192, 'per_relation_pool_limit': 456, 'normalization_scale': 1.0}",0.3532368578016758,8.3185715675354,"{'status': 'ok', 'raw_events': 4096, 'steps': 4040, 'objective': 423.71627088513947, 'diversity': 1.0}"
Theia Case 1,all,poi_only,marginal_linear,4096,ok,4096,,3,1,1.0,1.0,,14,4082,225,893932,0.00341796875,0.058577405857740586,0.006459054209919262,0.004545586148990996,0.9414225941422594,9,12,5,6,0,1183,31,3,3,1,3.170410554856062,3.170410554856062,3.170410554856062,2.9059109650552273,6.076321519911289,,,,,True,"{'eligible_anchors': 887576, 'pool_anchors': 13240, 'pool_raw_events': 13370, 'global_pool_limit': 8192, 'per_relation_pool_limit': 456, 'normalization_scale': 1.0}",0.3532368578016758,8.3185715675354,"{'status': 'ok', 'raw_events': 4096, 'steps': 4040, 'objective': 366.5298768239773, 'diversity': 0.0}"
Theia Case 1,all,poi_only,marginal_diverse4,4096,ok,4096,,3,1,1.0,1.0,,14,4082,225,893932,0.00341796875,0.058577405857740586,0.006459054209919262,0.004545586148990996,0.9414225941422594,9,12,5,6,0,1388,23,3,3,1,7.195742063224316,7.195742063224316,7.195742063224316,2.9059109650552273,10.101653028279543,,,,,True,"{'eligible_anchors': 887576, 'pool_anchors': 13240, 'pool_raw_events': 13370, 'global_pool_limit': 8192, 'per_relation_pool_limit': 456, 'normalization_scale': 1.0}",0.3532368578016758,8.3185715675354,"{'status': 'ok', 'raw_events': 4096, 'steps': 4035, 'objective': 603.2667554367052, 'diversity': 4.0}"
Theia Case 1,all,poi_only,marginal_static,4096,ok,4096,,3,1,1.0,1.0,,14,4082,225,893932,0.00341796875,0.058577405857740586,0.006459054209919262,0.004545586148990996,0.9414225941422594,9,12,5,6,0,1386,9,3,3,1,7.119974788278341,7.119974788278341,7.119974788278341,2.892182171344757,10.012156959623098,,,,,True,"{'eligible_anchors': 887576, 'pool_anchors': 13163, 'pool_raw_events': 13314, 'global_pool_limit': 8192, 'per_relation_pool_limit': 456, 'normalization_scale': 1.0}",0.315612006932497,8.3185715675354,"{'status': 'ok', 'raw_events': 4096, 'steps': 4038, 'objective': 629.6048842571145, 'diversity': 1.0}"
Theia Case 1,all,poi_only,marginal_nofrequency,4096,ok,4096,,3,1,1.0,1.0,,14,4082,225,893932,0.00341796875,0.058577405857740586,0.006459054209919262,0.004545586148990996,0.9414225941422594,9,12,5,6,0,825,19,3,3,1,7.571093585342169,7.571093585342169,7.571093585342169,0.7236910238862038,8.294784609228373,,,,,True,"{'eligible_anchors': 887576, 'pool_anchors': 13866, 'pool_raw_events': 13960, 'global_pool_limit': 8192, 'per_relation_pool_limit': 456, 'normalization_scale': 1.0}",0.35806263238191605,8.3185715675354,"{'status': 'ok', 'raw_events': 4096, 'steps': 4043, 'objective': 636.3986725856962, 'diversity': 1.0}"
Theia Case 1,all,shared_context,marginal_rerank,64,infeasible_mandatory,,,165,,,,,,,,,,,,,,,,,,,,,,,,,,,,,,,,,,,,,
Theia Case 1,all,shared_context,marginal_linear,64,infeasible_mandatory,,,165,,,,,,,,,,,,,,,,,,,,,,,,,,,,,,,,,,,,,
Theia Case 1,all,shared_context,marginal_diverse4,64,infeasible_mandatory,,,165,,,,,,,,,,,,,,,,,,,,,,,,,,,,,,,,,,,,,
Theia Case 1,all,shared_context,marginal_static,64,infeasible_mandatory,,,165,,,,,,,,,,,,,,,,,,,,,,,,,,,,,,,,,,,,,
Theia Case 1,all,shared_context,marginal_nofrequency,64,infeasible_mandatory,,,165,,,,,,,,,,,,,,,,,,,,,,,,,,,,,,,,,,,,,
Theia Case 1,all,shared_context,marginal_rerank,256,ok,256,,165,1,1.0,1.0,,8,248,231,897766,0.03125,0.03347280334728033,0.03232323232323232,0.0002761649595663319,0.9665271966527197,7,12,5,6,0,83,13,3,3,1,0.0985223688185215,0.0985223688185215,0.0985223688185215,2.9059109650552273,3.004433333873749,,,,,True,"{'eligible_anchors': 887576, 'pool_anchors': 6469, 'pool_raw_events': 6677, 'global_pool_limit': 4096, 'per_relation_pool_limit': 228, 'normalization_scale': 1.0}",0.31546274200081825,8.3185715675354,"{'status': 'ok', 'raw_events': 256, 'steps': 90, 'objective': 71.5613879836009, 'diversity': 1.0}"
Theia Case 1,all,shared_context,marginal_linear,256,ok,256,,165,1,1.0,1.0,,9,247,230,897767,0.03515625,0.03765690376569038,0.03636363636363636,0.0002750513911809838,0.9623430962343096,8,12,5,6,0,83,13,3,3,1,0.043286167085170746,0.043286167085170746,0.043286167085170746,2.9059109650552273,2.949197132140398,,,,,True,"{'eligible_anchors': 887576, 'pool_anchors': 6469, 'pool_raw_events': 6677, 'global_pool_limit': 4096, 'per_relation_pool_limit': 228, 'normalization_scale': 1.0}",0.31546274200081825,8.3185715675354,"{'status': 'ok', 'raw_events': 256, 'steps': 89, 'objective': 50.27311460286969, 'diversity': 0.0}"
Theia Case 1,all,shared_context,marginal_diverse4,256,ok,256,,165,1,1.0,1.0,,8,248,231,897766,0.03125,0.03347280334728033,0.03232323232323232,0.0002761649595663319,0.9665271966527197,7,12,5,6,0,76,19,3,3,1,0.09357186406850815,0.09357186406850815,0.09357186406850815,2.9059109650552273,2.9994828291237354,,,,,True,"{'eligible_anchors': 887576, 'pool_anchors': 6469, 'pool_raw_events': 6677, 'global_pool_limit': 4096, 'per_relation_pool_limit': 228, 'normalization_scale': 1.0}",0.31546274200081825,8.3185715675354,"{'status': 'ok', 'raw_events': 256, 'steps': 86, 'objective': 136.8967632158223, 'diversity': 4.0}"
Theia Case 1,all,shared_context,marginal_milp,256,ok,256,,165,1,1.0,1.0,,8,248,231,897766,0.03125,0.03347280334728033,0.03232323232323232,0.0002761649595663319,0.9665271966527197,7,12,5,6,0,83,14,3,3,1,0.6604273915290833,0.6604273915290833,0.6604273915290833,2.9059109650552273,3.5663383565843105,,,,,True,"{'eligible_anchors': 887576, 'pool_anchors': 6469, 'pool_raw_events': 6677, 'global_pool_limit': 4096, 'per_relation_pool_limit': 228, 'normalization_scale': 1.0}",0.31546274200081825,8.3185715675354,"{'status': 'ok', 'solver_status': 0, 'solver_message': 'Optimization terminated successfully. (HiGHS Status 7: Optimal)', 'mip_gap': 0.0, 'objective_upper_bound': 50.73828609464637, 'mip_node_count': 1.0, 'variables': 13146, 'constraints': 32692, 'time_limit': 20.0, 'relative_gap_tolerance': 0.01, 'raw_events': 256, 'objective': 50.738286094646384}"
Theia Case 1,all,shared_context,marginal_static,256,ok,256,,165,1,1.0,1.0,,8,248,231,897766,0.03125,0.03347280334728033,0.03232323232323232,0.0002761649595663319,0.9665271966527197,7,12,5,6,0,79,16,3,3,1,0.09723732247948647,0.09723732247948647,0.09723732247948647,2.892182171344757,2.9894194938242435,,,,,True,"{'eligible_anchors': 887576, 'pool_anchors': 6485, 'pool_raw_events': 6735, 'global_pool_limit': 4096, 'per_relation_pool_limit': 228, 'normalization_scale': 1.0}",0.2884053625166416,8.3185715675354,"{'status': 'ok', 'raw_events': 256, 'steps': 89, 'objective': 75.93618136842088, 'diversity': 1.0}"
Theia Case 1,all,shared_context,marginal_nofrequency,256,ok,256,,165,1,1.0,1.0,,8,248,231,897766,0.03125,0.03347280334728033,0.03232323232323232,0.0002761649595663319,0.9665271966527197,7,12,5,6,0,45,13,3,3,1,0.1022188775241375,0.1022188775241375,0.1022188775241375,0.7236910238862038,0.8259099014103413,,,,,True,"{'eligible_anchors': 887576, 'pool_anchors': 6785, 'pool_raw_events': 6981, 'global_pool_limit': 4096, 'per_relation_pool_limit': 228, 'normalization_scale': 1.0}",0.31410516053438187,8.3185715675354,"{'status': 'ok', 'raw_events': 256, 'steps': 90, 'objective': 93.53767797074296, 'diversity': 1.0}"
Theia Case 1,all,shared_context,marginal_rerank,1024,ok,1024,,165,1,1.0,1.0,,14,1010,225,897004,0.013671875,0.058577405857740586,0.022169437846397466,0.0011247040692015937,0.9414225941422594,9,12,5,6,0,524,21,3,3,1,0.8429697677493095,0.8429697677493095,0.8429697677493095,2.9059109650552273,3.748880732804537,,,,,True,"{'eligible_anchors': 887576, 'pool_anchors': 6469, 'pool_raw_events': 6677, 'global_pool_limit': 4096, 'per_relation_pool_limit': 228, 'normalization_scale': 1.0}",0.31736116111278534,8.3185715675354,"{'status': 'ok', 'raw_events': 1024, 'steps': 819, 'objective': 225.96060845112223, 'diversity': 1.0}"
Theia Case 1,all,shared_context,marginal_linear,1024,ok,1024,,165,1,1.0,1.0,,14,1010,225,897004,0.013671875,0.058577405857740586,0.022169437846397466,0.0011247040692015937,0.9414225941422594,9,12,5,6,0,509,17,3,3,1,0.3645953945815563,0.3645953945815563,0.3645953945815563,2.9059109650552273,3.2705063596367836,,,,,True,"{'eligible_anchors': 887576, 'pool_anchors': 6469, 'pool_raw_events': 6677, 'global_pool_limit': 4096, 'per_relation_pool_limit': 228, 'normalization_scale': 1.0}",0.31736116111278534,8.3185715675354,"{'status': 'ok', 'raw_events': 1024, 'steps': 821, 'objective': 185.0121898945345, 'diversity': 0.0}"
Theia Case 1,all,shared_context,marginal_diverse4,1024,ok,1024,,165,1,1.0,1.0,,14,1010,225,897004,0.013671875,0.058577405857740586,0.022169437846397466,0.0011247040692015937,0.9414225941422594,9,12,5,6,0,532,22,3,3,1,0.8483887352049351,0.8483887352049351,0.8483887352049351,2.9059109650552273,3.7542997002601624,,,,,True,"{'eligible_anchors': 887576, 'pool_anchors': 6469, 'pool_raw_events': 6677, 'global_pool_limit': 4096, 'per_relation_pool_limit': 228, 'normalization_scale': 1.0}",0.31736116111278534,8.3185715675354,"{'status': 'ok', 'raw_events': 1024, 'steps': 815, 'objective': 353.61745038253616, 'diversity': 4.0}"
Theia Case 1,all,shared_context,marginal_milp,1024,ok,1003,,165,1,1.0,1.0,,14,989,225,897025,0.013958125623130608,0.058577405857740586,0.02254428341384863,0.0011013191331092833,0.9414225941422594,9,12,5,6,0,505,16,3,3,1,0.6774027645587921,0.6774027645587921,0.6774027645587921,2.9059109650552273,3.5833137296140194,,,,,True,"{'eligible_anchors': 887576, 'pool_anchors': 6469, 'pool_raw_events': 6677, 'global_pool_limit': 4096, 'per_relation_pool_limit': 228, 'normalization_scale': 1.0}",0.31736116111278534,8.3185715675354,"{'status': 'ok', 'solver_status': 0, 'solver_message': 'Optimization terminated successfully. (HiGHS Status 7: Optimal)', 'mip_gap': 0.009718348613520715, 'objective_upper_bound': 185.09190590315887, 'mip_node_count': 1.0, 'variables': 13146, 'constraints': 32692, 'time_limit': 20.0, 'relative_gap_tolerance': 0.01, 'raw_events': 1003, 'objective': 183.31043122799045}"
Theia Case 1,all,shared_context,marginal_static,1024,ok,1024,,165,1,1.0,1.0,,14,1010,225,897004,0.013671875,0.058577405857740586,0.022169437846397466,0.0011247040692015937,0.9414225941422594,9,12,5,6,0,461,75,3,3,1,0.8609174489974976,0.8609174489974976,0.8609174489974976,2.892182171344757,3.7530996203422546,,,,,True,"{'eligible_anchors': 887576, 'pool_anchors': 6485, 'pool_raw_events': 6735, 'global_pool_limit': 4096, 'per_relation_pool_limit': 228, 'normalization_scale': 1.0}",0.2872139811515808,8.3185715675354,"{'status': 'ok', 'raw_events': 1024, 'steps': 830, 'objective': 288.83379374431235, 'diversity': 1.0}"
Theia Case 1,all,shared_context,marginal_nofrequency,1024,ok,1024,,165,1,1.0,1.0,,14,1010,225,897004,0.013671875,0.058577405857740586,0.022169437846397466,0.0011247040692015937,0.9414225941422594,9,12,5,6,0,338,21,3,3,1,0.8763974644243717,0.8763974644243717,0.8763974644243717,0.7236910238862038,1.6000884883105755,,,,,True,"{'eligible_anchors': 887576, 'pool_anchors': 6785, 'pool_raw_events': 6981, 'global_pool_limit': 4096, 'per_relation_pool_limit': 228, 'normalization_scale': 1.0}",0.31655793637037277,8.3185715675354,"{'status': 'ok', 'raw_events': 1024, 'steps': 824, 'objective': 338.0536529906208, 'diversity': 1.0}"
Theia Case 1,all,shared_context,marginal_rerank,4096,ok,4096,,165,1,1.0,1.0,,14,4082,225,893932,0.00341796875,0.058577405857740586,0.006459054209919262,0.004545586148990996,0.9414225941422594,9,12,5,6,0,1218,40,3,3,1,7.026698153465986,7.026698153465986,7.026698153465986,2.9059109650552273,9.932609118521214,,,,,True,"{'eligible_anchors': 887576, 'pool_anchors': 13240, 'pool_raw_events': 13498, 'global_pool_limit': 8192, 'per_relation_pool_limit': 456, 'normalization_scale': 1.0}",0.3537951409816742,8.3185715675354,"{'status': 'ok', 'raw_events': 4096, 'steps': 3878, 'objective': 421.6877849878267, 'diversity': 1.0}"
Theia Case 1,all,shared_context,marginal_linear,4096,ok,4096,,165,1,1.0,1.0,,14,4082,225,893932,0.00341796875,0.058577405857740586,0.006459054209919262,0.004545586148990996,0.9414225941422594,9,12,5,6,0,1179,40,3,3,1,3.1025926880538464,3.1025926880538464,3.1025926880538464,2.9059109650552273,6.008503653109074,,,,,True,"{'eligible_anchors': 887576, 'pool_anchors': 13240, 'pool_raw_events': 13498, 'global_pool_limit': 8192, 'per_relation_pool_limit': 456, 'normalization_scale': 1.0}",0.3537951409816742,8.3185715675354,"{'status': 'ok', 'raw_events': 4096, 'steps': 3878, 'objective': 364.56580287864574, 'diversity': 0.0}"
Theia Case 1,all,shared_context,marginal_diverse4,4096,ok,4096,,165,1,1.0,1.0,,14,4082,225,893932,0.00341796875,0.058577405857740586,0.006459054209919262,0.004545586148990996,0.9414225941422594,9,12,5,6,0,1382,36,3,3,1,7.000675275921822,7.000675275921822,7.000675275921822,2.9059109650552273,9.906586240977049,,,,,True,"{'eligible_anchors': 887576, 'pool_anchors': 13240, 'pool_raw_events': 13498, 'global_pool_limit': 8192, 'per_relation_pool_limit': 456, 'normalization_scale': 1.0}",0.3537951409816742,8.3185715675354,"{'status': 'ok', 'raw_events': 4096, 'steps': 3873, 'objective': 600.9082512114888, 'diversity': 4.0}"
Theia Case 1,all,shared_context,marginal_static,4096,ok,4096,,165,1,1.0,1.0,,14,4082,225,893932,0.00341796875,0.058577405857740586,0.006459054209919262,0.004545586148990996,0.9414225941422594,9,12,5,6,0,1320,48,3,3,1,6.962829481810331,6.962829481810331,6.962829481810331,2.892182171344757,9.855011653155088,,,,,True,"{'eligible_anchors': 887576, 'pool_anchors': 13163, 'pool_raw_events': 13474, 'global_pool_limit': 8192, 'per_relation_pool_limit': 456, 'normalization_scale': 1.0}",0.3172301910817623,8.3185715675354,"{'status': 'ok', 'raw_events': 4096, 'steps': 3878, 'objective': 625.0928263744546, 'diversity': 1.0}"
Theia Case 1,all,shared_context,marginal_nofrequency,4096,ok,4096,,165,1,1.0,1.0,,14,4082,225,893932,0.00341796875,0.058577405857740586,0.006459054209919262,0.004545586148990996,0.9414225941422594,9,12,5,6,0,819,30,3,3,1,7.306287433952093,7.306287433952093,7.306287433952093,0.7236910238862038,8.029978457838297,,,,,True,"{'eligible_anchors': 887576, 'pool_anchors': 13866, 'pool_raw_events': 14060, 'global_pool_limit': 8192, 'per_relation_pool_limit': 456, 'normalization_scale': 1.0}",0.35206615552306175,8.3185715675354,"{'status': 'ok', 'raw_events': 4096, 'steps': 3881, 'objective': 635.0124317461718, 'diversity': 1.0}"
Theia Case 1,drop-0,poi_only,marginal_rerank,1024,ok,1024,,2,1,1.0,1.0,,7,1017,232,896997,0.0068359375,0.029288702928870293,0.011084718923198733,0.0011324990478990306,0.9707112970711297,6,12,4,6,0,469,10,2,2,1,1.0267566107213497,1.0267566107213497,1.0267566107213497,2.7948434874415398,3.8216000981628895,,,,,True,"{'eligible_anchors': 887576, 'pool_anchors': 6571, 'pool_raw_events': 6628, 'global_pool_limit': 4096, 'per_relation_pool_limit': 228, 'normalization_scale': 1.0}",0.31239040940999985,7.530685868114233,"{'status': 'ok', 'raw_events': 1024, 'steps': 991, 'objective': 173.53263674306336, 'diversity': 1.0}"
Theia Case 1,drop-0,poi_only,marginal_linear,1024,ok,1024,,2,1,1.0,1.0,,7,1017,232,896997,0.0068359375,0.029288702928870293,0.011084718923198733,0.0011324990478990306,0.9707112970711297,6,12,4,6,0,451,6,2,2,1,0.4495523273944855,0.4495523273944855,0.4495523273944855,2.7948434874415398,3.2443958148360252,,,,,True,"{'eligible_anchors': 887576, 'pool_anchors': 6571, 'pool_raw_events': 6628, 'global_pool_limit': 4096, 'per_relation_pool_limit': 228, 'normalization_scale': 1.0}",0.31239040940999985,7.530685868114233,"{'status': 'ok', 'raw_events': 1024, 'steps': 992, 'objective': 136.36141247731376, 'diversity': 0.0}"
Theia Case 1,drop-0,poi_only,marginal_diverse4,1024,ok,1024,,2,1,1.0,1.0,,7,1017,232,896997,0.0068359375,0.029288702928870293,0.011084718923198733,0.0011324990478990306,0.9707112970711297,6,12,4,6,0,437,10,2,2,1,1.0237677805125713,1.0237677805125713,1.0237677805125713,2.7948434874415398,3.818611267954111,,,,,True,"{'eligible_anchors': 887576, 'pool_anchors': 6571, 'pool_raw_events': 6628, 'global_pool_limit': 4096, 'per_relation_pool_limit': 228, 'normalization_scale': 1.0}",0.31239040940999985,7.530685868114233,"{'status': 'ok', 'raw_events': 1024, 'steps': 990, 'objective': 285.33273041521244, 'diversity': 4.0}"
Theia Case 1,drop-0,poi_only,marginal_static,1024,ok,1024,,2,1,1.0,1.0,,11,1013,228,897001,0.0107421875,0.04602510460251046,0.01741884402216944,0.001128044774357638,0.9539748953974896,7,12,4,6,0,507,23,2,2,1,1.006007768213749,1.006007768213749,1.006007768213749,2.782667104154825,3.788674872368574,,,,,True,"{'eligible_anchors': 887576, 'pool_anchors': 6500, 'pool_raw_events': 6577, 'global_pool_limit': 4096, 'per_relation_pool_limit': 228, 'normalization_scale': 1.0}",0.2766661047935486,7.530685868114233,"{'status': 'ok', 'raw_events': 1024, 'steps': 985, 'objective': 288.4290205811909, 'diversity': 1.0}"
Theia Case 1,drop-0,poi_only,marginal_nofrequency,1024,ok,1024,,2,1,1.0,1.0,,5,1019,234,896995,0.0048828125,0.02092050209205021,0.00791765637371338,0.0011347261846697267,0.9790794979079498,4,12,2,6,0,250,12,2,2,1,1.182434070855379,1.182434070855379,1.182434070855379,0.5742753185331821,1.7567093893885612,,,,,True,"{'eligible_anchors': 887576, 'pool_anchors': 7291, 'pool_raw_events': 7341, 'global_pool_limit': 4096, 'per_relation_pool_limit': 228, 'normalization_scale': 1.0}",0.3132043667137623,7.530685868114233,"{'status': 'ok', 'raw_events': 1024, 'steps': 999, 'objective': 262.509353988112, 'diversity': 1.0}"
Theia Case 1,drop-0,shared_context,marginal_rerank,1024,ok,1024,,83,1,1.0,1.0,,7,1017,232,896997,0.0068359375,0.029288702928870293,0.011084718923198733,0.0011324990478990306,0.9707112970711297,6,12,4,6,0,448,15,2,2,1,0.9884094670414925,0.9884094670414925,0.9884094670414925,2.7948434874415398,3.7832529544830322,,,,,True,"{'eligible_anchors': 887576, 'pool_anchors': 6571, 'pool_raw_events': 6708, 'global_pool_limit': 4096, 'per_relation_pool_limit': 228, 'normalization_scale': 1.0}",0.32278282567858696,7.530685868114233,"{'status': 'ok', 'raw_events': 1024, 'steps': 910, 'objective': 171.17689194353113, 'diversity': 1.0}"
Theia Case 1,drop-0,shared_context,marginal_linear,1024,ok,1024,,83,1,1.0,1.0,,7,1017,232,896997,0.0068359375,0.029288702928870293,0.011084718923198733,0.0011324990478990306,0.9707112970711297,6,12,4,6,0,449,11,2,2,1,0.4155471585690975,0.4155471585690975,0.4155471585690975,2.7948434874415398,3.2103906460106373,,,,,True,"{'eligible_anchors': 887576, 'pool_anchors': 6571, 'pool_raw_events': 6708, 'global_pool_limit': 4096, 'per_relation_pool_limit': 228, 'normalization_scale': 1.0}",0.32278282567858696,7.530685868114233,"{'status': 'ok', 'raw_events': 1024, 'steps': 911, 'objective': 135.22183743763404, 'diversity': 0.0}"
Theia Case 1,drop-0,shared_context,marginal_diverse4,1024,ok,1024,,83,1,1.0,1.0,,7,1017,232,896997,0.0068359375,0.029288702928870293,0.011084718923198733,0.0011324990478990306,0.9707112970711297,6,12,4,6,0,396,15,2,2,1,0.9478046260774136,0.9478046260774136,0.9478046260774136,2.7948434874415398,3.7426481135189533,,,,,True,"{'eligible_anchors': 887576, 'pool_anchors': 6571, 'pool_raw_events': 6708, 'global_pool_limit': 4096, 'per_relation_pool_limit': 228, 'normalization_scale': 1.0}",0.32278282567858696,7.530685868114233,"{'status': 'ok', 'raw_events': 1024, 'steps': 909, 'objective': 281.4875899373743, 'diversity': 4.0}"
Theia Case 1,drop-0,shared_context,marginal_static,1024,ok,1024,,83,1,1.0,1.0,,11,1013,228,897001,0.0107421875,0.04602510460251046,0.01741884402216944,0.001128044774357638,0.9539748953974896,7,12,4,6,0,467,18,2,2,1,0.9429331123828888,0.9429331123828888,0.9429331123828888,2.782667104154825,3.725600216537714,,,,,True,"{'eligible_anchors': 887576, 'pool_anchors': 6500, 'pool_raw_events': 6657, 'global_pool_limit': 4096, 'per_relation_pool_limit': 228, 'normalization_scale': 1.0}",0.27887482568621635,7.530685868114233,"{'status': 'ok', 'raw_events': 1024, 'steps': 923, 'objective': 275.4987248450332, 'diversity': 1.0}"
Theia Case 1,drop-0,shared_context,marginal_nofrequency,1024,ok,1024,,83,1,1.0,1.0,,5,1019,234,896995,0.0048828125,0.02092050209205021,0.00791765637371338,0.0011347261846697267,0.9790794979079498,4,12,2,6,0,250,17,2,2,1,1.0406497865915298,1.0406497865915298,1.0406497865915298,0.5742753185331821,1.614925105124712,,,,,True,"{'eligible_anchors': 887576, 'pool_anchors': 7291, 'pool_raw_events': 7389, 'global_pool_limit': 4096, 'per_relation_pool_limit': 228, 'normalization_scale': 1.0}",0.3180633746087551,7.530685868114233,"{'status': 'ok', 'raw_events': 1024, 'steps': 918, 'objective': 261.0275719863472, 'diversity': 1.0}"
Theia Case 1,drop-1,poi_only,marginal_rerank,1024,ok,1024,,2,1,1.0,1.0,,14,1010,225,897004,0.013671875,0.058577405857740586,0.022169437846397466,0.0011247040692015937,0.9414225941422594,9,12,5,6,0,637,12,2,2,1,1.0142779760062695,1.0142779760062695,1.0142779760062695,2.7680633701384068,3.782341346144676,,,,,True,"{'eligible_anchors': 887576, 'pool_anchors': 6522, 'pool_raw_events': 6571, 'global_pool_limit': 4096, 'per_relation_pool_limit': 228, 'normalization_scale': 1.0}",0.3079746700823307,8.251928310841322,"{'status': 'ok', 'raw_events': 1024, 'steps': 979, 'objective': 203.87656724900015, 'diversity': 1.0}"
Theia Case 1,drop-1,poi_only,marginal_linear,1024,ok,1024,,2,1,1.0,1.0,,14,1010,225,897004,0.013671875,0.058577405857740586,0.022169437846397466,0.0011247040692015937,0.9414225941422594,9,12,5,6,0,626,7,2,2,1,0.4390864968299866,0.4390864968299866,0.4390864968299866,2.7680633701384068,3.2071498669683933,,,,,True,"{'eligible_anchors': 887576, 'pool_anchors': 6522, 'pool_raw_events': 6571, 'global_pool_limit': 4096, 'per_relation_pool_limit': 228, 'normalization_scale': 1.0}",0.3079746700823307,8.251928310841322,"{'status': 'ok', 'raw_events': 1024, 'steps': 983, 'objective': 164.57122739018308, 'diversity': 0.0}"
Theia Case 1,drop-1,poi_only,marginal_diverse4,1024,ok,1024,,2,1,1.0,1.0,,14,1010,225,897004,0.013671875,0.058577405857740586,0.022169437846397466,0.0011247040692015937,0.9414225941422594,9,12,5,6,0,683,14,2,2,1,1.013757809996605,1.013757809996605,1.013757809996605,2.7680633701384068,3.7818211801350117,,,,,True,"{'eligible_anchors': 887576, 'pool_anchors': 6522, 'pool_raw_events': 6571, 'global_pool_limit': 4096, 'per_relation_pool_limit': 228, 'normalization_scale': 1.0}",0.3079746700823307,8.251928310841322,"{'status': 'ok', 'raw_events': 1024, 'steps': 977, 'objective': 326.04172486935715, 'diversity': 4.0}"
Theia Case 1,drop-1,poi_only,marginal_static,1024,ok,1024,,2,1,1.0,1.0,,14,1010,225,897004,0.013671875,0.058577405857740586,0.022169437846397466,0.0011247040692015937,0.9414225941422594,9,12,5,6,0,524,8,2,2,1,1.0313860177993774,1.0313860177993774,1.0313860177993774,2.7567860409617424,3.78817205876112,,,,,True,"{'eligible_anchors': 887576, 'pool_anchors': 6546, 'pool_raw_events': 6635, 'global_pool_limit': 4096, 'per_relation_pool_limit': 228, 'normalization_scale': 1.0}",0.2761765941977501,8.251928310841322,"{'status': 'ok', 'raw_events': 1024, 'steps': 989, 'objective': 300.9526283037136, 'diversity': 1.0}"
Theia Case 1,drop-1,poi_only,marginal_nofrequency,1024,ok,1024,,2,1,1.0,1.0,,14,1010,225,897004,0.013671875,0.058577405857740586,0.022169437846397466,0.0011247040692015937,0.9414225941422594,9,12,5,6,0,522,7,2,2,1,1.070722222328186,1.070722222328186,1.070722222328186,0.5714080147445202,1.6421302370727062,,,,,True,"{'eligible_anchors': 887576, 'pool_anchors': 6857, 'pool_raw_events': 6905, 'global_pool_limit': 4096, 'per_relation_pool_limit': 228, 'normalization_scale': 1.0}",0.31092173606157303,8.251928310841322,"{'status': 'ok', 'raw_events': 1024, 'steps': 981, 'objective': 288.56867750070705, 'diversity': 1.0}"
Theia Case 1,drop-1,shared_context,marginal_rerank,1024,ok,1024,,83,1,1.0,1.0,,14,1010,225,897004,0.013671875,0.058577405857740586,0.022169437846397466,0.0011247040692015937,0.9414225941422594,9,12,5,6,0,626,18,2,2,1,0.9241830483078957,0.9241830483078957,0.9241830483078957,2.7680633701384068,3.6922464184463024,,,,,True,"{'eligible_anchors': 887576, 'pool_anchors': 6522, 'pool_raw_events': 6651, 'global_pool_limit': 4096, 'per_relation_pool_limit': 228, 'normalization_scale': 1.0}",0.3073820061981678,8.251928310841322,"{'status': 'ok', 'raw_events': 1024, 'steps': 898, 'objective': 200.0545975116635, 'diversity': 1.0}"
Theia Case 1,drop-1,shared_context,marginal_linear,1024,ok,1024,,83,1,1.0,1.0,,14,1010,225,897004,0.013671875,0.058577405857740586,0.022169437846397466,0.0011247040692015937,0.9414225941422594,9,12,5,6,0,614,12,2,2,1,0.4011136591434479,0.4011136591434479,0.4011136591434479,2.7680633701384068,3.1691770292818546,,,,,True,"{'eligible_anchors': 887576, 'pool_anchors': 6522, 'pool_raw_events': 6651, 'global_pool_limit': 4096, 'per_relation_pool_limit': 228, 'normalization_scale': 1.0}",0.3073820061981678,8.251928310841322,"{'status': 'ok', 'raw_events': 1024, 'steps': 902, 'objective': 161.11223443826725, 'diversity': 0.0}"
Theia Case 1,drop-1,shared_context,marginal_diverse4,1024,ok,1024,,83,1,1.0,1.0,,14,1010,225,897004,0.013671875,0.058577405857740586,0.022169437846397466,0.0011247040692015937,0.9414225941422594,9,12,5,6,0,644,20,2,2,1,0.9281106516718864,0.9281106516718864,0.9281106516718864,2.7680633701384068,3.696174021810293,,,,,True,"{'eligible_anchors': 887576, 'pool_anchors': 6522, 'pool_raw_events': 6651, 'global_pool_limit': 4096, 'per_relation_pool_limit': 228, 'normalization_scale': 1.0}",0.3073820061981678,8.251928310841322,"{'status': 'ok', 'raw_events': 1024, 'steps': 896, 'objective': 320.70910744764143, 'diversity': 4.0}"
Theia Case 1,drop-1,shared_context,marginal_static,1024,ok,1024,,83,1,1.0,1.0,,14,1010,225,897004,0.013671875,0.058577405857740586,0.022169437846397466,0.0011247040692015937,0.9414225941422594,9,12,5,6,0,467,55,2,2,1,0.94637181609869,0.94637181609869,0.94637181609869,2.7567860409617424,3.7031578570604324,,,,,True,"{'eligible_anchors': 887576, 'pool_anchors': 6546, 'pool_raw_events': 6715, 'global_pool_limit': 4096, 'per_relation_pool_limit': 228, 'normalization_scale': 1.0}",0.2812821790575981,8.251928310841322,"{'status': 'ok', 'raw_events': 1024, 'steps': 914, 'objective': 286.82269030287154, 'diversity': 1.0}"
Theia Case 1,drop-1,shared_context,marginal_nofrequency,1024,ok,1024,,83,1,1.0,1.0,,14,1010,225,897004,0.013671875,0.058577405857740586,0.022169437846397466,0.0011247040692015937,0.9414225941422594,9,12,5,6,0,444,15,2,2,1,0.9856420047581196,0.9856420047581196,0.9856420047581196,0.5714080147445202,1.5570500195026398,,,,,True,"{'eligible_anchors': 887576, 'pool_anchors': 6857, 'pool_raw_events': 6985, 'global_pool_limit': 4096, 'per_relation_pool_limit': 228, 'normalization_scale': 1.0}",0.311578456312418,8.251928310841322,"{'status': 'ok', 'raw_events': 1024, 'steps': 900, 'objective': 285.7425840696595, 'diversity': 1.0}"
Theia Case 1,drop-2,poi_only,marginal_rerank,1024,ok,1024,,2,1,1.0,1.0,,14,1010,225,897004,0.013671875,0.058577405857740586,0.022169437846397466,0.0011247040692015937,0.9414225941422594,9,12,5,6,0,635,11,2,2,1,1.03711274638772,1.03711274638772,1.03711274638772,2.7845969013869762,3.8217096477746964,,,,,True,"{'eligible_anchors': 887550, 'pool_anchors': 6655, 'pool_raw_events': 6733, 'global_pool_limit': 4096, 'per_relation_pool_limit': 228, 'normalization_scale': 1.0}",0.30888237059116364,8.231030210852623,"{'status': 'ok', 'raw_events': 1024, 'steps': 989, 'objective': 202.62312455924513, 'diversity': 1.0}"
Theia Case 1,drop-2,poi_only,marginal_linear,1024,ok,1024,,2,1,1.0,1.0,,14,1010,225,897004,0.013671875,0.058577405857740586,0.022169437846397466,0.0011247040692015937,0.9414225941422594,9,12,5,6,0,629,6,2,2,1,0.4475337751209736,0.4475337751209736,0.4475337751209736,2.7845969013869762,3.23213067650795,,,,,True,"{'eligible_anchors': 887550, 'pool_anchors': 6655, 'pool_raw_events': 6733, 'global_pool_limit': 4096, 'per_relation_pool_limit': 228, 'normalization_scale': 1.0}",0.30888237059116364,8.231030210852623,"{'status': 'ok', 'raw_events': 1024, 'steps': 991, 'objective': 164.28192359079452, 'diversity': 0.0}"
Theia Case 1,drop-2,poi_only,marginal_diverse4,1024,ok,1024,,2,1,1.0,1.0,,14,1010,225,897004,0.013671875,0.058577405857740586,0.022169437846397466,0.0011247040692015937,0.9414225941422594,9,12,5,6,0,667,10,2,2,1,1.0326714850962162,1.0326714850962162,1.0326714850962162,2.7845969013869762,3.8172683864831924,,,,,True,"{'eligible_anchors': 887550, 'pool_anchors': 6655, 'pool_raw_events': 6733, 'global_pool_limit': 4096, 'per_relation_pool_limit': 228, 'normalization_scale': 1.0}",0.30888237059116364,8.231030210852623,"{'status': 'ok', 'raw_events': 1024, 'steps': 983, 'objective': 322.3645539958765, 'diversity': 4.0}"
Theia Case 1,drop-2,poi_only,marginal_static,1024,ok,1024,,2,1,1.0,1.0,,14,1010,225,897004,0.013671875,0.058577405857740586,0.022169437846397466,0.0011247040692015937,0.9414225941422594,9,12,5,6,0,657,26,2,2,1,1.0238525234162807,1.0238525234162807,1.0238525234162807,2.7738938443362713,3.797746367752552,,,,,True,"{'eligible_anchors': 887550, 'pool_anchors': 6621, 'pool_raw_events': 6719, 'global_pool_limit': 4096, 'per_relation_pool_limit': 228, 'normalization_scale': 1.0}",0.2866508513689041,8.231030210852623,"{'status': 'ok', 'raw_events': 1024, 'steps': 975, 'objective': 256.44061505143844, 'diversity': 1.0}"
Theia Case 1,drop-2,poi_only,marginal_nofrequency,1024,ok,1024,,2,1,1.0,1.0,,14,1010,225,897004,0.013671875,0.058577405857740586,0.022169437846397466,0.0011247040692015937,0.9414225941422594,9,12,5,6,0,518,10,2,2,1,1.0552665032446384,1.0552665032446384,1.0552665032446384,0.5841425284743309,1.6394090317189693,,,,,True,"{'eligible_anchors': 887550, 'pool_anchors': 6806, 'pool_raw_events': 6854, 'global_pool_limit': 4096, 'per_relation_pool_limit': 228, 'normalization_scale': 1.0}",0.3109322711825371,8.231030210852623,"{'status': 'ok', 'raw_events': 1024, 'steps': 987, 'objective': 296.4722814373965, 'diversity': 1.0}"
Theia Case 1,drop-2,shared_context,marginal_rerank,1024,ok,1024,,164,1,1.0,1.0,,14,1010,225,897004,0.013671875,0.058577405857740586,0.022169437846397466,0.0011247040692015937,0.9414225941422594,9,12,5,6,0,546,21,2,2,1,0.8850468210875988,0.8850468210875988,0.8850468210875988,2.7845969013869762,3.669643722474575,,,,,True,"{'eligible_anchors': 887550, 'pool_anchors': 6655, 'pool_raw_events': 6893, 'global_pool_limit': 4096, 'per_relation_pool_limit': 228, 'normalization_scale': 1.0}",0.31210026517510414,8.231030210852623,"{'status': 'ok', 'raw_events': 1024, 'steps': 827, 'objective': 193.75433245390136, 'diversity': 1.0}"
Theia Case 1,drop-2,shared_context,marginal_linear,1024,ok,1024,,164,1,1.0,1.0,,14,1010,225,897004,0.013671875,0.058577405857740586,0.022169437846397466,0.0011247040692015937,0.9414225941422594,9,12,5,6,0,483,17,2,2,1,0.3766251802444458,0.3766251802444458,0.3766251802444458,2.7845969013869762,3.161222081631422,,,,,True,"{'eligible_anchors': 887550, 'pool_anchors': 6655, 'pool_raw_events': 6893, 'global_pool_limit': 4096, 'per_relation_pool_limit': 228, 'normalization_scale': 1.0}",0.31210026517510414,8.231030210852623,"{'status': 'ok', 'raw_events': 1024, 'steps': 829, 'objective': 156.3809838807334, 'diversity': 0.0}"
Theia Case 1,drop-2,shared_context,marginal_diverse4,1024,ok,1024,,164,1,1.0,1.0,,14,1010,225,897004,0.013671875,0.058577405857740586,0.022169437846397466,0.0011247040692015937,0.9414225941422594,9,12,5,6,0,538,21,2,2,1,0.8846272900700569,0.8846272900700569,0.8846272900700569,2.7845969013869762,3.669224191457033,,,,,True,"{'eligible_anchors': 887550, 'pool_anchors': 6655, 'pool_raw_events': 6893, 'global_pool_limit': 4096, 'per_relation_pool_limit': 228, 'normalization_scale': 1.0}",0.31210026517510414,8.231030210852623,"{'status': 'ok', 'raw_events': 1024, 'steps': 825, 'objective': 309.1339957924779, 'diversity': 4.0}"
Theia Case 1,drop-2,shared_context,marginal_static,1024,ok,1024,,164,1,1.0,1.0,,14,1010,225,897004,0.013671875,0.058577405857740586,0.022169437846397466,0.0011247040692015937,0.9414225941422594,9,12,5,6,0,551,22,2,2,1,0.8675330094993114,0.8675330094993114,0.8675330094993114,2.7738938443362713,3.6414268538355827,,,,,True,"{'eligible_anchors': 887550, 'pool_anchors': 6621, 'pool_raw_events': 6879, 'global_pool_limit': 4096, 'per_relation_pool_limit': 228, 'normalization_scale': 1.0}",0.2766304947435856,8.231030210852623,"{'status': 'ok', 'raw_events': 1024, 'steps': 830, 'objective': 241.2129559390726, 'diversity': 1.0}"
Theia Case 1,drop-2,shared_context,marginal_nofrequency,1024,ok,1024,,164,1,1.0,1.0,,14,1010,225,897004,0.013671875,0.058577405857740586,0.022169437846397466,0.0011247040692015937,0.9414225941422594,9,12,5,6,0,372,24,2,2,1,0.8978810198605061,0.8978810198605061,0.8978810198605061,0.5841425284743309,1.482023548334837,,,,,True,"{'eligible_anchors': 887550, 'pool_anchors': 6806, 'pool_raw_events': 6982, 'global_pool_limit': 4096, 'per_relation_pool_limit': 228, 'normalization_scale': 1.0}",0.31556927785277367,8.231030210852623,"{'status': 'ok', 'raw_events': 1024, 'steps': 825, 'objective': 290.139098460843, 'diversity': 1.0}"
Theia Case 1,all,poi_only,marginal_ppr,64,ok,64,,3,1,1.0,1.0,,7,57,232,897957,0.109375,0.029288702928870293,0.0462046204620462,6.347339796484242e-05,0.9707112970711297,6,12,4,6,0,37,1,3,3,1,0.06869929656386375,0.06869929656386375,0.06869929656386375,0.4987819828093052,0.567481279373169,,,,,True,"{'eligible_anchors': 887576, 'pool_anchors': 6673, 'pool_raw_events': 6771, 'global_pool_limit': 4096, 'per_relation_pool_limit': 228, 'normalization_scale': 1.0}",0.3276086412370205,8.274836771190166,"{'status': 'ok', 'raw_events': 64, 'steps': 59, 'objective': 19.04083657685001, 'diversity': 1.0}"
Theia Case 1,all,poi_only,marginal_ppr,256,ok,256,,3,1,1.0,1.0,,8,248,231,897766,0.03125,0.03347280334728033,0.03232323232323232,0.0002761649595663319,0.9665271966527197,7,12,5,6,0,93,2,3,3,1,0.26434578001499176,0.26434578001499176,0.26434578001499176,0.4987819828093052,0.763127762824297,,,,,True,"{'eligible_anchors': 887576, 'pool_anchors': 6673, 'pool_raw_events': 6771, 'global_pool_limit': 4096, 'per_relation_pool_limit': 228, 'normalization_scale': 1.0}",0.31384819373488426,8.274836771190166,"{'status': 'ok', 'raw_events': 256, 'steps': 241, 'objective': 27.631324359111787, 'diversity': 1.0}"
Theia Case 1,all,poi_only,marginal_ppr,1024,ok,1024,,3,1,1.0,1.0,,14,1010,225,897004,0.013671875,0.058577405857740586,0.022169437846397466,0.0011247040692015937,0.9414225941422594,9,12,5,6,0,436,11,3,3,1,1.0323430635035038,1.0323430635035038,1.0323430635035038,0.4987819828093052,1.531125046312809,,,,,True,"{'eligible_anchors': 887576, 'pool_anchors': 6673, 'pool_raw_events': 6771, 'global_pool_limit': 4096, 'per_relation_pool_limit': 228, 'normalization_scale': 1.0}",0.31471795216202736,8.274836771190166,"{'status': 'ok', 'raw_events': 1024, 'steps': 981, 'objective': 34.47008090213778, 'diversity': 1.0}"
Theia Case 1,all,poi_only,marginal_ppr,4096,ok,4096,,3,1,1.0,1.0,,14,4082,225,893932,0.00341796875,0.058577405857740586,0.006459054209919262,0.004545586148990996,0.9414225941422594,9,12,5,6,0,746,17,3,3,1,7.647033654153347,7.647033654153347,7.647033654153347,0.4987819828093052,8.145815636962652,,,,,True,"{'eligible_anchors': 887576, 'pool_anchors': 14069, 'pool_raw_events': 14169, 'global_pool_limit': 8192, 'per_relation_pool_limit': 456, 'normalization_scale': 1.0}",0.3491312302649021,8.274836771190166,"{'status': 'ok', 'raw_events': 4096, 'steps': 4036, 'objective': 39.16550629093763, 'diversity': 1.0}"
Theia Case 1,all,shared_context,marginal_ppr,64,infeasible_mandatory,,,165,,,,,,,,,,,,,,,,,,,,,,,,,,,,,,,,,True,,,8.274836771190166,
Theia Case 1,all,shared_context,marginal_ppr,256,ok,256,,165,1,1.0,1.0,,7,249,232,897765,0.02734375,0.029288702928870293,0.028282828282828285,0.00027727852795168004,0.9707112970711297,6,12,4,6,0,40,13,3,3,1,0.10017697885632515,0.10017697885632515,0.10017697885632515,0.4987819828093052,0.5989589616656303,,,,,True,"{'eligible_anchors': 887576, 'pool_anchors': 6673, 'pool_raw_events': 6931, 'global_pool_limit': 4096, 'per_relation_pool_limit': 228, 'normalization_scale': 1.0}",0.31997227296233177,8.274836771190166,"{'status': 'ok', 'raw_events': 256, 'steps': 89, 'objective': 21.201487248088917, 'diversity': 1.0}"
Theia Case 1,all,shared_context,marginal_ppr,1024,ok,1024,,165,1,1.0,1.0,,14,1010,225,897004,0.013671875,0.058577405857740586,0.022169437846397466,0.0011247040692015937,0.9414225941422594,9,12,5,6,0,369,23,3,3,1,0.8832728825509548,0.8832728825509548,0.8832728825509548,0.4987819828093052,1.38205486536026,,,,,True,"{'eligible_anchors': 887576, 'pool_anchors': 6673, 'pool_raw_events': 6931, 'global_pool_limit': 4096, 'per_relation_pool_limit': 228, 'normalization_scale': 1.0}",0.31879502162337303,8.274836771190166,"{'status': 'ok', 'raw_events': 1024, 'steps': 824, 'objective': 34.10009136399445, 'diversity': 1.0}"
Theia Case 1,all,shared_context,marginal_ppr,4096,ok,4096,,165,1,1.0,1.0,,14,4082,225,893932,0.00341796875,0.058577405857740586,0.006459054209919262,0.004545586148990996,0.9414225941422594,9,12,5,6,0,744,30,3,3,1,7.375536035746336,7.375536035746336,7.375536035746336,0.4987819828093052,7.874318018555641,,,,,True,"{'eligible_anchors': 887576, 'pool_anchors': 14069, 'pool_raw_events': 14329, 'global_pool_limit': 8192, 'per_relation_pool_limit': 456, 'normalization_scale': 1.0}",0.34690652042627335,8.274836771190166,"{'status': 'ok', 'raw_events': 4096, 'steps': 3874, 'objective': 39.07973656814906, 'diversity': 1.0}"
Theia Case 1,all,poi_only,marginal_heat,64,ok,64,,3,1,1.0,1.0,,7,57,232,897957,0.109375,0.029288702928870293,0.0462046204620462,6.347339796484242e-05,0.9707112970711297,6,12,4,6,0,31,2,3,3,1,0.06665122509002686,0.06665122509002686,0.06665122509002686,0.16371626779437065,0.2303674928843975,,,,,True,"{'eligible_anchors': 887576, 'pool_anchors': 6685, 'pool_raw_events': 6776, 'global_pool_limit': 4096, 'per_relation_pool_limit': 228, 'normalization_scale': 1.0}",0.31196216866374016,8.274836771190166,"{'status': 'ok', 'raw_events': 64, 'steps': 58, 'objective': 24.405591734291455, 'diversity': 1.0}"
Theia Case 1,all,poi_only,marginal_heat,256,ok,256,,3,1,1.0,1.0,,8,248,231,897766,0.03125,0.03347280334728033,0.03232323232323232,0.0002761649595663319,0.9665271966527197,7,12,5,6,0,102,2,3,3,1,0.2638239227235317,0.2638239227235317,0.2638239227235317,0.16371626779437065,0.4275401905179024,,,,,True,"{'eligible_anchors': 887576, 'pool_anchors': 6685, 'pool_raw_events': 6776, 'global_pool_limit': 4096, 'per_relation_pool_limit': 228, 'normalization_scale': 1.0}",0.31289032846689224,8.274836771190166,"{'status': 'ok', 'raw_events': 256, 'steps': 237, 'objective': 42.34276114223641, 'diversity': 1.0}"
Theia Case 1,all,poi_only,marginal_heat,1024,ok,1024,,3,1,1.0,1.0,,14,1010,225,897004,0.013671875,0.058577405857740586,0.022169437846397466,0.0011247040692015937,0.9414225941422594,9,12,5,6,0,424,11,3,3,1,1.0409790053963661,1.0409790053963661,1.0409790053963661,0.16371626779437065,1.2046952731907368,,,,,True,"{'eligible_anchors': 887576, 'pool_anchors': 6685, 'pool_raw_events': 6776, 'global_pool_limit': 4096, 'per_relation_pool_limit': 228, 'normalization_scale': 1.0}",0.31452713534235954,8.274836771190166,"{'status': 'ok', 'raw_events': 1024, 'steps': 985, 'objective': 54.273947529953915, 'diversity': 1.0}"
Theia Case 1,all,poi_only,marginal_heat,4096,ok,4096,,3,1,1.0,1.0,,14,4082,225,893932,0.00341796875,0.058577405857740586,0.006459054209919262,0.004545586148990996,0.9414225941422594,9,12,5,6,0,694,13,3,3,1,7.7309403121471405,7.7309403121471405,7.7309403121471405,0.16371626779437065,7.894656579941511,,,,,True,"{'eligible_anchors': 887576, 'pool_anchors': 14083, 'pool_raw_events': 14178, 'global_pool_limit': 8192, 'per_relation_pool_limit': 456, 'normalization_scale': 1.0}",0.34688569605350494,8.274836771190166,"{'status': 'ok', 'raw_events': 4096, 'steps': 4042, 'objective': 62.788691740235535, 'diversity': 1.0}"
Theia Case 1,all,shared_context,marginal_heat,64,infeasible_mandatory,,,165,,,,,,,,,,,,,,,,,,,,,,,,,,,,,,,,,True,,,8.274836771190166,
Theia Case 1,all,shared_context,marginal_heat,256,ok,256,,165,1,1.0,1.0,,7,249,232,897765,0.02734375,0.029288702928870293,0.028282828282828285,0.00027727852795168004,0.9707112970711297,6,12,4,6,0,35,13,3,3,1,0.09946081414818764,0.09946081414818764,0.09946081414818764,0.16371626779437065,0.2631770819425583,,,,,True,"{'eligible_anchors': 887576, 'pool_anchors': 6685, 'pool_raw_events': 6936, 'global_pool_limit': 4096, 'per_relation_pool_limit': 228, 'normalization_scale': 1.0}",0.3134860098361969,8.274836771190166,"{'status': 'ok', 'raw_events': 256, 'steps': 88, 'objective': 28.831308137477656, 'diversity': 1.0}"
Theia Case 1,all,shared_context,marginal_heat,1024,ok,1024,,165,1,1.0,1.0,,14,1010,225,897004,0.013671875,0.058577405857740586,0.022169437846397466,0.0011247040692015937,0.9414225941422594,9,12,5,6,0,380,19,3,3,1,0.8789623714983463,0.8789623714983463,0.8789623714983463,0.16371626779437065,1.042678639292717,,,,,True,"{'eligible_anchors': 887576, 'pool_anchors': 6685, 'pool_raw_events': 6936, 'global_pool_limit': 4096, 'per_relation_pool_limit': 228, 'normalization_scale': 1.0}",0.3109298311173916,8.274836771190166,"{'status': 'ok', 'raw_events': 1024, 'steps': 826, 'objective': 53.621549160958864, 'diversity': 1.0}"
Theia Case 1,all,shared_context,marginal_heat,4096,ok,4096,,165,1,1.0,1.0,,14,4082,225,893932,0.00341796875,0.058577405857740586,0.006459054209919262,0.004545586148990996,0.9414225941422594,9,12,5,6,0,688,25,3,3,1,7.4074361473321915,7.4074361473321915,7.4074361473321915,0.16371626779437065,7.571152415126562,,,,,True,"{'eligible_anchors': 887576, 'pool_anchors': 14083, 'pool_raw_events': 14338, 'global_pool_limit': 8192, 'per_relation_pool_limit': 456, 'normalization_scale': 1.0}",0.34745394065976143,8.274836771190166,"{'status': 'ok', 'raw_events': 4096, 'steps': 3880, 'objective': 62.60078273043848, 'diversity': 1.0}"
Theia Case 1,drop-0,poi_only,marginal_ppr,1024,ok,1024,,2,1,1.0,1.0,,6,1018,233,896996,0.005859375,0.02510460251046025,0.009501187648456057,0.0011336126162843786,0.9748953974895398,5,12,3,6,0,416,17,2,2,1,1.1384877637028694,1.1384877637028694,1.1384877637028694,0.32940296456217766,1.467890728265047,,,,,True,"{'eligible_anchors': 887576, 'pool_anchors': 7301, 'pool_raw_events': 7375, 'global_pool_limit': 4096, 'per_relation_pool_limit': 228, 'normalization_scale': 1.0}",0.31969911977648735,7.527287773787975,"{'status': 'ok', 'raw_events': 1024, 'steps': 987, 'objective': 24.89522568448249, 'diversity': 1.0}"
Theia Case 1,drop-0,shared_context,marginal_ppr,1024,ok,1024,,83,1,1.0,1.0,,6,1018,233,896996,0.005859375,0.02510460251046025,0.009501187648456057,0.0011336126162843786,0.9748953974895398,5,12,3,6,0,416,19,2,2,1,1.0498617328703403,1.0498617328703403,1.0498617328703403,0.32940296456217766,1.379264697432518,,,,,True,"{'eligible_anchors': 887576, 'pool_anchors': 7301, 'pool_raw_events': 7455, 'global_pool_limit': 4096, 'per_relation_pool_limit': 228, 'normalization_scale': 1.0}",0.3123808652162552,7.527287773787975,"{'status': 'ok', 'raw_events': 1024, 'steps': 906, 'objective': 24.83796783397385, 'diversity': 1.0}"
Theia Case 1,drop-0,poi_only,marginal_heat,1024,ok,1024,,2,1,1.0,1.0,,5,1019,234,896995,0.0048828125,0.02092050209205021,0.00791765637371338,0.0011347261846697267,0.9790794979079498,4,12,2,6,0,365,11,2,2,1,1.144566047936678,1.144566047936678,1.144566047936678,0.13086791336536407,1.275433961302042,,,,,True,"{'eligible_anchors': 887576, 'pool_anchors': 7322, 'pool_raw_events': 7413, 'global_pool_limit': 4096, 'per_relation_pool_limit': 228, 'normalization_scale': 1.0}",0.32306693866848946,7.527287773787975,"{'status': 'ok', 'raw_events': 1024, 'steps': 991, 'objective': 37.688939826529335, 'diversity': 1.0}"
Theia Case 1,drop-0,shared_context,marginal_heat,1024,ok,1024,,83,1,1.0,1.0,,5,1019,234,896995,0.0048828125,0.02092050209205021,0.00791765637371338,0.0011347261846697267,0.9790794979079498,4,12,2,6,0,364,16,2,2,1,1.0529813319444656,1.0529813319444656,1.0529813319444656,0.13086791336536407,1.1838492453098297,,,,,True,"{'eligible_anchors': 887576, 'pool_anchors': 7322, 'pool_raw_events': 7493, 'global_pool_limit': 4096, 'per_relation_pool_limit': 228, 'normalization_scale': 1.0}",0.337495107203722,7.527287773787975,"{'status': 'ok', 'raw_events': 1024, 'steps': 910, 'objective': 37.56862592998171, 'diversity': 1.0}"
Theia Case 1,drop-1,poi_only,marginal_ppr,1024,ok,1024,,2,1,1.0,1.0,,14,1010,225,897004,0.013671875,0.058577405857740586,0.022169437846397466,0.0011247040692015937,0.9414225941422594,9,12,5,6,0,429,12,2,2,1,1.114291936159134,1.114291936159134,1.114291936159134,0.330517053604126,1.4448089897632599,,,,,True,"{'eligible_anchors': 887576, 'pool_anchors': 6738, 'pool_raw_events': 6838, 'global_pool_limit': 4096, 'per_relation_pool_limit': 228, 'normalization_scale': 1.0}",0.31530730426311493,8.353705439716578,"{'status': 'ok', 'raw_events': 1024, 'steps': 985, 'objective': 24.6966701447198, 'diversity': 1.0}"
Theia Case 1,drop-1,shared_context,marginal_ppr,1024,ok,1024,,83,1,1.0,1.0,,14,1010,225,897004,0.013671875,0.058577405857740586,0.022169437846397466,0.0011247040692015937,0.9414225941422594,9,12,5,6,0,419,15,2,2,1,1.0149323530495167,1.0149323530495167,1.0149323530495167,0.330517053604126,1.3454494066536427,,,,,True,"{'eligible_anchors': 887576, 'pool_anchors': 6738, 'pool_raw_events': 6918, 'global_pool_limit': 4096, 'per_relation_pool_limit': 228, 'normalization_scale': 1.0}",0.33278394117951393,8.353705439716578,"{'status': 'ok', 'raw_events': 1024, 'steps': 905, 'objective': 24.55725427247178, 'diversity': 1.0}"
Theia Case 1,drop-1,poi_only,marginal_heat,1024,ok,1024,,2,1,1.0,1.0,,14,1010,225,897004,0.013671875,0.058577405857740586,0.022169437846397466,0.0011247040692015937,0.9414225941422594,9,12,5,6,0,415,12,2,2,1,1.0402719639241695,1.0402719639241695,1.0402719639241695,0.12508917599916458,1.1653611399233341,,,,,True,"{'eligible_anchors': 887576, 'pool_anchors': 6733, 'pool_raw_events': 6824, 'global_pool_limit': 4096, 'per_relation_pool_limit': 228, 'normalization_scale': 1.0}",0.31534478813409805,8.353705439716578,"{'status': 'ok', 'raw_events': 1024, 'steps': 985, 'objective': 37.28272696879244, 'diversity': 1.0}"
Theia Case 1,drop-1,shared_context,marginal_heat,1024,ok,1024,,83,1,1.0,1.0,,14,1010,225,897004,0.013671875,0.058577405857740586,0.022169437846397466,0.0011247040692015937,0.9414225941422594,9,12,5,6,0,377,20,2,2,1,0.9561763070523739,0.9561763070523739,0.9561763070523739,0.12508917599916458,1.0812654830515385,,,,,True,"{'eligible_anchors': 887576, 'pool_anchors': 6733, 'pool_raw_events': 6904, 'global_pool_limit': 4096, 'per_relation_pool_limit': 228, 'normalization_scale': 1.0}",0.31773224100470543,8.353705439716578,"{'status': 'ok', 'raw_events': 1024, 'steps': 907, 'objective': 37.06896291470514, 'diversity': 1.0}"
Theia Case 1,drop-2,poi_only,marginal_ppr,1024,ok,1024,,2,1,1.0,1.0,,14,1010,225,897004,0.013671875,0.058577405857740586,0.022169437846397466,0.0011247040692015937,0.9414225941422594,9,12,5,6,0,395,22,2,2,1,1.0441912040114403,1.0441912040114403,1.0441912040114403,0.3418416790664196,1.3860328830778599,,,,,True,"{'eligible_anchors': 887550, 'pool_anchors': 6713, 'pool_raw_events': 6816, 'global_pool_limit': 4096, 'per_relation_pool_limit': 228, 'normalization_scale': 1.0}",0.31056638807058334,8.293856661766768,"{'status': 'ok', 'raw_events': 1024, 'steps': 978, 'objective': 28.09840186191124, 'diversity': 1.0}"
Theia Case 1,drop-2,shared_context,marginal_ppr,1024,ok,1024,,164,1,1.0,1.0,,14,1010,225,897004,0.013671875,0.058577405857740586,0.022169437846397466,0.0011247040692015937,0.9414225941422594,9,12,5,6,0,342,34,2,2,1,0.8765895403921604,0.8765895403921604,0.8765895403921604,0.3418416790664196,1.21843121945858,,,,,True,"{'eligible_anchors': 887550, 'pool_anchors': 6713, 'pool_raw_events': 6976, 'global_pool_limit': 4096, 'per_relation_pool_limit': 228, 'normalization_scale': 1.0}",0.311626635491848,8.293856661766768,"{'status': 'ok', 'raw_events': 1024, 'steps': 819, 'objective': 27.747332449319092, 'diversity': 1.0}"
Theia Case 1,drop-2,poi_only,marginal_heat,1024,ok,1024,,2,1,1.0,1.0,,14,1010,225,897004,0.013671875,0.058577405857740586,0.022169437846397466,0.0011247040692015937,0.9414225941422594,9,12,5,6,0,398,23,2,2,1,1.0362725779414177,1.0362725779414177,1.0362725779414177,0.1253548078238964,1.161627385765314,,,,,True,"{'eligible_anchors': 887550, 'pool_anchors': 6690, 'pool_raw_events': 6785, 'global_pool_limit': 4096, 'per_relation_pool_limit': 228, 'normalization_scale': 1.0}",0.31014977395534515,8.293856661766768,"{'status': 'ok', 'raw_events': 1024, 'steps': 977, 'objective': 46.0164581090435, 'diversity': 1.0}"
Theia Case 1,drop-2,shared_context,marginal_heat,1024,ok,1024,,164,1,1.0,1.0,,14,1010,225,897004,0.013671875,0.058577405857740586,0.022169437846397466,0.0011247040692015937,0.9414225941422594,9,12,5,6,0,344,32,2,2,1,0.8874075971543789,0.8874075971543789,0.8874075971543789,0.1253548078238964,1.0127624049782753,,,,,True,"{'eligible_anchors': 887550, 'pool_anchors': 6690, 'pool_raw_events': 6945, 'global_pool_limit': 4096, 'per_relation_pool_limit': 228, 'normalization_scale': 1.0}",0.31050553917884827,8.293856661766768,"{'status': 'ok', 'raw_events': 1024, 'steps': 821, 'objective': 45.39428290971904, 'diversity': 1.0}"
Theia Case 3,all,poi_only,old_score_top,64,ok,64,10,3,3,1.0,1.0,True,58,6,171,1131983,0.90625,0.25327510917030566,0.39590443686006827,5.300404862591421e-06,0.7467248908296943,5,9,3,5,0,9,1,3,3,1,0.24369170889258385,0.24369170889258385,0.24369170889258385,,,,,,,,,,,
Theia Case 3,all,poi_only,old_score_top,256,ok,256,33,3,1,1.0,1.0,True,223,33,6,1131956,0.87109375,0.9737991266375546,0.9195876288659793,2.9152226744252814e-05,0.026200873362445413,5,9,3,5,0,32,1,3,3,1,0.243526142090559,0.243526142090559,0.243526142090559,,,,,,,,,,,
Theia Case 3,all,poi_only,old_score_top,1024,ok,1024,485,3,1,1.0,1.0,True,225,799,4,1131190,0.2197265625,0.982532751091703,0.35913806863527536,0.0007058372475350909,0.017467248908296942,7,9,5,5,0,384,101,3,3,3,0.2411465048789978,0.23910990357398987,0.2412557192146778,,,,,,,,,,,
Theia Case 3,all,poi_only,old_score_top,4096,ok,4096,3352,3,1,1.0,1.0,True,225,3871,4,1128118,0.054931640625,0.982532751091703,0.10404624277456648,0.0034196445371818983,0.017467248908296942,7,9,5,5,0,2826,526,3,3,1,0.24404318630695343,0.24404318630695343,0.24404318630695343,,,,,,,,,,,
Theia Case 3,all,poi_only,rarity_top,64,ok,64,45,3,7,0.21875,0.078125,True,3,61,226,1131928,0.046875,0.013100436681222707,0.020477815699658702,5.388744943634611e-05,0.9868995633187773,3,9,3,5,0,43,2,3,3,1,0.2145565003156662,0.2145565003156662,0.2145565003156662,,,,,,,,,,,
Theia Case 3,all,poi_only,rarity_top,256,ok,256,172,3,21,0.0546875,0.01953125,True,3,253,226,1131736,0.01171875,0.013100436681222707,0.012371134020618556,0.00022350040503927158,0.9868995633187773,3,9,3,5,0,172,0,3,3,1,0.21100866794586182,0.21100866794586182,0.21100866794586182,,,,,,,,,,,
Theia Case 3,all,poi_only,rarity_top,1024,ok,1024,818,3,21,0.443359375,0.427734375,True,3,1021,226,1130968,0.0029296875,0.013100436681222707,0.004788507581803671,0.0009019522274509734,0.9868995633187773,3,9,3,5,0,702,116,3,3,3,0.21606717258691788,0.21295271068811417,0.22669006139039993,,,,,,,,,,,
Theia Case 3,all,poi_only,rarity_top,4096,ok,4096,3697,3,54,0.839599609375,0.8212890625,True,3,4093,226,1127896,0.000732421875,0.013100436681222707,0.0013872832369942196,0.003615759517097781,0.9868995633187773,3,9,3,5,0,3168,529,3,3,1,0.21139637380838394,0.21139637380838394,0.21139637380838394,,,,,,,,,,,
Theia Case 3,all,poi_only,diffusion_top,64,ok,64,18,3,3,1.0,0.984375,True,49,15,180,1131974,0.765625,0.21397379912663755,0.33447098976109213,1.3251012156478553e-05,0.7860262008733624,4,9,3,5,0,17,1,3,3,1,0.23430247604846954,0.23430247604846954,0.23430247604846954,2.7881379649043083,3.022440440952778,,,,,,,,,
Theia Case 3,all,poi_only,diffusion_top,256,ok,256,38,3,3,1.0,0.9921875,True,223,33,6,1131956,0.87109375,0.9737991266375546,0.9195876288659793,2.9152226744252814e-05,0.026200873362445413,6,9,4,5,0,30,8,3,3,1,0.25029196217656136,0.25029196217656136,0.25029196217656136,2.7881379649043083,3.0384299270808697,,,,,,,,,
Theia Case 3,all,poi_only,diffusion_top,1024,ok,1024,778,3,3,1.0,0.998046875,True,225,799,4,1131190,0.2197265625,0.982532751091703,0.35913806863527536,0.0007058372475350909,0.017467248908296942,7,9,5,5,0,598,180,3,3,3,0.23605551943182945,0.23343155160546303,0.24069228768348694,2.7881379649043083,3.0241934843361378,,,,,,,,,
Theia Case 3,all,poi_only,diffusion_top,4096,ok,4096,3806,3,3,1.0,0.99951171875,True,225,3871,4,1128118,0.054931640625,0.982532751091703,0.10404624277456648,0.0034196445371818983,0.017467248908296942,7,9,5,5,0,2924,882,3,3,1,0.2408744990825653,0.2408744990825653,0.2408744990825653,2.7881379649043083,3.0290124639868736,,,,,,,,,
Theia Case 3,all,poi_only,localdegree_top,64,ok,64,57,3,8,0.578125,0.3125,True,3,61,226,1131928,0.046875,0.013100436681222707,0.020477815699658702,5.388744943634611e-05,0.9868995633187773,3,9,3,5,0,9,48,3,3,1,0.2063748762011528,0.2063748762011528,0.2063748762011528,2.681557361036539,2.887932237237692,,,,,,,,,
Theia Case 3,all,poi_only,localdegree_top,256,ok,256,222,3,18,0.515625,0.2265625,True,3,253,226,1131736,0.01171875,0.013100436681222707,0.012371134020618556,0.00022350040503927158,0.9868995633187773,3,9,3,5,0,32,190,3,3,1,0.2038201466202736,0.2038201466202736,0.2038201466202736,2.681557361036539,2.8853775076568127,,,,,,,,,
Theia Case 3,all,poi_only,localdegree_top,1024,ok,1024,795,3,40,0.544921875,0.2294921875,True,4,1020,225,1130969,0.00390625,0.017467248908296942,0.006384676775738229,0.0009010688266405416,0.982532751091703,4,9,3,5,0,129,666,3,3,3,0.20119507610797882,0.20091184601187706,0.21421274170279503,2.681557361036539,2.882752437144518,,,,,,,,,
Theia Case 3,all,poi_only,localdegree_top,4096,ok,4096,2951,3,90,0.52783203125,0.46337890625,True,4,4092,225,1127897,0.0009765625,0.017467248908296942,0.0018497109826589595,0.003614876116287349,0.982532751091703,4,9,3,5,0,542,2409,3,3,1,0.20711961761116982,0.20711961761116982,0.20711961761116982,2.681557361036539,2.888676978647709,,,,,,,,,
Theia Case 3,all,poi_only,episode,64,ok,64,44,3,3,1.0,1.0,True,7,57,222,1131932,0.109375,0.03056768558951965,0.04778156996587031,5.0353846194618496e-05,0.9694323144104804,6,9,4,5,0,43,1,3,3,1,0.39104804024100304,0.39104804024100304,0.39104804024100304,2.7881379649043083,3.1791860051453114,,,,,,,,,
Theia Case 3,all,poi_only,episode,256,ok,256,35,3,3,1.0,1.0,True,222,34,7,1131955,0.8671875,0.9694323144104804,0.9154639175257732,3.0035627554684718e-05,0.03056768558951965,5,9,4,5,0,35,0,3,3,1,0.40310144424438477,0.40310144424438477,0.40310144424438477,2.7881379649043083,3.191239409148693,,,,,,,,,
Theia Case 3,all,poi_only,episode,1024,ok,1024,625,3,3,1.0,1.0,True,225,799,4,1131190,0.2197265625,0.982532751091703,0.35913806863527536,0.0007058372475350909,0.017467248908296942,7,9,5,5,0,625,0,3,3,3,0.3960036113858223,0.3900258205831051,0.39891456067562103,2.7881379649043083,3.1841415762901306,,,,,,,,,
Theia Case 3,all,poi_only,episode,4096,ok,4096,3022,3,3,1.0,1.0,True,225,3871,4,1128118,0.054931640625,0.982532751091703,0.10404624277456648,0.0034196445371818983,0.017467248908296942,7,9,5,5,0,3022,0,3,3,1,0.40414752438664436,0.40414752438664436,0.40414752438664436,2.7881379649043083,3.1922854892909527,,,,,,,,,
Theia Case 3,all,poi_only,coverage_exact,64,ok,64,56,3,3,1.0,1.0,True,6,58,223,1131931,0.09375,0.026200873362445413,0.040955631399317405,5.12372470050504e-05,0.9737991266375546,6,9,5,5,0,55,1,3,3,1,1.1288723833858967,1.1288723833858967,1.1288723833858967,2.7881379649043083,3.917010348290205,,,,,,,,,
Theia Case 3,all,poi_only,coverage_exact,256,ok,256,38,3,3,1.0,1.0,True,223,33,6,1131956,0.87109375,0.9737991266375546,0.9195876288659793,2.9152226744252814e-05,0.026200873362445413,6,9,5,5,0,38,0,3,3,1,1.1387246437370777,1.1387246437370777,1.1387246437370777,2.7881379649043083,3.926862608641386,,,,,,,,,
Theia Case 3,all,poi_only,coverage_exact,1024,ok,1024,636,3,3,1.0,1.0,True,223,801,6,1131188,0.2177734375,0.9737991266375546,0.3559457302474062,0.0007076040491559547,0.026200873362445413,6,9,5,5,0,636,0,3,3,3,1.1392171420156956,1.1357111521065235,1.1440204940736294,2.7881379649043083,3.927355106920004,,,,,,,,,
Theia Case 3,all,poi_only,coverage_exact,4096,ok,4096,3024,3,3,1.0,1.0,True,223,3873,6,1128116,0.054443359375,0.9737991266375546,0.103121387283237,0.0034214113388027624,0.026200873362445413,6,9,5,5,0,3024,0,3,3,1,1.2040111757814884,1.2040111757814884,1.2040111757814884,2.7881379649043083,3.9921491406857967,,,,,,,,,
Theia Case 3,all,poi_only,coverage_semantic,64,ok,64,56,3,3,1.0,1.0,True,6,58,223,1131931,0.09375,0.026200873362445413,0.040955631399317405,5.12372470050504e-05,0.9737991266375546,6,9,5,5,0,55,1,3,3,1,1.3173956796526909,1.3173956796526909,1.3173956796526909,2.7881379649043083,4.105533644556999,,,,,,,,,
Theia Case 3,all,poi_only,coverage_semantic,256,ok,256,37,3,3,1.0,1.0,True,223,33,6,1131956,0.87109375,0.9737991266375546,0.9195876288659793,2.9152226744252814e-05,0.026200873362445413,6,9,5,5,0,37,0,3,3,1,1.2880060113966465,1.2880060113966465,1.2880060113966465,2.7881379649043083,4.076143976300955,,,,,,,,,
Theia Case 3,all,poi_only,coverage_semantic,1024,ok,1024,635,3,3,1.0,1.0,True,223,801,6,1131188,0.2177734375,0.9737991266375546,0.3559457302474062,0.0007076040491559547,0.026200873362445413,6,9,5,5,0,635,0,3,3,3,1.3181951344013214,1.3082862719893456,1.320585049688816,2.7881379649043083,4.10633309930563,,,,,,,,,
Theia Case 3,all,poi_only,coverage_semantic,4096,ok,4096,3023,3,3,1.0,1.0,True,223,3873,6,1128116,0.054443359375,0.9737991266375546,0.103121387283237,0.0034214113388027624,0.026200873362445413,6,9,5,5,0,3023,0,3,3,1,1.4007209688425064,1.4007209688425064,1.4007209688425064,2.7881379649043083,4.188858933746815,,,,,,,,,
Theia Case 3,all,poi_only,coverage_partial,64,ok,64,56,3,3,1.0,1.0,True,6,58,223,1131931,0.09375,0.026200873362445413,0.040955631399317405,5.12372470050504e-05,0.9737991266375546,6,9,5,5,0,55,1,3,3,1,1.2939263992011547,1.2939263992011547,1.2939263992011547,2.7881379649043083,4.082064364105463,,,,,,,,,
Theia Case 3,all,poi_only,coverage_partial,256,ok,256,207,3,3,1.0,1.0,True,6,250,223,1131739,0.0234375,0.026200873362445413,0.024742268041237112,0.00022085020260797586,0.9737991266375546,6,9,5,5,0,206,1,3,3,1,1.2917281836271286,1.2917281836271286,1.2917281836271286,2.7881379649043083,4.079866148531437,,,,,,,,,
Theia Case 3,all,poi_only,coverage_partial,1024,ok,1024,792,3,3,1.0,1.0,True,6,1018,223,1130971,0.005859375,0.026200873362445413,0.009577015163607342,0.0008993020250196778,0.9737991266375546,6,9,5,5,0,791,1,3,3,3,1.3049703240394592,1.3048706203699112,1.3163876608014107,2.7881379649043083,4.0931082889437675,,,,,,,,,
Theia Case 3,all,poi_only,coverage_partial,4096,ok,4096,3181,3,3,1.0,1.0,True,6,4090,223,1127899,0.00146484375,0.026200873362445413,0.0027745664739884392,0.0036131093146664853,0.9737991266375546,6,9,5,5,0,3180,1,3,3,1,1.368814591318369,1.368814591318369,1.368814591318369,2.7881379649043083,4.156952556222677,,,,,,,,,
Theia Case 3,all,poi_only,coverage_no_frequency,64,ok,64,56,3,3,1.0,1.0,True,6,58,223,1131931,0.09375,0.026200873362445413,0.040955631399317405,5.12372470050504e-05,0.9737991266375546,6,9,5,5,0,55,1,3,3,1,1.3368942402303219,1.3368942402303219,1.3368942402303219,0.8353630416095257,2.1722572818398476,,,,,,,,,
Theia Case 3,all,poi_only,coverage_no_frequency,256,ok,256,38,3,3,1.0,1.0,True,223,33,6,1131956,0.87109375,0.9737991266375546,0.9195876288659793,2.9152226744252814e-05,0.026200873362445413,6,9,5,5,0,38,0,3,3,1,1.3101642839610577,1.3101642839610577,1.3101642839610577,0.8353630416095257,2.1455273255705833,,,,,,,,,
Theia Case 3,all,poi_only,coverage_no_frequency,1024,ok,1024,638,3,3,1.0,1.0,True,223,801,6,1131188,0.2177734375,0.9737991266375546,0.3559457302474062,0.0007076040491559547,0.026200873362445413,6,9,5,5,0,638,0,3,3,3,1.317340198904276,1.3168080560863018,1.322724275290966,0.8353630416095257,2.1527032405138016,,,,,,,,,
Theia Case 3,all,poi_only,coverage_no_frequency,4096,ok,4096,3025,3,3,1.0,1.0,True,223,3873,6,1128116,0.054443359375,0.9737991266375546,0.103121387283237,0.0034214113388027624,0.026200873362445413,6,9,5,5,0,3025,0,3,3,1,1.4062025919556618,1.4062025919556618,1.4062025919556618,0.8353630416095257,2.2415656335651875,,,,,,,,,
Theia Case 3,all,poi_only,pcst_native,64,ok,3,3,3,3,1.0,1.0,True,3,0,226,1131989,1.0,0.013100436681222707,0.02586206896551724,0.0,0.9868995633187773,3,9,3,5,0,3,0,3,3,1,0.012555021792650223,0.012555021792650223,0.012555021792650223,8.044355992227793,8.056911014020443,1.0,0.0,,,,,,,
Theia Case 3,all,poi_only,pcst_native,256,ok,3,3,3,3,1.0,1.0,True,3,0,226,1131989,1.0,0.013100436681222707,0.02586206896551724,0.0,0.9868995633187773,3,9,3,5,0,3,0,3,3,1,0.012307185679674149,0.012307185679674149,0.012307185679674149,8.044355992227793,8.056663177907467,1.0,0.0,,,,,,,
Theia Case 3,all,poi_only,pcst_native,1024,ok,3,3,3,3,1.0,1.0,True,3,0,226,1131989,1.0,0.013100436681222707,0.02586206896551724,0.0,0.9868995633187773,3,9,3,5,0,3,0,3,3,1,0.012193363159894943,0.012193363159894943,0.012193363159894943,8.044355992227793,8.056549355387688,1.0,0.0,,,,,,,
Theia Case 3,all,poi_only,pcst_native,4096,ok,3,3,3,3,1.0,1.0,True,3,0,226,1131989,1.0,0.013100436681222707,0.02586206896551724,0.0,0.9868995633187773,3,9,3,5,0,3,0,3,3,1,0.0121697299182415,0.0121697299182415,0.0121697299182415,8.044355992227793,8.056525722146034,1.0,0.0,,,,,,,
Theia Case 3,all,poi_only,random_0,64,ok,64,57,3,6,0.953125,0.21875,True,3,61,226,1131928,0.046875,0.013100436681222707,0.020477815699658702,5.388744943634611e-05,0.9868995633187773,3,9,3,5,0,6,51,3,3,1,0.32061903178691864,0.32061903178691864,0.32061903178691864,,,,,,,,,,,
Theia Case 3,all,poi_only,random_0,256,ok,256,218,3,22,0.921875,0.14453125,True,3,253,226,1131736,0.01171875,0.013100436681222707,0.012371134020618556,0.00022350040503927158,0.9868995633187773,3,9,3,5,0,26,192,3,3,1,0.30422840267419815,0.30422840267419815,0.30422840267419815,,,,,,,,,,,
Theia Case 3,all,poi_only,random_0,1024,ok,1024,737,3,30,0.9677734375,0.142578125,True,3,1021,226,1130968,0.0029296875,0.013100436681222707,0.004788507581803671,0.0009019522274509734,0.9868995633187773,3,9,3,5,0,84,653,3,3,1,0.3255968652665615,0.3255968652665615,0.3255968652665615,,,,,,,,,,,
Theia Case 3,all,poi_only,random_0,4096,ok,4096,2532,3,47,0.9873046875,0.89697265625,True,4,4092,225,1127897,0.0009765625,0.017467248908296942,0.0018497109826589595,0.003614876116287349,0.982532751091703,4,9,3,5,0,376,2156,3,3,1,0.30563582107424736,0.30563582107424736,0.30563582107424736,,,,,,,,,,,
Theia Case 3,all,poi_only,random_1,64,ok,64,63,3,8,0.90625,0.140625,True,3,61,226,1131928,0.046875,0.013100436681222707,0.020477815699658702,5.388744943634611e-05,0.9868995633187773,3,9,3,5,0,6,57,3,3,1,0.3200449012219906,0.3200449012219906,0.3200449012219906,,,,,,,,,,,
Theia Case 3,all,poi_only,random_1,256,ok,256,228,3,15,0.953125,0.13671875,True,3,253,226,1131736,0.01171875,0.013100436681222707,0.012371134020618556,0.00022350040503927158,0.9868995633187773,3,9,3,5,0,27,201,3,3,1,0.3116877116262913,0.3116877116262913,0.3116877116262913,,,,,,,,,,,
Theia Case 3,all,poi_only,random_1,1024,ok,1024,762,3,27,0.96875,0.1162109375,True,3,1021,226,1130968,0.0029296875,0.013100436681222707,0.004788507581803671,0.0009019522274509734,0.9868995633187773,3,9,3,5,0,80,682,3,3,1,0.3262610249221325,0.3262610249221325,0.3262610249221325,,,,,,,,,,,
Theia Case 3,all,poi_only,random_1,4096,ok,4096,2544,3,40,0.989013671875,0.135009765625,True,4,4092,225,1127897,0.0009765625,0.017467248908296942,0.0018497109826589595,0.003614876116287349,0.982532751091703,4,9,3,5,0,339,2205,3,3,1,0.30219489708542824,0.30219489708542824,0.30219489708542824,,,,,,,,,,,
Theia Case 3,all,poi_only,random_2,64,ok,64,63,3,13,0.8125,0.671875,True,3,61,226,1131928,0.046875,0.013100436681222707,0.020477815699658702,5.388744943634611e-05,0.9868995633187773,3,9,3,5,0,10,53,3,3,1,0.3290325030684471,0.3290325030684471,0.3290325030684471,,,,,,,,,,,
Theia Case 3,all,poi_only,random_2,256,ok,256,229,3,20,0.9140625,0.83203125,True,3,253,226,1131736,0.01171875,0.013100436681222707,0.012371134020618556,0.00022350040503927158,0.9868995633187773,3,9,3,5,0,24,205,3,3,1,0.3074200935661793,0.3074200935661793,0.3074200935661793,,,,,,,,,,,
Theia Case 3,all,poi_only,random_2,1024,ok,1024,768,3,34,0.9619140625,0.845703125,True,3,1021,226,1130968,0.0029296875,0.013100436681222707,0.004788507581803671,0.0009019522274509734,0.9868995633187773,3,9,3,5,0,102,666,3,3,1,0.31616420298814774,0.31616420298814774,0.31616420298814774,,,,,,,,,,,
Theia Case 3,all,poi_only,random_2,4096,ok,4096,2563,3,47,0.9853515625,0.89501953125,True,3,4093,226,1127896,0.000732421875,0.013100436681222707,0.0013872832369942196,0.003615759517097781,0.9868995633187773,3,9,3,5,0,366,2197,3,3,1,0.3140953965485096,0.3140953965485096,0.3140953965485096,,,,,,,,,,,
Theia Case 3,all,poi_only,random_3,64,ok,64,62,3,8,0.921875,0.203125,True,3,61,226,1131928,0.046875,0.013100436681222707,0.020477815699658702,5.388744943634611e-05,0.9868995633187773,3,9,3,5,0,9,53,3,3,1,0.3207334093749523,0.3207334093749523,0.3207334093749523,,,,,,,,,,,
Theia Case 3,all,poi_only,random_3,256,ok,256,223,3,24,0.90234375,0.12109375,True,4,252,225,1131737,0.015625,0.017467248908296942,0.016494845360824743,0.00022261700422883968,0.982532751091703,4,9,3,5,0,29,194,3,3,1,0.30150502175092697,0.30150502175092697,0.30150502175092697,,,,,,,,,,,
Theia Case 3,all,poi_only,random_3,1024,ok,1024,762,3,46,0.9482421875,0.1044921875,True,4,1020,225,1130969,0.00390625,0.017467248908296942,0.006384676775738229,0.0009010688266405416,0.982532751091703,4,9,3,5,0,88,674,3,3,1,0.331683661788702,0.331683661788702,0.331683661788702,,,,,,,,,,,
Theia Case 3,all,poi_only,random_3,4096,ok,4096,2513,3,50,0.98583984375,0.119140625,True,4,4092,225,1127897,0.0009765625,0.017467248908296942,0.0018497109826589595,0.003614876116287349,0.982532751091703,4,9,3,5,0,334,2179,3,3,1,0.30583561956882477,0.30583561956882477,0.30583561956882477,,,,,,,,,,,
Theia Case 3,all,poi_only,random_4,64,ok,64,62,3,7,0.9375,0.125,True,3,61,226,1131928,0.046875,0.013100436681222707,0.020477815699658702,5.388744943634611e-05,0.9868995633187773,3,9,3,5,0,8,54,3,3,1,0.3167850524187088,0.3167850524187088,0.3167850524187088,,,,,,,,,,,
Theia Case 3,all,poi_only,random_4,256,ok,256,220,3,18,0.90625,0.125,True,3,253,226,1131736,0.01171875,0.013100436681222707,0.012371134020618556,0.00022350040503927158,0.9868995633187773,3,9,3,5,0,19,201,3,3,1,0.31300145015120506,0.31300145015120506,0.31300145015120506,,,,,,,,,,,
Theia Case 3,all,poi_only,random_4,1024,ok,1024,781,3,43,0.9501953125,0.111328125,True,3,1021,226,1130968,0.0029296875,0.013100436681222707,0.004788507581803671,0.0009019522274509734,0.9868995633187773,3,9,3,5,0,96,685,3,3,1,0.3207855336368084,0.3207855336368084,0.3207855336368084,,,,,,,,,,,
Theia Case 3,all,poi_only,random_4,4096,ok,4096,2507,3,52,0.98291015625,0.90771484375,True,4,4092,225,1127897,0.0009765625,0.017467248908296942,0.0018497109826589595,0.003614876116287349,0.982532751091703,4,9,3,5,0,356,2151,3,3,1,0.30252160876989365,0.30252160876989365,0.30252160876989365,,,,,,,,,,,
Theia Case 3,all,shared_context,old_score_top,64,infeasible_mandatory,,,87,,,,True,,,,,,,,,,,,,,,,,,,,,,,,,,,,,,,,,
Theia Case 3,all,shared_context,old_score_top,256,ok,256,34,87,1,1.0,1.0,True,223,33,6,1131956,0.87109375,0.9737991266375546,0.9195876288659793,2.9152226744252814e-05,0.026200873362445413,5,9,3,5,0,33,1,3,3,1,0.25782717019319534,0.25782717019319534,0.25782717019319534,,,,,,,,,,,
Theia Case 3,all,shared_context,old_score_top,1024,ok,1024,485,87,1,1.0,1.0,True,225,799,4,1131190,0.2197265625,0.982532751091703,0.35913806863527536,0.0007058372475350909,0.017467248908296942,7,9,5,5,0,384,101,3,3,3,0.23915254324674606,0.23799323663115501,0.2425159551203251,,,,,,,,,,,
Theia Case 3,all,shared_context,old_score_top,4096,ok,4096,3352,87,1,1.0,1.0,True,225,3871,4,1128118,0.054931640625,0.982532751091703,0.10404624277456648,0.0034196445371818983,0.017467248908296942,7,9,5,5,0,2826,526,3,3,1,0.2402375228703022,0.2402375228703022,0.2402375228703022,,,,,,,,,,,
Theia Case 3,all,shared_context,rarity_top,64,infeasible_mandatory,,,87,,,,True,,,,,,,,,,,,,,,,,,,,,,,,,,,,,,,,,
Theia Case 3,all,shared_context,rarity_top,256,ok,256,132,87,10,0.37890625,0.34375,True,83,173,146,1131816,0.32421875,0.3624454148471616,0.3422680412371134,0.0001528283402047193,0.6375545851528385,4,9,3,5,0,123,9,3,3,1,0.21433857828378677,0.21433857828378677,0.21433857828378677,,,,,,,,,,,
Theia Case 3,all,shared_context,rarity_top,1024,ok,1024,739,87,20,0.4453125,0.431640625,True,83,941,146,1131048,0.0810546875,0.3624454148471616,0.13248204309656825,0.0008312801626164212,0.6375545851528385,4,9,3,5,0,646,93,3,3,3,0.2144852951169014,0.21425864472985268,0.21504200249910355,,,,,,,,,,,
Theia Case 3,all,shared_context,rarity_top,4096,ok,4096,3630,87,54,0.840087890625,0.822265625,True,83,4013,146,1127976,0.020263671875,0.3624454148471616,0.03838150289017341,0.0035450874522632288,0.6375545851528385,4,9,3,5,0,3099,531,3,3,1,0.21770784258842468,0.21770784258842468,0.21770784258842468,,,,,,,,,,,
Theia Case 3,all,shared_context,diffusion_top,64,infeasible_mandatory,,,87,,,,True,,,,,,,,,,,,,,,,,,,,,,,,,,,,,,,,,
Theia Case 3,all,shared_context,diffusion_top,256,ok,256,38,87,3,1.0,0.9921875,True,222,34,7,1131955,0.8671875,0.9694323144104804,0.9154639175257732,3.0035627554684718e-05,0.03056768558951965,5,9,4,5,0,31,7,3,3,1,0.23914576694369316,0.23914576694369316,0.23914576694369316,2.7881379649043083,3.0272837318480015,,,,,,,,,
Theia Case 3,all,shared_context,diffusion_top,1024,ok,1024,778,87,3,1.0,0.998046875,True,225,799,4,1131190,0.2197265625,0.982532751091703,0.35913806863527536,0.0007058372475350909,0.017467248908296942,7,9,5,5,0,599,179,3,3,3,0.24166414514183998,0.24008339270949364,0.24361689761281013,2.7881379649043083,3.0298021100461483,,,,,,,,,
Theia Case 3,all,shared_context,diffusion_top,4096,ok,4096,3806,87,3,1.0,0.99951171875,True,225,3871,4,1128118,0.054931640625,0.982532751091703,0.10404624277456648,0.0034196445371818983,0.017467248908296942,7,9,5,5,0,2924,882,3,3,1,0.24198421835899353,0.24198421835899353,0.24198421835899353,2.7881379649043083,3.030122183263302,,,,,,,,,
Theia Case 3,all,shared_context,localdegree_top,64,infeasible_mandatory,,,87,,,,True,,,,,,,,,,,,,,,,,,,,,,,,,,,,,,,,,
Theia Case 3,all,shared_context,localdegree_top,256,ok,256,155,87,17,0.66796875,0.484375,True,83,173,146,1131816,0.32421875,0.3624454148471616,0.3422680412371134,0.0001528283402047193,0.6375545851528385,4,9,3,5,0,24,131,3,3,1,0.2060377225279808,0.2060377225279808,0.2060377225279808,2.681557361036539,2.88759508356452,,,,,,,,,
Theia Case 3,all,shared_context,localdegree_top,1024,ok,1024,740,87,37,0.5869140625,0.291015625,True,83,941,146,1131048,0.0810546875,0.3624454148471616,0.13248204309656825,0.0008312801626164212,0.6375545851528385,4,9,3,5,0,125,615,3,3,3,0.2045135609805584,0.20433441549539566,0.2152411863207817,2.681557361036539,2.8860709220170975,,,,,,,,,
Theia Case 3,all,shared_context,localdegree_top,4096,ok,4096,2895,87,88,0.53857421875,0.47265625,True,83,4013,146,1127976,0.020263671875,0.3624454148471616,0.03838150289017341,0.0035450874522632288,0.6375545851528385,4,9,3,5,0,537,2358,3,3,1,0.2103869691491127,0.2103869691491127,0.2103869691491127,2.681557361036539,2.891944330185652,,,,,,,,,
Theia Case 3,all,shared_context,episode,64,infeasible_mandatory,,,87,,,,True,,,,,,,,,,,,,,,,,,,,,,,,,,,,,,,,,
Theia Case 3,all,shared_context,episode,256,ok,256,37,87,3,1.0,1.0,True,222,34,7,1131955,0.8671875,0.9694323144104804,0.9154639175257732,3.0035627554684718e-05,0.03056768558951965,5,9,4,5,0,37,0,3,3,1,0.39138853922486305,0.39138853922486305,0.39138853922486305,2.7881379649043083,3.1795265041291714,,,,,,,,,
Theia Case 3,all,shared_context,episode,1024,ok,1024,625,87,3,1.0,1.0,True,225,799,4,1131190,0.2197265625,0.982532751091703,0.35913806863527536,0.0007058372475350909,0.017467248908296942,7,9,5,5,0,625,0,3,3,3,0.3901032991707325,0.387679036706686,0.390626922249794,2.7881379649043083,3.178241264075041,,,,,,,,,
Theia Case 3,all,shared_context,episode,4096,ok,4096,3022,87,3,1.0,1.0,True,225,3871,4,1128118,0.054931640625,0.982532751091703,0.10404624277456648,0.0034196445371818983,0.017467248908296942,7,9,5,5,0,3022,0,3,3,1,0.4020012766122818,0.4020012766122818,0.4020012766122818,2.7881379649043083,3.19013924151659,,,,,,,,,
Theia Case 3,all,shared_context,coverage_exact,64,infeasible_mandatory,,,87,,,,True,,,,,,,,,,,,,,,,,,,,,,,,,,,,,,,,,
Theia Case 3,all,shared_context,coverage_exact,256,ok,256,38,87,3,1.0,1.0,True,223,33,6,1131956,0.87109375,0.9737991266375546,0.9195876288659793,2.9152226744252814e-05,0.026200873362445413,6,9,5,5,0,38,0,3,3,1,1.1197695471346378,1.1197695471346378,1.1197695471346378,2.7881379649043083,3.907907512038946,,,,,,,,,
Theia Case 3,all,shared_context,coverage_exact,1024,ok,1024,636,87,3,1.0,1.0,True,223,801,6,1131188,0.2177734375,0.9737991266375546,0.3559457302474062,0.0007076040491559547,0.026200873362445413,6,9,5,5,0,636,0,3,3,3,1.1287394873797894,1.1280312053859234,1.1291916407644749,2.7881379649043083,3.9168774522840977,,,,,,,,,
Theia Case 3,all,shared_context,coverage_exact,4096,ok,4096,3024,87,3,1.0,1.0,True,223,3873,6,1128116,0.054443359375,0.9737991266375546,0.103121387283237,0.0034214113388027624,0.026200873362445413,6,9,5,5,0,3024,0,3,3,1,1.1968153677880764,1.1968153677880764,1.1968153677880764,2.7881379649043083,3.9849533326923847,,,,,,,,,
Theia Case 3,all,shared_context,coverage_semantic,64,infeasible_mandatory,,,87,,,,True,,,,,,,,,,,,,,,,,,,,,,,,,,,,,,,,,
Theia Case 3,all,shared_context,coverage_semantic,256,ok,256,37,87,3,1.0,1.0,True,223,33,6,1131956,0.87109375,0.9737991266375546,0.9195876288659793,2.9152226744252814e-05,0.026200873362445413,6,9,5,5,0,37,0,3,3,1,1.3036281503736973,1.3036281503736973,1.3036281503736973,2.7881379649043083,4.091766115278006,,,,,,,,,
Theia Case 3,all,shared_context,coverage_semantic,1024,ok,1024,635,87,3,1.0,1.0,True,223,801,6,1131188,0.2177734375,0.9737991266375546,0.3559457302474062,0.0007076040491559547,0.026200873362445413,6,9,5,5,0,635,0,3,3,3,1.3081114999949932,1.305451475083828,1.3096305876970291,2.7881379649043083,4.0962494648993015,,,,,,,,,
Theia Case 3,all,shared_context,coverage_semantic,4096,ok,4096,3023,87,3,1.0,1.0,True,223,3873,6,1128116,0.054443359375,0.9737991266375546,0.103121387283237,0.0034214113388027624,0.026200873362445413,6,9,5,5,0,3023,0,3,3,1,1.375132691115141,1.375132691115141,1.375132691115141,2.7881379649043083,4.163270656019449,,,,,,,,,
Theia Case 3,all,shared_context,coverage_partial,64,infeasible_mandatory,,,87,,,,True,,,,,,,,,,,,,,,,,,,,,,,,,,,,,,,,,
Theia Case 3,all,shared_context,coverage_partial,256,ok,256,147,87,3,1.0,1.0,True,85,171,144,1131818,0.33203125,0.37117903930131,0.35051546391752575,0.0001510615385838555,0.62882096069869,6,9,5,5,0,146,1,3,3,1,1.3034524098038673,1.3034524098038673,1.3034524098038673,2.7881379649043083,4.091590374708176,,,,,,,,,
Theia Case 3,all,shared_context,coverage_partial,1024,ok,1024,739,87,3,1.0,1.0,True,85,939,144,1131050,0.0830078125,0.37117903930131,0.13567438148443736,0.0008295133609955574,0.62882096069869,6,9,5,5,0,738,1,3,3,3,1.3013271428644657,1.2880332916975021,1.3019791543483734,2.7881379649043083,4.089465107768774,,,,,,,,,
Theia Case 3,all,shared_context,coverage_partial,4096,ok,4096,3122,87,3,1.0,1.0,True,85,4011,144,1127978,0.020751953125,0.37117903930131,0.03930635838150289,0.003543320650642365,0.62882096069869,6,9,5,5,0,3121,1,3,3,1,1.360805455595255,1.360805455595255,1.360805455595255,2.7881379649043083,4.148943420499563,,,,,,,,,
Theia Case 3,all,shared_context,coverage_no_frequency,64,infeasible_mandatory,,,87,,,,True,,,,,,,,,,,,,,,,,,,,,,,,,,,,,,,,,
Theia Case 3,all,shared_context,coverage_no_frequency,256,ok,256,38,87,3,1.0,1.0,True,222,34,7,1131955,0.8671875,0.9694323144104804,0.9154639175257732,3.0035627554684718e-05,0.03056768558951965,5,9,4,5,0,38,0,3,3,1,1.2881662175059319,1.2881662175059319,1.2881662175059319,0.8353630416095257,2.1235292591154575,,,,,,,,,
Theia Case 3,all,shared_context,coverage_no_frequency,1024,ok,1024,638,87,3,1.0,1.0,True,223,801,6,1131188,0.2177734375,0.9737991266375546,0.3559457302474062,0.0007076040491559547,0.026200873362445413,6,9,5,5,0,638,0,3,3,3,1.3086462914943695,1.3057120144367218,1.3138524666428566,0.8353630416095257,2.144009333103895,,,,,,,,,
Theia Case 3,all,shared_context,coverage_no_frequency,4096,ok,4096,3026,87,3,1.0,1.0,True,223,3873,6,1128116,0.054443359375,0.9737991266375546,0.103121387283237,0.0034214113388027624,0.026200873362445413,6,9,5,5,0,3026,0,3,3,1,1.390741154551506,1.390741154551506,1.390741154551506,0.8353630416095257,2.2261041961610317,,,,,,,,,
Theia Case 3,all,shared_context,pcst_native,64,infeasible_mandatory,,,87,,,,True,,,,,,,,,,,,,,,,,,,,,,,,,,,,,,,,,
Theia Case 3,all,shared_context,pcst_native,256,ok,87,8,87,3,1.0,1.0,True,83,4,146,1131985,0.9540229885057471,0.3624454148471616,0.5253164556962026,3.533603241727614e-06,0.6375545851528385,4,9,3,5,0,7,1,3,3,1,0.012786701321601868,0.012786701321601868,0.012786701321601868,8.044355992227793,8.057142693549395,1.0,0.0,,,,,,,
Theia Case 3,all,shared_context,pcst_native,1024,ok,87,8,87,3,1.0,1.0,True,83,4,146,1131985,0.9540229885057471,0.3624454148471616,0.5253164556962026,3.533603241727614e-06,0.6375545851528385,4,9,3,5,0,7,1,3,3,1,0.012798357754945755,0.012798357754945755,0.012798357754945755,8.044355992227793,8.057154349982738,1.0,0.0,,,,,,,
Theia Case 3,all,shared_context,pcst_native,4096,ok,87,8,87,3,1.0,1.0,True,83,4,146,1131985,0.9540229885057471,0.3624454148471616,0.5253164556962026,3.533603241727614e-06,0.6375545851528385,4,9,3,5,0,7,1,3,3,1,0.012590207159519196,0.012590207159519196,0.012590207159519196,8.044355992227793,8.056946199387312,1.0,0.0,,,,,,,
Theia Case 3,all,shared_context,random_0,64,infeasible_mandatory,,,87,,,,True,,,,,,,,,,,,,,,,,,,,,,,,,,,,,,,,,
Theia Case 3,all,shared_context,random_0,256,ok,256,154,87,14,0.953125,0.421875,True,83,173,146,1131816,0.32421875,0.3624454148471616,0.3422680412371134,0.0001528283402047193,0.6375545851528385,4,9,3,5,0,21,133,3,3,1,0.3040962591767311,0.3040962591767311,0.3040962591767311,,,,,,,,,,,
Theia Case 3,all,shared_context,random_0,1024,ok,1024,682,87,32,0.9638671875,0.216796875,True,83,941,146,1131048,0.0810546875,0.3624454148471616,0.13248204309656825,0.0008312801626164212,0.6375545851528385,4,9,3,5,0,83,599,3,3,1,0.30625856295228004,0.30625856295228004,0.30625856295228004,,,,,,,,,,,
Theia Case 3,all,shared_context,random_0,4096,ok,4096,2488,87,47,0.987548828125,0.89697265625,True,84,4012,145,1127977,0.0205078125,0.36681222707423583,0.03884393063583815,0.003544204051452797,0.6331877729257642,4,9,3,5,0,373,2115,3,3,1,0.30415624380111694,0.30415624380111694,0.30415624380111694,,,,,,,,,,,
Theia Case 3,all,shared_context,random_1,64,infeasible_mandatory,,,87,,,,True,,,,,,,,,,,,,,,,,,,,,,,,,,,,,,,,,
Theia Case 3,all,shared_context,random_1,256,ok,256,163,87,15,0.94921875,0.4140625,True,83,173,146,1131816,0.32421875,0.3624454148471616,0.3422680412371134,0.0001528283402047193,0.6375545851528385,4,9,3,5,0,24,139,3,3,1,0.31397373601794243,0.31397373601794243,0.31397373601794243,,,,,,,,,,,
Theia Case 3,all,shared_context,random_1,1024,ok,1024,711,87,26,0.96875,0.193359375,True,83,941,146,1131048,0.0810546875,0.3624454148471616,0.13248204309656825,0.0008312801626164212,0.6375545851528385,4,9,3,5,0,79,632,3,3,1,0.30235161632299423,0.30235161632299423,0.30235161632299423,,,,,,,,,,,
Theia Case 3,all,shared_context,random_1,4096,ok,4096,2498,87,39,0.989013671875,0.150634765625,True,83,4013,146,1127976,0.020263671875,0.3624454148471616,0.03838150289017341,0.0035450874522632288,0.6375545851528385,4,9,3,5,0,329,2169,3,3,1,0.30221839621663094,0.30221839621663094,0.30221839621663094,,,,,,,,,,,
Theia Case 3,all,shared_context,random_2,64,infeasible_mandatory,,,87,,,,True,,,,,,,,,,,,,,,,,,,,,,,,,,,,,,,,,
Theia Case 3,all,shared_context,random_2,256,ok,256,159,87,18,0.9296875,0.86328125,True,83,173,146,1131816,0.32421875,0.3624454148471616,0.3422680412371134,0.0001528283402047193,0.6375545851528385,4,9,3,5,0,22,137,3,3,1,0.304896455258131,0.304896455258131,0.304896455258131,,,,,,,,,,,
Theia Case 3,all,shared_context,random_2,1024,ok,1024,717,87,33,0.962890625,0.85546875,True,83,941,146,1131048,0.0810546875,0.3624454148471616,0.13248204309656825,0.0008312801626164212,0.6375545851528385,4,9,3,5,0,97,620,3,3,1,0.3012212887406349,0.3012212887406349,0.3012212887406349,,,,,,,,,,,
Theia Case 3,all,shared_context,random_2,4096,ok,4096,2522,87,47,0.9853515625,0.89599609375,True,83,4013,146,1127976,0.020263671875,0.3624454148471616,0.03838150289017341,0.0035450874522632288,0.6375545851528385,4,9,3,5,0,361,2161,3,3,1,0.3054343909025192,0.3054343909025192,0.3054343909025192,,,,,,,,,,,
Theia Case 3,all,shared_context,random_3,64,infeasible_mandatory,,,87,,,,True,,,,,,,,,,,,,,,,,,,,,,,,,,,,,,,,,
Theia Case 3,all,shared_context,random_3,256,ok,256,159,87,15,0.94140625,0.4140625,True,83,173,146,1131816,0.32421875,0.3624454148471616,0.3422680412371134,0.0001528283402047193,0.6375545851528385,4,9,3,5,0,24,135,3,3,1,0.30618802458047867,0.30618802458047867,0.30618802458047867,,,,,,,,,,,
Theia Case 3,all,shared_context,random_3,1024,ok,1024,708,87,45,0.94921875,0.1767578125,True,83,941,146,1131048,0.0810546875,0.3624454148471616,0.13248204309656825,0.0008312801626164212,0.6375545851528385,4,9,3,5,0,89,619,3,3,1,0.3165448270738125,0.3165448270738125,0.3165448270738125,,,,,,,,,,,
Theia Case 3,all,shared_context,random_3,4096,ok,4096,2479,87,48,0.986083984375,0.137451171875,True,83,4013,146,1127976,0.020263671875,0.3624454148471616,0.03838150289017341,0.0035450874522632288,0.6375545851528385,4,9,3,5,0,334,2145,3,3,1,0.30702368170022964,0.30702368170022964,0.30702368170022964,,,,,,,,,,,
Theia Case 3,all,shared_context,random_4,64,infeasible_mandatory,,,87,,,,True,,,,,,,,,,,,,,,,,,,,,,,,,,,,,,,,,
Theia Case 3,all,shared_context,random_4,256,ok,256,158,87,16,0.92578125,0.4296875,True,83,173,146,1131816,0.32421875,0.3624454148471616,0.3422680412371134,0.0001528283402047193,0.6375545851528385,4,9,3,5,0,21,137,3,3,1,0.3093390204012394,0.3093390204012394,0.3093390204012394,,,,,,,,,,,
Theia Case 3,all,shared_context,random_4,1024,ok,1024,734,87,40,0.955078125,0.18359375,True,83,941,146,1131048,0.0810546875,0.3624454148471616,0.13248204309656825,0.0008312801626164212,0.6375545851528385,4,9,3,5,0,88,646,3,3,1,0.3087088577449322,0.3087088577449322,0.3087088577449322,,,,,,,,,,,
Theia Case 3,all,shared_context,random_4,4096,ok,4096,2477,87,52,0.982666015625,0.9091796875,True,83,4013,146,1127976,0.020263671875,0.3624454148471616,0.03838150289017341,0.0035450874522632288,0.6375545851528385,4,9,3,5,0,358,2119,3,3,1,0.3128729425370693,0.3128729425370693,0.3128729425370693,,,,,,,,,,,
Theia Case 3,drop-0,poi_only,diffusion_top,1024,ok,1024,995,2,2,1.0,0.998046875,True,6,1018,223,1130971,0.005859375,0.026200873362445413,0.009577015163607342,0.0008993020250196778,0.9737991266375546,5,9,4,5,0,753,242,2,2,1,0.2399546466767788,0.2399546466767788,0.2399546466767788,2.624038077890873,2.8639927245676517,,,,,,,,,
Theia Case 3,drop-0,poi_only,episode,1024,ok,1024,781,2,2,1.0,1.0,True,6,1018,223,1130971,0.005859375,0.026200873362445413,0.009577015163607342,0.0008993020250196778,0.9737991266375546,5,9,4,5,0,781,0,2,2,1,0.4038413539528847,0.4038413539528847,0.4038413539528847,2.624038077890873,3.0278794318437576,,,,,,,,,
Theia Case 3,drop-0,poi_only,coverage_semantic,1024,ok,1024,790,2,2,1.0,1.0,True,4,1020,225,1130969,0.00390625,0.017467248908296942,0.006384676775738229,0.0009010688266405416,0.982532751091703,4,9,4,5,0,790,0,2,2,1,1.322827983647585,1.322827983647585,1.322827983647585,2.624038077890873,3.946866061538458,,,,,,,,,
Theia Case 3,drop-0,poi_only,coverage_no_frequency,1024,ok,1024,787,2,2,1.0,1.0,True,4,1020,225,1130969,0.00390625,0.017467248908296942,0.006384676775738229,0.0009010688266405416,0.982532751091703,4,9,4,5,0,787,0,2,2,1,1.3249773643910885,1.3249773643910885,1.3249773643910885,0.6954566389322281,2.0204340033233166,,,,,,,,,
Theia Case 3,drop-0,shared_context,diffusion_top,1024,ok,1024,995,2,2,1.0,0.998046875,True,6,1018,223,1130971,0.005859375,0.026200873362445413,0.009577015163607342,0.0008993020250196778,0.9737991266375546,5,9,4,5,0,753,242,2,2,1,0.23538031429052353,0.23538031429052353,0.23538031429052353,2.624038077890873,2.8594183921813965,,,,,,,,,
Theia Case 3,drop-0,shared_context,episode,1024,ok,1024,781,2,2,1.0,1.0,True,6,1018,223,1130971,0.005859375,0.026200873362445413,0.009577015163607342,0.0008993020250196778,0.9737991266375546,5,9,4,5,0,781,0,2,2,1,0.3947503790259361,0.3947503790259361,0.3947503790259361,2.624038077890873,3.018788456916809,,,,,,,,,
Theia Case 3,drop-0,shared_context,coverage_semantic,1024,ok,1024,790,2,2,1.0,1.0,True,4,1020,225,1130969,0.00390625,0.017467248908296942,0.006384676775738229,0.0009010688266405416,0.982532751091703,4,9,4,5,0,790,0,2,2,1,1.3109360933303833,1.3109360933303833,1.3109360933303833,2.624038077890873,3.9349741712212563,,,,,,,,,
Theia Case 3,drop-0,shared_context,coverage_no_frequency,1024,ok,1024,787,2,2,1.0,1.0,True,4,1020,225,1130969,0.00390625,0.017467248908296942,0.006384676775738229,0.0009010688266405416,0.982532751091703,4,9,4,5,0,787,0,2,2,1,1.3205198608338833,1.3205198608338833,1.3205198608338833,0.6954566389322281,2.0159764997661114,,,,,,,,,
Theia Case 3,drop-1,poi_only,diffusion_top,1024,ok,1024,778,2,2,1.0,0.9990234375,True,224,800,5,1131189,0.21875,0.9781659388646288,0.3575418994413408,0.0007067206483455228,0.021834061135371178,6,9,4,5,0,597,181,2,2,1,0.23331411182880402,0.23331411182880402,0.23331411182880402,2.6127559766173363,2.8460700884461403,,,,,,,,,
Theia Case 3,drop-1,poi_only,episode,1024,ok,1024,623,2,2,1.0,1.0,True,224,800,5,1131189,0.21875,0.9781659388646288,0.3575418994413408,0.0007067206483455228,0.021834061135371178,6,9,4,5,0,623,0,2,2,1,0.39309999719262123,0.39309999719262123,0.39309999719262123,2.6127559766173363,3.0058559738099575,,,,,,,,,
Theia Case 3,drop-1,poi_only,coverage_semantic,1024,ok,1024,633,2,2,1.0,1.0,True,222,802,7,1131187,0.216796875,0.9694323144104804,0.35434956105347165,0.0007084874499663866,0.03056768558951965,5,9,4,5,0,633,0,2,2,1,1.3020662032067776,1.3020662032067776,1.3020662032067776,2.6127559766173363,3.914822179824114,,,,,,,,,
Theia Case 3,drop-1,poi_only,coverage_no_frequency,1024,ok,1024,636,2,2,1.0,1.0,True,222,802,7,1131187,0.216796875,0.9694323144104804,0.35434956105347165,0.0007084874499663866,0.03056768558951965,5,9,4,5,0,636,0,2,2,1,1.3255537301301956,1.3255537301301956,1.3255537301301956,0.6873632781207561,2.0129170082509518,,,,,,,,,
Theia Case 3,drop-1,shared_context,diffusion_top,1024,ok,1024,778,86,2,1.0,0.9990234375,True,224,800,5,1131189,0.21875,0.9781659388646288,0.3575418994413408,0.0007067206483455228,0.021834061135371178,6,9,4,5,0,598,180,2,2,1,0.23321795463562012,0.23321795463562012,0.23321795463562012,2.6127559766173363,2.8459739312529564,,,,,,,,,
Theia Case 3,drop-1,shared_context,episode,1024,ok,1024,624,86,2,1.0,1.0,True,224,800,5,1131189,0.21875,0.9781659388646288,0.3575418994413408,0.0007067206483455228,0.021834061135371178,6,9,4,5,0,624,0,2,2,1,0.39404864609241486,0.39404864609241486,0.39404864609241486,2.6127559766173363,3.006804622709751,,,,,,,,,
Theia Case 3,drop-1,shared_context,coverage_semantic,1024,ok,1024,634,86,2,1.0,1.0,True,222,802,7,1131187,0.216796875,0.9694323144104804,0.35434956105347165,0.0007084874499663866,0.03056768558951965,5,9,4,5,0,634,0,2,2,1,1.3076286427676678,1.3076286427676678,1.3076286427676678,2.6127559766173363,3.920384619385004,,,,,,,,,
Theia Case 3,drop-1,shared_context,coverage_no_frequency,1024,ok,1024,636,86,2,1.0,1.0,True,222,802,7,1131187,0.216796875,0.9694323144104804,0.35434956105347165,0.0007084874499663866,0.03056768558951965,5,9,4,5,0,636,0,2,2,1,1.3073521703481674,1.3073521703481674,1.3073521703481674,0.6873632781207561,1.9947154484689236,,,,,,,,,
Theia Case 3,drop-2,poi_only,diffusion_top,1024,ok,1024,282,2,1,1.0,0.9931640625,True,222,802,7,1131187,0.216796875,0.9694323144104804,0.35434956105347165,0.0007084874499663866,0.03056768558951965,4,9,2,5,0,217,65,2,2,1,0.2386690191924572,0.2386690191924572,0.2386690191924572,2.600307419896126,2.838976439088583,,,,,,,,,
Theia Case 3,drop-2,poi_only,episode,1024,ok,1024,235,2,1,1.0,0.998046875,True,222,802,7,1131187,0.216796875,0.9694323144104804,0.35434956105347165,0.0007084874499663866,0.03056768558951965,4,9,2,5,0,233,2,2,2,1,0.38682807981967926,0.38682807981967926,0.38682807981967926,2.600307419896126,2.987135499715805,,,,,,,,,
Theia Case 3,drop-2,poi_only,coverage_semantic,1024,ok,1024,176,2,1,1.0,0.9990234375,True,222,802,7,1131187,0.216796875,0.9694323144104804,0.35434956105347165,0.0007084874499663866,0.03056768558951965,4,9,2,5,0,174,2,2,2,1,1.2744009494781494,1.2744009494781494,1.2744009494781494,2.600307419896126,3.874708369374275,,,,,,,,,
Theia Case 3,drop-2,poi_only,coverage_no_frequency,1024,ok,1024,154,2,1,1.0,1.0,True,222,802,7,1131187,0.216796875,0.9694323144104804,0.35434956105347165,0.0007084874499663866,0.03056768558951965,4,9,2,5,0,154,0,2,2,1,1.2812693119049072,1.2812693119049072,1.2812693119049072,0.6894388049840927,1.970708116889,,,,,,,,,
Theia Case 3,drop-2,shared_context,diffusion_top,1024,ok,1024,282,86,1,1.0,0.9931640625,True,222,802,7,1131187,0.216796875,0.9694323144104804,0.35434956105347165,0.0007084874499663866,0.03056768558951965,4,9,2,5,0,217,65,2,2,1,0.23142219334840775,0.23142219334840775,0.23142219334840775,2.600307419896126,2.8317296132445335,,,,,,,,,
Theia Case 3,drop-2,shared_context,episode,1024,ok,1024,235,86,1,1.0,0.998046875,True,222,802,7,1131187,0.216796875,0.9694323144104804,0.35434956105347165,0.0007084874499663866,0.03056768558951965,4,9,2,5,0,233,2,2,2,1,0.38818738609552383,0.38818738609552383,0.38818738609552383,2.600307419896126,2.9884948059916496,,,,,,,,,
Theia Case 3,drop-2,shared_context,coverage_semantic,1024,ok,1024,176,86,1,1.0,0.9990234375,True,222,802,7,1131187,0.216796875,0.9694323144104804,0.35434956105347165,0.0007084874499663866,0.03056768558951965,4,9,2,5,0,174,2,2,2,1,1.282367505133152,1.282367505133152,1.282367505133152,2.600307419896126,3.882674925029278,,,,,,,,,
Theia Case 3,drop-2,shared_context,coverage_no_frequency,1024,ok,1024,154,86,1,1.0,1.0,True,222,802,7,1131187,0.216796875,0.9694323144104804,0.35434956105347165,0.0007084874499663866,0.03056768558951965,4,9,2,5,0,154,0,2,2,1,1.278321761637926,1.278321761637926,1.278321761637926,0.6894388049840927,1.9677605666220188,,,,,,,,,
Theia Case 3,all,poi_only,time_rerank,64,ok,64,17,3,3,1.0,1.0,False,50,14,179,1131975,0.78125,0.2183406113537118,0.3412969283276451,1.2367611346046649e-05,0.7816593886462883,4,9,3,5,0,16,1,3,3,1,0.2905266135931015,0.2905266135931015,0.2905266135931015,2.5400055572390556,2.830532170832157,,,,,,,,,
Theia Case 3,all,poi_only,time_rerank,256,ok,256,34,3,3,1.0,0.9765625,False,227,29,2,1131960,0.88671875,0.9912663755458515,0.9360824742268041,2.56186235025252e-05,0.008733624454148471,8,9,5,5,0,34,0,3,3,1,0.2944430969655514,0.2944430969655514,0.2944430969655514,2.5400055572390556,2.834448654204607,,,,,,,,,
Theia Case 3,all,poi_only,time_rerank,1024,ok,1024,786,3,3,1.0,0.9931640625,False,227,797,2,1131192,0.2216796875,0.9912663755458515,0.36233040702314445,0.0007040704459142271,0.008733624454148471,8,9,5,5,0,653,133,3,3,3,0.2906036600470543,0.29024647548794746,0.2920624129474163,2.5400055572390556,2.83060921728611,,,,,,,,,
Theia Case 3,all,poi_only,time_rerank,4096,ok,4096,3572,3,3,1.0,0.998291015625,False,227,3869,2,1128120,0.055419921875,0.9912663755458515,0.10497109826589596,0.0034178777355610345,0.008733624454148471,8,9,5,5,0,3402,170,3,3,1,0.29500633105635643,0.29500633105635643,0.29500633105635643,2.5400055572390556,2.835011888295412,,,,,,,,,
Theia Case 3,all,poi_only,temporal_top,64,ok,64,17,3,3,1.0,1.0,False,50,14,179,1131975,0.78125,0.2183406113537118,0.3412969283276451,1.2367611346046649e-05,0.7816593886462883,4,9,3,5,0,16,1,3,3,1,0.29119062796235085,0.29119062796235085,0.29119062796235085,3.269617833197117,3.5608084611594677,,,,,,,,,
Theia Case 3,all,poi_only,temporal_top,256,ok,256,33,3,3,1.0,0.97265625,False,227,29,2,1131960,0.88671875,0.9912663755458515,0.9360824742268041,2.56186235025252e-05,0.008733624454148471,8,9,5,5,0,33,0,3,3,1,0.29184873402118683,0.29184873402118683,0.29184873402118683,3.269617833197117,3.5614665672183037,,,,,,,,,
Theia Case 3,all,poi_only,temporal_top,1024,ok,1024,786,3,3,1.0,0.9931640625,False,227,797,2,1131192,0.2216796875,0.9912663755458515,0.36233040702314445,0.0007040704459142271,0.008733624454148471,8,9,5,5,0,653,133,3,3,3,0.2915319874882698,0.29101452976465225,0.29390571638941765,3.269617833197117,3.5611498206853867,,,,,,,,,
Theia Case 3,all,poi_only,temporal_top,4096,ok,4096,3572,3,3,1.0,0.998291015625,False,227,3869,2,1128120,0.055419921875,0.9912663755458515,0.10497109826589596,0.0034178777355610345,0.008733624454148471,8,9,5,5,0,3402,170,3,3,1,0.29323606938123703,0.29323606938123703,0.29323606938123703,3.269617833197117,3.562853902578354,,,,,,,,,
Theia Case 3,all,poi_only,temporal_nofreq,64,ok,64,8,3,3,1.0,1.0,False,61,3,168,1131986,0.953125,0.2663755458515284,0.41638225255972694,2.6502024312957103e-06,0.7336244541484717,5,9,4,5,0,7,1,3,3,1,0.29300210252404213,0.29300210252404213,0.29300210252404213,1.5477952621877193,1.8407973647117615,,,,,,,,,
Theia Case 3,all,poi_only,temporal_nofreq,256,ok,256,38,3,3,1.0,0.98046875,False,222,34,7,1131955,0.8671875,0.9694323144104804,0.9154639175257732,3.0035627554684718e-05,0.03056768558951965,5,9,4,5,0,37,1,3,3,1,0.29787658527493477,0.29787658527493477,0.29787658527493477,1.5477952621877193,1.8456718474626541,,,,,,,,,
Theia Case 3,all,poi_only,temporal_nofreq,1024,ok,1024,785,3,2,1.0,0.9931640625,False,229,795,0,1131194,0.2236328125,1.0,0.3655227454110136,0.0007023036442933633,0.0,9,9,5,5,0,661,124,3,3,3,0.2924128696322441,0.2911422811448574,0.2948923334479332,1.5477952621877193,1.8402081318199635,,,,,,,,,
Theia Case 3,all,poi_only,temporal_nofreq,4096,ok,4096,3603,3,2,1.0,0.998291015625,False,229,3867,0,1128122,0.055908203125,1.0,0.10589595375722544,0.003416110933940171,0.0,9,9,5,5,0,3371,232,3,3,1,0.2938954532146454,0.2938954532146454,0.2938954532146454,1.5477952621877193,1.8416907154023647,,,,,,,,,
Theia Case 3,all,poi_only,temporal_nocontrast,64,ok,64,17,3,2,1.0,1.0,False,50,14,179,1131975,0.78125,0.2183406113537118,0.3412969283276451,1.2367611346046649e-05,0.7816593886462883,4,9,3,5,0,16,1,3,3,1,0.2914585545659065,0.2914585545659065,0.2914585545659065,2.812124475836754,3.1035830304026604,,,,,,,,,
Theia Case 3,all,poi_only,temporal_nocontrast,256,ok,256,21,3,2,1.0,0.99609375,False,221,35,8,1131954,0.86328125,0.9650655021834061,0.911340206185567,3.0919028365116625e-05,0.034934497816593885,4,9,3,5,0,20,1,3,3,1,0.29021576046943665,0.29021576046943665,0.29021576046943665,2.812124475836754,3.1023402363061905,,,,,,,,,
Theia Case 3,all,poi_only,temporal_nocontrast,1024,ok,1024,103,3,1,1.0,0.9814453125,False,229,795,0,1131194,0.2236328125,1.0,0.3655227454110136,0.0007023036442933633,0.0,9,9,5,5,0,102,1,3,3,3,0.29130056500434875,0.28987330198287964,0.29152122512459755,2.812124475836754,3.1034250408411026,,,,,,,,,
Theia Case 3,all,poi_only,temporal_nocontrast,4096,ok,4096,103,3,1,1.0,0.995361328125,False,229,3867,0,1128122,0.055908203125,1.0,0.10589595375722544,0.003416110933940171,0.0,9,9,5,5,0,102,1,3,3,1,0.2910197451710701,0.2910197451710701,0.2910197451710701,2.812124475836754,3.103144221007824,,,,,,,,,
Theia Case 3,all,poi_only,temporal_short,64,ok,64,18,3,3,1.0,1.0,False,49,15,180,1131974,0.765625,0.21397379912663755,0.33447098976109213,1.3251012156478553e-05,0.7860262008733624,4,9,3,5,0,17,1,3,3,1,0.2972855381667614,0.2972855381667614,0.2972855381667614,3.3259762674570084,3.6232618056237698,,,,,,,,,
Theia Case 3,all,poi_only,temporal_short,256,ok,256,33,3,2,1.0,0.9765625,False,229,27,0,1131962,0.89453125,1.0,0.9443298969072165,2.3851821881661394e-05,0.0,9,9,5,5,0,33,0,3,3,1,0.2969912625849247,0.2969912625849247,0.2969912625849247,3.3259762674570084,3.622967530041933,,,,,,,,,
Theia Case 3,all,poi_only,temporal_short,1024,ok,1024,666,3,1,1.0,0.9345703125,False,229,795,0,1131194,0.2236328125,1.0,0.3655227454110136,0.0007023036442933633,0.0,9,9,5,5,0,581,85,3,3,3,0.2910888157784939,0.2910338006913662,0.29131006076931953,3.3259762674570084,3.6170650832355022,,,,,,,,,
Theia Case 3,all,poi_only,temporal_short,4096,ok,4096,3484,3,1,1.0,0.983642578125,False,229,3867,0,1128122,0.055908203125,1.0,0.10589595375722544,0.003416110933940171,0.0,9,9,5,5,0,3295,189,3,3,1,0.29108305275440216,0.29108305275440216,0.29108305275440216,3.3259762674570084,3.6170593202114105,,,,,,,,,
Theia Case 3,all,poi_only,temporal_long,64,ok,64,18,3,3,1.0,0.984375,False,49,15,180,1131974,0.765625,0.21397379912663755,0.33447098976109213,1.3251012156478553e-05,0.7860262008733624,4,9,3,5,0,17,1,3,3,1,0.2905701510608196,0.2905701510608196,0.2905701510608196,3.321448866277933,3.6120190173387527,,,,,,,,,
Theia Case 3,all,poi_only,temporal_long,256,ok,256,34,3,3,1.0,0.99609375,False,224,32,5,1131957,0.875,0.9781659388646288,0.9237113402061856,2.8268825933820913e-05,0.021834061135371178,6,9,4,5,0,33,1,3,3,1,0.29207559302449226,0.29207559302449226,0.29207559302449226,3.321448866277933,3.6135244593024254,,,,,,,,,
Theia Case 3,all,poi_only,temporal_long,1024,ok,1024,772,3,3,1.0,0.9990234375,False,225,799,4,1131190,0.2197265625,0.982532751091703,0.35913806863527536,0.0007058372475350909,0.017467248908296942,7,9,5,5,0,646,126,3,3,3,0.2913573160767555,0.2900986559689045,0.3004227466881275,3.321448866277933,3.6128061823546886,,,,,,,,,
Theia Case 3,all,poi_only,temporal_long,4096,ok,4096,3560,3,3,1.0,0.999755859375,False,225,3871,4,1128118,0.054931640625,0.982532751091703,0.10404624277456648,0.0034196445371818983,0.017467248908296942,7,9,5,5,0,3389,171,3,3,1,0.29078320041298866,0.29078320041298866,0.29078320041298866,3.321448866277933,3.612232066690922,,,,,,,,,
Theia Case 3,all,poi_only,plain_ppr,64,ok,64,13,3,2,1.0,0.984375,False,3,61,226,1131928,0.046875,0.013100436681222707,0.020477815699658702,5.388744943634611e-05,0.9868995633187773,3,9,3,5,0,9,4,3,3,1,0.23185991495847702,0.23185991495847702,0.23185991495847702,0.5855296738445759,0.8173895888030529,,,,,,,,,
Theia Case 3,all,poi_only,plain_ppr,256,ok,256,18,3,2,1.0,0.99609375,False,3,253,226,1131736,0.01171875,0.013100436681222707,0.012371134020618556,0.00022350040503927158,0.9868995633187773,3,9,3,5,0,18,0,3,3,1,0.2329011633992195,0.2329011633992195,0.2329011633992195,0.5855296738445759,0.8184308372437954,,,,,,,,,
Theia Case 3,all,poi_only,plain_ppr,1024,ok,1024,30,3,1,1.0,0.9990234375,False,3,1021,226,1130968,0.0029296875,0.013100436681222707,0.004788507581803671,0.0009019522274509734,0.9868995633187773,3,9,3,5,0,18,12,3,3,3,0.2305925153195858,0.23025647178292274,0.23068949580192566,0.5855296738445759,0.8161221891641617,,,,,,,,,
Theia Case 3,all,poi_only,plain_ppr,4096,ok,4096,34,3,1,1.0,0.999755859375,False,3,4093,226,1127896,0.000732421875,0.013100436681222707,0.0013872832369942196,0.003615759517097781,0.9868995633187773,3,9,3,5,0,18,16,3,3,1,0.23121029511094093,0.23121029511094093,0.23121029511094093,0.5855296738445759,0.8167399689555168,,,,,,,,,
Theia Case 3,all,poi_only,heat_kernel,64,ok,64,13,3,3,1.0,1.0,False,3,61,226,1131928,0.046875,0.013100436681222707,0.020477815699658702,5.388744943634611e-05,0.9868995633187773,3,9,3,5,0,3,10,3,3,1,0.23241329193115234,0.23241329193115234,0.23241329193115234,0.17081286385655403,0.4032261557877064,,,,,,,,,
Theia Case 3,all,poi_only,heat_kernel,256,ok,256,15,3,2,1.0,1.0,False,3,253,226,1131736,0.01171875,0.013100436681222707,0.012371134020618556,0.00022350040503927158,0.9868995633187773,3,9,3,5,0,3,12,3,3,1,0.23689929768443108,0.23689929768443108,0.23689929768443108,0.17081286385655403,0.4077121615409851,,,,,,,,,
Theia Case 3,all,poi_only,heat_kernel,1024,ok,1024,16,3,2,1.0,1.0,False,3,1021,226,1130968,0.0029296875,0.013100436681222707,0.004788507581803671,0.0009019522274509734,0.9868995633187773,3,9,3,5,0,3,13,3,3,3,0.23227664828300476,0.23070015385746956,0.23610259220004082,0.17081286385655403,0.4030895121395588,,,,,,,,,
Theia Case 3,all,poi_only,heat_kernel,4096,ok,4096,20,3,2,1.0,1.0,False,3,4093,226,1127896,0.000732421875,0.013100436681222707,0.0013872832369942196,0.003615759517097781,0.9868995633187773,3,9,3,5,0,3,17,3,3,1,0.24076474830508232,0.24076474830508232,0.24076474830508232,0.17081286385655403,0.41157761216163635,,,,,,,,,
Theia Case 3,all,poi_only,relation_stratified,64,ok,64,55,3,8,0.671875,0.609375,False,9,55,220,1131934,0.140625,0.039301310043668124,0.06143344709897611,4.8587044573754695e-05,0.9606986899563319,6,9,5,5,0,41,14,3,3,1,0.25400541350245476,0.25400541350245476,0.25400541350245476,2.522327907383442,2.7763333208858967,,,,,,,,,
Theia Case 3,all,poi_only,relation_stratified,256,ok,256,178,3,6,0.890625,0.5703125,False,21,235,208,1131754,0.08203125,0.09170305676855896,0.0865979381443299,0.0002075991904514973,0.9082969432314411,7,9,5,5,0,141,37,3,3,1,0.2567281872034073,0.2567281872034073,0.2567281872034073,2.522327907383442,2.779056094586849,,,,,,,,,
Theia Case 3,all,poi_only,relation_stratified,1024,ok,1024,617,3,6,0.931640625,0.6201171875,False,67,957,162,1131032,0.0654296875,0.2925764192139738,0.10694333599361533,0.0008454145755833316,0.7074235807860262,8,9,5,5,0,552,65,3,3,3,0.2580101937055588,0.2534625045955181,0.26544931530952454,2.522327907383442,2.7803381010890007,,,,,,,,,
Theia Case 3,all,poi_only,relation_stratified,4096,ok,4096,1890,3,3,0.968017578125,0.812744140625,False,228,3868,1,1128121,0.0556640625,0.9956331877729258,0.1054335260115607,0.0034169943347506027,0.004366812227074236,9,9,5,5,0,1673,217,3,3,1,0.25793996825814247,0.25793996825814247,0.25793996825814247,2.522327907383442,2.7802678756415844,,,,,,,,,
Theia Case 3,all,poi_only,temporal_episode,64,ok,64,52,3,3,1.0,1.0,False,10,54,219,1131935,0.15625,0.043668122270742356,0.06825938566552901,4.770364376332279e-05,0.9563318777292577,8,9,5,5,0,50,2,3,3,1,0.46585195511579514,0.46585195511579514,0.46585195511579514,3.269617833197117,3.735469788312912,,,,,,,,,
Theia Case 3,all,poi_only,temporal_episode,256,ok,256,34,3,3,1.0,1.0,False,227,29,2,1131960,0.88671875,0.9912663755458515,0.9360824742268041,2.56186235025252e-05,0.008733624454148471,8,9,5,5,0,34,0,3,3,1,0.4473896697163582,0.4473896697163582,0.4473896697163582,3.269617833197117,3.717007502913475,,,,,,,,,
Theia Case 3,all,poi_only,temporal_episode,1024,ok,1024,667,3,3,1.0,1.0,False,227,797,2,1131192,0.2216796875,0.9912663755458515,0.36233040702314445,0.0007040704459142271,0.008733624454148471,8,9,5,5,0,666,1,3,3,3,0.451356153935194,0.45084696635603905,0.45222312584519386,3.269617833197117,3.720973987132311,,,,,,,,,
Theia Case 3,all,poi_only,temporal_episode,4096,ok,4096,3407,3,3,1.0,1.0,False,227,3869,2,1128120,0.055419921875,0.9912663755458515,0.10497109826589596,0.0034178777355610345,0.008733624454148471,8,9,5,5,0,3406,1,3,3,1,0.4647354707121849,0.4647354707121849,0.4647354707121849,3.269617833197117,3.7343533039093018,,,,,,,,,
Theia Case 3,all,poi_only,temporal_pcst,64,ok,3,3,3,3,1.0,1.0,False,3,0,226,1131989,1.0,0.013100436681222707,0.02586206896551724,0.0,0.9868995633187773,3,9,3,5,0,3,0,3,3,1,0.012809030711650848,0.012809030711650848,0.012809030711650848,8.609584655612707,8.622393686324358,1.0,,,,,,,,
Theia Case 3,all,poi_only,temporal_pcst,256,ok,3,3,3,3,1.0,1.0,False,3,0,226,1131989,1.0,0.013100436681222707,0.02586206896551724,0.0,0.9868995633187773,3,9,3,5,0,3,0,3,3,1,0.012695759534835815,0.012695759534835815,0.012695759534835815,8.609584655612707,8.622280415147543,1.0,,,,,,,,
Theia Case 3,all,poi_only,temporal_pcst,1024,ok,3,3,3,3,1.0,1.0,False,3,0,226,1131989,1.0,0.013100436681222707,0.02586206896551724,0.0,0.9868995633187773,3,9,3,5,0,3,0,3,3,1,0.012466181069612503,0.012466181069612503,0.012466181069612503,8.609584655612707,8.62205083668232,1.0,,,,,,,,
Theia Case 3,all,poi_only,temporal_pcst,4096,ok,3,3,3,3,1.0,1.0,False,3,0,226,1131989,1.0,0.013100436681222707,0.02586206896551724,0.0,0.9868995633187773,3,9,3,5,0,3,0,3,3,1,0.012406125664710999,0.012406125664710999,0.012406125664710999,8.609584655612707,8.621990781277418,1.0,,,,,,,,
Theia Case 3,all,shared_context,time_rerank,64,infeasible_mandatory,,,87,,,,False,,,,,,,,,,,,,,,,,,,,,,,,,,,,,,,,,
Theia Case 3,all,shared_context,time_rerank,256,ok,256,34,87,3,1.0,0.9765625,False,227,29,2,1131960,0.88671875,0.9912663755458515,0.9360824742268041,2.56186235025252e-05,0.008733624454148471,8,9,5,5,0,34,0,3,3,1,0.29545218870043755,0.29545218870043755,0.29545218870043755,2.5400055572390556,2.835457745939493,,,,,,,,,
Theia Case 3,all,shared_context,time_rerank,1024,ok,1024,786,87,3,1.0,0.9931640625,False,227,797,2,1131192,0.2216796875,0.9912663755458515,0.36233040702314445,0.0007040704459142271,0.008733624454148471,8,9,5,5,0,653,133,3,3,3,0.2904738634824753,0.2904491424560547,0.29347970336675644,2.5400055572390556,2.830479420721531,,,,,,,,,
Theia Case 3,all,shared_context,time_rerank,4096,ok,4096,3572,87,3,1.0,0.998291015625,False,227,3869,2,1128120,0.055419921875,0.9912663755458515,0.10497109826589596,0.0034178777355610345,0.008733624454148471,8,9,5,5,0,3402,170,3,3,1,0.29083969071507454,0.29083969071507454,0.29083969071507454,2.5400055572390556,2.83084524795413,,,,,,,,,
Theia Case 3,all,shared_context,temporal_top,64,infeasible_mandatory,,,87,,,,False,,,,,,,,,,,,,,,,,,,,,,,,,,,,,,,,,
Theia Case 3,all,shared_context,temporal_top,256,ok,256,33,87,3,1.0,0.97265625,False,227,29,2,1131960,0.88671875,0.9912663755458515,0.9360824742268041,2.56186235025252e-05,0.008733624454148471,8,9,5,5,0,33,0,3,3,1,0.3036530315876007,0.3036530315876007,0.3036530315876007,3.269617833197117,3.5732708647847176,,,,,,,,,
Theia Case 3,all,shared_context,temporal_top,1024,ok,1024,786,87,3,1.0,0.9931640625,False,227,797,2,1131192,0.2216796875,0.9912663755458515,0.36233040702314445,0.0007040704459142271,0.008733624454148471,8,9,5,5,0,653,133,3,3,3,0.2908865921199322,0.2905822657048702,0.29165833070874214,3.269617833197117,3.560504425317049,,,,,,,,,
Theia Case 3,all,shared_context,temporal_top,4096,ok,4096,3572,87,3,1.0,0.998291015625,False,227,3869,2,1128120,0.055419921875,0.9912663755458515,0.10497109826589596,0.0034178777355610345,0.008733624454148471,8,9,5,5,0,3402,170,3,3,1,0.2915363274514675,0.2915363274514675,0.2915363274514675,3.269617833197117,3.5611541606485844,,,,,,,,,
Theia Case 3,all,shared_context,temporal_nofreq,64,infeasible_mandatory,,,87,,,,False,,,,,,,,,,,,,,,,,,,,,,,,,,,,,,,,,
Theia Case 3,all,shared_context,temporal_nofreq,256,ok,256,38,87,3,1.0,0.98046875,False,222,34,7,1131955,0.8671875,0.9694323144104804,0.9154639175257732,3.0035627554684718e-05,0.03056768558951965,5,9,4,5,0,37,1,3,3,1,0.29044124856591225,0.29044124856591225,0.29044124856591225,1.5477952621877193,1.8382365107536316,,,,,,,,,
Theia Case 3,all,shared_context,temporal_nofreq,1024,ok,1024,785,87,2,1.0,0.9931640625,False,229,795,0,1131194,0.2236328125,1.0,0.3655227454110136,0.0007023036442933633,0.0,9,9,5,5,0,661,124,3,3,3,0.29062917828559875,0.2904496118426323,0.2942115217447281,1.5477952621877193,1.838424440473318,,,,,,,,,
Theia Case 3,all,shared_context,temporal_nofreq,4096,ok,4096,3603,87,2,1.0,0.998291015625,False,229,3867,0,1128122,0.055908203125,1.0,0.10589595375722544,0.003416110933940171,0.0,9,9,5,5,0,3371,232,3,3,1,0.29412076994776726,0.29412076994776726,0.29412076994776726,1.5477952621877193,1.8419160321354866,,,,,,,,,
Theia Case 3,all,shared_context,temporal_nocontrast,64,infeasible_mandatory,,,87,,,,False,,,,,,,,,,,,,,,,,,,,,,,,,,,,,,,,,
Theia Case 3,all,shared_context,temporal_nocontrast,256,ok,256,22,87,2,1.0,0.99609375,False,221,35,8,1131954,0.86328125,0.9650655021834061,0.911340206185567,3.0919028365116625e-05,0.034934497816593885,4,9,3,5,0,21,1,3,3,1,0.2910274527966976,0.2910274527966976,0.2910274527966976,2.812124475836754,3.1031519286334515,,,,,,,,,
Theia Case 3,all,shared_context,temporal_nocontrast,1024,ok,1024,103,87,1,1.0,0.9814453125,False,229,795,0,1131194,0.2236328125,1.0,0.3655227454110136,0.0007023036442933633,0.0,9,9,5,5,0,102,1,3,3,3,0.2903483062982559,0.29032302275300026,0.29038622602820396,2.812124475836754,3.1024727821350098,,,,,,,,,
Theia Case 3,all,shared_context,temporal_nocontrast,4096,ok,4096,103,87,1,1.0,0.995361328125,False,229,3867,0,1128122,0.055908203125,1.0,0.10589595375722544,0.003416110933940171,0.0,9,9,5,5,0,102,1,3,3,1,0.29098911955952644,0.29098911955952644,0.29098911955952644,2.812124475836754,3.1031135953962803,,,,,,,,,
Theia Case 3,all,shared_context,temporal_short,64,infeasible_mandatory,,,87,,,,False,,,,,,,,,,,,,,,,,,,,,,,,,,,,,,,,,
Theia Case 3,all,shared_context,temporal_short,256,ok,256,34,87,2,1.0,0.9765625,False,229,27,0,1131962,0.89453125,1.0,0.9443298969072165,2.3851821881661394e-05,0.0,9,9,5,5,0,33,1,3,3,1,0.30130717158317566,0.30130717158317566,0.30130717158317566,3.3259762674570084,3.627283439040184,,,,,,,,,
Theia Case 3,all,shared_context,temporal_short,1024,ok,1024,666,87,1,1.0,0.9345703125,False,229,795,0,1131194,0.2236328125,1.0,0.3655227454110136,0.0007023036442933633,0.0,9,9,5,5,0,581,85,3,3,3,0.29175327345728874,0.29113998636603355,0.2930166535079479,3.3259762674570084,3.617729540914297,,,,,,,,,
Theia Case 3,all,shared_context,temporal_short,4096,ok,4096,3484,87,1,1.0,0.983642578125,False,229,3867,0,1128122,0.055908203125,1.0,0.10589595375722544,0.003416110933940171,0.0,9,9,5,5,0,3295,189,3,3,1,0.291456013917923,0.291456013917923,0.291456013917923,3.3259762674570084,3.6174322813749313,,,,,,,,,
Theia Case 3,all,shared_context,temporal_long,64,infeasible_mandatory,,,87,,,,False,,,,,,,,,,,,,,,,,,,,,,,,,,,,,,,,,
Theia Case 3,all,shared_context,temporal_long,256,ok,256,35,87,3,1.0,0.99609375,False,224,32,5,1131957,0.875,0.9781659388646288,0.9237113402061856,2.8268825933820913e-05,0.021834061135371178,6,9,4,5,0,34,1,3,3,1,0.2914542146027088,0.2914542146027088,0.2914542146027088,3.321448866277933,3.612903080880642,,,,,,,,,
Theia Case 3,all,shared_context,temporal_long,1024,ok,1024,772,87,3,1.0,0.9990234375,False,225,799,4,1131190,0.2197265625,0.982532751091703,0.35913806863527536,0.0007058372475350909,0.017467248908296942,7,9,5,5,0,646,126,3,3,3,0.2910083383321762,0.28945622220635414,0.2941667214035988,3.321448866277933,3.6124572046101093,,,,,,,,,
Theia Case 3,all,shared_context,temporal_long,4096,ok,4096,3560,87,3,1.0,0.999755859375,False,225,3871,4,1128118,0.054931640625,0.982532751091703,0.10404624277456648,0.0034196445371818983,0.017467248908296942,7,9,5,5,0,3389,171,3,3,1,0.289733175188303,0.289733175188303,0.289733175188303,3.321448866277933,3.611182041466236,,,,,,,,,
Theia Case 3,all,shared_context,plain_ppr,64,infeasible_mandatory,,,87,,,,False,,,,,,,,,,,,,,,,,,,,,,,,,,,,,,,,,
Theia Case 3,all,shared_context,plain_ppr,256,ok,256,21,87,2,1.0,0.99609375,False,83,173,146,1131816,0.32421875,0.3624454148471616,0.3422680412371134,0.0001528283402047193,0.6375545851528385,4,9,3,5,0,16,5,3,3,1,0.23165691643953323,0.23165691643953323,0.23165691643953323,0.5855296738445759,0.8171865902841091,,,,,,,,,
Theia Case 3,all,shared_context,plain_ppr,1024,ok,1024,35,87,1,1.0,0.9990234375,False,83,941,146,1131048,0.0810546875,0.3624454148471616,0.13248204309656825,0.0008312801626164212,0.6375545851528385,4,9,3,5,0,22,13,3,3,3,0.2314634658396244,0.23088347911834717,0.23177635669708252,0.5855296738445759,0.8169931396842003,,,,,,,,,
Theia Case 3,all,shared_context,plain_ppr,4096,ok,4096,39,87,1,1.0,0.999755859375,False,83,4013,146,1127976,0.020263671875,0.3624454148471616,0.03838150289017341,0.0035450874522632288,0.6375545851528385,4,9,3,5,0,22,17,3,3,1,0.2324090525507927,0.2324090525507927,0.2324090525507927,0.5855296738445759,0.8179387263953686,,,,,,,,,
Theia Case 3,all,shared_context,heat_kernel,64,infeasible_mandatory,,,87,,,,False,,,,,,,,,,,,,,,,,,,,,,,,,,,,,,,,,
Theia Case 3,all,shared_context,heat_kernel,256,ok,256,19,87,3,1.0,1.0,False,83,173,146,1131816,0.32421875,0.3624454148471616,0.3422680412371134,0.0001528283402047193,0.6375545851528385,4,9,3,5,0,7,12,3,3,1,0.235061164945364,0.235061164945364,0.235061164945364,0.17081286385655403,0.40587402880191803,,,,,,,,,
Theia Case 3,all,shared_context,heat_kernel,1024,ok,1024,21,87,2,1.0,1.0,False,83,941,146,1131048,0.0810546875,0.3624454148471616,0.13248204309656825,0.0008312801626164212,0.6375545851528385,4,9,3,5,0,7,14,3,3,3,0.23110542446374893,0.23093043640255928,0.23200293257832527,0.17081286385655403,0.40191828832030296,,,,,,,,,
Theia Case 3,all,shared_context,heat_kernel,4096,ok,4096,25,87,2,1.0,1.0,False,83,4013,146,1127976,0.020263671875,0.3624454148471616,0.03838150289017341,0.0035450874522632288,0.6375545851528385,4,9,3,5,0,7,18,3,3,1,0.23877055570483208,0.23877055570483208,0.23877055570483208,0.17081286385655403,0.4095834195613861,,,,,,,,,
Theia Case 3,all,shared_context,relation_stratified,64,infeasible_mandatory,,,87,,,,False,,,,,,,,,,,,,,,,,,,,,,,,,,,,,,,,,
Theia Case 3,all,shared_context,relation_stratified,256,ok,256,136,87,6,0.91796875,0.69140625,False,86,170,143,1131819,0.3359375,0.37554585152838427,0.354639175257732,0.00015017813777342358,0.6244541484716157,7,9,5,5,0,102,34,3,3,1,0.24637623131275177,0.24637623131275177,0.24637623131275177,2.522327907383442,2.7687041386961937,,,,,,,,,
Theia Case 3,all,shared_context,relation_stratified,1024,ok,1024,604,87,5,0.9345703125,0.6259765625,False,89,935,140,1131054,0.0869140625,0.388646288209607,0.1420590582601756,0.0008259797577538297,0.611353711790393,8,9,5,5,0,540,64,3,3,3,0.2441704273223877,0.24405612424016,0.2447461187839508,2.522327907383442,2.7664983347058296,,,,,,,,,
Theia Case 3,all,shared_context,relation_stratified,4096,ok,4096,1890,87,3,0.968017578125,0.812744140625,False,228,3868,1,1128121,0.0556640625,0.9956331877729258,0.1054335260115607,0.0034169943347506027,0.004366812227074236,9,9,5,5,0,1673,217,3,3,1,0.2476998157799244,0.2476998157799244,0.2476998157799244,2.522327907383442,2.7700277231633663,,,,,,,,,
Theia Case 3,all,shared_context,temporal_episode,64,infeasible_mandatory,,,87,,,,False,,,,,,,,,,,,,,,,,,,,,,,,,,,,,,,,,
Theia Case 3,all,shared_context,temporal_episode,256,ok,256,34,87,3,1.0,1.0,False,227,29,2,1131960,0.88671875,0.9912663755458515,0.9360824742268041,2.56186235025252e-05,0.008733624454148471,8,9,5,5,0,34,0,3,3,1,0.4462372846901417,0.4462372846901417,0.4462372846901417,3.269617833197117,3.7158551178872585,,,,,,,,,
Theia Case 3,all,shared_context,temporal_episode,1024,ok,1024,667,87,3,1.0,1.0,False,227,797,2,1131192,0.2216796875,0.9912663755458515,0.36233040702314445,0.0007040704459142271,0.008733624454148471,8,9,5,5,0,666,1,3,3,3,0.4546041749417782,0.4515051320195198,0.4583008922636509,3.269617833197117,3.724222008138895,,,,,,,,,
Theia Case 3,all,shared_context,temporal_episode,4096,ok,4096,3407,87,3,1.0,1.0,False,227,3869,2,1128120,0.055419921875,0.9912663755458515,0.10497109826589596,0.0034178777355610345,0.008733624454148471,8,9,5,5,0,3406,1,3,3,1,0.46498848497867584,0.46498848497867584,0.46498848497867584,3.269617833197117,3.7346063181757927,,,,,,,,,
Theia Case 3,all,shared_context,temporal_pcst,64,infeasible_mandatory,,,87,,,,False,,,,,,,,,,,,,,,,,,,,,,,,,,,,,,,,,
Theia Case 3,all,shared_context,temporal_pcst,256,ok,87,8,87,3,1.0,1.0,False,83,4,146,1131985,0.9540229885057471,0.3624454148471616,0.5253164556962026,3.533603241727614e-06,0.6375545851528385,4,9,3,5,0,7,1,3,3,1,0.013137556612491608,0.013137556612491608,0.013137556612491608,8.609584655612707,8.622722212225199,1.0,,,,,,,,
Theia Case 3,all,shared_context,temporal_pcst,1024,ok,87,8,87,3,1.0,1.0,False,83,4,146,1131985,0.9540229885057471,0.3624454148471616,0.5253164556962026,3.533603241727614e-06,0.6375545851528385,4,9,3,5,0,7,1,3,3,1,0.0130234956741333,0.0130234956741333,0.0130234956741333,8.609584655612707,8.62260815128684,1.0,,,,,,,,
Theia Case 3,all,shared_context,temporal_pcst,4096,ok,87,8,87,3,1.0,1.0,False,83,4,146,1131985,0.9540229885057471,0.3624454148471616,0.5253164556962026,3.533603241727614e-06,0.6375545851528385,4,9,3,5,0,7,1,3,3,1,0.012909866869449615,0.012909866869449615,0.012909866869449615,8.609584655612707,8.622494522482157,1.0,,,,,,,,
Theia Case 3,drop-0,poi_only,time_rerank,1024,ok,1024,995,2,2,1.0,0.9931640625,False,8,1016,221,1130973,0.0078125,0.034934497816593885,0.012769353551476457,0.000897535223398814,0.9650655021834061,6,9,4,5,0,834,161,2,2,1,0.2883312366902828,0.2883312366902828,0.2883312366902828,2.4115736335515976,2.6999048702418804,,,,,,,,,
Theia Case 3,drop-0,poi_only,temporal_top,1024,ok,1024,995,2,2,1.0,0.9931640625,False,8,1016,221,1130973,0.0078125,0.034934497816593885,0.012769353551476457,0.000897535223398814,0.9650655021834061,6,9,4,5,0,834,161,2,2,1,0.28574010729789734,0.28574010729789734,0.28574010729789734,2.7630411498248577,3.048781257122755,,,,,,,,,
Theia Case 3,drop-0,shared_context,time_rerank,1024,ok,1024,995,2,2,1.0,0.9931640625,False,8,1016,221,1130973,0.0078125,0.034934497816593885,0.012769353551476457,0.000897535223398814,0.9650655021834061,6,9,4,5,0,834,161,2,2,1,0.2887359522283077,0.2887359522283077,0.2887359522283077,2.4115736335515976,2.7003095857799053,,,,,,,,,
Theia Case 3,drop-0,shared_context,temporal_top,1024,ok,1024,995,2,2,1.0,0.9931640625,False,8,1016,221,1130973,0.0078125,0.034934497816593885,0.012769353551476457,0.000897535223398814,0.9650655021834061,6,9,4,5,0,834,161,2,2,1,0.28612634167075157,0.28612634167075157,0.28612634167075157,2.7630411498248577,3.0491674914956093,,,,,,,,,
Theia Case 3,drop-1,poi_only,time_rerank,1024,ok,1024,786,2,2,1.0,0.994140625,False,226,798,3,1131191,0.220703125,0.9868995633187773,0.3607342378292099,0.0007049538467246589,0.013100436681222707,7,9,4,5,0,651,135,2,2,1,0.28692110255360603,0.28692110255360603,0.28692110255360603,2.381582759320736,2.668503861874342,,,,,,,,,
Theia Case 3,drop-1,poi_only,temporal_top,1024,ok,1024,786,2,2,1.0,0.994140625,False,226,798,3,1131191,0.220703125,0.9868995633187773,0.3607342378292099,0.0007049538467246589,0.013100436681222707,7,9,4,5,0,652,134,2,2,1,0.2822114787995815,0.2822114787995815,0.2822114787995815,2.7765078768134117,3.0587193556129932,,,,,,,,,
Theia Case 3,drop-1,shared_context,time_rerank,1024,ok,1024,786,86,2,1.0,0.994140625,False,226,798,3,1131191,0.220703125,0.9868995633187773,0.3607342378292099,0.0007049538467246589,0.013100436681222707,7,9,4,5,0,652,134,2,2,1,0.28083502128720284,0.28083502128720284,0.28083502128720284,2.381582759320736,2.6624177806079388,,,,,,,,,
Theia Case 3,drop-1,shared_context,temporal_top,1024,ok,1024,786,86,2,1.0,0.994140625,False,226,798,3,1131191,0.220703125,0.9868995633187773,0.3607342378292099,0.0007049538467246589,0.013100436681222707,7,9,4,5,0,652,134,2,2,1,0.2808442749083042,0.2808442749083042,0.2808442749083042,2.7765078768134117,3.057352151721716,,,,,,,,,
Theia Case 3,drop-2,poi_only,time_rerank,1024,ok,1024,274,2,1,1.0,0.8740234375,False,222,802,7,1131187,0.216796875,0.9694323144104804,0.35434956105347165,0.0007084874499663866,0.03056768558951965,4,9,2,5,0,273,1,2,2,1,0.2906971052289009,0.2906971052289009,0.2906971052289009,2.3649415597319603,2.655638664960861,,,,,,,,,
Theia Case 3,drop-2,poi_only,temporal_top,1024,ok,1024,268,2,1,1.0,0.80859375,False,222,802,7,1131187,0.216796875,0.9694323144104804,0.35434956105347165,0.0007084874499663866,0.03056768558951965,4,9,2,5,0,267,1,2,2,1,0.2834719978272915,0.2834719978272915,0.2834719978272915,2.7450036592781544,3.028475657105446,,,,,,,,,
Theia Case 3,drop-2,shared_context,time_rerank,1024,ok,1024,274,86,1,1.0,0.8740234375,False,222,802,7,1131187,0.216796875,0.9694323144104804,0.35434956105347165,0.0007084874499663866,0.03056768558951965,4,9,2,5,0,273,1,2,2,1,0.28306764736771584,0.28306764736771584,0.28306764736771584,2.3649415597319603,2.648009207099676,,,,,,,,,
Theia Case 3,drop-2,shared_context,temporal_top,1024,ok,1024,268,86,1,1.0,0.80859375,False,222,802,7,1131187,0.216796875,0.9694323144104804,0.35434956105347165,0.0007084874499663866,0.03056768558951965,4,9,2,5,0,267,1,2,2,1,0.2827264778316021,0.2827264778316021,0.2827264778316021,2.7450036592781544,3.0277301371097565,,,,,,,,,
Theia Case 3,all,poi_only,typed_temporal,64,ok,64,,3,6,0.765625,0.65625,False,11,53,218,1131936,0.171875,0.048034934497816595,0.07508532423208192,4.682024295289089e-05,0.9519650655021834,7,9,5,5,0,41,8,3,3,1,0.30518731102347374,0.30518731102347374,0.30518731102347374,3.4802022874355316,3.7853895984590054,,,True,,,,,,
Theia Case 3,all,poi_only,typed_temporal,256,ok,256,,3,7,0.7265625,0.515625,False,24,232,205,1131757,0.09375,0.10480349344978165,0.09896907216494845,0.0002049489880202016,0.8951965065502183,8,9,5,5,0,158,10,3,3,1,0.3038816712796688,0.3038816712796688,0.3038816712796688,3.4802022874355316,3.7840839587152004,,,True,,,,,,
Theia Case 3,all,poi_only,typed_temporal,1024,ok,1024,,3,6,0.9306640625,0.595703125,False,67,957,162,1131032,0.0654296875,0.2925764192139738,0.10694333599361533,0.0008454145755833316,0.7074235807860262,8,9,5,5,0,532,19,3,3,3,0.3034426122903824,0.3020920678973198,0.30517885461449623,3.4802022874355316,3.783644899725914,,,True,,,,,,
Theia Case 3,all,poi_only,typed_temporal,4096,ok,4096,,3,4,0.968017578125,0.7880859375,False,229,3867,0,1128122,0.055908203125,1.0,0.10589595375722544,0.003416110933940171,0.0,9,9,5,5,0,1749,59,3,3,1,0.3130081556737423,0.3130081556737423,0.3130081556737423,3.4802022874355316,3.793210443109274,,,True,,,,,,
Theia Case 3,all,poi_only,typed_nofreq,64,ok,64,,3,6,0.765625,0.671875,False,11,53,218,1131936,0.171875,0.048034934497816595,0.07508532423208192,4.682024295289089e-05,0.9519650655021834,7,9,5,5,0,40,10,3,3,1,0.3031904473900795,0.3031904473900795,0.3031904473900795,1.5463941730558872,1.8495846204459667,,,True,,,,,,
Theia Case 3,all,poi_only,typed_nofreq,256,ok,256,,3,6,0.7265625,0.58984375,False,24,232,205,1131757,0.09375,0.10480349344978165,0.09896907216494845,0.0002049489880202016,0.8951965065502183,8,9,5,5,0,160,14,3,3,1,0.30314280837774277,0.30314280837774277,0.30314280837774277,1.5463941730558872,1.84953698143363,,,True,,,,,,
Theia Case 3,all,poi_only,typed_nofreq,1024,ok,1024,,3,5,0.935546875,0.671875,False,67,957,162,1131032,0.0654296875,0.2925764192139738,0.10694333599361533,0.0008454145755833316,0.7074235807860262,8,9,5,5,0,541,22,3,3,3,0.3043709360063076,0.30279624089598656,0.30452491343021393,1.5463941730558872,1.8507651090621948,,,True,,,,,,
Theia Case 3,all,poi_only,typed_nofreq,4096,ok,4096,,3,4,0.968017578125,0.810791015625,False,229,3867,0,1128122,0.055908203125,1.0,0.10589595375722544,0.003416110933940171,0.0,9,9,5,5,0,1782,61,3,3,1,0.310835313051939,0.310835313051939,0.310835313051939,1.5463941730558872,1.8572294861078262,,,True,,,,,,
Theia Case 3,all,poi_only,typed_nocontrast,64,ok,64,,3,2,0.984375,0.8125,False,8,56,221,1131933,0.125,0.034934497816593885,0.05460750853242321,4.9470445384186596e-05,0.9650655021834061,5,9,4,5,0,30,11,3,3,1,0.3033285215497017,0.3033285215497017,0.3033285215497017,2.8623184710741043,3.165646992623806,,,True,,,,,,
Theia Case 3,all,poi_only,typed_nocontrast,256,ok,256,,3,3,0.9765625,0.73828125,False,24,232,205,1131757,0.09375,0.10480349344978165,0.09896907216494845,0.0002049489880202016,0.8951965065502183,8,9,5,5,0,112,11,3,3,1,0.3026784099638462,0.3026784099638462,0.3026784099638462,2.8623184710741043,3.1649968810379505,,,True,,,,,,
Theia Case 3,all,poi_only,typed_nocontrast,1024,ok,1024,,3,3,0.9541015625,0.7314453125,False,67,957,162,1131032,0.0654296875,0.2925764192139738,0.10694333599361533,0.0008454145755833316,0.7074235807860262,8,9,5,5,0,346,13,3,3,3,0.3043133318424225,0.3041994795203209,0.31271470338106155,2.8623184710741043,3.166631802916527,,,True,,,,,,
Theia Case 3,all,poi_only,typed_nocontrast,4096,ok,4096,,3,3,0.97216796875,0.869384765625,False,227,3869,2,1128120,0.055419921875,0.9912663755458515,0.10497109826589596,0.0034178777355610345,0.008733624454148471,8,9,5,5,0,1078,19,3,3,1,0.30740831792354584,0.30740831792354584,0.30740831792354584,2.8623184710741043,3.16972678899765,,,True,,,,,,
Theia Case 3,all,poi_only,typed_short,64,ok,64,,3,6,0.796875,0.671875,False,12,52,217,1131937,0.1875,0.05240174672489083,0.08191126279863481,4.593684214245898e-05,0.9475982532751092,8,9,5,5,0,43,8,3,3,1,0.30465131625533104,0.30465131625533104,0.30465131625533104,3.3648126013576984,3.6694639176130295,,,True,,,,,,
Theia Case 3,all,poi_only,typed_short,256,ok,256,,3,7,0.75,0.578125,False,24,232,205,1131757,0.09375,0.10480349344978165,0.09896907216494845,0.0002049489880202016,0.8951965065502183,8,9,5,5,0,165,11,3,3,1,0.30330459028482437,0.30330459028482437,0.30330459028482437,3.3648126013576984,3.668117191642523,,,True,,,,,,
Theia Case 3,all,poi_only,typed_short,1024,ok,1024,,3,5,0.9521484375,0.7470703125,False,67,957,162,1131032,0.0654296875,0.2925764192139738,0.10694333599361533,0.0008454145755833316,0.7074235807860262,8,9,5,5,0,555,20,3,3,3,0.3069971054792404,0.3042869009077549,0.3096054010093212,3.3648126013576984,3.671809706836939,,,True,,,,,,
Theia Case 3,all,poi_only,typed_short,4096,ok,4096,,3,3,0.97216796875,0.841796875,False,229,3867,0,1128122,0.055908203125,1.0,0.10589595375722544,0.003416110933940171,0.0,9,9,5,5,0,1774,61,3,3,1,0.31328824535012245,0.31328824535012245,0.31328824535012245,3.3648126013576984,3.678100846707821,,,True,,,,,,
Theia Case 3,all,poi_only,typed_long,64,ok,64,,3,8,0.703125,0.640625,False,11,53,218,1131936,0.171875,0.048034934497816595,0.07508532423208192,4.682024295289089e-05,0.9519650655021834,7,9,5,5,0,42,7,3,3,1,0.31244535744190216,0.31244535744190216,0.31244535744190216,3.386725377291441,3.699170734733343,,,True,,,,,,
Theia Case 3,all,poi_only,typed_long,256,ok,256,,3,6,0.88671875,0.58203125,False,22,234,207,1131755,0.0859375,0.09606986899563319,0.09072164948453608,0.00020671578964106543,0.9039301310043668,7,9,5,5,0,150,9,3,3,1,0.30449582263827324,0.30449582263827324,0.30449582263827324,3.386725377291441,3.691221199929714,,,True,,,,,,
Theia Case 3,all,poi_only,typed_long,1024,ok,1024,,3,7,0.9287109375,0.5849609375,False,67,957,162,1131032,0.0654296875,0.2925764192139738,0.10694333599361533,0.0008454145755833316,0.7074235807860262,8,9,5,5,0,548,22,3,3,3,0.3104659356176853,0.3082984685897827,0.31059133261442184,3.386725377291441,3.6971913129091263,,,True,,,,,,
Theia Case 3,all,poi_only,typed_long,4096,ok,4096,,3,3,0.96826171875,0.839111328125,False,229,3867,0,1128122,0.055908203125,1.0,0.10589595375722544,0.003416110933940171,0.0,9,9,5,5,0,1786,53,3,3,1,0.30902885645627975,0.30902885645627975,0.30902885645627975,3.386725377291441,3.6957542337477207,,,True,,,,,,
Theia Case 3,all,poi_only,time_only,64,ok,64,,3,2,0.96875,0.671875,False,7,57,222,1131932,0.109375,0.03056768558951965,0.04778156996587031,5.0353846194618496e-05,0.9694323144104804,5,9,3,5,0,47,5,3,3,1,0.3006909601390362,0.3006909601390362,0.3006909601390362,0.016704261302947998,0.3173952214419842,,,True,,,,,,
Theia Case 3,all,poi_only,time_only,256,ok,256,,3,2,0.9921875,0.87890625,False,33,223,196,1131766,0.12890625,0.14410480349344978,0.1360824742268041,0.00019699838072631448,0.8558951965065502,5,9,3,5,0,84,23,3,3,1,0.298300389200449,0.298300389200449,0.298300389200449,0.016704261302947998,0.315004650503397,,,True,,,,,,
Theia Case 3,all,poi_only,time_only,1024,ok,1024,,3,2,0.998046875,0.9560546875,False,187,837,42,1131152,0.1826171875,0.8165938864628821,0.29848363926576216,0.0007394064783315033,0.18340611353711792,8,9,4,5,0,173,42,3,3,3,0.29710209369659424,0.2963505685329437,0.29713625088334084,0.016704261302947998,0.31380635499954224,,,True,,,,,,
Theia Case 3,all,poi_only,time_only,4096,ok,4096,,3,2,0.99951171875,0.97412109375,False,228,3868,1,1128121,0.0556640625,0.9956331877729258,0.1054335260115607,0.0034169943347506027,0.004366812227074236,8,9,4,5,0,375,96,3,3,1,0.2961312048137188,0.2961312048137188,0.2961312048137188,0.016704261302947998,0.3128354661166668,,,True,,,,,,
Theia Case 3,all,poi_only,typed_time_only,64,ok,64,,3,4,0.921875,0.59375,False,8,56,221,1131933,0.125,0.034934497816593885,0.05460750853242321,4.9470445384186596e-05,0.9650655021834061,6,9,4,5,0,39,15,3,3,1,0.30154428258538246,0.30154428258538246,0.30154428258538246,0.016704261302947998,0.31824854388833046,,,True,,,,,,
Theia Case 3,all,poi_only,typed_time_only,256,ok,256,,3,4,0.92578125,0.640625,False,16,240,213,1131749,0.0625,0.06986899563318777,0.06597938144329897,0.00021201619450365684,0.9301310043668122,7,9,4,5,0,137,29,3,3,1,0.30318184569478035,0.30318184569478035,0.30318184569478035,0.016704261302947998,0.31988610699772835,,,True,,,,,,
Theia Case 3,all,poi_only,typed_time_only,1024,ok,1024,,3,2,0.998046875,0.7421875,False,33,991,196,1130998,0.0322265625,0.14410480349344978,0.052673583399840386,0.0008754502031380163,0.8558951965065502,7,9,4,5,0,443,67,3,3,3,0.3033762648701668,0.301990520209074,0.3044535927474499,0.016704261302947998,0.3200805261731148,,,True,,,,,,
Theia Case 3,all,poi_only,typed_time_only,4096,ok,4096,,3,4,0.99560546875,0.755126953125,False,107,3989,122,1128000,0.026123046875,0.4672489082969432,0.04947976878612717,0.003523885832812863,0.5327510917030568,8,9,4,5,0,1526,128,3,3,1,0.31053300201892853,0.31053300201892853,0.31053300201892853,0.016704261302947998,0.3272372633218765,,,True,,,,,,
Theia Case 3,all,poi_only,degree_ppr,64,ok,64,,3,3,1.0,0.953125,False,53,11,176,1131978,0.828125,0.2314410480349345,0.36177474402730375,9.717408914750939e-06,0.7685589519650655,5,9,4,5,0,15,1,3,3,1,0.24045106396079063,0.24045106396079063,0.24045106396079063,0.6025625765323639,0.8430136404931545,,,True,,,,,,
Theia Case 3,all,poi_only,degree_ppr,256,ok,256,,3,3,1.0,0.9765625,False,224,32,5,1131957,0.875,0.9781659388646288,0.9237113402061856,2.8268825933820913e-05,0.021834061135371178,6,9,4,5,0,37,0,3,3,1,0.2311437539756298,0.2311437539756298,0.2311437539756298,0.6025625765323639,0.8337063305079937,,,True,,,,,,
Theia Case 3,all,poi_only,degree_ppr,1024,ok,1024,,3,1,1.0,0.8447265625,False,224,800,5,1131189,0.21875,0.9781659388646288,0.3575418994413408,0.0007067206483455228,0.021834061135371178,6,9,4,5,0,406,0,3,3,3,0.23187965154647827,0.23122046142816544,0.2385125458240509,0.6025625765323639,0.8344422280788422,,,True,,,,,,
Theia Case 3,all,poi_only,degree_ppr,4096,ok,4096,,3,1,1.0,0.9208984375,False,224,3872,5,1128117,0.0546875,0.9781659388646288,0.10358381502890174,0.00342052793799233,0.021834061135371178,6,9,4,5,0,1004,10,3,3,1,0.2310100980103016,0.2310100980103016,0.2310100980103016,0.6025625765323639,0.8335726745426655,,,True,,,,,,
Theia Case 3,all,poi_only,degree_heat,64,ok,64,,3,3,1.0,0.96875,False,55,9,174,1131980,0.859375,0.24017467248908297,0.37542662116040953,7.950607293887131e-06,0.759825327510917,5,9,4,5,0,13,1,3,3,1,0.23512693494558334,0.23512693494558334,0.23512693494558334,0.17585735023021698,0.4109842851758003,,,True,,,,,,
Theia Case 3,all,poi_only,degree_heat,256,ok,256,,3,3,1.0,0.9765625,False,224,32,5,1131957,0.875,0.9781659388646288,0.9237113402061856,2.8268825933820913e-05,0.021834061135371178,6,9,4,5,0,37,0,3,3,1,0.2322167307138443,0.2322167307138443,0.2322167307138443,0.17585735023021698,0.4080740809440613,,,True,,,,,,
Theia Case 3,all,poi_only,degree_heat,1024,ok,1024,,3,1,1.0,0.9208984375,False,224,800,5,1131189,0.21875,0.9781659388646288,0.3575418994413408,0.0007067206483455228,0.021834061135371178,6,9,4,5,0,432,6,3,3,3,0.23204119876027107,0.23202510923147202,0.23398616909980774,0.17585735023021698,0.40789854899048805,,,True,,,,,,
Theia Case 3,all,poi_only,degree_heat,4096,ok,4096,,3,1,1.0,0.994140625,False,224,3872,5,1128117,0.0546875,0.9781659388646288,0.10358381502890174,0.00342052793799233,0.021834061135371178,6,9,4,5,0,1088,11,3,3,1,0.3227575123310089,0.3227575123310089,0.3227575123310089,0.17585735023021698,0.4986148625612259,,,True,,,,,,
Theia Case 3,all,shared_context,typed_temporal,64,infeasible_mandatory,,,87,,,,False,,,,,,,,,,,,,,,,,,,,,,,,,,,True,,,,,,
Theia Case 3,all,shared_context,typed_temporal,256,ok,256,,87,6,0.80078125,0.6875,False,89,167,140,1131822,0.34765625,0.388646288209607,0.3670103092783505,0.00014752793534212789,0.611353711790393,8,9,5,5,0,115,11,3,3,1,0.3049902394413948,0.3049902394413948,0.3049902394413948,3.4802022874355316,3.7851925268769264,,,True,,,,,,
Theia Case 3,all,shared_context,typed_temporal,1024,ok,1024,,87,6,0.9326171875,0.6044921875,False,89,935,140,1131054,0.0869140625,0.388646288209607,0.1420590582601756,0.0008259797577538297,0.611353711790393,8,9,5,5,0,517,20,3,3,3,0.3079203851521015,0.3057646416127682,0.39727940037846565,3.4802022874355316,3.788122672587633,,,True,,,,,,
Theia Case 3,all,shared_context,typed_temporal,4096,ok,4096,,87,4,0.968017578125,0.7880859375,False,229,3867,0,1128122,0.055908203125,1.0,0.10589595375722544,0.003416110933940171,0.0,9,9,5,5,0,1749,59,3,3,1,0.3118556775152683,0.3118556775152683,0.3118556775152683,3.4802022874355316,3.7920579649508,,,True,,,,,,
Theia Case 3,all,shared_context,typed_nofreq,64,infeasible_mandatory,,,87,,,,False,,,,,,,,,,,,,,,,,,,,,,,,,,,True,,,,,,
Theia Case 3,all,shared_context,typed_nofreq,256,ok,256,,87,5,0.8046875,0.71875,False,89,167,140,1131822,0.34765625,0.388646288209607,0.3670103092783505,0.00014752793534212789,0.611353711790393,8,9,5,5,0,119,11,3,3,1,0.30385754629969597,0.30385754629969597,0.30385754629969597,1.5463941730558872,1.8502517193555832,,,True,,,,,,
Theia Case 3,all,shared_context,typed_nofreq,1024,ok,1024,,87,4,0.9404296875,0.6826171875,False,89,935,140,1131054,0.0869140625,0.388646288209607,0.1420590582601756,0.0008259797577538297,0.611353711790393,8,9,5,5,0,527,23,3,3,3,0.3039368838071823,0.3026535287499428,0.30714159831404686,1.5463941730558872,1.8503310568630695,,,True,,,,,,
Theia Case 3,all,shared_context,typed_nofreq,4096,ok,4096,,87,4,0.968017578125,0.810791015625,False,229,3867,0,1128122,0.055908203125,1.0,0.10589595375722544,0.003416110933940171,0.0,9,9,5,5,0,1782,61,3,3,1,0.3181518539786339,0.3181518539786339,0.3181518539786339,1.5463941730558872,1.864546027034521,,,True,,,,,,
Theia Case 3,all,shared_context,typed_nocontrast,64,infeasible_mandatory,,,87,,,,False,,,,,,,,,,,,,,,,,,,,,,,,,,,True,,,,,,
Theia Case 3,all,shared_context,typed_nocontrast,256,ok,256,,87,1,1.0,0.828125,False,89,167,140,1131822,0.34765625,0.388646288209607,0.3670103092783505,0.00014752793534212789,0.611353711790393,8,9,5,5,0,83,10,3,3,1,0.3041672967374325,0.3041672967374325,0.3041672967374325,2.8623184710741043,3.166485767811537,,,True,,,,,,
Theia Case 3,all,shared_context,typed_nocontrast,1024,ok,1024,,87,3,0.9560546875,0.7392578125,False,89,935,140,1131054,0.0869140625,0.388646288209607,0.1420590582601756,0.0008259797577538297,0.611353711790393,8,9,5,5,0,340,13,3,3,3,0.30526283755898476,0.30309852957725525,0.3083086535334587,2.8623184710741043,3.167581308633089,,,True,,,,,,
Theia Case 3,all,shared_context,typed_nocontrast,4096,ok,4096,,87,3,0.97216796875,0.869384765625,False,227,3869,2,1128120,0.055419921875,0.9912663755458515,0.10497109826589596,0.0034178777355610345,0.008733624454148471,8,9,5,5,0,1078,19,3,3,1,0.30848801881074905,0.30848801881074905,0.30848801881074905,2.8623184710741043,3.1708064898848534,,,True,,,,,,
Theia Case 3,all,shared_context,typed_short,64,infeasible_mandatory,,,87,,,,False,,,,,,,,,,,,,,,,,,,,,,,,,,,True,,,,,,
Theia Case 3,all,shared_context,typed_short,256,ok,256,,87,6,0.82421875,0.7109375,False,89,167,140,1131822,0.34765625,0.388646288209607,0.3670103092783505,0.00014752793534212789,0.611353711790393,8,9,5,5,0,123,8,3,3,1,0.3031552992761135,0.3031552992761135,0.3031552992761135,3.3648126013576984,3.667967900633812,,,True,,,,,,
Theia Case 3,all,shared_context,typed_short,1024,ok,1024,,87,4,0.955078125,0.7490234375,False,89,935,140,1131054,0.0869140625,0.388646288209607,0.1420590582601756,0.0008259797577538297,0.611353711790393,8,9,5,5,0,541,22,3,3,3,0.30434805527329445,0.30396007746458054,0.3100706525146961,3.3648126013576984,3.669160656630993,,,True,,,,,,
Theia Case 3,all,shared_context,typed_short,4096,ok,4096,,87,3,0.97216796875,0.841796875,False,229,3867,0,1128122,0.055908203125,1.0,0.10589595375722544,0.003416110933940171,0.0,9,9,5,5,0,1774,61,3,3,1,0.3083081506192684,0.3083081506192684,0.3083081506192684,3.3648126013576984,3.673120751976967,,,True,,,,,,
Theia Case 3,all,shared_context,typed_long,64,infeasible_mandatory,,,87,,,,False,,,,,,,,,,,,,,,,,,,,,,,,,,,True,,,,,,
Theia Case 3,all,shared_context,typed_long,256,ok,256,,87,5,0.91796875,0.703125,False,87,169,142,1131820,0.33984375,0.3799126637554585,0.35876288659793815,0.0001492947369629917,0.6200873362445415,7,9,5,5,0,111,8,3,3,1,0.3029273562133312,0.3029273562133312,0.3029273562133312,3.386725377291441,3.689652733504772,,,True,,,,,,
Theia Case 3,all,shared_context,typed_long,1024,ok,1024,,87,7,0.931640625,0.59375,False,89,935,140,1131054,0.0869140625,0.388646288209607,0.1420590582601756,0.0008259797577538297,0.611353711790393,8,9,5,5,0,540,23,3,3,3,0.3055458962917328,0.30521296709775925,0.3078404814004898,3.386725377291441,3.6922712735831738,,,True,,,,,,
Theia Case 3,all,shared_context,typed_long,4096,ok,4096,,87,3,0.96826171875,0.839111328125,False,229,3867,0,1128122,0.055908203125,1.0,0.10589595375722544,0.003416110933940171,0.0,9,9,5,5,0,1786,53,3,3,1,0.3088950403034687,0.3088950403034687,0.3088950403034687,3.386725377291441,3.6956204175949097,,,True,,,,,,
Theia Case 3,all,shared_context,time_only,64,infeasible_mandatory,,,87,,,,False,,,,,,,,,,,,,,,,,,,,,,,,,,,True,,,,,,
Theia Case 3,all,shared_context,time_only,256,ok,256,,87,2,0.9921875,0.89453125,False,85,171,144,1131818,0.33203125,0.37117903930131,0.35051546391752575,0.0001510615385838555,0.62882096069869,5,9,3,5,0,87,22,3,3,1,0.2990898825228214,0.2990898825228214,0.2990898825228214,0.016704261302947998,0.3157941438257694,,,True,,,,,,
Theia Case 3,all,shared_context,time_only,1024,ok,1024,,87,2,0.998046875,0.95703125,False,188,836,41,1131153,0.18359375,0.8209606986899564,0.30007980845969673,0.0007385230775210713,0.17903930131004367,8,9,4,5,0,176,42,3,3,3,0.2987087443470955,0.29840170592069626,0.3060206398367882,0.016704261302947998,0.3154130056500435,,,True,,,,,,
Theia Case 3,all,shared_context,time_only,4096,ok,4096,,87,2,0.99951171875,0.97412109375,False,228,3868,1,1128121,0.0556640625,0.9956331877729258,0.1054335260115607,0.0034169943347506027,0.004366812227074236,8,9,4,5,0,375,96,3,3,1,0.2983366623520851,0.2983366623520851,0.2983366623520851,0.016704261302947998,0.3150409236550331,,,True,,,,,,
Theia Case 3,all,shared_context,typed_time_only,64,infeasible_mandatory,,,87,,,,False,,,,,,,,,,,,,,,,,,,,,,,,,,,True,,,,,,
Theia Case 3,all,shared_context,typed_time_only,256,ok,256,,87,5,0.93359375,0.75390625,False,87,169,142,1131820,0.33984375,0.3799126637554585,0.35876288659793815,0.0001492947369629917,0.6200873362445415,7,9,4,5,0,108,25,3,3,1,0.3008478172123432,0.3008478172123432,0.3008478172123432,0.016704261302947998,0.3175520785152912,,,True,,,,,,
Theia Case 3,all,shared_context,typed_time_only,1024,ok,1024,,87,2,0.998046875,0.7353515625,False,88,936,141,1131053,0.0859375,0.38427947598253276,0.14046288906624102,0.0008268631585642617,0.6157205240174672,7,9,4,5,0,435,63,3,3,3,0.3070437163114548,0.3053847514092922,0.31701142340898514,0.016704261302947998,0.32374797761440277,,,True,,,,,,
Theia Case 3,all,shared_context,typed_time_only,4096,ok,4096,,87,4,0.99560546875,0.755126953125,False,109,3987,120,1128002,0.026611328125,0.4759825327510917,0.05040462427745665,0.0035221190311919993,0.5240174672489083,8,9,4,5,0,1526,128,3,3,1,0.31162385269999504,0.31162385269999504,0.31162385269999504,0.016704261302947998,0.32832811400294304,,,True,,,,,,
Theia Case 3,all,shared_context,degree_ppr,64,infeasible_mandatory,,,87,,,,False,,,,,,,,,,,,,,,,,,,,,,,,,,,True,,,,,,
Theia Case 3,all,shared_context,degree_ppr,256,ok,256,,87,3,1.0,0.9765625,False,223,33,6,1131956,0.87109375,0.9737991266375546,0.9195876288659793,2.9152226744252814e-05,0.026200873362445413,6,9,4,5,0,37,1,3,3,1,0.2380361147224903,0.2380361147224903,0.2380361147224903,0.6025625765323639,0.8405986912548542,,,True,,,,,,
Theia Case 3,all,shared_context,degree_ppr,1024,ok,1024,,87,1,1.0,0.8447265625,False,224,800,5,1131189,0.21875,0.9781659388646288,0.3575418994413408,0.0007067206483455228,0.021834061135371178,6,9,4,5,0,406,0,3,3,3,0.23511072248220444,0.23363760113716125,0.23653065413236618,0.6025625765323639,0.8376732990145683,,,True,,,,,,
Theia Case 3,all,shared_context,degree_ppr,4096,ok,4096,,87,1,1.0,0.9208984375,False,224,3872,5,1128117,0.0546875,0.9781659388646288,0.10358381502890174,0.00342052793799233,0.021834061135371178,6,9,4,5,0,1004,10,3,3,1,0.23464101180434227,0.23464101180434227,0.23464101180434227,0.6025625765323639,0.8372035883367062,,,True,,,,,,
Theia Case 3,all,shared_context,degree_heat,64,infeasible_mandatory,,,87,,,,False,,,,,,,,,,,,,,,,,,,,,,,,,,,True,,,,,,
Theia Case 3,all,shared_context,degree_heat,256,ok,256,,87,3,1.0,0.9765625,False,223,33,6,1131956,0.87109375,0.9737991266375546,0.9195876288659793,2.9152226744252814e-05,0.026200873362445413,6,9,4,5,0,37,1,3,3,1,0.23953285068273544,0.23953285068273544,0.23953285068273544,0.17585735023021698,0.4153902009129524,,,True,,,,,,
Theia Case 3,all,shared_context,degree_heat,1024,ok,1024,,87,1,1.0,0.9208984375,False,224,800,5,1131189,0.21875,0.9781659388646288,0.3575418994413408,0.0007067206483455228,0.021834061135371178,6,9,4,5,0,432,6,3,3,3,0.23170778527855873,0.2313341349363327,0.2323191687464714,0.17585735023021698,0.4075651355087757,,,True,,,,,,
Theia Case 3,all,shared_context,degree_heat,4096,ok,4096,,87,1,1.0,0.994140625,False,224,3872,5,1128117,0.0546875,0.9781659388646288,0.10358381502890174,0.00342052793799233,0.021834061135371178,6,9,4,5,0,1088,11,3,3,1,0.2385760098695755,0.2385760098695755,0.2385760098695755,0.17585735023021698,0.4144333600997925,,,True,,,,,,
Theia Case 3,drop-0,poi_only,typed_temporal,1024,ok,1024,,2,5,0.93359375,0.5732421875,False,11,1013,218,1130976,0.0107421875,0.048034934497816595,0.017557861133280128,0.0008948850209675182,0.9519650655021834,8,9,5,5,0,537,21,2,2,1,0.3086055964231491,0.3086055964231491,0.3086055964231491,2.8442054353654385,3.1528110317885876,,,True,,,,,,
Theia Case 3,drop-0,poi_only,time_only,1024,ok,1024,,2,2,0.998046875,0.6240234375,False,9,1015,220,1130974,0.0087890625,0.039301310043668124,0.014365522745411013,0.000896651822588382,0.9606986899563319,6,9,3,5,0,318,32,2,2,1,0.29627934098243713,0.29627934098243713,0.29627934098243713,0.014423996210098267,0.3107033371925354,,,True,,,,,,
Theia Case 3,drop-0,poi_only,typed_time_only,1024,ok,1024,,2,3,0.9423828125,0.3154296875,False,9,1015,220,1130974,0.0087890625,0.039301310043668124,0.014365522745411013,0.000896651822588382,0.9606986899563319,6,9,3,5,0,507,50,2,2,1,0.30411190167069435,0.30411190167069435,0.30411190167069435,0.014423996210098267,0.3185358978807926,,,True,,,,,,
Theia Case 3,drop-0,shared_context,typed_temporal,1024,ok,1024,,2,5,0.93359375,0.5732421875,False,11,1013,218,1130976,0.0107421875,0.048034934497816595,0.017557861133280128,0.0008948850209675182,0.9519650655021834,8,9,5,5,0,537,21,2,2,1,0.30561941862106323,0.30561941862106323,0.30561941862106323,2.8442054353654385,3.1498248539865017,,,True,,,,,,
Theia Case 3,drop-0,shared_context,time_only,1024,ok,1024,,2,2,0.998046875,0.6240234375,False,9,1015,220,1130974,0.0087890625,0.039301310043668124,0.014365522745411013,0.000896651822588382,0.9606986899563319,6,9,3,5,0,318,32,2,2,1,0.295109111815691,0.295109111815691,0.295109111815691,0.014423996210098267,0.30953310802578926,,,True,,,,,,
Theia Case 3,drop-0,shared_context,typed_time_only,1024,ok,1024,,2,3,0.9423828125,0.3154296875,False,9,1015,220,1130974,0.0087890625,0.039301310043668124,0.014365522745411013,0.000896651822588382,0.9606986899563319,6,9,3,5,0,507,50,2,2,1,0.3062025234103203,0.3062025234103203,0.3062025234103203,0.014423996210098267,0.32062651962041855,,,True,,,,,,
Theia Case 3,drop-1,poi_only,typed_temporal,1024,ok,1024,,2,4,0.9345703125,0.6669921875,False,64,960,165,1131029,0.0625,0.2794759825327511,0.10215482841181166,0.0008480647780146274,0.7205240174672489,6,9,4,5,0,535,26,2,2,1,0.3102807477116585,0.3102807477116585,0.3102807477116585,2.8585509918630123,3.168831739574671,,,True,,,,,,
Theia Case 3,drop-1,poi_only,time_only,1024,ok,1024,,2,1,1.0,0.9443359375,False,196,828,33,1131161,0.19140625,0.8558951965065502,0.3128491620111732,0.000731455871037616,0.14410480349344978,6,9,3,5,0,158,39,2,2,1,0.2995329722762108,0.2995329722762108,0.2995329722762108,0.013885468244552612,0.3134184405207634,,,True,,,,,,
Theia Case 3,drop-1,poi_only,typed_time_only,1024,ok,1024,,2,4,0.990234375,0.7060546875,False,30,994,199,1130995,0.029296875,0.13100436681222707,0.047885075818036714,0.0008781004055693121,0.868995633187773,5,9,3,5,0,444,65,2,2,1,0.30574407055974007,0.30574407055974007,0.30574407055974007,0.013885468244552612,0.3196295388042927,,,True,,,,,,
Theia Case 3,drop-1,shared_context,typed_temporal,1024,ok,1024,,86,5,0.935546875,0.6728515625,False,86,938,143,1131051,0.083984375,0.37554585152838427,0.1372705506783719,0.0008286299601851255,0.6244541484716157,6,9,4,5,0,523,28,2,2,1,0.30330296978354454,0.30330296978354454,0.30330296978354454,2.8585509918630123,3.161853961646557,,,True,,,,,,
Theia Case 3,drop-1,shared_context,time_only,1024,ok,1024,,86,1,1.0,0.9482421875,False,196,828,33,1131161,0.19140625,0.8558951965065502,0.3128491620111732,0.000731455871037616,0.14410480349344978,6,9,3,5,0,161,39,2,2,1,0.29714901745319366,0.29714901745319366,0.29714901745319366,0.013885468244552612,0.3110344856977463,,,True,,,,,,
Theia Case 3,drop-1,shared_context,typed_time_only,1024,ok,1024,,86,4,0.9912109375,0.705078125,False,85,939,144,1131050,0.0830078125,0.37117903930131,0.13567438148443736,0.0008295133609955574,0.62882096069869,5,9,3,5,0,434,63,2,2,1,0.30121850967407227,0.30121850967407227,0.30121850967407227,0.013885468244552612,0.3151039779186249,,,True,,,,,,
Theia Case 3,drop-2,poi_only,typed_temporal,1024,ok,1024,,2,3,0.9541015625,0.6572265625,False,62,962,167,1131027,0.060546875,0.27074235807860264,0.09896249002394254,0.0008498315796354912,0.7292576419213974,4,9,2,5,0,492,10,2,2,1,0.2997739650309086,0.2997739650309086,0.2997739650309086,2.8473574072122574,3.147131372243166,,,True,,,,,,
Theia Case 3,drop-2,poi_only,time_only,1024,ok,1024,,2,2,0.998046875,0.98046875,False,222,802,7,1131187,0.216796875,0.9694323144104804,0.35434956105347165,0.0007084874499663866,0.03056768558951965,4,9,2,5,0,114,38,2,2,1,0.285116720944643,0.285116720944643,0.285116720944643,0.01278611645102501,0.29790283739566803,,,True,,,,,,
Theia Case 3,drop-2,poi_only,typed_time_only,1024,ok,1024,,2,4,0.99609375,0.8046875,False,29,995,200,1130994,0.0283203125,0.12663755458515283,0.04628890662410216,0.000878983806379744,0.8733624454148472,4,9,2,5,0,414,60,2,2,1,0.2955152951180935,0.2955152951180935,0.2955152951180935,0.01278611645102501,0.3083014115691185,,,True,,,,,,
Theia Case 3,drop-2,shared_context,typed_temporal,1024,ok,1024,,86,3,0.9560546875,0.6591796875,False,84,940,145,1131049,0.08203125,0.36681222707423583,0.1340782122905028,0.0008303967618059892,0.6331877729257642,4,9,2,5,0,482,9,2,2,1,0.29827673733234406,0.29827673733234406,0.29827673733234406,2.8473574072122574,3.1456341445446014,,,True,,,,,,
Theia Case 3,drop-2,shared_context,time_only,1024,ok,1024,,86,2,0.998046875,0.9814453125,False,222,802,7,1131187,0.216796875,0.9694323144104804,0.35434956105347165,0.0007084874499663866,0.03056768558951965,4,9,2,5,0,116,38,2,2,1,0.28648777678608894,0.28648777678608894,0.28648777678608894,0.01278611645102501,0.29927389323711395,,,True,,,,,,
Theia Case 3,drop-2,shared_context,typed_time_only,1024,ok,1024,,86,3,0.9970703125,0.8115234375,False,84,940,145,1131049,0.08203125,0.36681222707423583,0.1340782122905028,0.0008303967618059892,0.6331877729257642,4,9,2,5,0,408,55,2,2,1,0.2971811480820179,0.2971811480820179,0.2971811480820179,0.01278611645102501,0.3099672645330429,,,True,,,,,,
Theia Case 3,all,poi_only,temporal_portfolio,64,ok,64,,3,6,0.8125,0.78125,,22,42,207,1131947,0.34375,0.09606986899563319,0.15017064846416384,3.710283403813995e-05,0.9039301310043668,7,9,5,5,0,36,6,3,3,1,0.597761869430542,0.597761869430542,0.597761869430542,3.2451281137764454,3.8428899832069874,,,,True,,,,,
Theia Case 3,all,poi_only,temporal_portfolio,256,ok,256,,3,6,0.83984375,0.75390625,,119,137,110,1131852,0.46484375,0.519650655021834,0.49072164948453606,0.00012102591102917078,0.48034934497816595,8,9,5,5,0,96,11,3,3,1,0.594750951975584,0.594750951975584,0.594750951975584,3.2451281137764454,3.8398790657520294,,,,True,,,,,
Theia Case 3,all,poi_only,temporal_portfolio,1024,ok,1024,,3,8,0.8212890625,0.720703125,,229,795,0,1131194,0.2236328125,1.0,0.3655227454110136,0.0007023036442933633,0.0,9,9,5,5,0,525,55,3,3,3,0.5997816286981106,0.5971051640808582,0.6076843924820423,3.2451281137764454,3.844909742474556,,,,True,,,,,
Theia Case 3,all,poi_only,temporal_portfolio,4096,ok,4096,,3,5,0.967041015625,0.81103515625,,229,3867,0,1128122,0.055908203125,1.0,0.10589595375722544,0.003416110933940171,0.0,9,9,5,5,0,2502,241,3,3,1,0.5982227437198162,0.5982227437198162,0.5982227437198162,3.2451281137764454,3.8433508574962616,,,,True,,,,,
Theia Case 3,all,poi_only,static_portfolio,64,ok,64,,3,6,0.8125,0.78125,,19,45,210,1131944,0.296875,0.08296943231441048,0.1296928327645051,3.9753036469435657e-05,0.9170305676855895,6,9,5,5,0,37,10,3,3,1,0.4876550994813442,0.4876550994813442,0.4876550994813442,2.5614276863634586,3.049082785844803,,,,True,,,,,
Theia Case 3,all,poi_only,static_portfolio,256,ok,256,,3,6,0.921875,0.76171875,,115,141,114,1131848,0.44921875,0.5021834061135371,0.4742268041237113,0.00012455951427089838,0.4978165938864629,6,9,5,5,0,86,30,3,3,1,0.4814055301249027,0.4814055301249027,0.4814055301249027,2.5614276863634586,3.0428332164883614,,,,True,,,,,
Theia Case 3,all,poi_only,static_portfolio,1024,ok,1024,,3,7,0.9326171875,0.7353515625,,225,799,4,1131190,0.2197265625,0.982532751091703,0.35913806863527536,0.0007058372475350909,0.017467248908296942,7,9,5,5,0,499,97,3,3,3,0.49008258432149887,0.4890102259814739,0.49350567907094955,2.5614276863634586,3.0515102706849575,,,,True,,,,,
Theia Case 3,all,poi_only,static_portfolio,4096,ok,4096,,3,4,0.967041015625,0.807373046875,,227,3869,2,1128120,0.055419921875,0.9912663755458515,0.10497109826589596,0.0034178777355610345,0.008733624454148471,8,9,5,5,0,2224,564,3,3,1,0.4899769350886345,0.4899769350886345,0.4899769350886345,2.5614276863634586,3.051404621452093,,,,True,,,,,
Theia Case 3,all,poi_only,rerank_portfolio,64,ok,64,,3,6,0.8125,0.78125,,22,42,207,1131947,0.34375,0.09606986899563319,0.15017064846416384,3.710283403813995e-05,0.9039301310043668,7,9,5,5,0,36,6,3,3,1,0.5988791175186634,0.5988791175186634,0.5988791175186634,2.580031171441078,3.1789102889597416,,,,True,,,,,
Theia Case 3,all,poi_only,rerank_portfolio,256,ok,256,,3,9,0.82421875,0.7421875,,118,138,111,1131851,0.4609375,0.5152838427947598,0.4865979381443299,0.00012190931183960268,0.4847161572052402,7,9,5,5,0,94,10,3,3,1,0.5983395427465439,0.5983395427465439,0.5983395427465439,2.580031171441078,3.178370714187622,,,,True,,,,,
Theia Case 3,all,poi_only,rerank_portfolio,1024,ok,1024,,3,8,0.8154296875,0.7041015625,,229,795,0,1131194,0.2236328125,1.0,0.3655227454110136,0.0007023036442933633,0.0,9,9,5,5,0,533,51,3,3,3,0.598042193800211,0.5959235168993473,0.5985629111528397,2.580031171441078,3.178073365241289,,,,True,,,,,
Theia Case 3,all,poi_only,rerank_portfolio,4096,ok,4096,,3,4,0.967041015625,0.844482421875,,229,3867,0,1128122,0.055908203125,1.0,0.10589595375722544,0.003416110933940171,0.0,9,9,5,5,0,2483,243,3,3,1,0.6056738160550594,0.6056738160550594,0.6056738160550594,2.580031171441078,3.1857049874961376,,,,True,,,,,
Theia Case 3,all,poi_only,portfolio_quarter,64,ok,64,,3,6,0.765625,0.65625,,11,53,218,1131936,0.171875,0.048034934497816595,0.07508532423208192,4.682024295289089e-05,0.9519650655021834,7,9,5,5,0,42,7,3,3,1,0.5976612158119678,0.5976612158119678,0.5976612158119678,3.2451281137764454,3.8427893295884132,,,,True,,,,,
Theia Case 3,all,poi_only,portfolio_quarter,256,ok,256,,3,7,0.76171875,0.59765625,,56,200,173,1131789,0.21875,0.2445414847161572,0.2309278350515464,0.0001766801620863807,0.7554585152838428,8,9,5,5,0,136,11,3,3,1,0.5959368571639061,0.5959368571639061,0.5959368571639061,3.2451281137764454,3.8410649709403515,,,,True,,,,,
Theia Case 3,all,poi_only,portfolio_quarter,1024,ok,1024,,3,7,0.802734375,0.6083984375,,229,795,0,1131194,0.2236328125,1.0,0.3655227454110136,0.0007023036442933633,0.0,9,9,5,5,0,444,23,3,3,3,0.6028214730322361,0.5989558063447475,0.6143014617264271,3.2451281137764454,3.8479495868086815,,,,True,,,,,
Theia Case 3,all,poi_only,portfolio_quarter,4096,ok,4096,,3,4,0.968017578125,0.814453125,,229,3867,0,1128122,0.055908203125,1.0,0.10589595375722544,0.003416110933940171,0.0,9,9,5,5,0,1986,145,3,3,1,0.6023994535207748,0.6023994535207748,0.6023994535207748,3.2451281137764454,3.8475275672972202,,,,True,,,,,
Theia Case 3,all,poi_only,portfolio_three_quarters,64,ok,64,,3,6,0.90625,0.890625,,36,28,193,1131961,0.5625,0.1572052401746725,0.24573378839590443,2.4735222692093298e-05,0.8427947598253275,6,9,4,5,0,25,8,3,3,1,0.5970716774463654,0.5970716774463654,0.5970716774463654,3.2451281137764454,3.8421997912228107,,,,True,,,,,
Theia Case 3,all,poi_only,portfolio_three_quarters,256,ok,256,,3,7,0.91796875,0.8828125,,182,74,47,1131915,0.7109375,0.7947598253275109,0.7505154639175258,6.537165997196087e-05,0.2052401746724891,7,9,5,5,0,57,7,3,3,1,0.5957422889769077,0.5957422889769077,0.5957422889769077,3.2451281137764454,3.840870402753353,,,,True,,,,,
Theia Case 3,all,poi_only,portfolio_three_quarters,1024,ok,1024,,3,8,0.908203125,0.85546875,,229,795,0,1131194,0.2236328125,1.0,0.3655227454110136,0.0007023036442933633,0.0,9,9,5,5,0,597,98,3,3,3,0.6003888994455338,0.5959715433418751,0.602638266980648,3.2451281137764454,3.845517013221979,,,,True,,,,,
Theia Case 3,all,poi_only,portfolio_three_quarters,4096,ok,4096,,3,4,0.981201171875,0.91357421875,,229,3867,0,1128122,0.055908203125,1.0,0.10589595375722544,0.003416110933940171,0.0,9,9,5,5,0,2970,251,3,3,1,0.6030883677303791,0.6030883677303791,0.6030883677303791,3.2451281137764454,3.8482164815068245,,,,True,,,,,
Theia Case 3,all,shared_context,temporal_portfolio,64,infeasible_mandatory,,,87,,,,,,,,,,,,,,,,,,,,,,,,,,,,,,,,True,,,,,
Theia Case 3,all,shared_context,temporal_portfolio,256,ok,256,,87,6,0.83984375,0.75390625,,118,138,111,1131851,0.4609375,0.5152838427947598,0.4865979381443299,0.00012190931183960268,0.4847161572052402,8,9,5,5,0,97,11,3,3,1,0.6042505726218224,0.6042505726218224,0.6042505726218224,3.2451281137764454,3.8493786863982677,,,,True,,,,,
Theia Case 3,all,shared_context,temporal_portfolio,1024,ok,1024,,87,8,0.8212890625,0.7197265625,,229,795,0,1131194,0.2236328125,1.0,0.3655227454110136,0.0007023036442933633,0.0,9,9,5,5,0,524,56,3,3,3,0.6029854752123356,0.5957843475043774,0.6033851318061352,3.2451281137764454,3.848113588988781,,,,True,,,,,
Theia Case 3,all,shared_context,temporal_portfolio,4096,ok,4096,,87,5,0.967041015625,0.810791015625,,229,3867,0,1128122,0.055908203125,1.0,0.10589595375722544,0.003416110933940171,0.0,9,9,5,5,0,2501,241,3,3,1,0.595734991133213,0.595734991133213,0.595734991133213,3.2451281137764454,3.8408631049096584,,,,True,,,,,
Theia Case 3,all,shared_context,static_portfolio,64,infeasible_mandatory,,,87,,,,,,,,,,,,,,,,,,,,,,,,,,,,,,,,True,,,,,
Theia Case 3,all,shared_context,static_portfolio,256,ok,256,,87,6,0.921875,0.76953125,,114,142,115,1131847,0.4453125,0.4978165938864629,0.47010309278350515,0.0001254429150813303,0.5021834061135371,6,9,5,5,0,87,30,3,3,1,0.47911467403173447,0.47911467403173447,0.47911467403173447,2.5614276863634586,3.040542360395193,,,,True,,,,,
Theia Case 3,all,shared_context,static_portfolio,1024,ok,1024,,87,7,0.9326171875,0.734375,,225,799,4,1131190,0.2197265625,0.982532751091703,0.35913806863527536,0.0007058372475350909,0.017467248908296942,7,9,5,5,0,500,97,3,3,3,0.50283183157444,0.4887474551796913,0.5075257755815983,2.5614276863634586,3.0642595179378986,,,,True,,,,,
Theia Case 3,all,shared_context,static_portfolio,4096,ok,4096,,87,4,0.967041015625,0.80712890625,,227,3869,2,1128120,0.055419921875,0.9912663755458515,0.10497109826589596,0.0034178777355610345,0.008733624454148471,8,9,5,5,0,2223,564,3,3,1,0.49913112819194794,0.49913112819194794,0.49913112819194794,2.5614276863634586,3.0605588145554066,,,,True,,,,,
Theia Case 3,all,shared_context,rerank_portfolio,64,infeasible_mandatory,,,87,,,,,,,,,,,,,,,,,,,,,,,,,,,,,,,,True,,,,,
Theia Case 3,all,shared_context,rerank_portfolio,256,ok,256,,87,9,0.82421875,0.73828125,,117,139,112,1131850,0.45703125,0.5109170305676856,0.4824742268041237,0.0001227927126500346,0.4890829694323144,7,9,5,5,0,94,10,3,3,1,0.6109520085155964,0.6109520085155964,0.6109520085155964,2.580031171441078,3.1909831799566746,,,,True,,,,,
Theia Case 3,all,shared_context,rerank_portfolio,1024,ok,1024,,87,8,0.814453125,0.703125,,229,795,0,1131194,0.2236328125,1.0,0.3655227454110136,0.0007023036442933633,0.0,9,9,5,5,0,532,51,3,3,3,0.5937348082661629,0.5927377678453922,0.5972277000546455,2.580031171441078,3.173765979707241,,,,True,,,,,
Theia Case 3,all,shared_context,rerank_portfolio,4096,ok,4096,,87,4,0.967041015625,0.844482421875,,229,3867,0,1128122,0.055908203125,1.0,0.10589595375722544,0.003416110933940171,0.0,9,9,5,5,0,2483,243,3,3,1,0.5967478975653648,0.5967478975653648,0.5967478975653648,2.580031171441078,3.176779069006443,,,,True,,,,,
Theia Case 3,all,shared_context,portfolio_quarter,64,infeasible_mandatory,,,87,,,,,,,,,,,,,,,,,,,,,,,,,,,,,,,,True,,,,,
Theia Case 3,all,shared_context,portfolio_quarter,256,ok,256,,87,6,0.80078125,0.6875,,89,167,140,1131822,0.34765625,0.388646288209607,0.3670103092783505,0.00014752793534212789,0.611353711790393,8,9,5,5,0,115,11,3,3,1,0.5946541205048561,0.5946541205048561,0.5946541205048561,3.2451281137764454,3.8397822342813015,,,,True,,,,,
Theia Case 3,all,shared_context,portfolio_quarter,1024,ok,1024,,87,7,0.802734375,0.6083984375,,229,795,0,1131194,0.2236328125,1.0,0.3655227454110136,0.0007023036442933633,0.0,9,9,5,5,0,444,23,3,3,3,0.5940119810402393,0.594004187732935,0.596951387822628,3.2451281137764454,3.8391400948166847,,,,True,,,,,
Theia Case 3,all,shared_context,portfolio_quarter,4096,ok,4096,,87,4,0.968017578125,0.814453125,,229,3867,0,1128122,0.055908203125,1.0,0.10589595375722544,0.003416110933940171,0.0,9,9,5,5,0,1986,144,3,3,1,0.5981883071362972,0.5981883071362972,0.5981883071362972,3.2451281137764454,3.8433164209127426,,,,True,,,,,
Theia Case 3,all,shared_context,portfolio_three_quarters,64,infeasible_mandatory,,,87,,,,,,,,,,,,,,,,,,,,,,,,,,,,,,,,True,,,,,
Theia Case 3,all,shared_context,portfolio_three_quarters,256,ok,256,,87,7,0.91796875,0.8828125,,181,75,48,1131914,0.70703125,0.7903930131004366,0.7463917525773196,6.625506078239276e-05,0.2096069868995633,7,9,5,5,0,58,7,3,3,1,0.6043541766703129,0.6043541766703129,0.6043541766703129,3.2451281137764454,3.8494822904467583,,,,True,,,,,
Theia Case 3,all,shared_context,portfolio_three_quarters,1024,ok,1024,,87,8,0.908203125,0.8544921875,,229,795,0,1131194,0.2236328125,1.0,0.3655227454110136,0.0007023036442933633,0.0,9,9,5,5,0,598,97,3,3,3,0.6040936671197414,0.6012308076024055,0.6838425099849701,3.2451281137764454,3.849221780896187,,,,True,,,,,
Theia Case 3,all,shared_context,portfolio_three_quarters,4096,ok,4096,,87,4,0.98095703125,0.913330078125,,229,3867,0,1128122,0.055908203125,1.0,0.10589595375722544,0.003416110933940171,0.0,9,9,5,5,0,2970,251,3,3,1,0.5961490720510483,0.5961490720510483,0.5961490720510483,3.2451281137764454,3.8412771858274937,,,,True,,,,,
Theia Case 3,drop-0,poi_only,temporal_portfolio,1024,ok,1024,,2,8,0.8310546875,0.697265625,,11,1013,218,1130976,0.0107421875,0.048034934497816595,0.017557861133280128,0.0008948850209675182,0.9519650655021834,8,9,5,5,0,683,97,2,2,1,0.5809932202100754,0.5809932202100754,0.5809932202100754,2.778159476816654,3.3591526970267296,,,,True,,,,,
Theia Case 3,drop-0,poi_only,static_portfolio,1024,ok,1024,,2,7,0.9296875,0.7529296875,,8,1016,221,1130973,0.0078125,0.034934497816593885,0.012769353551476457,0.000897535223398814,0.9650655021834061,7,9,5,5,0,655,152,2,2,1,0.4752840884029865,0.4752840884029865,0.4752840884029865,2.371450275182724,2.8467343635857105,,,,True,,,,,
Theia Case 3,drop-0,poi_only,rerank_portfolio,1024,ok,1024,,2,9,0.8212890625,0.6865234375,,11,1013,218,1130976,0.0107421875,0.048034934497816595,0.017557861133280128,0.0008948850209675182,0.9519650655021834,8,9,5,5,0,699,93,2,2,1,0.589114386588335,0.589114386588335,0.589114386588335,2.3849518336355686,2.9740662202239037,,,,True,,,,,
Theia Case 3,drop-0,shared_context,temporal_portfolio,1024,ok,1024,,2,8,0.8310546875,0.697265625,,11,1013,218,1130976,0.0107421875,0.048034934497816595,0.017557861133280128,0.0008948850209675182,0.9519650655021834,8,9,5,5,0,683,97,2,2,1,0.5912332199513912,0.5912332199513912,0.5912332199513912,2.778159476816654,3.3693926967680454,,,,True,,,,,
Theia Case 3,drop-0,shared_context,static_portfolio,1024,ok,1024,,2,7,0.9296875,0.7529296875,,8,1016,221,1130973,0.0078125,0.034934497816593885,0.012769353551476457,0.000897535223398814,0.9650655021834061,7,9,5,5,0,655,152,2,2,1,0.48021673783659935,0.48021673783659935,0.48021673783659935,2.371450275182724,2.8516670130193233,,,,True,,,,,
Theia Case 3,drop-0,shared_context,rerank_portfolio,1024,ok,1024,,2,9,0.8212890625,0.6865234375,,11,1013,218,1130976,0.0107421875,0.048034934497816595,0.017557861133280128,0.0008948850209675182,0.9519650655021834,8,9,5,5,0,699,93,2,2,1,0.5957614034414291,0.5957614034414291,0.5957614034414291,2.3849518336355686,2.9807132370769978,,,,True,,,,,
Theia Case 3,drop-1,poi_only,temporal_portfolio,1024,ok,1024,,2,7,0.955078125,0.7939453125,,226,798,3,1131191,0.220703125,0.9868995633187773,0.3607342378292099,0.0007049538467246589,0.013100436681222707,7,9,4,5,0,508,60,2,2,1,0.5844521783292294,0.5844521783292294,0.5844521783292294,2.7696812339127064,3.3541334122419357,,,,True,,,,,
Theia Case 3,drop-1,poi_only,static_portfolio,1024,ok,1024,,2,4,0.9736328125,0.7431640625,,224,800,5,1131189,0.21875,0.9781659388646288,0.3575418994413408,0.0007067206483455228,0.021834061135371178,6,9,4,5,0,524,116,2,2,1,0.46669017523527145,0.46669017523527145,0.46669017523527145,2.3446006178855896,2.811290793120861,,,,True,,,,,
Theia Case 3,drop-1,poi_only,rerank_portfolio,1024,ok,1024,,2,6,0.9580078125,0.7822265625,,226,798,3,1131191,0.220703125,0.9868995633187773,0.3607342378292099,0.0007049538467246589,0.013100436681222707,7,9,4,5,0,532,56,2,2,1,0.5737502127885818,0.5737502127885818,0.5737502127885818,2.3576566465198994,2.931406859308481,,,,True,,,,,
Theia Case 3,drop-1,shared_context,temporal_portfolio,1024,ok,1024,,86,7,0.955078125,0.7939453125,,226,798,3,1131191,0.220703125,0.9868995633187773,0.3607342378292099,0.0007049538467246589,0.013100436681222707,7,9,4,5,0,507,60,2,2,1,0.5811169445514679,0.5811169445514679,0.5811169445514679,2.7696812339127064,3.3507981784641743,,,,True,,,,,
Theia Case 3,drop-1,shared_context,static_portfolio,1024,ok,1024,,86,4,0.9736328125,0.7431640625,,224,800,5,1131189,0.21875,0.9781659388646288,0.3575418994413408,0.0007067206483455228,0.021834061135371178,6,9,4,5,0,524,116,2,2,1,0.4646284691989422,0.4646284691989422,0.4646284691989422,2.3446006178855896,2.809229087084532,,,,True,,,,,
Theia Case 3,drop-1,shared_context,rerank_portfolio,1024,ok,1024,,86,6,0.9580078125,0.7822265625,,226,798,3,1131191,0.220703125,0.9868995633187773,0.3607342378292099,0.0007049538467246589,0.013100436681222707,7,9,4,5,0,531,56,2,2,1,0.5774107053875923,0.5774107053875923,0.5774107053875923,2.3576566465198994,2.9350673519074917,,,,True,,,,,
Theia Case 3,drop-2,poi_only,temporal_portfolio,1024,ok,1024,,2,6,0.8359375,0.6669921875,,222,802,7,1131187,0.216796875,0.9694323144104804,0.35434956105347165,0.0007084874499663866,0.03056768558951965,4,9,2,5,0,405,7,2,2,1,0.5811759978532791,0.5811759978532791,0.5811759978532791,2.7651786729693413,3.3463546708226204,,,,True,,,,,
Theia Case 3,drop-2,poi_only,static_portfolio,1024,ok,1024,,2,4,0.94921875,0.7607421875,,222,802,7,1131187,0.216796875,0.9694323144104804,0.35434956105347165,0.0007084874499663866,0.03056768558951965,4,9,2,5,0,360,71,2,2,1,0.46544408053159714,0.46544408053159714,0.46544408053159714,2.369509231299162,2.834953311830759,,,,True,,,,,
Theia Case 3,drop-2,poi_only,rerank_portfolio,1024,ok,1024,,2,5,0.8232421875,0.6416015625,,222,802,7,1131187,0.216796875,0.9694323144104804,0.35434956105347165,0.0007084874499663866,0.03056768558951965,4,9,2,5,0,379,13,2,2,1,0.5749970749020576,0.5749970749020576,0.5749970749020576,2.383911971002817,2.958909045904875,,,,True,,,,,
Theia Case 3,drop-2,shared_context,temporal_portfolio,1024,ok,1024,,86,6,0.8359375,0.6669921875,,222,802,7,1131187,0.216796875,0.9694323144104804,0.35434956105347165,0.0007084874499663866,0.03056768558951965,4,9,2,5,0,405,7,2,2,1,0.5751904919743538,0.5751904919743538,0.5751904919743538,2.7651786729693413,3.340369164943695,,,,True,,,,,
Theia Case 3,drop-2,shared_context,static_portfolio,1024,ok,1024,,86,4,0.94921875,0.7607421875,,222,802,7,1131187,0.216796875,0.9694323144104804,0.35434956105347165,0.0007084874499663866,0.03056768558951965,4,9,2,5,0,360,71,2,2,1,0.47110744565725327,0.47110744565725327,0.47110744565725327,2.369509231299162,2.840616676956415,,,,True,,,,,
Theia Case 3,drop-2,shared_context,rerank_portfolio,1024,ok,1024,,86,5,0.8232421875,0.6416015625,,222,802,7,1131187,0.216796875,0.9694323144104804,0.35434956105347165,0.0007084874499663866,0.03056768558951965,4,9,2,5,0,379,13,2,2,1,0.5765476152300835,0.5765476152300835,0.5765476152300835,2.383911971002817,2.9604595862329006,,,,True,,,,,
Theia Case 3,all,poi_only,witness_temporal,64,ok,64,,3,2,1.0,1.0,,19,45,210,1131944,0.296875,0.08296943231441048,0.1296928327645051,3.9753036469435657e-05,0.9170305676855895,5,9,4,5,0,31,15,3,3,1,0.36996133625507355,0.36996133625507355,0.36996133625507355,3.3116243481636047,3.6815856844186783,,,,,True,,,,
Theia Case 3,all,poi_only,witness_temporal,256,ok,256,,3,1,1.0,1.0,,118,138,111,1131851,0.4609375,0.5152838427947598,0.4865979381443299,0.00012190931183960268,0.4847161572052402,7,9,5,5,0,90,20,3,3,1,0.3679099753499031,0.3679099753499031,0.3679099753499031,3.3116243481636047,3.679534323513508,,,,,True,,,,
Theia Case 3,all,poi_only,witness_temporal,1024,ok,1024,,3,1,1.0,1.0,,229,795,0,1131194,0.2236328125,1.0,0.3655227454110136,0.0007023036442933633,0.0,9,9,5,5,0,512,77,3,3,3,0.38401199132204056,0.3700064644217491,0.501030582934618,3.3116243481636047,3.6956363394856453,,,,,True,,,,
Theia Case 3,all,poi_only,witness_temporal,4096,ok,4096,,3,1,1.0,1.0,,229,3867,0,1128122,0.055908203125,1.0,0.10589595375722544,0.003416110933940171,0.0,9,9,5,5,0,2512,291,3,3,1,0.38410845398902893,0.38410845398902893,0.38410845398902893,3.3116243481636047,3.6957328021526337,,,,,True,,,,
Theia Case 3,all,poi_only,witness_static,64,ok,64,,3,2,1.0,1.0,,16,48,213,1131941,0.25,0.06986899563318777,0.10921501706484642,4.2403238900731365e-05,0.9301310043668122,5,9,4,5,0,34,16,3,3,1,0.340176485478878,0.340176485478878,0.340176485478878,2.5163238160312176,2.8565003015100956,,,,,True,,,,
Theia Case 3,all,poi_only,witness_static,256,ok,256,,3,1,1.0,1.0,,113,143,116,1131846,0.44140625,0.49344978165938863,0.465979381443299,0.0001263263158917622,0.5065502183406113,6,9,5,5,0,86,38,3,3,1,0.34738924354314804,0.34738924354314804,0.34738924354314804,2.5163238160312176,2.8637130595743656,,,,,True,,,,
Theia Case 3,all,poi_only,witness_static,1024,ok,1024,,3,1,1.0,1.0,,225,799,4,1131190,0.2197265625,0.982532751091703,0.35913806863527536,0.0007058372475350909,0.017467248908296942,7,9,5,5,0,489,118,3,3,3,0.35568489879369736,0.34161804616451263,0.3645649924874306,2.5163238160312176,2.872008714824915,,,,,True,,,,
Theia Case 3,all,poi_only,witness_static,4096,ok,4096,,3,1,1.0,1.0,,227,3869,2,1128120,0.055419921875,0.9912663755458515,0.10497109826589596,0.0034178777355610345,0.008733624454148471,8,9,5,5,0,2217,625,3,3,1,0.3707755245268345,0.3707755245268345,0.3707755245268345,2.5163238160312176,2.887099340558052,,,,,True,,,,
Theia Case 3,all,poi_only,witness_rerank,64,ok,64,,3,2,1.0,1.0,,20,44,209,1131945,0.3125,0.08733624454148471,0.13651877133105803,3.8869635659003756e-05,0.9126637554585153,6,9,4,5,0,31,15,3,3,1,0.3682444579899311,0.3682444579899311,0.3682444579899311,2.5352981351315975,2.9035425931215286,,,,,True,,,,
Theia Case 3,all,poi_only,witness_rerank,256,ok,256,,3,1,1.0,1.0,,118,138,111,1131851,0.4609375,0.5152838427947598,0.4865979381443299,0.00012190931183960268,0.4847161572052402,7,9,5,5,0,88,22,3,3,1,0.36065028607845306,0.36065028607845306,0.36065028607845306,2.5352981351315975,2.8959484212100506,,,,,True,,,,
Theia Case 3,all,poi_only,witness_rerank,1024,ok,1024,,3,1,1.0,1.0,,229,795,0,1131194,0.2236328125,1.0,0.3655227454110136,0.0007023036442933633,0.0,9,9,5,5,0,521,82,3,3,3,0.3604273647069931,0.357542309910059,0.36135657876729965,2.5352981351315975,2.8957254998385906,,,,,True,,,,
Theia Case 3,all,poi_only,witness_rerank,4096,ok,4096,,3,1,1.0,1.0,,229,3867,0,1128122,0.055908203125,1.0,0.10589595375722544,0.003416110933940171,0.0,9,9,5,5,0,2494,295,3,3,1,0.3768979385495186,0.3768979385495186,0.3768979385495186,2.5352981351315975,2.912196073681116,,,,,True,,,,
Theia Case 3,all,poi_only,witness_global,64,ok,64,,3,3,1.0,1.0,,50,14,179,1131975,0.78125,0.2183406113537118,0.3412969283276451,1.2367611346046649e-05,0.7816593886462883,4,9,3,5,0,16,1,3,3,1,0.357620432972908,0.357620432972908,0.357620432972908,2.5352981351315975,2.8929185681045055,,,,,True,,,,
Theia Case 3,all,poi_only,witness_global,256,ok,256,,3,3,1.0,1.0,,227,29,2,1131960,0.88671875,0.9912663755458515,0.9360824742268041,2.56186235025252e-05,0.008733624454148471,8,9,5,5,0,35,0,3,3,1,0.36462320014834404,0.36462320014834404,0.36462320014834404,2.5352981351315975,2.8999213352799416,,,,,True,,,,
Theia Case 3,all,poi_only,witness_global,1024,ok,1024,,3,3,1.0,1.0,,227,797,2,1131192,0.2216796875,0.9912663755458515,0.36233040702314445,0.0007040704459142271,0.008733624454148471,8,9,5,5,0,653,134,3,3,3,0.3556683026254177,0.35528796166181564,0.35702894628047943,2.5352981351315975,2.8909664377570152,,,,,True,,,,
Theia Case 3,all,poi_only,witness_global,4096,ok,4096,,3,3,1.0,1.0,,227,3869,2,1128120,0.055419921875,0.9912663755458515,0.10497109826589596,0.0034178777355610345,0.008733624454148471,8,9,5,5,0,3403,170,3,3,1,0.3638567849993706,0.3638567849993706,0.3638567849993706,2.5352981351315975,2.899154920130968,,,,,True,,,,
Theia Case 3,all,poi_only,witness_time_only,64,ok,64,,3,1,1.0,1.0,,8,56,221,1131933,0.125,0.034934497816593885,0.05460750853242321,4.9470445384186596e-05,0.9650655021834061,7,9,5,5,0,38,22,3,3,1,0.3676278479397297,0.3676278479397297,0.3676278479397297,0.01915876194834709,0.3867866098880768,,,,,True,,,,
Theia Case 3,all,poi_only,witness_time_only,256,ok,256,,3,1,1.0,1.0,,29,227,200,1131762,0.11328125,0.12663755458515283,0.11958762886597939,0.0002005319839680421,0.8733624454148472,8,9,5,5,0,119,43,3,3,1,0.366865549236536,0.366865549236536,0.366865549236536,0.01915876194834709,0.3860243111848831,,,,,True,,,,
Theia Case 3,all,poi_only,witness_time_only,1024,ok,1024,,3,1,1.0,1.0,,39,985,190,1131004,0.0380859375,0.1703056768558952,0.06225059856344772,0.0008701497982754249,0.8296943231441049,9,9,5,5,0,353,101,3,3,3,0.3657231256365776,0.36485445871949196,0.3769955262541771,0.01915876194834709,0.3848818875849247,,,,,True,,,,
Theia Case 3,all,poi_only,witness_time_only,4096,ok,4096,,3,1,1.0,1.0,,229,3867,0,1128122,0.055908203125,1.0,0.10589595375722544,0.003416110933940171,0.0,9,9,5,5,0,1115,175,3,3,1,0.3808726482093334,0.3808726482093334,0.3808726482093334,0.01915876194834709,0.4000314101576805,,,,,True,,,,
Theia Case 3,all,shared_context,witness_temporal,64,infeasible_mandatory,,,87,,,,,,,,,,,,,,,,,,,,,,,,,,,,,,,,,True,,,,
Theia Case 3,all,shared_context,witness_temporal,256,ok,256,,87,1,1.0,1.0,,117,139,112,1131850,0.45703125,0.5109170305676856,0.4824742268041237,0.0001227927126500346,0.4890829694323144,7,9,5,5,0,91,20,3,3,1,0.35739516466856003,0.35739516466856003,0.35739516466856003,3.3116243481636047,3.6690195128321648,,,,,True,,,,
Theia Case 3,all,shared_context,witness_temporal,1024,ok,1024,,87,1,1.0,1.0,,229,795,0,1131194,0.2236328125,1.0,0.3655227454110136,0.0007023036442933633,0.0,9,9,5,5,0,512,77,3,3,3,0.35963835567235947,0.3592500165104866,0.3606388159096241,3.3116243481636047,3.671262703835964,,,,,True,,,,
Theia Case 3,all,shared_context,witness_temporal,4096,ok,4096,,87,1,1.0,1.0,,229,3867,0,1128122,0.055908203125,1.0,0.10589595375722544,0.003416110933940171,0.0,9,9,5,5,0,2512,291,3,3,1,0.3768267445266247,0.3768267445266247,0.3768267445266247,3.3116243481636047,3.6884510926902294,,,,,True,,,,
Theia Case 3,all,shared_context,witness_static,64,infeasible_mandatory,,,87,,,,,,,,,,,,,,,,,,,,,,,,,,,,,,,,,True,,,,
Theia Case 3,all,shared_context,witness_static,256,ok,256,,87,1,1.0,1.0,,112,144,117,1131845,0.4375,0.4890829694323144,0.4618556701030928,0.0001272097167021941,0.5109170305676856,6,9,5,5,0,87,37,3,3,1,0.32851021736860275,0.32851021736860275,0.32851021736860275,2.5163238160312176,2.8448340333998203,,,,,True,,,,
Theia Case 3,all,shared_context,witness_static,1024,ok,1024,,87,1,1.0,1.0,,225,799,4,1131190,0.2197265625,0.982532751091703,0.35913806863527536,0.0007058372475350909,0.017467248908296942,7,9,5,5,0,489,118,3,3,3,0.32989029586315155,0.32571307197213173,0.32998764887452126,2.5163238160312176,2.846214111894369,,,,,True,,,,
Theia Case 3,all,shared_context,witness_static,4096,ok,4096,,87,1,1.0,1.0,,227,3869,2,1128120,0.055419921875,0.9912663755458515,0.10497109826589596,0.0034178777355610345,0.008733624454148471,8,9,5,5,0,2216,625,3,3,1,0.3405041880905628,0.3405041880905628,0.3405041880905628,2.5163238160312176,2.8568280041217804,,,,,True,,,,
Theia Case 3,all,shared_context,witness_rerank,64,infeasible_mandatory,,,87,,,,,,,,,,,,,,,,,,,,,,,,,,,,,,,,,True,,,,
Theia Case 3,all,shared_context,witness_rerank,256,ok,256,,87,1,1.0,1.0,,117,139,112,1131850,0.45703125,0.5109170305676856,0.4824742268041237,0.0001227927126500346,0.4890829694323144,7,9,5,5,0,88,22,3,3,1,0.35601093620061874,0.35601093620061874,0.35601093620061874,2.5352981351315975,2.8913090713322163,,,,,True,,,,
Theia Case 3,all,shared_context,witness_rerank,1024,ok,1024,,87,1,1.0,1.0,,229,795,0,1131194,0.2236328125,1.0,0.3655227454110136,0.0007023036442933633,0.0,9,9,5,5,0,521,82,3,3,3,0.36049917712807655,0.3576931953430176,0.3606206327676773,2.5352981351315975,2.895797312259674,,,,,True,,,,
Theia Case 3,all,shared_context,witness_rerank,4096,ok,4096,,87,1,1.0,1.0,,229,3867,0,1128122,0.055908203125,1.0,0.10589595375722544,0.003416110933940171,0.0,9,9,5,5,0,2494,295,3,3,1,0.3714962489902973,0.3714962489902973,0.3714962489902973,2.5352981351315975,2.906794384121895,,,,,True,,,,
Theia Case 3,all,shared_context,witness_global,64,infeasible_mandatory,,,87,,,,,,,,,,,,,,,,,,,,,,,,,,,,,,,,,True,,,,
Theia Case 3,all,shared_context,witness_global,256,ok,256,,87,3,1.0,1.0,,227,29,2,1131960,0.88671875,0.9912663755458515,0.9360824742268041,2.56186235025252e-05,0.008733624454148471,8,9,5,5,0,35,0,3,3,1,0.3673696108162403,0.3673696108162403,0.3673696108162403,2.5352981351315975,2.902667745947838,,,,,True,,,,
Theia Case 3,all,shared_context,witness_global,1024,ok,1024,,87,3,1.0,1.0,,227,797,2,1131192,0.2216796875,0.9912663755458515,0.36233040702314445,0.0007040704459142271,0.008733624454148471,8,9,5,5,0,653,134,3,3,3,0.3567170388996601,0.3551836609840393,0.35921313241124153,2.5352981351315975,2.8920151740312576,,,,,True,,,,
Theia Case 3,all,shared_context,witness_global,4096,ok,4096,,87,3,1.0,1.0,,227,3869,2,1128120,0.055419921875,0.9912663755458515,0.10497109826589596,0.0034178777355610345,0.008733624454148471,8,9,5,5,0,3403,170,3,3,1,0.3617679215967655,0.3617679215967655,0.3617679215967655,2.5352981351315975,2.897066056728363,,,,,True,,,,
Theia Case 3,all,shared_context,witness_time_only,64,infeasible_mandatory,,,87,,,,,,,,,,,,,,,,,,,,,,,,,,,,,,,,,True,,,,
Theia Case 3,all,shared_context,witness_time_only,256,ok,256,,87,1,1.0,1.0,,88,168,141,1131821,0.34375,0.38427947598253276,0.3628865979381443,0.0001484113361525598,0.6157205240174672,8,9,5,5,0,98,38,3,3,1,0.3608543761074543,0.3608543761074543,0.3608543761074543,0.01915876194834709,0.3800131380558014,,,,,True,,,,
Theia Case 3,all,shared_context,witness_time_only,1024,ok,1024,,87,1,1.0,1.0,,91,933,138,1131056,0.0888671875,0.39737991266375544,0.1452513966480447,0.0008242129561329659,0.6026200873362445,9,9,5,5,0,353,99,3,3,3,0.36607150733470917,0.36301273107528687,0.36636121198534966,0.01915876194834709,0.38523026928305626,,,,,True,,,,
Theia Case 3,all,shared_context,witness_time_only,4096,ok,4096,,87,1,1.0,1.0,,229,3867,0,1128122,0.055908203125,1.0,0.10589595375722544,0.003416110933940171,0.0,9,9,5,5,0,1115,175,3,3,1,0.37987780198454857,0.37987780198454857,0.37987780198454857,0.01915876194834709,0.39903656393289566,,,,,True,,,,
Theia Case 3,drop-0,poi_only,witness_temporal,1024,ok,1024,,2,1,1.0,1.0,,11,1013,218,1130976,0.0107421875,0.048034934497816595,0.017557861133280128,0.0008948850209675182,0.9519650655021834,8,9,5,5,0,681,118,2,2,1,0.3632134050130844,0.3632134050130844,0.3632134050130844,2.794060304760933,3.1572737097740173,,,,,True,,,,
Theia Case 3,drop-0,poi_only,witness_static,1024,ok,1024,,2,1,1.0,1.0,,8,1016,221,1130973,0.0078125,0.034934497816593885,0.012769353551476457,0.000897535223398814,0.9650655021834061,7,9,5,5,0,646,177,2,2,1,0.3279537670314312,0.3279537670314312,0.3279537670314312,2.4092815406620502,2.7372353076934814,,,,,True,,,,
Theia Case 3,drop-0,poi_only,witness_rerank,1024,ok,1024,,2,1,1.0,1.0,,11,1013,218,1130976,0.0107421875,0.048034934497816595,0.017557861133280128,0.0008948850209675182,0.9519650655021834,8,9,5,5,0,694,121,2,2,1,0.3666844964027405,0.3666844964027405,0.3666844964027405,2.422481544315815,2.7891660407185555,,,,,True,,,,
Theia Case 3,drop-0,poi_only,witness_global,1024,ok,1024,,2,2,1.0,1.0,,8,1016,221,1130973,0.0078125,0.034934497816593885,0.012769353551476457,0.000897535223398814,0.9650655021834061,6,9,4,5,0,834,162,2,2,1,0.37130777537822723,0.37130777537822723,0.37130777537822723,2.422481544315815,2.793789319694042,,,,,True,,,,
Theia Case 3,drop-0,poi_only,witness_time_only,1024,ok,1024,,2,1,1.0,1.0,,10,1014,219,1130975,0.009765625,0.043668122270742356,0.01596169193934557,0.0008957684217779502,0.9563318777292577,7,9,4,5,0,419,94,2,2,1,0.3842059299349785,0.3842059299349785,0.3842059299349785,0.013337954878807068,0.39754388481378555,,,,,True,,,,
Theia Case 3,drop-0,shared_context,witness_temporal,1024,ok,1024,,2,1,1.0,1.0,,11,1013,218,1130976,0.0107421875,0.048034934497816595,0.017557861133280128,0.0008948850209675182,0.9519650655021834,8,9,5,5,0,681,118,2,2,1,0.37165430933237076,0.37165430933237076,0.37165430933237076,2.794060304760933,3.1657146140933037,,,,,True,,,,
Theia Case 3,drop-0,shared_context,witness_static,1024,ok,1024,,2,1,1.0,1.0,,8,1016,221,1130973,0.0078125,0.034934497816593885,0.012769353551476457,0.000897535223398814,0.9650655021834061,7,9,5,5,0,646,177,2,2,1,0.34463029727339745,0.34463029727339745,0.34463029727339745,2.4092815406620502,2.7539118379354477,,,,,True,,,,
Theia Case 3,drop-0,shared_context,witness_rerank,1024,ok,1024,,2,1,1.0,1.0,,11,1013,218,1130976,0.0107421875,0.048034934497816595,0.017557861133280128,0.0008948850209675182,0.9519650655021834,8,9,5,5,0,694,121,2,2,1,0.37121449410915375,0.37121449410915375,0.37121449410915375,2.422481544315815,2.7936960384249687,,,,,True,,,,
Theia Case 3,drop-0,shared_context,witness_global,1024,ok,1024,,2,2,1.0,1.0,,8,1016,221,1130973,0.0078125,0.034934497816593885,0.012769353551476457,0.000897535223398814,0.9650655021834061,6,9,4,5,0,834,162,2,2,1,0.3778841122984886,0.3778841122984886,0.3778841122984886,2.422481544315815,2.8003656566143036,,,,,True,,,,
Theia Case 3,drop-0,shared_context,witness_time_only,1024,ok,1024,,2,1,1.0,1.0,,10,1014,219,1130975,0.009765625,0.043668122270742356,0.01596169193934557,0.0008957684217779502,0.9563318777292577,7,9,4,5,0,419,94,2,2,1,0.37188899144530296,0.37188899144530296,0.37188899144530296,0.013337954878807068,0.38522694632411003,,,,,True,,,,
Theia Case 3,drop-1,poi_only,witness_temporal,1024,ok,1024,,2,1,1.0,1.0,,226,798,3,1131191,0.220703125,0.9868995633187773,0.3607342378292099,0.0007049538467246589,0.013100436681222707,7,9,4,5,0,497,80,2,2,1,0.3789879269897938,0.3789879269897938,0.3789879269897938,2.7970253378152847,3.1760132648050785,,,,,True,,,,
Theia Case 3,drop-1,poi_only,witness_static,1024,ok,1024,,2,1,1.0,1.0,,224,800,5,1131189,0.21875,0.9781659388646288,0.3575418994413408,0.0007067206483455228,0.021834061135371178,6,9,4,5,0,508,134,2,2,1,0.3417544513940811,0.3417544513940811,0.3417544513940811,2.4190433248877525,2.7607977762818336,,,,,True,,,,
Theia Case 3,drop-1,poi_only,witness_rerank,1024,ok,1024,,2,1,1.0,1.0,,226,798,3,1131191,0.220703125,0.9868995633187773,0.3607342378292099,0.0007049538467246589,0.013100436681222707,7,9,4,5,0,518,83,2,2,1,0.376443225890398,0.376443225890398,0.376443225890398,2.433157477527857,2.809600703418255,,,,,True,,,,
Theia Case 3,drop-1,poi_only,witness_global,1024,ok,1024,,2,2,1.0,1.0,,226,798,3,1131191,0.220703125,0.9868995633187773,0.3607342378292099,0.0007049538467246589,0.013100436681222707,7,9,4,5,0,652,135,2,2,1,0.37123001739382744,0.37123001739382744,0.37123001739382744,2.433157477527857,2.8043874949216843,,,,,True,,,,
Theia Case 3,drop-1,poi_only,witness_time_only,1024,ok,1024,,2,1,1.0,1.0,,36,988,193,1131001,0.03515625,0.1572052401746725,0.05746209098164405,0.0008728000007067207,0.8427947598253275,7,9,4,5,0,338,101,2,2,1,0.370309691876173,0.370309691876173,0.370309691876173,0.013440731912851334,0.38375042378902435,,,,,True,,,,
Theia Case 3,drop-1,shared_context,witness_temporal,1024,ok,1024,,86,1,1.0,1.0,,226,798,3,1131191,0.220703125,0.9868995633187773,0.3607342378292099,0.0007049538467246589,0.013100436681222707,7,9,4,5,0,497,80,2,2,1,0.36839525029063225,0.36839525029063225,0.36839525029063225,2.7970253378152847,3.165420588105917,,,,,True,,,,
Theia Case 3,drop-1,shared_context,witness_static,1024,ok,1024,,86,1,1.0,1.0,,224,800,5,1131189,0.21875,0.9781659388646288,0.3575418994413408,0.0007067206483455228,0.021834061135371178,6,9,4,5,0,507,135,2,2,1,0.36142677441239357,0.36142677441239357,0.36142677441239357,2.4190433248877525,2.780470099300146,,,,,True,,,,
Theia Case 3,drop-1,shared_context,witness_rerank,1024,ok,1024,,86,1,1.0,1.0,,226,798,3,1131191,0.220703125,0.9868995633187773,0.3607342378292099,0.0007049538467246589,0.013100436681222707,7,9,4,5,0,518,83,2,2,1,0.37119748443365097,0.37119748443365097,0.37119748443365097,2.433157477527857,2.804354961961508,,,,,True,,,,
Theia Case 3,drop-1,shared_context,witness_global,1024,ok,1024,,86,2,1.0,1.0,,226,798,3,1131191,0.220703125,0.9868995633187773,0.3607342378292099,0.0007049538467246589,0.013100436681222707,7,9,4,5,0,652,135,2,2,1,0.358503520488739,0.358503520488739,0.358503520488739,2.433157477527857,2.791660998016596,,,,,True,,,,
Theia Case 3,drop-1,shared_context,witness_time_only,1024,ok,1024,,86,1,1.0,1.0,,88,936,141,1131053,0.0859375,0.38427947598253276,0.14046288906624102,0.0008268631585642617,0.6157205240174672,7,9,4,5,0,337,100,2,2,1,0.36840754374861717,0.36840754374861717,0.36840754374861717,0.013440731912851334,0.3818482756614685,,,,,True,,,,
Theia Case 3,drop-2,poi_only,witness_temporal,1024,ok,1024,,2,1,1.0,1.0,,222,802,7,1131187,0.216796875,0.9694323144104804,0.35434956105347165,0.0007084874499663866,0.03056768558951965,4,9,2,5,0,398,42,2,2,1,0.3567642644047737,0.3567642644047737,0.3567642644047737,2.787166215479374,3.1439304798841476,,,,,True,,,,
Theia Case 3,drop-2,poi_only,witness_static,1024,ok,1024,,2,1,1.0,1.0,,222,802,7,1131187,0.216796875,0.9694323144104804,0.35434956105347165,0.0007084874499663866,0.03056768558951965,4,9,2,5,0,350,100,2,2,1,0.31250830367207527,0.31250830367207527,0.31250830367207527,2.3973758444190025,2.709884148091078,,,,,True,,,,
Theia Case 3,drop-2,poi_only,witness_rerank,1024,ok,1024,,2,1,1.0,1.0,,222,802,7,1131187,0.216796875,0.9694323144104804,0.35434956105347165,0.0007084874499663866,0.03056768558951965,4,9,2,5,0,370,43,2,2,1,0.3538516126573086,0.3538516126573086,0.3538516126573086,2.4117770232260227,2.7656286358833313,,,,,True,,,,
Theia Case 3,drop-2,poi_only,witness_global,1024,ok,1024,,2,1,1.0,1.0,,222,802,7,1131187,0.216796875,0.9694323144104804,0.35434956105347165,0.0007084874499663866,0.03056768558951965,4,9,2,5,0,279,7,2,2,1,0.3501454330980778,0.3501454330980778,0.3501454330980778,2.4117770232260227,2.7619224563241005,,,,,True,,,,
Theia Case 3,drop-2,poi_only,witness_time_only,1024,ok,1024,,2,1,1.0,1.0,,32,992,197,1130997,0.03125,0.13973799126637554,0.05107741420590583,0.0008763336039484483,0.8602620087336245,4,9,2,5,0,302,97,2,2,1,0.3580099157989025,0.3580099157989025,0.3580099157989025,0.012861344963312149,0.37087126076221466,,,,,True,,,,
Theia Case 3,drop-2,shared_context,witness_temporal,1024,ok,1024,,86,1,1.0,1.0,,222,802,7,1131187,0.216796875,0.9694323144104804,0.35434956105347165,0.0007084874499663866,0.03056768558951965,4,9,2,5,0,398,42,2,2,1,0.3627743162214756,0.3627743162214756,0.3627743162214756,2.787166215479374,3.1499405317008495,,,,,True,,,,
Theia Case 3,drop-2,shared_context,witness_static,1024,ok,1024,,86,1,1.0,1.0,,222,802,7,1131187,0.216796875,0.9694323144104804,0.35434956105347165,0.0007084874499663866,0.03056768558951965,4,9,2,5,0,350,100,2,2,1,0.3118773363530636,0.3118773363530636,0.3118773363530636,2.3973758444190025,2.709253180772066,,,,,True,,,,
Theia Case 3,drop-2,shared_context,witness_rerank,1024,ok,1024,,86,1,1.0,1.0,,222,802,7,1131187,0.216796875,0.9694323144104804,0.35434956105347165,0.0007084874499663866,0.03056768558951965,4,9,2,5,0,370,43,2,2,1,0.3524070531129837,0.3524070531129837,0.3524070531129837,2.4117770232260227,2.7641840763390064,,,,,True,,,,
Theia Case 3,drop-2,shared_context,witness_global,1024,ok,1024,,86,1,1.0,1.0,,222,802,7,1131187,0.216796875,0.9694323144104804,0.35434956105347165,0.0007084874499663866,0.03056768558951965,4,9,2,5,0,279,7,2,2,1,0.34995897486805916,0.34995897486805916,0.34995897486805916,2.4117770232260227,2.761735998094082,,,,,True,,,,
Theia Case 3,drop-2,shared_context,witness_time_only,1024,ok,1024,,86,1,1.0,1.0,,84,940,145,1131049,0.08203125,0.36681222707423583,0.1340782122905028,0.0008303967618059892,0.6331877729257642,4,9,2,5,0,301,98,2,2,1,0.3580103740096092,0.3580103740096092,0.3580103740096092,0.012861344963312149,0.37087171897292137,,,,,True,,,,
Theia Case 3,all,poi_only,marginal_rerank,64,ok,64,,3,3,1.0,1.0,,44,20,185,1131969,0.6875,0.19213973799126638,0.3003412969283277,1.766801620863807e-05,0.8078602620087336,6,9,4,5,0,23,2,3,3,1,0.07840000092983246,0.07840000092983246,0.07840000092983246,2.712245464324951,2.7906454652547836,,,,,True,"{'eligible_anchors': 1114184, 'pool_anchors': 7426, 'pool_raw_events': 7700, 'global_pool_limit': 4096, 'per_relation_pool_limit': 228, 'normalization_scale': 1.0}",0.4217144064605236,9.278219573199749,"{'status': 'ok', 'raw_events': 64, 'steps': 59, 'objective': 70.96775322724699, 'diversity': 1.0}"
Theia Case 3,all,poi_only,marginal_linear,64,ok,64,,3,3,1.0,1.0,,50,14,179,1131975,0.78125,0.2183406113537118,0.3412969283276451,1.2367611346046649e-05,0.7816593886462883,4,9,3,5,0,16,1,3,3,1,0.03547462821006775,0.03547462821006775,0.03547462821006775,2.712245464324951,2.747720092535019,,,,,True,"{'eligible_anchors': 1114184, 'pool_anchors': 7426, 'pool_raw_events': 7700, 'global_pool_limit': 4096, 'per_relation_pool_limit': 228, 'normalization_scale': 1.0}",0.4217144064605236,9.278219573199749,"{'status': 'ok', 'raw_events': 64, 'steps': 60, 'objective': 54.17476255651285, 'diversity': 0.0}"
Theia Case 3,all,poi_only,marginal_diverse4,64,ok,64,,3,2,1.0,1.0,,26,38,203,1131951,0.40625,0.11353711790393013,0.17747440273037543,3.356923079641233e-05,0.8864628820960698,7,9,5,5,0,38,4,3,3,1,0.07309646531939507,0.07309646531939507,0.07309646531939507,2.712245464324951,2.7853419296443462,,,,,True,"{'eligible_anchors': 1114184, 'pool_anchors': 7426, 'pool_raw_events': 7700, 'global_pool_limit': 4096, 'per_relation_pool_limit': 228, 'normalization_scale': 1.0}",0.4217144064605236,9.278219573199749,"{'status': 'ok', 'raw_events': 64, 'steps': 56, 'objective': 133.30445975420574, 'diversity': 4.0}"
Theia Case 3,all,poi_only,marginal_static,64,ok,64,,3,3,1.0,1.0,,31,33,198,1131956,0.484375,0.13537117903930132,0.21160409556313994,2.9152226744252814e-05,0.8646288209606987,5,9,4,5,0,33,4,3,3,1,0.07452677562832832,0.07452677562832832,0.07452677562832832,2.6884917356073856,2.763018511235714,,,,,True,"{'eligible_anchors': 1114184, 'pool_anchors': 7408, 'pool_raw_events': 7675, 'global_pool_limit': 4096, 'per_relation_pool_limit': 228, 'normalization_scale': 1.0}",0.3807661570608616,9.278219573199749,"{'status': 'ok', 'raw_events': 64, 'steps': 57, 'objective': 71.8024194020621, 'diversity': 1.0}"
Theia Case 3,all,poi_only,marginal_nofrequency,64,ok,64,,3,3,1.0,1.0,,28,36,201,1131953,0.4375,0.1222707423580786,0.19112627986348124,3.1802429175548525e-05,0.8777292576419214,7,9,5,5,0,40,1,3,3,1,0.07782623544335365,0.07782623544335365,0.07782623544335365,0.8308722339570522,0.9086984694004059,,,,,True,"{'eligible_anchors': 1114184, 'pool_anchors': 7409, 'pool_raw_events': 7672, 'global_pool_limit': 4096, 'per_relation_pool_limit': 228, 'normalization_scale': 1.0}",0.40029554814100266,9.278219573199749,"{'status': 'ok', 'raw_events': 64, 'steps': 60, 'objective': 79.74169613507584, 'diversity': 1.0}"
Theia Case 3,all,poi_only,marginal_rerank,256,ok,256,,3,2,1.0,1.0,,225,31,4,1131958,0.87890625,0.982532751091703,0.9278350515463918,2.738542512338901e-05,0.017467248908296942,7,9,5,5,0,35,0,3,3,1,0.31324175000190735,0.31324175000190735,0.31324175000190735,2.712245464324951,3.0254872143268585,,,,,True,"{'eligible_anchors': 1114184, 'pool_anchors': 7426, 'pool_raw_events': 7700, 'global_pool_limit': 4096, 'per_relation_pool_limit': 228, 'normalization_scale': 1.0}",0.39975083619356155,9.278219573199749,"{'status': 'ok', 'raw_events': 256, 'steps': 251, 'objective': 236.70957686146198, 'diversity': 1.0}"
Theia Case 3,all,poi_only,marginal_linear,256,ok,256,,3,3,1.0,1.0,,227,29,2,1131960,0.88671875,0.9912663755458515,0.9360824742268041,2.56186235025252e-05,0.008733624454148471,8,9,5,5,0,30,3,3,3,1,0.13268163800239563,0.13268163800239563,0.13268163800239563,2.712245464324951,2.844927102327347,,,,,True,"{'eligible_anchors': 1114184, 'pool_anchors': 7426, 'pool_raw_events': 7700, 'global_pool_limit': 4096, 'per_relation_pool_limit': 228, 'normalization_scale': 1.0}",0.39975083619356155,9.278219573199749,"{'status': 'ok', 'raw_events': 256, 'steps': 252, 'objective': 207.84863280518434, 'diversity': 0.0}"
Theia Case 3,all,poi_only,marginal_diverse4,256,ok,256,,3,2,1.0,1.0,,199,57,30,1131932,0.77734375,0.868995633187773,0.8206185567010309,5.0353846194618496e-05,0.13100436681222707,7,9,5,5,0,53,7,3,3,1,0.3099534958600998,0.3099534958600998,0.3099534958600998,2.712245464324951,3.022198960185051,,,,,True,"{'eligible_anchors': 1114184, 'pool_anchors': 7426, 'pool_raw_events': 7700, 'global_pool_limit': 4096, 'per_relation_pool_limit': 228, 'normalization_scale': 1.0}",0.39975083619356155,9.278219573199749,"{'status': 'ok', 'raw_events': 256, 'steps': 248, 'objective': 330.8557977381574, 'diversity': 4.0}"
Theia Case 3,all,poi_only,marginal_milp,256,ok,256,,3,3,1.0,1.0,,226,30,3,1131959,0.8828125,0.9868995633187773,0.931958762886598,2.6502024312957106e-05,0.013100436681222707,8,9,5,5,0,34,1,3,3,1,0.29955657944083214,0.29955657944083214,0.29955657944083214,2.712245464324951,3.0118020437657833,,,,,True,"{'eligible_anchors': 1114184, 'pool_anchors': 7426, 'pool_raw_events': 7700, 'global_pool_limit': 4096, 'per_relation_pool_limit': 228, 'normalization_scale': 1.0}",0.39975083619356155,9.278219573199749,"{'status': 'ok', 'solver_status': 0, 'solver_message': 'Optimization terminated successfully. (HiGHS Status 7: Optimal)', 'mip_gap': 0.001501755942579254, 'objective_upper_bound': 208.03413934704287, 'mip_node_count': 1.0, 'variables': 15126, 'constraints': 28878, 'time_limit': 20.0, 'relative_gap_tolerance': 0.01, 'raw_events': 256, 'objective': 207.7221913118346}"
Theia Case 3,all,poi_only,marginal_static,256,ok,256,,3,3,1.0,1.0,,216,40,13,1131949,0.84375,0.9432314410480349,0.8907216494845361,3.533603241727614e-05,0.056768558951965066,6,9,5,5,0,36,9,3,3,1,0.30401093512773514,0.30401093512773514,0.30401093512773514,2.6884917356073856,2.9925026707351208,,,,,True,"{'eligible_anchors': 1114184, 'pool_anchors': 7408, 'pool_raw_events': 7675, 'global_pool_limit': 4096, 'per_relation_pool_limit': 228, 'normalization_scale': 1.0}",0.38491325452923775,9.278219573199749,"{'status': 'ok', 'raw_events': 256, 'steps': 249, 'objective': 239.2239433140753, 'diversity': 1.0}"
Theia Case 3,all,poi_only,marginal_nofrequency,256,ok,256,,3,3,1.0,1.0,,217,39,12,1131950,0.84765625,0.9475982532751092,0.8948453608247423,3.4452631606844233e-05,0.05240174672489083,7,9,5,5,0,43,1,3,3,1,0.3052808418869972,0.3052808418869972,0.3052808418869972,0.8308722339570522,1.1361530758440495,,,,,True,"{'eligible_anchors': 1114184, 'pool_anchors': 7409, 'pool_raw_events': 7672, 'global_pool_limit': 4096, 'per_relation_pool_limit': 228, 'normalization_scale': 1.0}",0.3977951966226101,9.278219573199749,"{'status': 'ok', 'raw_events': 256, 'steps': 252, 'objective': 266.6464328904195, 'diversity': 1.0}"
Theia Case 3,all,poi_only,marginal_rerank,1024,ok,1024,,3,2,1.0,1.0,,229,795,0,1131194,0.2236328125,1.0,0.3655227454110136,0.0007023036442933633,0.0,9,9,5,5,0,652,129,3,3,1,1.1676871627569199,1.1676871627569199,1.1676871627569199,2.712245464324951,3.879932627081871,,,,,True,"{'eligible_anchors': 1114184, 'pool_anchors': 7426, 'pool_raw_events': 7700, 'global_pool_limit': 4096, 'per_relation_pool_limit': 228, 'normalization_scale': 1.0}",0.3973730728030205,9.278219573199749,"{'status': 'ok', 'raw_events': 1024, 'steps': 1016, 'objective': 645.5586908226247, 'diversity': 1.0}"
Theia Case 3,all,poi_only,marginal_linear,1024,ok,1024,,3,3,1.0,1.0,,227,797,2,1131192,0.2216796875,0.9912663755458515,0.36233040702314445,0.0007040704459142271,0.008733624454148471,8,9,5,5,0,652,134,3,3,1,0.4957074001431465,0.4957074001431465,0.4957074001431465,2.712245464324951,3.2079528644680977,,,,,True,"{'eligible_anchors': 1114184, 'pool_anchors': 7426, 'pool_raw_events': 7700, 'global_pool_limit': 4096, 'per_relation_pool_limit': 228, 'normalization_scale': 1.0}",0.3973730728030205,9.278219573199749,"{'status': 'ok', 'raw_events': 1024, 'steps': 1020, 'objective': 595.4063172955418, 'diversity': 0.0}"
Theia Case 3,all,poi_only,marginal_diverse4,1024,ok,1024,,3,2,1.0,1.0,,229,795,0,1131194,0.2236328125,1.0,0.3655227454110136,0.0007023036442933633,0.0,9,9,5,5,0,645,118,3,3,1,1.1713719554245472,1.1713719554245472,1.1713719554245472,2.712245464324951,3.8836174197494984,,,,,True,"{'eligible_anchors': 1114184, 'pool_anchors': 7426, 'pool_raw_events': 7700, 'global_pool_limit': 4096, 'per_relation_pool_limit': 228, 'normalization_scale': 1.0}",0.3973730728030205,9.278219573199749,"{'status': 'ok', 'raw_events': 1024, 'steps': 1010, 'objective': 809.1503865808631, 'diversity': 4.0}"
Theia Case 3,all,poi_only,marginal_milp,1024,ok,1024,,3,3,1.0,1.0,,227,797,2,1131192,0.2216796875,0.9912663755458515,0.36233040702314445,0.0007040704459142271,0.008733624454148471,8,9,5,5,0,652,135,3,3,1,0.2626277469098568,0.2626277469098568,0.2626277469098568,2.712245464324951,2.974873211234808,,,,,True,"{'eligible_anchors': 1114184, 'pool_anchors': 7426, 'pool_raw_events': 7700, 'global_pool_limit': 4096, 'per_relation_pool_limit': 228, 'normalization_scale': 1.0}",0.3973730728030205,9.278219573199749,"{'status': 'ok', 'solver_status': 0, 'solver_message': 'Optimization terminated successfully. (HiGHS Status 7: Optimal)', 'mip_gap': 0.0, 'objective_upper_bound': 595.7483810556901, 'mip_node_count': 1.0, 'variables': 15126, 'constraints': 28878, 'time_limit': 20.0, 'relative_gap_tolerance': 0.01, 'raw_events': 1024, 'objective': 595.7483810556898}"
Theia Case 3,all,poi_only,marginal_static,1024,ok,1024,,3,2,1.0,1.0,,225,799,4,1131190,0.2197265625,0.982532751091703,0.35913806863527536,0.0007058372475350909,0.017467248908296942,7,9,5,5,0,600,178,3,3,1,1.1864239573478699,1.1864239573478699,1.1864239573478699,2.6884917356073856,3.8749156929552555,,,,,True,"{'eligible_anchors': 1114184, 'pool_anchors': 7408, 'pool_raw_events': 7675, 'global_pool_limit': 4096, 'per_relation_pool_limit': 228, 'normalization_scale': 1.0}",0.37990114092826843,9.278219573199749,"{'status': 'ok', 'raw_events': 1024, 'steps': 1017, 'objective': 781.2511035259404, 'diversity': 1.0}"
Theia Case 3,all,poi_only,marginal_nofrequency,1024,ok,1024,,3,2,1.0,1.0,,229,795,0,1131194,0.2236328125,1.0,0.3655227454110136,0.0007023036442933633,0.0,9,9,5,5,0,658,121,3,3,1,1.166148655116558,1.166148655116558,1.166148655116558,0.8308722339570522,1.9970208890736103,,,,,True,"{'eligible_anchors': 1114184, 'pool_anchors': 7409, 'pool_raw_events': 7672, 'global_pool_limit': 4096, 'per_relation_pool_limit': 228, 'normalization_scale': 1.0}",0.42277830094099045,9.278219573199749,"{'status': 'ok', 'raw_events': 1024, 'steps': 1016, 'objective': 789.2767903142604, 'diversity': 1.0}"
Theia Case 3,all,poi_only,marginal_rerank,4096,ok,4096,,3,2,1.0,1.0,,229,3867,0,1128122,0.055908203125,1.0,0.10589595375722544,0.003416110933940171,0.0,9,9,5,5,0,3394,177,3,3,1,8.326780758798122,8.326780758798122,8.326780758798122,2.712245464324951,11.039026223123074,,,,,True,"{'eligible_anchors': 1114184, 'pool_anchors': 14931, 'pool_raw_events': 15197, 'global_pool_limit': 8192, 'per_relation_pool_limit': 456, 'normalization_scale': 1.0}",0.4458734691143036,9.278219573199749,"{'status': 'ok', 'raw_events': 4096, 'steps': 4088, 'objective': 2220.190039844234, 'diversity': 1.0}"
Theia Case 3,all,poi_only,marginal_linear,4096,ok,4096,,3,3,1.0,1.0,,227,3869,2,1128120,0.055419921875,0.9912663755458515,0.10497109826589596,0.0034178777355610345,0.008733624454148471,8,9,5,5,0,3403,165,3,3,1,3.6646091416478157,3.6646091416478157,3.6646091416478157,2.712245464324951,6.376854605972767,,,,,True,"{'eligible_anchors': 1114184, 'pool_anchors': 14931, 'pool_raw_events': 15197, 'global_pool_limit': 8192, 'per_relation_pool_limit': 456, 'normalization_scale': 1.0}",0.4458734691143036,9.278219573199749,"{'status': 'ok', 'raw_events': 4096, 'steps': 4092, 'objective': 2145.479694365313, 'diversity': 0.0}"
Theia Case 3,all,poi_only,marginal_diverse4,4096,ok,4096,,3,2,1.0,1.0,,229,3867,0,1128122,0.055908203125,1.0,0.10589595375722544,0.003416110933940171,0.0,9,9,5,5,0,3370,187,3,3,1,8.339329205453396,8.339329205453396,8.339329205453396,2.712245464324951,11.051574669778347,,,,,True,"{'eligible_anchors': 1114184, 'pool_anchors': 14931, 'pool_raw_events': 15197, 'global_pool_limit': 8192, 'per_relation_pool_limit': 456, 'normalization_scale': 1.0}",0.4458734691143036,9.278219573199749,"{'status': 'ok', 'raw_events': 4096, 'steps': 4081, 'objective': 2459.514543675233, 'diversity': 4.0}"
Theia Case 3,all,poi_only,marginal_static,4096,ok,4096,,3,2,1.0,1.0,,225,3871,4,1128118,0.054931640625,0.982532751091703,0.10404624277456648,0.0034196445371818983,0.017467248908296942,7,9,5,5,0,2927,878,3,3,1,8.266156017780304,8.266156017780304,8.266156017780304,2.6884917356073856,10.95464775338769,,,,,True,"{'eligible_anchors': 1114184, 'pool_anchors': 14924, 'pool_raw_events': 15211, 'global_pool_limit': 8192, 'per_relation_pool_limit': 456, 'normalization_scale': 1.0}",0.4335964061319828,9.278219573199749,"{'status': 'ok', 'raw_events': 4096, 'steps': 4089, 'objective': 2875.385881149727, 'diversity': 1.0}"
Theia Case 3,all,poi_only,marginal_nofrequency,4096,ok,4096,,3,2,1.0,1.0,,229,3867,0,1128122,0.055908203125,1.0,0.10589595375722544,0.003416110933940171,0.0,9,9,5,5,0,3366,233,3,3,1,8.262371096760035,8.262371096760035,8.262371096760035,0.8308722339570522,9.093243330717087,,,,,True,"{'eligible_anchors': 1114184, 'pool_anchors': 14908, 'pool_raw_events': 15184, 'global_pool_limit': 8192, 'per_relation_pool_limit': 456, 'normalization_scale': 1.0}",0.4329056553542614,9.278219573199749,"{'status': 'ok', 'raw_events': 4096, 'steps': 4088, 'objective': 2794.350855629213, 'diversity': 1.0}"
Theia Case 3,all,shared_context,marginal_rerank,64,infeasible_mandatory,,,87,,,,,,,,,,,,,,,,,,,,,,,,,,,,,,,,,,,,,
Theia Case 3,all,shared_context,marginal_linear,64,infeasible_mandatory,,,87,,,,,,,,,,,,,,,,,,,,,,,,,,,,,,,,,,,,,
Theia Case 3,all,shared_context,marginal_diverse4,64,infeasible_mandatory,,,87,,,,,,,,,,,,,,,,,,,,,,,,,,,,,,,,,,,,,
Theia Case 3,all,shared_context,marginal_static,64,infeasible_mandatory,,,87,,,,,,,,,,,,,,,,,,,,,,,,,,,,,,,,,,,,,
Theia Case 3,all,shared_context,marginal_nofrequency,64,infeasible_mandatory,,,87,,,,,,,,,,,,,,,,,,,,,,,,,,,,,,,,,,,,,
Theia Case 3,all,shared_context,marginal_rerank,256,ok,256,,87,2,1.0,1.0,,225,31,4,1131958,0.87890625,0.982532751091703,0.9278350515463918,2.738542512338901e-05,0.017467248908296942,7,9,5,5,0,35,0,3,3,1,0.20616188272833824,0.20616188272833824,0.20616188272833824,2.712245464324951,2.9184073470532894,,,,,True,"{'eligible_anchors': 1114184, 'pool_anchors': 7426, 'pool_raw_events': 7700, 'global_pool_limit': 4096, 'per_relation_pool_limit': 228, 'normalization_scale': 1.0}",0.3863408528268337,9.278219573199749,"{'status': 'ok', 'raw_events': 256, 'steps': 169, 'objective': 236.70957686146198, 'diversity': 1.0}"
Theia Case 3,all,shared_context,marginal_linear,256,ok,256,,87,3,1.0,1.0,,227,29,2,1131960,0.88671875,0.9912663755458515,0.9360824742268041,2.56186235025252e-05,0.008733624454148471,8,9,5,5,0,35,0,3,3,1,0.08735379204154015,0.08735379204154015,0.08735379204154015,2.712245464324951,2.7995992563664913,,,,,True,"{'eligible_anchors': 1114184, 'pool_anchors': 7426, 'pool_raw_events': 7700, 'global_pool_limit': 4096, 'per_relation_pool_limit': 228, 'normalization_scale': 1.0}",0.3863408528268337,9.278219573199749,"{'status': 'ok', 'raw_events': 256, 'steps': 169, 'objective': 208.01302551121944, 'diversity': 0.0}"
Theia Case 3,all,shared_context,marginal_diverse4,256,ok,256,,87,2,1.0,1.0,,199,57,30,1131932,0.77734375,0.868995633187773,0.8206185567010309,5.0353846194618496e-05,0.13100436681222707,7,9,5,5,0,53,7,3,3,1,0.20106519758701324,0.20106519758701324,0.20106519758701324,2.712245464324951,2.9133106619119644,,,,,True,"{'eligible_anchors': 1114184, 'pool_anchors': 7426, 'pool_raw_events': 7700, 'global_pool_limit': 4096, 'per_relation_pool_limit': 228, 'normalization_scale': 1.0}",0.3863408528268337,9.278219573199749,"{'status': 'ok', 'raw_events': 256, 'steps': 166, 'objective': 330.85579716428686, 'diversity': 4.0}"
Theia Case 3,all,shared_context,marginal_milp,256,ok,256,,87,3,1.0,1.0,,227,29,2,1131960,0.88671875,0.9912663755458515,0.9360824742268041,2.56186235025252e-05,0.008733624454148471,8,9,5,5,0,35,0,3,3,1,0.25848544761538506,0.25848544761538506,0.25848544761538506,2.712245464324951,2.9707309119403362,,,,,True,"{'eligible_anchors': 1114184, 'pool_anchors': 7426, 'pool_raw_events': 7700, 'global_pool_limit': 4096, 'per_relation_pool_limit': 228, 'normalization_scale': 1.0}",0.3863408528268337,9.278219573199749,"{'status': 'ok', 'solver_status': 0, 'solver_message': 'Optimization terminated successfully. (HiGHS Status 7: Optimal)', 'mip_gap': 0.0, 'objective_upper_bound': 208.01302551121958, 'mip_node_count': 1.0, 'variables': 15126, 'constraints': 28794, 'time_limit': 20.0, 'relative_gap_tolerance': 0.01, 'raw_events': 256, 'objective': 208.01302551121944}"
Theia Case 3,all,shared_context,marginal_static,256,ok,256,,87,3,1.0,1.0,,216,40,13,1131949,0.84375,0.9432314410480349,0.8907216494845361,3.533603241727614e-05,0.056768558951965066,6,9,5,5,0,36,9,3,3,1,0.203550823032856,0.203550823032856,0.203550823032856,2.6884917356073856,2.8920425586402416,,,,,True,"{'eligible_anchors': 1114184, 'pool_anchors': 7408, 'pool_raw_events': 7675, 'global_pool_limit': 4096, 'per_relation_pool_limit': 228, 'normalization_scale': 1.0}",0.3518294617533684,9.278219573199749,"{'status': 'ok', 'raw_events': 256, 'steps': 167, 'objective': 239.2239433140753, 'diversity': 1.0}"
Theia Case 3,all,shared_context,marginal_nofrequency,256,ok,256,,87,3,1.0,1.0,,216,40,13,1131949,0.84375,0.9432314410480349,0.8907216494845361,3.533603241727614e-05,0.056768558951965066,7,9,5,5,0,44,1,3,3,1,0.20406289398670197,0.20406289398670197,0.20406289398670197,0.8308722339570522,1.0349351279437542,,,,,True,"{'eligible_anchors': 1114184, 'pool_anchors': 7409, 'pool_raw_events': 7672, 'global_pool_limit': 4096, 'per_relation_pool_limit': 228, 'normalization_scale': 1.0}",0.39093975722789764,9.278219573199749,"{'status': 'ok', 'raw_events': 256, 'steps': 169, 'objective': 266.62810618106903, 'diversity': 1.0}"
Theia Case 3,all,shared_context,marginal_rerank,1024,ok,1024,,87,2,1.0,1.0,,229,795,0,1131194,0.2236328125,1.0,0.3655227454110136,0.0007023036442933633,0.0,9,9,5,5,0,652,129,3,3,1,1.0752280540764332,1.0752280540764332,1.0752280540764332,2.712245464324951,3.7874735184013844,,,,,True,"{'eligible_anchors': 1114184, 'pool_anchors': 7426, 'pool_raw_events': 7700, 'global_pool_limit': 4096, 'per_relation_pool_limit': 228, 'normalization_scale': 1.0}",0.4030499942600727,9.278219573199749,"{'status': 'ok', 'raw_events': 1024, 'steps': 934, 'objective': 645.5586908226247, 'diversity': 1.0}"
Theia Case 3,all,shared_context,marginal_linear,1024,ok,1024,,87,3,1.0,1.0,,227,797,2,1131192,0.2216796875,0.9912663755458515,0.36233040702314445,0.0007040704459142271,0.008733624454148471,8,9,5,5,0,652,135,3,3,1,0.4628550000488758,0.4628550000488758,0.4628550000488758,2.712245464324951,3.175100464373827,,,,,True,"{'eligible_anchors': 1114184, 'pool_anchors': 7426, 'pool_raw_events': 7700, 'global_pool_limit': 4096, 'per_relation_pool_limit': 228, 'normalization_scale': 1.0}",0.4030499942600727,9.278219573199749,"{'status': 'ok', 'raw_events': 1024, 'steps': 937, 'objective': 595.7483811561062, 'diversity': 0.0}"
Theia Case 3,all,shared_context,marginal_diverse4,1024,ok,1024,,87,2,1.0,1.0,,229,795,0,1131194,0.2236328125,1.0,0.3655227454110136,0.0007023036442933633,0.0,9,9,5,5,0,645,118,3,3,1,1.0664014555513859,1.0664014555513859,1.0664014555513859,2.712245464324951,3.778646919876337,,,,,True,"{'eligible_anchors': 1114184, 'pool_anchors': 7426, 'pool_raw_events': 7700, 'global_pool_limit': 4096, 'per_relation_pool_limit': 228, 'normalization_scale': 1.0}",0.4030499942600727,9.278219573199749,"{'status': 'ok', 'raw_events': 1024, 'steps': 928, 'objective': 809.1503865808631, 'diversity': 4.0}"
Theia Case 3,all,shared_context,marginal_milp,1024,ok,1024,,87,3,1.0,1.0,,227,797,2,1131192,0.2216796875,0.9912663755458515,0.36233040702314445,0.0007040704459142271,0.008733624454148471,8,9,5,5,0,652,135,3,3,1,0.2612324319779873,0.2612324319779873,0.2612324319779873,2.712245464324951,2.9734778963029385,,,,,True,"{'eligible_anchors': 1114184, 'pool_anchors': 7426, 'pool_raw_events': 7700, 'global_pool_limit': 4096, 'per_relation_pool_limit': 228, 'normalization_scale': 1.0}",0.4030499942600727,9.278219573199749,"{'status': 'ok', 'solver_status': 0, 'solver_message': 'Optimization terminated successfully. (HiGHS Status 7: Optimal)', 'mip_gap': 0.0, 'objective_upper_bound': 595.7483810556902, 'mip_node_count': 1.0, 'variables': 15126, 'constraints': 28794, 'time_limit': 20.0, 'relative_gap_tolerance': 0.01, 'raw_events': 1024, 'objective': 595.7483810556898}"
Theia Case 3,all,shared_context,marginal_static,1024,ok,1024,,87,2,1.0,1.0,,225,799,4,1131190,0.2197265625,0.982532751091703,0.35913806863527536,0.0007058372475350909,0.017467248908296942,7,9,5,5,0,600,178,3,3,1,1.0893594548106194,1.0893594548106194,1.0893594548106194,2.6884917356073856,3.777851190418005,,,,,True,"{'eligible_anchors': 1114184, 'pool_anchors': 7408, 'pool_raw_events': 7675, 'global_pool_limit': 4096, 'per_relation_pool_limit': 228, 'normalization_scale': 1.0}",0.3725167438387871,9.278219573199749,"{'status': 'ok', 'raw_events': 1024, 'steps': 935, 'objective': 781.2511035259404, 'diversity': 1.0}"
Theia Case 3,all,shared_context,marginal_nofrequency,1024,ok,1024,,87,2,1.0,1.0,,229,795,0,1131194,0.2236328125,1.0,0.3655227454110136,0.0007023036442933633,0.0,9,9,5,5,0,658,121,3,3,1,1.0651208721101284,1.0651208721101284,1.0651208721101284,0.8308722339570522,1.8959931060671806,,,,,True,"{'eligible_anchors': 1114184, 'pool_anchors': 7409, 'pool_raw_events': 7672, 'global_pool_limit': 4096, 'per_relation_pool_limit': 228, 'normalization_scale': 1.0}",0.3973587118089199,9.278219573199749,"{'status': 'ok', 'raw_events': 1024, 'steps': 933, 'objective': 789.2767903142604, 'diversity': 1.0}"
Theia Case 3,all,shared_context,marginal_rerank,4096,ok,4096,,87,2,1.0,1.0,,229,3867,0,1128122,0.055908203125,1.0,0.10589595375722544,0.003416110933940171,0.0,9,9,5,5,0,3394,177,3,3,1,8.20894804596901,8.20894804596901,8.20894804596901,2.712245464324951,10.92119351029396,,,,,True,"{'eligible_anchors': 1114184, 'pool_anchors': 14931, 'pool_raw_events': 15197, 'global_pool_limit': 8192, 'per_relation_pool_limit': 456, 'normalization_scale': 1.0}",0.42782168090343475,9.278219573199749,"{'status': 'ok', 'raw_events': 4096, 'steps': 4006, 'objective': 2220.190039844234, 'diversity': 1.0}"
Theia Case 3,all,shared_context,marginal_linear,4096,ok,4096,,87,3,1.0,1.0,,227,3869,2,1128120,0.055419921875,0.9912663755458515,0.10497109826589596,0.0034178777355610345,0.008733624454148471,8,9,5,5,0,3403,168,3,3,1,3.504151415079832,3.504151415079832,3.504151415079832,2.712245464324951,6.216396879404783,,,,,True,"{'eligible_anchors': 1114184, 'pool_anchors': 14931, 'pool_raw_events': 15197, 'global_pool_limit': 8192, 'per_relation_pool_limit': 456, 'normalization_scale': 1.0}",0.42782168090343475,9.278219573199749,"{'status': 'ok', 'raw_events': 4096, 'steps': 4009, 'objective': 2145.8223483528013, 'diversity': 0.0}"
Theia Case 3,all,shared_context,marginal_diverse4,4096,ok,4096,,87,2,1.0,1.0,,229,3867,0,1128122,0.055908203125,1.0,0.10589595375722544,0.003416110933940171,0.0,9,9,5,5,0,3370,187,3,3,1,7.920538663864136,7.920538663864136,7.920538663864136,2.712245464324951,10.632784128189087,,,,,True,"{'eligible_anchors': 1114184, 'pool_anchors': 14931, 'pool_raw_events': 15197, 'global_pool_limit': 8192, 'per_relation_pool_limit': 456, 'normalization_scale': 1.0}",0.42782168090343475,9.278219573199749,"{'status': 'ok', 'raw_events': 4096, 'steps': 3999, 'objective': 2459.514543675233, 'diversity': 4.0}"
Theia Case 3,all,shared_context,marginal_static,4096,ok,4096,,87,2,1.0,1.0,,225,3871,4,1128118,0.054931640625,0.982532751091703,0.10404624277456648,0.0034196445371818983,0.017467248908296942,7,9,5,5,0,2927,878,3,3,1,7.9074722565710545,7.9074722565710545,7.9074722565710545,2.6884917356073856,10.59596399217844,,,,,True,"{'eligible_anchors': 1114184, 'pool_anchors': 14924, 'pool_raw_events': 15211, 'global_pool_limit': 8192, 'per_relation_pool_limit': 456, 'normalization_scale': 1.0}",0.388767022639513,9.278219573199749,"{'status': 'ok', 'raw_events': 4096, 'steps': 4007, 'objective': 2875.385881149727, 'diversity': 1.0}"
Theia Case 3,all,shared_context,marginal_nofrequency,4096,ok,4096,,87,2,1.0,1.0,,229,3867,0,1128122,0.055908203125,1.0,0.10589595375722544,0.003416110933940171,0.0,9,9,5,5,0,3366,233,3,3,1,7.93618119135499,7.93618119135499,7.93618119135499,0.8308722339570522,8.767053425312042,,,,,True,"{'eligible_anchors': 1114184, 'pool_anchors': 14908, 'pool_raw_events': 15184, 'global_pool_limit': 8192, 'per_relation_pool_limit': 456, 'normalization_scale': 1.0}",0.43019871041178703,9.278219573199749,"{'status': 'ok', 'raw_events': 4096, 'steps': 4005, 'objective': 2794.350855629213, 'diversity': 1.0}"
Theia Case 3,drop-0,poi_only,marginal_rerank,1024,ok,1024,,2,2,1.0,1.0,,10,1014,219,1130975,0.009765625,0.043668122270742356,0.01596169193934557,0.0008957684217779502,0.9563318777292577,7,9,4,5,0,825,162,2,2,1,1.2206243202090263,1.2206243202090263,1.2206243202090263,2.4021250419318676,3.622749362140894,,,,,True,"{'eligible_anchors': 1114184, 'pool_anchors': 7669, 'pool_raw_events': 7965, 'global_pool_limit': 4096, 'per_relation_pool_limit': 228, 'normalization_scale': 1.0}",0.4124504290521145,9.060322754085064,"{'status': 'ok', 'raw_events': 1024, 'steps': 1017, 'objective': 552.9670366266154, 'diversity': 1.0}"
Theia Case 3,drop-0,poi_only,marginal_linear,1024,ok,1024,,2,2,1.0,1.0,,8,1016,221,1130973,0.0078125,0.034934497816593885,0.012769353551476457,0.000897535223398814,0.9650655021834061,6,9,4,5,0,833,163,2,2,1,0.5165981762111187,0.5165981762111187,0.5165981762111187,2.4021250419318676,2.9187232181429863,,,,,True,"{'eligible_anchors': 1114184, 'pool_anchors': 7669, 'pool_raw_events': 7965, 'global_pool_limit': 4096, 'per_relation_pool_limit': 228, 'normalization_scale': 1.0}",0.4124504290521145,9.060322754085064,"{'status': 'ok', 'raw_events': 1024, 'steps': 1022, 'objective': 519.4999882591832, 'diversity': 0.0}"
Theia Case 3,drop-0,poi_only,marginal_diverse4,1024,ok,1024,,2,2,1.0,1.0,,10,1014,219,1130975,0.009765625,0.043668122270742356,0.01596169193934557,0.0008957684217779502,0.9563318777292577,7,9,4,5,0,792,156,2,2,1,1.1976252757012844,1.1976252757012844,1.1976252757012844,2.4021250419318676,3.599750317633152,,,,,True,"{'eligible_anchors': 1114184, 'pool_anchors': 7669, 'pool_raw_events': 7965, 'global_pool_limit': 4096, 'per_relation_pool_limit': 228, 'normalization_scale': 1.0}",0.4124504290521145,9.060322754085064,"{'status': 'ok', 'raw_events': 1024, 'steps': 1013, 'objective': 673.6751059447383, 'diversity': 4.0}"
Theia Case 3,drop-0,poi_only,marginal_static,1024,ok,1024,,2,2,1.0,1.0,,7,1017,222,1130972,0.0068359375,0.03056768558951965,0.0111731843575419,0.0008984186242092458,0.9694323144104804,6,9,4,5,0,730,242,2,2,1,1.2186026014387608,1.2186026014387608,1.2186026014387608,2.3853216357529163,3.603924237191677,,,,,True,"{'eligible_anchors': 1114184, 'pool_anchors': 7641, 'pool_raw_events': 7923, 'global_pool_limit': 4096, 'per_relation_pool_limit': 228, 'normalization_scale': 1.0}",0.385250274091959,9.060322754085064,"{'status': 'ok', 'raw_events': 1024, 'steps': 1019, 'objective': 732.0034382346015, 'diversity': 1.0}"
Theia Case 3,drop-0,poi_only,marginal_nofrequency,1024,ok,1024,,2,2,1.0,1.0,,10,1014,219,1130975,0.009765625,0.043668122270742356,0.01596169193934557,0.0008957684217779502,0.9563318777292577,7,9,4,5,0,824,163,2,2,1,1.2124440670013428,1.2124440670013428,1.2124440670013428,0.6511977687478065,1.8636418357491493,,,,,True,"{'eligible_anchors': 1114184, 'pool_anchors': 7659, 'pool_raw_events': 7970, 'global_pool_limit': 4096, 'per_relation_pool_limit': 228, 'normalization_scale': 1.0}",0.4597558081150055,9.060322754085064,"{'status': 'ok', 'raw_events': 1024, 'steps': 1021, 'objective': 704.9612376259362, 'diversity': 1.0}"
Theia Case 3,drop-0,shared_context,marginal_rerank,1024,ok,1024,,2,2,1.0,1.0,,10,1014,219,1130975,0.009765625,0.043668122270742356,0.01596169193934557,0.0008957684217779502,0.9563318777292577,7,9,4,5,0,825,162,2,2,1,1.2243344448506832,1.2243344448506832,1.2243344448506832,2.4021250419318676,3.626459486782551,,,,,True,"{'eligible_anchors': 1114184, 'pool_anchors': 7669, 'pool_raw_events': 7965, 'global_pool_limit': 4096, 'per_relation_pool_limit': 228, 'normalization_scale': 1.0}",0.4139818251132965,9.060322754085064,"{'status': 'ok', 'raw_events': 1024, 'steps': 1017, 'objective': 552.9670366266154, 'diversity': 1.0}"
Theia Case 3,drop-0,shared_context,marginal_linear,1024,ok,1024,,2,2,1.0,1.0,,8,1016,221,1130973,0.0078125,0.034934497816593885,0.012769353551476457,0.000897535223398814,0.9650655021834061,6,9,4,5,0,833,163,2,2,1,0.5186059735715389,0.5186059735715389,0.5186059735715389,2.4021250419318676,2.9207310155034065,,,,,True,"{'eligible_anchors': 1114184, 'pool_anchors': 7669, 'pool_raw_events': 7965, 'global_pool_limit': 4096, 'per_relation_pool_limit': 228, 'normalization_scale': 1.0}",0.4139818251132965,9.060322754085064,"{'status': 'ok', 'raw_events': 1024, 'steps': 1022, 'objective': 519.4999882591832, 'diversity': 0.0}"
Theia Case 3,drop-0,shared_context,marginal_diverse4,1024,ok,1024,,2,2,1.0,1.0,,10,1014,219,1130975,0.009765625,0.043668122270742356,0.01596169193934557,0.0008957684217779502,0.9563318777292577,7,9,4,5,0,792,156,2,2,1,1.2053596749901772,1.2053596749901772,1.2053596749901772,2.4021250419318676,3.6074847169220448,,,,,True,"{'eligible_anchors': 1114184, 'pool_anchors': 7669, 'pool_raw_events': 7965, 'global_pool_limit': 4096, 'per_relation_pool_limit': 228, 'normalization_scale': 1.0}",0.4139818251132965,9.060322754085064,"{'status': 'ok', 'raw_events': 1024, 'steps': 1013, 'objective': 673.6751059447383, 'diversity': 4.0}"
Theia Case 3,drop-0,shared_context,marginal_static,1024,ok,1024,,2,2,1.0,1.0,,7,1017,222,1130972,0.0068359375,0.03056768558951965,0.0111731843575419,0.0008984186242092458,0.9694323144104804,6,9,4,5,0,730,242,2,2,1,1.2127312310039997,1.2127312310039997,1.2127312310039997,2.3853216357529163,3.598052866756916,,,,,True,"{'eligible_anchors': 1114184, 'pool_anchors': 7641, 'pool_raw_events': 7923, 'global_pool_limit': 4096, 'per_relation_pool_limit': 228, 'normalization_scale': 1.0}",0.38115692883729935,9.060322754085064,"{'status': 'ok', 'raw_events': 1024, 'steps': 1019, 'objective': 732.0034382346015, 'diversity': 1.0}"
Theia Case 3,drop-0,shared_context,marginal_nofrequency,1024,ok,1024,,2,2,1.0,1.0,,10,1014,219,1130975,0.009765625,0.043668122270742356,0.01596169193934557,0.0008957684217779502,0.9563318777292577,7,9,4,5,0,824,163,2,2,1,1.2201221324503422,1.2201221324503422,1.2201221324503422,0.6511977687478065,1.8713199011981487,,,,,True,"{'eligible_anchors': 1114184, 'pool_anchors': 7659, 'pool_raw_events': 7970, 'global_pool_limit': 4096, 'per_relation_pool_limit': 228, 'normalization_scale': 1.0}",0.4332609362900257,9.060322754085064,"{'status': 'ok', 'raw_events': 1024, 'steps': 1021, 'objective': 704.9612376259362, 'diversity': 1.0}"
Theia Case 3,drop-1,poi_only,marginal_rerank,1024,ok,1024,,2,2,1.0,1.0,,226,798,3,1131191,0.220703125,0.9868995633187773,0.3607342378292099,0.0007049538467246589,0.013100436681222707,7,9,4,5,0,653,129,2,2,1,1.1763343438506126,1.1763343438506126,1.1763343438506126,2.459624782204628,3.6359591260552406,,,,,True,"{'eligible_anchors': 1113415, 'pool_anchors': 7429, 'pool_raw_events': 7724, 'global_pool_limit': 4096, 'per_relation_pool_limit': 228, 'normalization_scale': 1.0}",0.4215718246996403,9.22522434964776,"{'status': 'ok', 'raw_events': 1024, 'steps': 1020, 'objective': 643.6198032622976, 'diversity': 1.0}"
Theia Case 3,drop-1,poi_only,marginal_linear,1024,ok,1024,,2,2,1.0,1.0,,226,798,3,1131191,0.220703125,0.9868995633187773,0.3607342378292099,0.0007049538467246589,0.013100436681222707,7,9,4,5,0,652,134,2,2,1,0.4963396228849888,0.4963396228849888,0.4963396228849888,2.459624782204628,2.9559644050896168,,,,,True,"{'eligible_anchors': 1113415, 'pool_anchors': 7429, 'pool_raw_events': 7724, 'global_pool_limit': 4096, 'per_relation_pool_limit': 228, 'normalization_scale': 1.0}",0.4215718246996403,9.22522434964776,"{'status': 'ok', 'raw_events': 1024, 'steps': 1021, 'objective': 594.614013442699, 'diversity': 0.0}"
Theia Case 3,drop-1,poi_only,marginal_diverse4,1024,ok,1024,,2,2,1.0,1.0,,226,798,3,1131191,0.220703125,0.9868995633187773,0.3607342378292099,0.0007049538467246589,0.013100436681222707,7,9,4,5,0,649,123,2,2,1,1.148236956447363,1.148236956447363,1.148236956447363,2.459624782204628,3.607861738651991,,,,,True,"{'eligible_anchors': 1113415, 'pool_anchors': 7429, 'pool_raw_events': 7724, 'global_pool_limit': 4096, 'per_relation_pool_limit': 228, 'normalization_scale': 1.0}",0.4215718246996403,9.22522434964776,"{'status': 'ok', 'raw_events': 1024, 'steps': 1015, 'objective': 798.3416888576124, 'diversity': 4.0}"
Theia Case 3,drop-1,poi_only,marginal_static,1024,ok,1024,,2,2,1.0,1.0,,224,800,5,1131189,0.21875,0.9781659388646288,0.3575418994413408,0.0007067206483455228,0.021834061135371178,6,9,4,5,0,601,177,2,2,1,1.1558659821748734,1.1558659821748734,1.1558659821748734,2.4470275193452835,3.602893501520157,,,,,True,"{'eligible_anchors': 1113415, 'pool_anchors': 7411, 'pool_raw_events': 7687, 'global_pool_limit': 4096, 'per_relation_pool_limit': 228, 'normalization_scale': 1.0}",0.36161403357982635,9.22522434964776,"{'status': 'ok', 'raw_events': 1024, 'steps': 1018, 'objective': 779.6454925497252, 'diversity': 1.0}"
Theia Case 3,drop-1,poi_only,marginal_nofrequency,1024,ok,1024,,2,2,1.0,1.0,,226,798,3,1131191,0.220703125,0.9868995633187773,0.3607342378292099,0.0007049538467246589,0.013100436681222707,7,9,4,5,0,657,123,2,2,1,1.1539960578083992,1.1539960578083992,1.1539960578083992,0.6599422283470631,1.8139382861554623,,,,,True,"{'eligible_anchors': 1113415, 'pool_anchors': 7415, 'pool_raw_events': 7696, 'global_pool_limit': 4096, 'per_relation_pool_limit': 228, 'normalization_scale': 1.0}",0.4005007743835449,9.22522434964776,"{'status': 'ok', 'raw_events': 1024, 'steps': 1018, 'objective': 787.6091585760058, 'diversity': 1.0}"
Theia Case 3,drop-1,shared_context,marginal_rerank,1024,ok,1024,,86,2,1.0,1.0,,226,798,3,1131191,0.220703125,0.9868995633187773,0.3607342378292099,0.0007049538467246589,0.013100436681222707,7,9,4,5,0,653,129,2,2,1,1.065915260463953,1.065915260463953,1.065915260463953,2.459624782204628,3.525540042668581,,,,,True,"{'eligible_anchors': 1113415, 'pool_anchors': 7429, 'pool_raw_events': 7724, 'global_pool_limit': 4096, 'per_relation_pool_limit': 228, 'normalization_scale': 1.0}",0.39577728509902954,9.22522434964776,"{'status': 'ok', 'raw_events': 1024, 'steps': 938, 'objective': 643.6198032622976, 'diversity': 1.0}"
Theia Case 3,drop-1,shared_context,marginal_linear,1024,ok,1024,,86,2,1.0,1.0,,226,798,3,1131191,0.220703125,0.9868995633187773,0.3607342378292099,0.0007049538467246589,0.013100436681222707,7,9,4,5,0,652,135,2,2,1,0.45816968381404877,0.45816968381404877,0.45816968381404877,2.459624782204628,2.9177944660186768,,,,,True,"{'eligible_anchors': 1113415, 'pool_anchors': 7429, 'pool_raw_events': 7724, 'global_pool_limit': 4096, 'per_relation_pool_limit': 228, 'normalization_scale': 1.0}",0.39577728509902954,9.22522434964776,"{'status': 'ok', 'raw_events': 1024, 'steps': 938, 'objective': 594.9560783342574, 'diversity': 0.0}"
Theia Case 3,drop-1,shared_context,marginal_diverse4,1024,ok,1024,,86,2,1.0,1.0,,226,798,3,1131191,0.220703125,0.9868995633187773,0.3607342378292099,0.0007049538467246589,0.013100436681222707,7,9,4,5,0,649,123,2,2,1,1.0615554228425026,1.0615554228425026,1.0615554228425026,2.459624782204628,3.5211802050471306,,,,,True,"{'eligible_anchors': 1113415, 'pool_anchors': 7429, 'pool_raw_events': 7724, 'global_pool_limit': 4096, 'per_relation_pool_limit': 228, 'normalization_scale': 1.0}",0.39577728509902954,9.22522434964776,"{'status': 'ok', 'raw_events': 1024, 'steps': 933, 'objective': 798.3416888576124, 'diversity': 4.0}"
Theia Case 3,drop-1,shared_context,marginal_static,1024,ok,1024,,86,2,1.0,1.0,,224,800,5,1131189,0.21875,0.9781659388646288,0.3575418994413408,0.0007067206483455228,0.021834061135371178,6,9,4,5,0,601,177,2,2,1,1.055490531027317,1.055490531027317,1.055490531027317,2.4470275193452835,3.5025180503726006,,,,,True,"{'eligible_anchors': 1113415, 'pool_anchors': 7411, 'pool_raw_events': 7687, 'global_pool_limit': 4096, 'per_relation_pool_limit': 228, 'normalization_scale': 1.0}",0.39310500025749207,9.22522434964776,"{'status': 'ok', 'raw_events': 1024, 'steps': 936, 'objective': 779.6454925497252, 'diversity': 1.0}"
Theia Case 3,drop-1,shared_context,marginal_nofrequency,1024,ok,1024,,86,2,1.0,1.0,,226,798,3,1131191,0.220703125,0.9868995633187773,0.3607342378292099,0.0007049538467246589,0.013100436681222707,7,9,4,5,0,657,123,2,2,1,1.0644135065376759,1.0644135065376759,1.0644135065376759,0.6599422283470631,1.724355734884739,,,,,True,"{'eligible_anchors': 1113415, 'pool_anchors': 7415, 'pool_raw_events': 7696, 'global_pool_limit': 4096, 'per_relation_pool_limit': 228, 'normalization_scale': 1.0}",0.40247974544763565,9.22522434964776,"{'status': 'ok', 'raw_events': 1024, 'steps': 935, 'objective': 787.6091585760058, 'diversity': 1.0}"
Theia Case 3,drop-2,poi_only,marginal_rerank,1024,ok,1024,,2,1,1.0,1.0,,222,802,7,1131187,0.216796875,0.9694323144104804,0.35434956105347165,0.0007084874499663866,0.03056768558951965,4,9,2,5,0,289,9,2,2,1,0.9447645433247089,0.9447645433247089,0.9447645433247089,2.391067136079073,3.335831679403782,,,,,True,"{'eligible_anchors': 1114184, 'pool_anchors': 5913, 'pool_raw_events': 6201, 'global_pool_limit': 4096, 'per_relation_pool_limit': 228, 'normalization_scale': 1.0}",0.3907066397368908,9.22429434210062,"{'status': 'ok', 'raw_events': 1024, 'steps': 994, 'objective': 418.1176345687896, 'diversity': 1.0}"
Theia Case 3,drop-2,poi_only,marginal_linear,1024,ok,1024,,2,1,1.0,1.0,,222,802,7,1131187,0.216796875,0.9694323144104804,0.35434956105347165,0.0007084874499663866,0.03056768558951965,4,9,2,5,0,251,4,2,2,1,0.4070383943617344,0.4070383943617344,0.4070383943617344,2.391067136079073,2.7981055304408073,,,,,True,"{'eligible_anchors': 1114184, 'pool_anchors': 5913, 'pool_raw_events': 6201, 'global_pool_limit': 4096, 'per_relation_pool_limit': 228, 'normalization_scale': 1.0}",0.3907066397368908,9.22429434210062,"{'status': 'ok', 'raw_events': 1024, 'steps': 1002, 'objective': 357.36932855806685, 'diversity': 0.0}"
Theia Case 3,drop-2,poi_only,marginal_diverse4,1024,ok,1024,,2,1,1.0,1.0,,222,802,7,1131187,0.216796875,0.9694323144104804,0.35434956105347165,0.0007084874499663866,0.03056768558951965,4,9,2,5,0,291,11,2,2,1,0.9320719242095947,0.9320719242095947,0.9320719242095947,2.391067136079073,3.3231390602886677,,,,,True,"{'eligible_anchors': 1114184, 'pool_anchors': 5913, 'pool_raw_events': 6201, 'global_pool_limit': 4096, 'per_relation_pool_limit': 228, 'normalization_scale': 1.0}",0.3907066397368908,9.22429434210062,"{'status': 'ok', 'raw_events': 1024, 'steps': 989, 'objective': 588.9757246759913, 'diversity': 4.0}"
Theia Case 3,drop-2,poi_only,marginal_static,1024,ok,1024,,2,1,1.0,1.0,,222,802,7,1131187,0.216796875,0.9694323144104804,0.35434956105347165,0.0007084874499663866,0.03056768558951965,4,9,2,5,0,350,9,2,2,1,0.9209422245621681,0.9209422245621681,0.9209422245621681,2.3755940459668636,3.2965362705290318,,,,,True,"{'eligible_anchors': 1114184, 'pool_anchors': 5937, 'pool_raw_events': 6210, 'global_pool_limit': 4096, 'per_relation_pool_limit': 228, 'normalization_scale': 1.0}",0.35054242610931396,9.22429434210062,"{'status': 'ok', 'raw_events': 1024, 'steps': 996, 'objective': 503.93008022829423, 'diversity': 1.0}"
Theia Case 3,drop-2,poi_only,marginal_nofrequency,1024,ok,1024,,2,1,1.0,1.0,,222,802,7,1131187,0.216796875,0.9694323144104804,0.35434956105347165,0.0007084874499663866,0.03056768558951965,4,9,2,5,0,260,5,2,2,1,0.94649538397789,0.94649538397789,0.94649538397789,0.6463889367878437,1.5928843207657337,,,,,True,"{'eligible_anchors': 1114184, 'pool_anchors': 5966, 'pool_raw_events': 6260, 'global_pool_limit': 4096, 'per_relation_pool_limit': 228, 'normalization_scale': 1.0}",0.3888141140341759,9.22429434210062,"{'status': 'ok', 'raw_events': 1024, 'steps': 1005, 'objective': 510.21874823434996, 'diversity': 1.0}"
Theia Case 3,drop-2,shared_context,marginal_rerank,1024,ok,1024,,86,1,1.0,1.0,,222,802,7,1131187,0.216796875,0.9694323144104804,0.35434956105347165,0.0007084874499663866,0.03056768558951965,4,9,2,5,0,289,9,2,2,1,0.8444455713033676,0.8444455713033676,0.8444455713033676,2.391067136079073,3.2355127073824406,,,,,True,"{'eligible_anchors': 1114184, 'pool_anchors': 5913, 'pool_raw_events': 6201, 'global_pool_limit': 4096, 'per_relation_pool_limit': 228, 'normalization_scale': 1.0}",0.3987029194831848,9.22429434210062,"{'status': 'ok', 'raw_events': 1024, 'steps': 912, 'objective': 418.1176345687896, 'diversity': 1.0}"
Theia Case 3,drop-2,shared_context,marginal_linear,1024,ok,1024,,86,1,1.0,1.0,,222,802,7,1131187,0.216796875,0.9694323144104804,0.35434956105347165,0.0007084874499663866,0.03056768558951965,4,9,2,5,0,251,4,2,2,1,0.36842815577983856,0.36842815577983856,0.36842815577983856,2.391067136079073,2.7594952918589115,,,,,True,"{'eligible_anchors': 1114184, 'pool_anchors': 5913, 'pool_raw_events': 6201, 'global_pool_limit': 4096, 'per_relation_pool_limit': 228, 'normalization_scale': 1.0}",0.3987029194831848,9.22429434210062,"{'status': 'ok', 'raw_events': 1024, 'steps': 920, 'objective': 357.36932855806685, 'diversity': 0.0}"
Theia Case 3,drop-2,shared_context,marginal_diverse4,1024,ok,1024,,86,1,1.0,1.0,,222,802,7,1131187,0.216796875,0.9694323144104804,0.35434956105347165,0.0007084874499663866,0.03056768558951965,4,9,2,5,0,291,11,2,2,1,0.8292386122047901,0.8292386122047901,0.8292386122047901,2.391067136079073,3.220305748283863,,,,,True,"{'eligible_anchors': 1114184, 'pool_anchors': 5913, 'pool_raw_events': 6201, 'global_pool_limit': 4096, 'per_relation_pool_limit': 228, 'normalization_scale': 1.0}",0.3987029194831848,9.22429434210062,"{'status': 'ok', 'raw_events': 1024, 'steps': 907, 'objective': 588.9757246759913, 'diversity': 4.0}"
Theia Case 3,drop-2,shared_context,marginal_static,1024,ok,1024,,86,1,1.0,1.0,,222,802,7,1131187,0.216796875,0.9694323144104804,0.35434956105347165,0.0007084874499663866,0.03056768558951965,4,9,2,5,0,350,9,2,2,1,0.8445162400603294,0.8445162400603294,0.8445162400603294,2.3755940459668636,3.220110286027193,,,,,True,"{'eligible_anchors': 1114184, 'pool_anchors': 5937, 'pool_raw_events': 6210, 'global_pool_limit': 4096, 'per_relation_pool_limit': 228, 'normalization_scale': 1.0}",0.3521413505077362,9.22429434210062,"{'status': 'ok', 'raw_events': 1024, 'steps': 914, 'objective': 503.93008022829423, 'diversity': 1.0}"
Theia Case 3,drop-2,shared_context,marginal_nofrequency,1024,ok,1024,,86,1,1.0,1.0,,222,802,7,1131187,0.216796875,0.9694323144104804,0.35434956105347165,0.0007084874499663866,0.03056768558951965,4,9,2,5,0,260,5,2,2,1,0.8649421148002148,0.8649421148002148,0.8649421148002148,0.6463889367878437,1.5113310515880585,,,,,True,"{'eligible_anchors': 1114184, 'pool_anchors': 5966, 'pool_raw_events': 6260, 'global_pool_limit': 4096, 'per_relation_pool_limit': 228, 'normalization_scale': 1.0}",0.38534891977906227,9.22429434210062,"{'status': 'ok', 'raw_events': 1024, 'steps': 922, 'objective': 510.21874823434996, 'diversity': 1.0}"
Theia Case 3,all,poi_only,marginal_ppr,64,ok,64,,3,2,1.0,1.0,,35,29,194,1131960,0.546875,0.15283842794759825,0.23890784982935154,2.56186235025252e-05,0.8471615720524017,5,9,4,5,0,31,2,3,3,1,0.06425023078918457,0.06425023078918457,0.06425023078918457,0.6067986898124218,0.6710489206016064,,,,,True,"{'eligible_anchors': 1114184, 'pool_anchors': 6082, 'pool_raw_events': 6311, 'global_pool_limit': 4096, 'per_relation_pool_limit': 228, 'normalization_scale': 1.0}",0.41070836409926414,9.420395456254482,"{'status': 'ok', 'raw_events': 64, 'steps': 60, 'objective': 37.58675897048855, 'diversity': 1.0}"
Theia Case 3,all,poi_only,marginal_ppr,256,ok,256,,3,2,1.0,1.0,,224,32,5,1131957,0.875,0.9781659388646288,0.9237113402061856,2.8268825933820913e-05,0.021834061135371178,6,9,4,5,0,35,2,3,3,1,0.25772421434521675,0.25772421434521675,0.25772421434521675,0.6067986898124218,0.8645229041576385,,,,,True,"{'eligible_anchors': 1114184, 'pool_anchors': 6082, 'pool_raw_events': 6311, 'global_pool_limit': 4096, 'per_relation_pool_limit': 228, 'normalization_scale': 1.0}",0.4010602533817291,9.420395456254482,"{'status': 'ok', 'raw_events': 256, 'steps': 252, 'objective': 103.14981453270586, 'diversity': 1.0}"
Theia Case 3,all,poi_only,marginal_ppr,1024,ok,1024,,3,1,1.0,1.0,,224,800,5,1131189,0.21875,0.9781659388646288,0.3575418994413408,0.0007067206483455228,0.021834061135371178,6,9,4,5,0,364,10,3,3,1,0.957248155027628,0.957248155027628,0.957248155027628,0.6067986898124218,1.5640468448400497,,,,,True,"{'eligible_anchors': 1114184, 'pool_anchors': 6082, 'pool_raw_events': 6311, 'global_pool_limit': 4096, 'per_relation_pool_limit': 228, 'normalization_scale': 1.0}",0.4057777300477028,9.420395456254482,"{'status': 'ok', 'raw_events': 1024, 'steps': 972, 'objective': 126.5951677282216, 'diversity': 1.0}"
Theia Case 3,all,poi_only,marginal_ppr,4096,ok,4096,,3,1,1.0,1.0,,224,3872,5,1128117,0.0546875,0.9781659388646288,0.10358381502890174,0.00342052793799233,0.021834061135371178,6,9,4,5,0,999,16,3,3,1,6.554353665560484,6.554353665560484,6.554353665560484,0.6067986898124218,7.161152355372906,,,,,True,"{'eligible_anchors': 1114184, 'pool_anchors': 12206, 'pool_raw_events': 12415, 'global_pool_limit': 8192, 'per_relation_pool_limit': 456, 'normalization_scale': 1.0}",0.42337653040885925,9.420395456254482,"{'status': 'ok', 'raw_events': 4096, 'steps': 4003, 'objective': 143.7773416483323, 'diversity': 1.0}"
Theia Case 3,all,shared_context,marginal_ppr,64,infeasible_mandatory,,,87,,,,,,,,,,,,,,,,,,,,,,,,,,,,,,,,,True,,,9.420395456254482,
Theia Case 3,all,shared_context,marginal_ppr,256,ok,256,,87,2,1.0,1.0,,224,32,5,1131957,0.875,0.9781659388646288,0.9237113402061856,2.8268825933820913e-05,0.021834061135371178,6,9,4,5,0,35,2,3,3,1,0.18266639113426208,0.18266639113426208,0.18266639113426208,0.6067986898124218,0.7894650809466839,,,,,True,"{'eligible_anchors': 1114184, 'pool_anchors': 6082, 'pool_raw_events': 6311, 'global_pool_limit': 4096, 'per_relation_pool_limit': 228, 'normalization_scale': 1.0}",0.40425392985343933,9.420395456254482,"{'status': 'ok', 'raw_events': 256, 'steps': 169, 'objective': 103.14981453270586, 'diversity': 1.0}"
Theia Case 3,all,shared_context,marginal_ppr,1024,ok,1024,,87,1,1.0,1.0,,224,800,5,1131189,0.21875,0.9781659388646288,0.3575418994413408,0.0007067206483455228,0.021834061135371178,6,9,4,5,0,364,10,3,3,1,0.8572043851017952,0.8572043851017952,0.8572043851017952,0.6067986898124218,1.464003074914217,,,,,True,"{'eligible_anchors': 1114184, 'pool_anchors': 6082, 'pool_raw_events': 6311, 'global_pool_limit': 4096, 'per_relation_pool_limit': 228, 'normalization_scale': 1.0}",0.3987078107893467,9.420395456254482,"{'status': 'ok', 'raw_events': 1024, 'steps': 889, 'objective': 126.5951677282216, 'diversity': 1.0}"
Theia Case 3,all,shared_context,marginal_ppr,4096,ok,4096,,87,1,1.0,1.0,,224,3872,5,1128117,0.0546875,0.9781659388646288,0.10358381502890174,0.00342052793799233,0.021834061135371178,6,9,4,5,0,999,16,3,3,1,6.401406306773424,6.401406306773424,6.401406306773424,0.6067986898124218,7.008204996585846,,,,,True,"{'eligible_anchors': 1114184, 'pool_anchors': 12206, 'pool_raw_events': 12415, 'global_pool_limit': 8192, 'per_relation_pool_limit': 456, 'normalization_scale': 1.0}",0.4322214275598526,9.420395456254482,"{'status': 'ok', 'raw_events': 4096, 'steps': 3920, 'objective': 143.7773416483323, 'diversity': 1.0}"
Theia Case 3,all,poi_only,marginal_heat,64,ok,64,,3,3,1.0,1.0,,37,27,192,1131962,0.578125,0.1615720524017467,0.2525597269624573,2.3851821881661394e-05,0.8384279475982532,5,9,4,5,0,30,1,3,3,1,0.06377582624554634,0.06377582624554634,0.06377582624554634,0.19325226545333862,0.25702809169888496,,,,,True,"{'eligible_anchors': 1114184, 'pool_anchors': 6050, 'pool_raw_events': 6296, 'global_pool_limit': 4096, 'per_relation_pool_limit': 228, 'normalization_scale': 1.0}",0.3867383636534214,9.420395456254482,"{'status': 'ok', 'raw_events': 64, 'steps': 60, 'objective': 57.43340809857725, 'diversity': 1.0}"
Theia Case 3,all,poi_only,marginal_heat,256,ok,256,,3,2,1.0,1.0,,224,32,5,1131957,0.875,0.9781659388646288,0.9237113402061856,2.8268825933820913e-05,0.021834061135371178,6,9,4,5,0,35,2,3,3,1,0.2559248059988022,0.2559248059988022,0.2559248059988022,0.19325226545333862,0.4491770714521408,,,,,True,"{'eligible_anchors': 1114184, 'pool_anchors': 6050, 'pool_raw_events': 6296, 'global_pool_limit': 4096, 'per_relation_pool_limit': 228, 'normalization_scale': 1.0}",0.402921374887228,9.420395456254482,"{'status': 'ok', 'raw_events': 256, 'steps': 252, 'objective': 181.9242087682607, 'diversity': 1.0}"
Theia Case 3,all,poi_only,marginal_heat,1024,ok,1024,,3,1,1.0,1.0,,224,800,5,1131189,0.21875,0.9781659388646288,0.3575418994413408,0.0007067206483455228,0.021834061135371178,6,9,4,5,0,378,11,3,3,1,0.9315125569701195,0.9315125569701195,0.9315125569701195,0.19325226545333862,1.124764822423458,,,,,True,"{'eligible_anchors': 1114184, 'pool_anchors': 6050, 'pool_raw_events': 6296, 'global_pool_limit': 4096, 'per_relation_pool_limit': 228, 'normalization_scale': 1.0}",0.3902553506195545,9.420395456254482,"{'status': 'ok', 'raw_events': 1024, 'steps': 962, 'objective': 226.13331242136272, 'diversity': 1.0}"
Theia Case 3,all,poi_only,marginal_heat,4096,ok,4096,,3,1,1.0,1.0,,224,3872,5,1128117,0.0546875,0.9781659388646288,0.10358381502890174,0.00342052793799233,0.021834061135371178,6,9,4,5,0,967,14,3,3,1,6.470396909862757,6.470396909862757,6.470396909862757,0.19325226545333862,6.663649175316095,,,,,True,"{'eligible_anchors': 1114184, 'pool_anchors': 12124, 'pool_raw_events': 12361, 'global_pool_limit': 8192, 'per_relation_pool_limit': 456, 'normalization_scale': 1.0}",0.4326115995645523,9.420395456254482,"{'status': 'ok', 'raw_events': 4096, 'steps': 3998, 'objective': 258.951603011954, 'diversity': 1.0}"
Theia Case 3,all,shared_context,marginal_heat,64,infeasible_mandatory,,,87,,,,,,,,,,,,,,,,,,,,,,,,,,,,,,,,,True,,,9.420395456254482,
Theia Case 3,all,shared_context,marginal_heat,256,ok,256,,87,2,1.0,1.0,,224,32,5,1131957,0.875,0.9781659388646288,0.9237113402061856,2.8268825933820913e-05,0.021834061135371178,6,9,4,5,0,35,2,3,3,1,0.17050490528345108,0.17050490528345108,0.17050490528345108,0.19325226545333862,0.3637571707367897,,,,,True,"{'eligible_anchors': 1114184, 'pool_anchors': 6050, 'pool_raw_events': 6296, 'global_pool_limit': 4096, 'per_relation_pool_limit': 228, 'normalization_scale': 1.0}",0.39349811151623726,9.420395456254482,"{'status': 'ok', 'raw_events': 256, 'steps': 169, 'objective': 181.9242087682607, 'diversity': 1.0}"
Theia Case 3,all,shared_context,marginal_heat,1024,ok,1024,,87,1,1.0,1.0,,224,800,5,1131189,0.21875,0.9781659388646288,0.3575418994413408,0.0007067206483455228,0.021834061135371178,6,9,4,5,0,378,11,3,3,1,0.842526089400053,0.842526089400053,0.842526089400053,0.19325226545333862,1.0357783548533916,,,,,True,"{'eligible_anchors': 1114184, 'pool_anchors': 6050, 'pool_raw_events': 6296, 'global_pool_limit': 4096, 'per_relation_pool_limit': 228, 'normalization_scale': 1.0}",0.40420009940862656,9.420395456254482,"{'status': 'ok', 'raw_events': 1024, 'steps': 879, 'objective': 226.13331242136272, 'diversity': 1.0}"
Theia Case 3,all,shared_context,marginal_heat,4096,ok,4096,,87,1,1.0,1.0,,224,3872,5,1128117,0.0546875,0.9781659388646288,0.10358381502890174,0.00342052793799233,0.021834061135371178,6,9,4,5,0,967,14,3,3,1,6.293849691748619,6.293849691748619,6.293849691748619,0.19325226545333862,6.487101957201958,,,,,True,"{'eligible_anchors': 1114184, 'pool_anchors': 12124, 'pool_raw_events': 12361, 'global_pool_limit': 8192, 'per_relation_pool_limit': 456, 'normalization_scale': 1.0}",0.4323023818433285,9.420395456254482,"{'status': 'ok', 'raw_events': 4096, 'steps': 3915, 'objective': 258.951603011954, 'diversity': 1.0}"
Theia Case 3,drop-0,poi_only,marginal_ppr,1024,ok,1024,,2,1,1.0,1.0,,5,1019,224,1130970,0.0048828125,0.021834061135371178,0.007980845969672785,0.0009001854258301096,0.9781659388646288,4,9,3,5,0,460,12,2,2,1,0.8565039895474911,0.8565039895474911,0.8565039895474911,0.4282919019460678,1.2847958914935589,,,,,True,"{'eligible_anchors': 1114184, 'pool_anchors': 5584, 'pool_raw_events': 5855, 'global_pool_limit': 4096, 'per_relation_pool_limit': 228, 'normalization_scale': 1.0}",0.39422357827425003,9.20424185320735,"{'status': 'ok', 'raw_events': 1024, 'steps': 963, 'objective': 31.23883530326432, 'diversity': 1.0}"
Theia Case 3,drop-0,shared_context,marginal_ppr,1024,ok,1024,,2,1,1.0,1.0,,5,1019,224,1130970,0.0048828125,0.021834061135371178,0.007980845969672785,0.0009001854258301096,0.9781659388646288,4,9,3,5,0,460,12,2,2,1,0.8553231954574585,0.8553231954574585,0.8553231954574585,0.4282919019460678,1.2836150974035263,,,,,True,"{'eligible_anchors': 1114184, 'pool_anchors': 5584, 'pool_raw_events': 5855, 'global_pool_limit': 4096, 'per_relation_pool_limit': 228, 'normalization_scale': 1.0}",0.3993564322590828,9.20424185320735,"{'status': 'ok', 'raw_events': 1024, 'steps': 963, 'objective': 31.23883530326432, 'diversity': 1.0}"
Theia Case 3,drop-0,poi_only,marginal_heat,1024,ok,1024,,2,1,1.0,1.0,,5,1019,224,1130970,0.0048828125,0.021834061135371178,0.007980845969672785,0.0009001854258301096,0.9781659388646288,4,9,3,5,0,473,11,2,2,1,0.8587463535368443,0.8587463535368443,0.8587463535368443,0.15550362691283226,1.0142499804496765,,,,,True,"{'eligible_anchors': 1114184, 'pool_anchors': 5610, 'pool_raw_events': 5889, 'global_pool_limit': 4096, 'per_relation_pool_limit': 228, 'normalization_scale': 1.0}",0.4020226523280144,9.20424185320735,"{'status': 'ok', 'raw_events': 1024, 'steps': 953, 'objective': 49.66648125168898, 'diversity': 1.0}"
Theia Case 3,drop-0,shared_context,marginal_heat,1024,ok,1024,,2,1,1.0,1.0,,5,1019,224,1130970,0.0048828125,0.021834061135371178,0.007980845969672785,0.0009001854258301096,0.9781659388646288,4,9,3,5,0,473,11,2,2,1,0.8574553094804287,0.8574553094804287,0.8574553094804287,0.15550362691283226,1.012958936393261,,,,,True,"{'eligible_anchors': 1114184, 'pool_anchors': 5610, 'pool_raw_events': 5889, 'global_pool_limit': 4096, 'per_relation_pool_limit': 228, 'normalization_scale': 1.0}",0.3848532475531101,9.20424185320735,"{'status': 'ok', 'raw_events': 1024, 'steps': 953, 'objective': 49.66648125168898, 'diversity': 1.0}"
Theia Case 3,drop-1,poi_only,marginal_ppr,1024,ok,1024,,2,1,1.0,1.0,,221,803,8,1131186,0.2158203125,0.9650655021834061,0.35275339185953714,0.0007093708507768185,0.034934497816593885,4,9,3,5,0,311,8,2,2,1,1.0424615144729614,1.0424615144729614,1.0424615144729614,0.4332571141421795,1.475718628615141,,,,,True,"{'eligible_anchors': 1113415, 'pool_anchors': 6560, 'pool_raw_events': 6821, 'global_pool_limit': 4096, 'per_relation_pool_limit': 228, 'normalization_scale': 1.0}",0.40321996062994003,9.391769208014011,"{'status': 'ok', 'raw_events': 1024, 'steps': 986, 'objective': 117.02909042409865, 'diversity': 1.0}"
Theia Case 3,drop-1,shared_context,marginal_ppr,1024,ok,1024,,86,1,1.0,1.0,,221,803,8,1131186,0.2158203125,0.9650655021834061,0.35275339185953714,0.0007093708507768185,0.034934497816593885,4,9,3,5,0,311,8,2,2,1,0.9229113049805164,0.9229113049805164,0.9229113049805164,0.4332571141421795,1.356168419122696,,,,,True,"{'eligible_anchors': 1113415, 'pool_anchors': 6560, 'pool_raw_events': 6821, 'global_pool_limit': 4096, 'per_relation_pool_limit': 228, 'normalization_scale': 1.0}",0.3962240628898144,9.391769208014011,"{'status': 'ok', 'raw_events': 1024, 'steps': 903, 'objective': 117.02909042409865, 'diversity': 1.0}"
Theia Case 3,drop-1,poi_only,marginal_heat,1024,ok,1024,,2,1,1.0,1.0,,221,803,8,1131186,0.2158203125,0.9650655021834061,0.35275339185953714,0.0007093708507768185,0.034934497816593885,4,9,3,5,0,310,9,2,2,1,1.0005433522164822,1.0005433522164822,1.0005433522164822,0.1537853479385376,1.1543287001550198,,,,,True,"{'eligible_anchors': 1113415, 'pool_anchors': 6522, 'pool_raw_events': 6785, 'global_pool_limit': 4096, 'per_relation_pool_limit': 228, 'normalization_scale': 1.0}",0.3946431539952755,9.391769208014011,"{'status': 'ok', 'raw_events': 1024, 'steps': 983, 'objective': 208.45950751768373, 'diversity': 1.0}"
Theia Case 3,drop-1,shared_context,marginal_heat,1024,ok,1024,,86,1,1.0,1.0,,221,803,8,1131186,0.2158203125,0.9650655021834061,0.35275339185953714,0.0007093708507768185,0.034934497816593885,4,9,3,5,0,310,9,2,2,1,0.9103887528181076,0.9103887528181076,0.9103887528181076,0.1537853479385376,1.0641741007566452,,,,,True,"{'eligible_anchors': 1113415, 'pool_anchors': 6522, 'pool_raw_events': 6785, 'global_pool_limit': 4096, 'per_relation_pool_limit': 228, 'normalization_scale': 1.0}",0.3917221389710903,9.391769208014011,"{'status': 'ok', 'raw_events': 1024, 'steps': 900, 'objective': 208.45950751768373, 'diversity': 1.0}"
Theia Case 3,drop-2,poi_only,marginal_ppr,1024,ok,1024,,2,1,1.0,1.0,,222,802,7,1131187,0.216796875,0.9694323144104804,0.35434956105347165,0.0007084874499663866,0.03056768558951965,4,9,2,5,0,343,9,2,2,1,0.9775989353656769,0.9775989353656769,0.9775989353656769,0.4080803617835045,1.3856792971491814,,,,,True,"{'eligible_anchors': 1114184, 'pool_anchors': 6217, 'pool_raw_events': 6430, 'global_pool_limit': 4096, 'per_relation_pool_limit': 228, 'normalization_scale': 1.0}",0.38380736112594604,9.38201205432415,"{'status': 'ok', 'raw_events': 1024, 'steps': 978, 'objective': 119.55055659056818, 'diversity': 1.0}"
Theia Case 3,drop-2,shared_context,marginal_ppr,1024,ok,1024,,86,1,1.0,1.0,,222,802,7,1131187,0.216796875,0.9694323144104804,0.35434956105347165,0.0007084874499663866,0.03056768558951965,4,9,2,5,0,343,9,2,2,1,0.8714900463819504,0.8714900463819504,0.8714900463819504,0.4080803617835045,1.2795704081654549,,,,,True,"{'eligible_anchors': 1114184, 'pool_anchors': 6217, 'pool_raw_events': 6430, 'global_pool_limit': 4096, 'per_relation_pool_limit': 228, 'normalization_scale': 1.0}",0.3854339234530926,9.38201205432415,"{'status': 'ok', 'raw_events': 1024, 'steps': 895, 'objective': 119.55055659056818, 'diversity': 1.0}"
Theia Case 3,drop-2,poi_only,marginal_heat,1024,ok,1024,,2,1,1.0,1.0,,222,802,7,1131187,0.216796875,0.9694323144104804,0.35434956105347165,0.0007084874499663866,0.03056768558951965,4,9,2,5,0,346,13,2,2,1,0.9393129162490368,0.9393129162490368,0.9393129162490368,0.15286722779273987,1.0921801440417767,,,,,True,"{'eligible_anchors': 1114184, 'pool_anchors': 6168, 'pool_raw_events': 6393, 'global_pool_limit': 4096, 'per_relation_pool_limit': 228, 'normalization_scale': 1.0}",0.38247786462306976,9.38201205432415,"{'status': 'ok', 'raw_events': 1024, 'steps': 972, 'objective': 217.87151886718152, 'diversity': 1.0}"
Theia Case 3,drop-2,shared_context,marginal_heat,1024,ok,1024,,86,1,1.0,1.0,,222,802,7,1131187,0.216796875,0.9694323144104804,0.35434956105347165,0.0007084874499663866,0.03056768558951965,4,9,2,5,0,346,13,2,2,1,0.864672489464283,0.864672489464283,0.864672489464283,0.15286722779273987,1.0175397172570229,,,,,True,"{'eligible_anchors': 1114184, 'pool_anchors': 6168, 'pool_raw_events': 6393, 'global_pool_limit': 4096, 'per_relation_pool_limit': 228, 'normalization_scale': 1.0}",0.3859517462551594,9.38201205432415,"{'status': 'ok', 'raw_events': 1024, 'steps': 889, 'objective': 217.87151886718152, 'diversity': 1.0}"
Theia Case 5,all,poi_only,old_score_top,64,ok,64,49,1,1,1.0,1.0,True,1,63,30,137668,0.015625,0.03225806451612903,0.021052631578947368,0.00045741336373075054,0.967741935483871,1,8,1,6,0,44,5,0,1,1,0.019293662160634995,0.019293662160634995,0.019293662160634995,,,,,,,,,,,
Theia Case 5,all,poi_only,old_score_top,256,ok,256,98,1,1,1.0,1.0,True,1,255,30,137476,0.00390625,0.03225806451612903,0.006968641114982578,0.0018514350436720855,0.967741935483871,1,8,1,6,0,94,4,0,1,1,0.018710780888795853,0.018710780888795853,0.018710780888795853,,,,,,,,,,,
Theia Case 5,all,poi_only,old_score_top,1024,ok,1024,358,1,1,1.0,0.8095703125,True,2,1022,29,136709,0.001953125,0.06451612903225806,0.0037914691943127963,0.007420261233854398,0.9354838709677419,2,8,1,6,0,346,12,0,1,3,0.01852503791451454,0.0184289813041687,0.018616821616888046,,,,,,,,,,,
Theia Case 5,all,poi_only,old_score_top,4096,ok,4096,3430,1,1,1.0,0.95166015625,True,5,4091,26,133640,0.001220703125,0.16129032258064516,0.00242306760358614,0.029702826524166673,0.8387096774193549,5,8,4,6,0,3418,12,0,1,1,0.01851094514131546,0.01851094514131546,0.01851094514131546,,,,,,,,,,,
Theia Case 5,all,poi_only,rarity_top,64,ok,64,64,1,6,0.890625,0.609375,True,2,62,29,137669,0.03125,0.06451612903225806,0.042105263157894736,0.00045015283414772273,0.9354838709677419,2,8,2,6,0,63,1,0,1,1,0.018779568374156952,0.018779568374156952,0.018779568374156952,,,,,,,,,,,
Theia Case 5,all,poi_only,rarity_top,256,ok,256,256,1,6,0.97265625,0.90234375,True,2,254,29,137477,0.0078125,0.06451612903225806,0.013937282229965157,0.0018441745140890576,0.9354838709677419,2,8,2,6,0,255,1,0,1,1,0.01878984272480011,0.01878984272480011,0.01878984272480011,,,,,,,,,,,
Theia Case 5,all,poi_only,rarity_top,1024,ok,1024,1024,1,6,0.9931640625,0.9755859375,True,2,1022,29,136709,0.001953125,0.06451612903225806,0.0037914691943127963,0.007420261233854398,0.9354838709677419,2,8,2,6,0,1023,1,0,1,3,0.01882285252213478,0.01880122721195221,0.02184884622693062,,,,,,,,,,,
Theia Case 5,all,poi_only,rarity_top,4096,ok,4096,4096,1,6,0.998291015625,0.993896484375,True,2,4094,29,133637,0.00048828125,0.06451612903225806,0.000969227041434456,0.029724608112915756,0.9354838709677419,2,8,2,6,0,4095,1,0,1,1,0.018802981823682785,0.018802981823682785,0.018802981823682785,,,,,,,,,,,
Theia Case 5,all,poi_only,diffusion_top,64,ok,64,20,1,1,1.0,1.0,True,24,40,7,137691,0.375,0.7741935483870968,0.5052631578947369,0.00029042118332111145,0.22580645161290322,1,8,1,6,0,18,2,1,1,1,0.018694650381803513,0.018694650381803513,0.018694650381803513,1.2012175023555756,1.219912152737379,,,,,,,,,
Theia Case 5,all,poi_only,diffusion_top,256,ok,256,101,1,1,1.0,1.0,True,25,231,6,137500,0.09765625,0.8064516129032258,0.17421602787456447,0.0016771823336794187,0.1935483870967742,2,8,2,6,0,101,0,1,1,1,0.018536459654569626,0.018536459654569626,0.018536459654569626,1.2012175023555756,1.2197539620101452,,,,,,,,,
Theia Case 5,all,poi_only,diffusion_top,1024,ok,1024,292,1,1,1.0,0.9677734375,True,28,996,3,136735,0.02734375,0.9032258064516129,0.05308056872037915,0.007231487464695675,0.0967741935483871,5,8,4,6,0,289,3,1,1,3,0.01866544410586357,0.018656481057405472,0.01870661973953247,1.2012175023555756,1.2198829464614391,,,,,,,,,
Theia Case 5,all,poi_only,diffusion_top,4096,ok,4096,3138,1,1,1.0,0.887939453125,True,30,4066,1,133665,0.00732421875,0.967741935483871,0.01453840562151684,0.02952131328459098,0.03225806451612903,7,8,5,6,0,3138,0,1,1,1,0.018543533980846405,0.018543533980846405,0.018543533980846405,1.2012175023555756,1.219761036336422,,,,,,,,,
Theia Case 5,all,poi_only,localdegree_top,64,ok,64,63,1,8,0.015625,0.015625,True,1,63,30,137668,0.015625,0.03225806451612903,0.021052631578947368,0.00045741336373075054,0.967741935483871,1,8,1,6,0,57,6,0,1,1,0.014239292591810226,0.014239292591810226,0.014239292591810226,2.256111264228821,2.270350556820631,,,,,,,,,
Theia Case 5,all,poi_only,localdegree_top,256,ok,256,252,1,9,0.0078125,0.0078125,True,1,255,30,137476,0.00390625,0.03225806451612903,0.006968641114982578,0.0018514350436720855,0.967741935483871,1,8,1,6,0,236,16,0,1,1,0.014052819460630417,0.014052819460630417,0.014052819460630417,2.256111264228821,2.270164083689451,,,,,,,,,
Theia Case 5,all,poi_only,localdegree_top,1024,ok,1024,1003,1,11,0.00390625,0.00390625,True,2,1022,29,136709,0.001953125,0.06451612903225806,0.0037914691943127963,0.007420261233854398,0.9354838709677419,1,8,1,6,0,964,39,0,1,3,0.014140713959932327,0.014044977724552155,0.014183297753334045,2.256111264228821,2.270251978188753,,,,,,,,,
Theia Case 5,all,poi_only,localdegree_top,4096,ok,4096,3974,1,15,0.001953125,0.001953125,True,2,4094,29,133637,0.00048828125,0.06451612903225806,0.000969227041434456,0.029724608112915756,0.9354838709677419,1,8,1,6,0,3876,98,0,1,1,0.014084558933973312,0.014084558933973312,0.014084558933973312,2.256111264228821,2.270195823162794,,,,,,,,,
Theia Case 5,all,poi_only,episode,64,ok,64,27,1,1,1.0,1.0,True,24,40,7,137691,0.375,0.7741935483870968,0.5052631578947369,0.00029042118332111145,0.22580645161290322,1,8,1,6,0,25,2,1,1,1,0.09754472225904465,0.09754472225904465,0.09754472225904465,1.2012175023555756,1.2987622246146202,,,,,,,,,
Theia Case 5,all,poi_only,episode,256,ok,256,101,1,1,1.0,1.0,True,25,231,6,137500,0.09765625,0.8064516129032258,0.17421602787456447,0.0016771823336794187,0.1935483870967742,2,8,2,6,0,100,1,1,1,1,0.09545282274484634,0.09545282274484634,0.09545282274484634,1.2012175023555756,1.296670325100422,,,,,,,,,
Theia Case 5,all,poi_only,episode,1024,ok,1024,265,1,1,1.0,0.998046875,True,26,998,5,136733,0.025390625,0.8387096774193549,0.04928909952606635,0.007246008523861731,0.16129032258064516,3,8,2,6,0,264,1,1,1,3,0.09595327824354172,0.09587322175502777,0.0963016003370285,1.2012175023555756,1.2971707805991173,,,,,,,,,
Theia Case 5,all,poi_only,episode,4096,ok,4096,3191,1,1,1.0,0.998779296875,True,28,4068,3,133663,0.0068359375,0.9032258064516129,0.013569178580082384,0.029535834343757034,0.0967741935483871,5,8,3,6,0,3191,0,1,1,1,0.11508379876613617,0.11508379876613617,0.11508379876613617,1.2012175023555756,1.3163013011217117,,,,,,,,,
Theia Case 5,all,poi_only,coverage_exact,64,ok,64,29,1,1,1.0,1.0,True,24,40,7,137691,0.375,0.7741935483870968,0.5052631578947369,0.00029042118332111145,0.22580645161290322,1,8,1,6,0,28,1,1,1,1,0.5598571486771107,0.5598571486771107,0.5598571486771107,1.2012175023555756,1.7610746510326862,,,,,,,,,
Theia Case 5,all,poi_only,coverage_exact,256,ok,256,152,1,1,1.0,1.0,True,25,231,6,137500,0.09765625,0.8064516129032258,0.17421602787456447,0.0016771823336794187,0.1935483870967742,2,8,2,6,0,152,0,1,1,1,0.5672476142644882,0.5672476142644882,0.5672476142644882,1.2012175023555756,1.7684651166200638,,,,,,,,,
Theia Case 5,all,poi_only,coverage_exact,1024,ok,1024,398,1,1,1.0,0.9951171875,True,28,996,3,136735,0.02734375,0.9032258064516129,0.05308056872037915,0.007231487464695675,0.0967741935483871,5,8,3,6,0,395,3,1,1,3,0.5763422213494778,0.5754404291510582,0.5771529972553253,1.2012175023555756,1.7775597237050533,,,,,,,,,
Theia Case 5,all,poi_only,coverage_exact,4096,ok,4096,3470,1,1,1.0,0.998779296875,True,28,4068,3,133663,0.0068359375,0.9032258064516129,0.013569178580082384,0.029535834343757034,0.0967741935483871,5,8,3,6,0,3467,3,1,1,1,0.6463142149150372,0.6463142149150372,0.6463142149150372,1.2012175023555756,1.8475317172706127,,,,,,,,,
Theia Case 5,all,poi_only,coverage_semantic,64,ok,64,28,1,1,1.0,1.0,True,24,40,7,137691,0.375,0.7741935483870968,0.5052631578947369,0.00029042118332111145,0.22580645161290322,1,8,1,6,0,27,1,1,1,1,0.6567221954464912,0.6567221954464912,0.6567221954464912,1.2012175023555756,1.8579396978020668,,,,,,,,,
Theia Case 5,all,poi_only,coverage_semantic,256,ok,256,152,1,1,1.0,1.0,True,25,231,6,137500,0.09765625,0.8064516129032258,0.17421602787456447,0.0016771823336794187,0.1935483870967742,2,8,2,6,0,152,0,1,1,1,0.6501223333179951,0.6501223333179951,0.6501223333179951,1.2012175023555756,1.8513398356735706,,,,,,,,,
Theia Case 5,all,poi_only,coverage_semantic,1024,ok,1024,398,1,1,1.0,0.9951171875,True,28,996,3,136735,0.02734375,0.9032258064516129,0.05308056872037915,0.007231487464695675,0.0967741935483871,5,8,3,6,0,395,3,1,1,3,0.6633394919335842,0.6606206968426704,0.6653062552213669,1.2012175023555756,1.8645569942891598,,,,,,,,,
Theia Case 5,all,poi_only,coverage_semantic,4096,ok,4096,3470,1,1,1.0,0.998779296875,True,28,4068,3,133663,0.0068359375,0.9032258064516129,0.013569178580082384,0.029535834343757034,0.0967741935483871,5,8,3,6,0,3467,3,1,1,1,0.7493134774267673,0.7493134774267673,0.7493134774267673,1.2012175023555756,1.950530979782343,,,,,,,,,
Theia Case 5,all,poi_only,coverage_partial,64,ok,64,30,1,1,1.0,1.0,True,24,40,7,137691,0.375,0.7741935483870968,0.5052631578947369,0.00029042118332111145,0.22580645161290322,1,8,1,6,0,29,1,1,1,1,0.6548960469663143,0.6548960469663143,0.6548960469663143,1.2012175023555756,1.8561135493218899,,,,,,,,,
Theia Case 5,all,poi_only,coverage_partial,256,ok,256,178,1,1,1.0,1.0,True,25,231,6,137500,0.09765625,0.8064516129032258,0.17421602787456447,0.0016771823336794187,0.1935483870967742,2,8,2,6,0,176,2,1,1,1,0.6542831435799599,0.6542831435799599,0.6542831435799599,1.2012175023555756,1.8555006459355354,,,,,,,,,
Theia Case 5,all,poi_only,coverage_partial,1024,ok,1024,456,1,1,1.0,0.9951171875,True,28,996,3,136735,0.02734375,0.9032258064516129,0.05308056872037915,0.007231487464695675,0.0967741935483871,5,8,3,6,0,451,5,1,1,3,0.6581859886646271,0.6505295522511005,0.6584240049123764,1.2012175023555756,1.8594034910202026,,,,,,,,,
Theia Case 5,all,poi_only,coverage_partial,4096,ok,4096,3528,1,1,1.0,0.998779296875,True,28,4068,3,133663,0.0068359375,0.9032258064516129,0.013569178580082384,0.029535834343757034,0.0967741935483871,5,8,3,6,0,3523,5,1,1,1,0.723589226603508,0.723589226603508,0.723589226603508,1.2012175023555756,1.9248067289590836,,,,,,,,,
Theia Case 5,all,poi_only,coverage_no_frequency,64,ok,64,10,1,1,1.0,1.0,True,24,40,7,137691,0.375,0.7741935483870968,0.5052631578947369,0.00029042118332111145,0.22580645161290322,1,8,1,6,0,10,0,1,1,1,0.6558240018785,0.6558240018785,0.6558240018785,0.5834330543875694,1.2392570562660694,,,,,,,,,
Theia Case 5,all,poi_only,coverage_no_frequency,256,ok,256,153,1,1,1.0,1.0,True,25,231,6,137500,0.09765625,0.8064516129032258,0.17421602787456447,0.0016771823336794187,0.1935483870967742,2,8,2,6,0,153,0,1,1,1,0.6468173786997795,0.6468173786997795,0.6468173786997795,0.5834330543875694,1.230250433087349,,,,,,,,,
Theia Case 5,all,poi_only,coverage_no_frequency,1024,ok,1024,543,1,1,1.0,0.998046875,True,26,998,5,136733,0.025390625,0.8387096774193549,0.04928909952606635,0.007246008523861731,0.16129032258064516,3,8,2,6,0,541,2,1,1,3,0.6705821752548218,0.6592895202338696,0.6719362623989582,0.5834330543875694,1.2540152296423912,,,,,,,,,
Theia Case 5,all,poi_only,coverage_no_frequency,4096,ok,4096,3615,1,1,1.0,0.99951171875,True,26,4070,5,133661,0.00634765625,0.8387096774193549,0.012599951538647928,0.029550355402923088,0.16129032258064516,3,8,2,6,0,3613,2,1,1,1,0.7493491061031818,0.7493491061031818,0.7493491061031818,0.5834330543875694,1.3327821604907513,,,,,,,,,
Theia Case 5,all,poi_only,pcst_native,64,ok,1,1,1,1,1.0,1.0,True,1,0,30,137731,1.0,0.03225806451612903,0.0625,0.0,0.967741935483871,1,8,1,6,0,0,1,0,1,1,0.0014874041080474854,0.0014874041080474854,0.0014874041080474854,3.4104192964732647,3.411906700581312,1.0,0.0,,,,,,,
Theia Case 5,all,poi_only,pcst_native,256,ok,209,174,1,1,1.0,0.9904306220095693,True,2,207,29,137524,0.009569377990430622,0.06451612903225806,0.016666666666666666,0.0015029296236867516,0.9354838709677419,2,8,2,6,0,173,1,0,1,1,0.0016205012798309326,0.0016205012798309326,0.0016205012798309326,3.4104192964732647,3.4120397977530956,0.1,66.6722963221184,,,,,,,
Theia Case 5,all,poi_only,pcst_native,1024,ok,925,271,1,1,1.0,0.9621621621621622,True,27,898,4,136833,0.02918918918918919,0.8709677419354839,0.056485355648535567,0.006519955565558952,0.12903225806451613,4,8,3,6,0,271,0,1,1,1,0.0024611204862594604,0.0024611204862594604,0.0024611204862594604,3.4104192964732647,3.412880416959524,1e-06,77.39345714837839,,,,,,,
Theia Case 5,all,poi_only,pcst_native,4096,ok,925,271,1,1,1.0,0.9621621621621622,True,27,898,4,136833,0.02918918918918919,0.8709677419354839,0.056485355648535567,0.006519955565558952,0.12903225806451613,4,8,3,6,0,271,0,1,1,1,0.0023903585970401764,0.0023903585970401764,0.0023903585970401764,3.4104192964732647,3.412809655070305,1e-06,77.39345714837839,,,,,,,
Theia Case 5,all,poi_only,random_0,64,ok,64,64,1,5,0.015625,0.015625,True,1,63,30,137668,0.015625,0.03225806451612903,0.021052631578947368,0.00045741336373075054,0.967741935483871,1,8,1,6,0,61,3,0,1,1,0.029582638293504715,0.029582638293504715,0.029582638293504715,,,,,,,,,,,
Theia Case 5,all,poi_only,random_0,256,ok,256,256,1,8,0.0078125,0.00390625,True,1,255,30,137476,0.00390625,0.03225806451612903,0.006968641114982578,0.0018514350436720855,0.967741935483871,1,8,1,6,0,242,14,0,1,1,0.028953857719898224,0.028953857719898224,0.028953857719898224,,,,,,,,,,,
Theia Case 5,all,poi_only,random_0,1024,ok,1024,996,1,9,0.900390625,0.0068359375,True,1,1023,30,136708,0.0009765625,0.03225806451612903,0.0018957345971563982,0.0074275217634374256,0.967741935483871,1,8,1,6,0,955,41,0,1,1,0.028856899589300156,0.028856899589300156,0.028856899589300156,,,,,,,,,,,
Theia Case 5,all,poi_only,random_0,4096,ok,4096,3928,1,15,0.895751953125,0.007568359375,True,4,4092,27,133639,0.0009765625,0.12903225806451613,0.001938454082868912,0.029710087053749702,0.8709677419354839,1,8,1,6,0,3807,121,0,1,1,0.028869278728961945,0.028869278728961945,0.028869278728961945,,,,,,,,,,,
Theia Case 5,all,poi_only,random_1,64,ok,64,64,1,5,0.015625,0.015625,True,1,63,30,137668,0.015625,0.03225806451612903,0.021052631578947368,0.00045741336373075054,0.967741935483871,1,8,1,6,0,62,2,0,1,1,0.028947368264198303,0.028947368264198303,0.028947368264198303,,,,,,,,,,,
Theia Case 5,all,poi_only,random_1,256,ok,256,254,1,11,0.01171875,0.01171875,True,1,255,30,137476,0.00390625,0.03225806451612903,0.006968641114982578,0.0018514350436720855,0.967741935483871,1,8,1,6,0,236,18,0,1,1,0.028969500213861465,0.028969500213861465,0.028969500213861465,,,,,,,,,,,
Theia Case 5,all,poi_only,random_1,1024,ok,1024,995,1,13,0.0048828125,0.0048828125,True,1,1023,30,136708,0.0009765625,0.03225806451612903,0.0018957345971563982,0.0074275217634374256,0.967741935483871,1,8,1,6,0,954,41,0,1,1,0.028912238776683807,0.028912238776683807,0.028912238776683807,,,,,,,,,,,
Theia Case 5,all,poi_only,random_1,4096,ok,4096,3930,1,17,0.00537109375,0.005126953125,True,2,4094,29,133637,0.00048828125,0.06451612903225806,0.000969227041434456,0.029724608112915756,0.9354838709677419,1,8,1,6,0,3816,114,0,1,1,0.029041003435850143,0.029041003435850143,0.029041003435850143,,,,,,,,,,,
Theia Case 5,all,poi_only,random_2,64,ok,64,64,1,5,0.015625,0.015625,True,1,63,30,137668,0.015625,0.03225806451612903,0.021052631578947368,0.00045741336373075054,0.967741935483871,1,8,1,6,0,57,7,0,1,1,0.02898241952061653,0.02898241952061653,0.02898241952061653,,,,,,,,,,,
Theia Case 5,all,poi_only,random_2,256,ok,256,254,1,9,0.00390625,0.00390625,True,1,255,30,137476,0.00390625,0.03225806451612903,0.006968641114982578,0.0018514350436720855,0.967741935483871,1,8,1,6,0,235,19,0,1,1,0.02891380712389946,0.02891380712389946,0.02891380712389946,,,,,,,,,,,
Theia Case 5,all,poi_only,random_2,1024,ok,1024,995,1,16,0.8876953125,0.0009765625,True,1,1023,30,136708,0.0009765625,0.03225806451612903,0.0018957345971563982,0.0074275217634374256,0.967741935483871,1,8,1,6,0,939,56,0,1,1,0.028802670538425446,0.028802670538425446,0.028802670538425446,,,,,,,,,,,
Theia Case 5,all,poi_only,random_2,4096,ok,4096,3914,1,19,0.892822265625,0.005615234375,True,3,4093,28,133638,0.000732421875,0.0967741935483871,0.001453840562151684,0.029717347583332727,0.9032258064516129,1,8,1,6,0,3776,138,0,1,1,0.02880726382136345,0.02880726382136345,0.02880726382136345,,,,,,,,,,,
Theia Case 5,all,poi_only,random_3,64,ok,64,64,1,6,0.03125,0.03125,True,1,63,30,137668,0.015625,0.03225806451612903,0.021052631578947368,0.00045741336373075054,0.967741935483871,1,8,1,6,0,56,8,0,1,1,0.029018577188253403,0.029018577188253403,0.029018577188253403,,,,,,,,,,,
Theia Case 5,all,poi_only,random_3,256,ok,256,251,1,11,0.015625,0.0078125,True,1,255,30,137476,0.00390625,0.03225806451612903,0.006968641114982578,0.0018514350436720855,0.967741935483871,1,8,1,6,0,233,18,0,1,1,0.029050055891275406,0.029050055891275406,0.029050055891275406,,,,,,,,,,,
Theia Case 5,all,poi_only,random_3,1024,ok,1024,989,1,14,0.0048828125,0.001953125,True,1,1023,30,136708,0.0009765625,0.03225806451612903,0.0018957345971563982,0.0074275217634374256,0.967741935483871,1,8,1,6,0,950,39,0,1,1,0.029043585062026978,0.029043585062026978,0.029043585062026978,,,,,,,,,,,
Theia Case 5,all,poi_only,random_3,4096,ok,4096,3942,1,16,0.892822265625,0.003173828125,True,1,4095,30,133636,0.000244140625,0.03225806451612903,0.000484613520717228,0.029731868642498785,0.967741935483871,1,8,1,6,0,3816,126,0,1,1,0.029105529189109802,0.029105529189109802,0.029105529189109802,,,,,,,,,,,
Theia Case 5,all,poi_only,random_4,64,ok,64,63,1,5,0.015625,0.015625,True,1,63,30,137668,0.015625,0.03225806451612903,0.021052631578947368,0.00045741336373075054,0.967741935483871,1,8,1,6,0,59,4,0,1,1,0.029112379997968674,0.029112379997968674,0.029112379997968674,,,,,,,,,,,
Theia Case 5,all,poi_only,random_4,256,ok,256,249,1,8,0.01171875,0.0078125,True,1,255,30,137476,0.00390625,0.03225806451612903,0.006968641114982578,0.0018514350436720855,0.967741935483871,1,8,1,6,0,235,14,0,1,1,0.029059771448373795,0.029059771448373795,0.029059771448373795,,,,,,,,,,,
Theia Case 5,all,poi_only,random_4,1024,ok,1024,994,1,16,0.009765625,0.009765625,True,1,1023,30,136708,0.0009765625,0.03225806451612903,0.0018957345971563982,0.0074275217634374256,0.967741935483871,1,8,1,6,0,949,45,0,1,1,0.028916195034980774,0.028916195034980774,0.028916195034980774,,,,,,,,,,,
Theia Case 5,all,poi_only,random_4,4096,ok,4096,3921,1,19,0.0107421875,0.007568359375,True,2,4094,29,133637,0.00048828125,0.06451612903225806,0.000969227041434456,0.029724608112915756,0.9354838709677419,1,8,1,6,0,3781,140,0,1,1,0.02884753793478012,0.02884753793478012,0.02884753793478012,,,,,,,,,,,
Theia Case 5,all,shared_context,old_score_top,64,infeasible_mandatory,,,114,,,,True,,,,,,,,,,,,,,,,,,,,,,,,,,,,,,,,,
Theia Case 5,all,shared_context,old_score_top,256,ok,256,83,114,1,1.0,0.9921875,True,31,225,0,137506,0.12109375,1.0,0.21602787456445993,0.001633619156181252,0.0,8,8,6,6,0,83,0,1,1,1,0.01850435510277748,0.01850435510277748,0.01850435510277748,,,,,,,,,,,
Theia Case 5,all,shared_context,old_score_top,1024,ok,1024,336,114,1,1.0,0.828125,True,31,993,0,136738,0.0302734375,1.0,0.058767772511848344,0.007209705875946592,0.0,8,8,6,6,0,325,11,1,1,3,0.018449071794748306,0.018412258476018906,0.018490009009838104,,,,,,,,,,,
Theia Case 5,all,shared_context,old_score_top,4096,ok,4096,3407,114,1,1.0,0.95166015625,True,31,4065,0,133666,0.007568359375,1.0,0.015023019142234069,0.02951405275500795,0.0,8,8,6,6,0,3396,11,1,1,1,0.018466081470251083,0.018466081470251083,0.018466081470251083,,,,,,,,,,,
Theia Case 5,all,shared_context,rarity_top,64,infeasible_mandatory,,,114,,,,True,,,,,,,,,,,,,,,,,,,,,,,,,,,,,,,,,
Theia Case 5,all,shared_context,rarity_top,256,ok,256,158,114,6,0.97265625,0.8984375,True,31,225,0,137506,0.12109375,1.0,0.21602787456445993,0.001633619156181252,0.0,8,8,6,6,0,158,0,1,1,1,0.01866600289940834,0.01866600289940834,0.01866600289940834,,,,,,,,,,,
Theia Case 5,all,shared_context,rarity_top,1024,ok,1024,926,114,6,0.9931640625,0.974609375,True,31,993,0,136738,0.0302734375,1.0,0.058767772511848344,0.007209705875946592,0.0,8,8,6,6,0,926,0,1,1,3,0.018637079745531082,0.018577594310045242,0.018656492233276367,,,,,,,,,,,
Theia Case 5,all,shared_context,rarity_top,4096,ok,4096,3998,114,6,0.998291015625,0.99365234375,True,31,4065,0,133666,0.007568359375,1.0,0.015023019142234069,0.02951405275500795,0.0,8,8,6,6,0,3998,0,1,1,1,0.018931083381175995,0.018931083381175995,0.018931083381175995,,,,,,,,,,,
Theia Case 5,all,shared_context,diffusion_top,64,infeasible_mandatory,,,114,,,,True,,,,,,,,,,,,,,,,,,,,,,,,,,,,,,,,,
Theia Case 5,all,shared_context,diffusion_top,256,ok,256,102,114,1,1.0,0.9921875,True,31,225,0,137506,0.12109375,1.0,0.21602787456445993,0.001633619156181252,0.0,8,8,6,6,0,100,2,1,1,1,0.018572058528661728,0.018572058528661728,0.018572058528661728,1.2012175023555756,1.2197895608842373,,,,,,,,,
Theia Case 5,all,shared_context,diffusion_top,1024,ok,1024,294,114,1,1.0,0.9677734375,True,31,993,0,136738,0.0302734375,1.0,0.058767772511848344,0.007209705875946592,0.0,8,8,6,6,0,292,2,1,1,3,0.01849234476685524,0.01844964548945427,0.01850958541035652,1.2012175023555756,1.2197098471224308,,,,,,,,,
Theia Case 5,all,shared_context,diffusion_top,4096,ok,4096,3138,114,1,1.0,0.887939453125,True,31,4065,0,133666,0.007568359375,1.0,0.015023019142234069,0.02951405275500795,0.0,8,8,6,6,0,3138,0,1,1,1,0.01851559430360794,0.01851559430360794,0.01851559430360794,1.2012175023555756,1.2197330966591835,,,,,,,,,
Theia Case 5,all,shared_context,localdegree_top,64,infeasible_mandatory,,,114,,,,True,,,,,,,,,,,,,,,,,,,,,,,,,,,,,,,,,
Theia Case 5,all,shared_context,localdegree_top,256,ok,256,156,114,8,0.9453125,0.9375,True,31,225,0,137506,0.12109375,1.0,0.21602787456445993,0.001633619156181252,0.0,8,8,6,6,0,147,9,1,1,1,0.014199625700712204,0.014199625700712204,0.014199625700712204,2.256111264228821,2.270310889929533,,,,,,,,,
Theia Case 5,all,shared_context,localdegree_top,1024,ok,1024,908,114,10,0.92578125,0.923828125,True,31,993,0,136738,0.0302734375,1.0,0.058767772511848344,0.007209705875946592,0.0,8,8,6,6,0,873,35,1,1,3,0.014168109744787216,0.014107983559370041,0.014176435768604279,2.256111264228821,2.270279373973608,,,,,,,,,
Theia Case 5,all,shared_context,localdegree_top,4096,ok,4096,3880,114,14,0.9140625,0.913330078125,True,31,4065,0,133666,0.007568359375,1.0,0.015023019142234069,0.02951405275500795,0.0,8,8,6,6,0,3790,90,1,1,1,0.014049090445041656,0.014049090445041656,0.014049090445041656,2.256111264228821,2.2701603546738625,,,,,,,,,
Theia Case 5,all,shared_context,episode,64,infeasible_mandatory,,,114,,,,True,,,,,,,,,,,,,,,,,,,,,,,,,,,,,,,,,
Theia Case 5,all,shared_context,episode,256,ok,256,100,114,1,1.0,0.9921875,True,31,225,0,137506,0.12109375,1.0,0.21602787456445993,0.001633619156181252,0.0,8,8,6,6,0,99,1,1,1,1,0.09639864042401314,0.09639864042401314,0.09639864042401314,1.2012175023555756,1.2976161427795887,,,,,,,,,
Theia Case 5,all,shared_context,episode,1024,ok,1024,268,114,1,1.0,0.99609375,True,31,993,0,136738,0.0302734375,1.0,0.058767772511848344,0.007209705875946592,0.0,8,8,6,6,0,267,1,1,1,3,0.09741142019629478,0.09625639021396637,0.09742958471179008,1.2012175023555756,1.2986289225518703,,,,,,,,,
Theia Case 5,all,shared_context,episode,4096,ok,4096,3191,114,1,1.0,0.998291015625,True,31,4065,0,133666,0.007568359375,1.0,0.015023019142234069,0.02951405275500795,0.0,8,8,6,6,0,3191,0,1,1,1,0.11609618738293648,0.11609618738293648,0.11609618738293648,1.2012175023555756,1.317313689738512,,,,,,,,,
Theia Case 5,all,shared_context,coverage_exact,64,infeasible_mandatory,,,114,,,,True,,,,,,,,,,,,,,,,,,,,,,,,,,,,,,,,,
Theia Case 5,all,shared_context,coverage_exact,256,ok,256,121,114,1,1.0,0.9921875,True,31,225,0,137506,0.12109375,1.0,0.21602787456445993,0.001633619156181252,0.0,8,8,6,6,0,121,0,1,1,1,0.5674014762043953,0.5674014762043953,0.5674014762043953,1.2012175023555756,1.7686189785599709,,,,,,,,,
Theia Case 5,all,shared_context,coverage_exact,1024,ok,1024,353,114,1,1.0,0.9931640625,True,31,993,0,136738,0.0302734375,1.0,0.058767772511848344,0.007209705875946592,0.0,8,8,6,6,0,350,3,1,1,3,0.5696557089686394,0.5672998949885368,0.5760299600660801,1.2012175023555756,1.770873211324215,,,,,,,,,
Theia Case 5,all,shared_context,coverage_exact,4096,ok,4096,3425,114,1,1.0,0.998291015625,True,31,4065,0,133666,0.007568359375,1.0,0.015023019142234069,0.02951405275500795,0.0,8,8,6,6,0,3422,3,1,1,1,0.6489254273474216,0.6489254273474216,0.6489254273474216,1.2012175023555756,1.8501429297029972,,,,,,,,,
Theia Case 5,all,shared_context,coverage_semantic,64,infeasible_mandatory,,,114,,,,True,,,,,,,,,,,,,,,,,,,,,,,,,,,,,,,,,
Theia Case 5,all,shared_context,coverage_semantic,256,ok,256,120,114,1,1.0,0.9921875,True,31,225,0,137506,0.12109375,1.0,0.21602787456445993,0.001633619156181252,0.0,8,8,6,6,0,120,0,1,1,1,0.663723561912775,0.663723561912775,0.663723561912775,1.2012175023555756,1.8649410642683506,,,,,,,,,
Theia Case 5,all,shared_context,coverage_semantic,1024,ok,1024,353,114,1,1.0,0.9931640625,True,31,993,0,136738,0.0302734375,1.0,0.058767772511848344,0.007209705875946592,0.0,8,8,6,6,0,350,3,1,1,3,0.657199714332819,0.6555107980966568,0.6579033508896828,1.2012175023555756,1.8584172166883945,,,,,,,,,
Theia Case 5,all,shared_context,coverage_semantic,4096,ok,4096,3425,114,1,1.0,0.998291015625,True,31,4065,0,133666,0.007568359375,1.0,0.015023019142234069,0.02951405275500795,0.0,8,8,6,6,0,3422,3,1,1,1,0.7388785220682621,0.7388785220682621,0.7388785220682621,1.2012175023555756,1.9400960244238377,,,,,,,,,
Theia Case 5,all,shared_context,coverage_partial,64,infeasible_mandatory,,,114,,,,True,,,,,,,,,,,,,,,,,,,,,,,,,,,,,,,,,
Theia Case 5,all,shared_context,coverage_partial,256,ok,256,121,114,1,1.0,0.9921875,True,31,225,0,137506,0.12109375,1.0,0.21602787456445993,0.001633619156181252,0.0,8,8,6,6,0,120,1,1,1,1,0.6494045928120613,0.6494045928120613,0.6494045928120613,1.2012175023555756,1.8506220951676369,,,,,,,,,
Theia Case 5,all,shared_context,coverage_partial,1024,ok,1024,382,114,1,1.0,0.9931640625,True,31,993,0,136738,0.0302734375,1.0,0.058767772511848344,0.007209705875946592,0.0,8,8,6,6,0,378,4,1,1,3,0.6532721407711506,0.6493160277605057,0.6538740135729313,1.2012175023555756,1.8544896431267262,,,,,,,,,
Theia Case 5,all,shared_context,coverage_partial,4096,ok,4096,3454,114,1,1.0,0.998291015625,True,31,4065,0,133666,0.007568359375,1.0,0.015023019142234069,0.02951405275500795,0.0,8,8,6,6,0,3450,4,1,1,1,0.7139244489371777,0.7139244489371777,0.7139244489371777,1.2012175023555756,1.9151419512927532,,,,,,,,,
Theia Case 5,all,shared_context,coverage_no_frequency,64,infeasible_mandatory,,,114,,,,True,,,,,,,,,,,,,,,,,,,,,,,,,,,,,,,,,
Theia Case 5,all,shared_context,coverage_no_frequency,256,ok,256,121,114,1,1.0,0.9921875,True,31,225,0,137506,0.12109375,1.0,0.21602787456445993,0.001633619156181252,0.0,8,8,6,6,0,121,0,1,1,1,0.650237862020731,0.650237862020731,0.650237862020731,0.5834330543875694,1.2336709164083004,,,,,,,,,
Theia Case 5,all,shared_context,coverage_no_frequency,1024,ok,1024,498,114,1,1.0,0.99609375,True,31,993,0,136738,0.0302734375,1.0,0.058767772511848344,0.007209705875946592,0.0,8,8,6,6,0,496,2,1,1,3,0.666079681366682,0.6652330197393894,0.7056565098464489,0.5834330543875694,1.2495127357542515,,,,,,,,,
Theia Case 5,all,shared_context,coverage_no_frequency,4096,ok,4096,3570,114,1,1.0,0.9990234375,True,31,4065,0,133666,0.007568359375,1.0,0.015023019142234069,0.02951405275500795,0.0,8,8,6,6,0,3568,2,1,1,1,0.7445813529193401,0.7445813529193401,0.7445813529193401,0.5834330543875694,1.3280144073069096,,,,,,,,,
Theia Case 5,all,shared_context,pcst_native,64,infeasible_mandatory,,,114,,,,True,,,,,,,,,,,,,,,,,,,,,,,,,,,,,,,,,
Theia Case 5,all,shared_context,pcst_native,256,ok,216,118,114,1,1.0,0.9907407407407407,True,31,185,0,137546,0.14351851851851852,1.0,0.25101214574898784,0.0013431979728601405,0.0,8,8,6,6,0,118,0,1,1,1,0.0015936978161334991,0.0015936978161334991,0.0015936978161334991,3.4104192964732647,3.412012994289398,0.3,45.94221576443853,,,,,,,
Theia Case 5,all,shared_context,pcst_native,1024,ok,929,275,114,1,1.0,0.961248654467169,True,31,898,0,136833,0.03336921420882669,1.0,0.06458333333333334,0.006519955565558952,0.0,8,8,6,6,0,275,0,1,1,1,0.002541974186897278,0.002541974186897278,0.002541974186897278,3.4104192964732647,3.412961270660162,1e-06,77.39345714837839,,,,,,,
Theia Case 5,all,shared_context,pcst_native,4096,ok,929,275,114,1,1.0,0.961248654467169,True,31,898,0,136833,0.03336921420882669,1.0,0.06458333333333334,0.006519955565558952,0.0,8,8,6,6,0,275,0,1,1,1,0.0024936944246292114,0.0024936944246292114,0.0024936944246292114,3.4104192964732647,3.412912990897894,1e-06,77.39345714837839,,,,,,,
Theia Case 5,all,shared_context,random_0,64,infeasible_mandatory,,,114,,,,True,,,,,,,,,,,,,,,,,,,,,,,,,,,,,,,,,
Theia Case 5,all,shared_context,random_0,256,ok,256,158,114,7,0.9453125,0.9375,True,31,225,0,137506,0.12109375,1.0,0.21602787456445993,0.001633619156181252,0.0,8,8,6,6,0,149,9,1,1,1,0.029702790081501007,0.029702790081501007,0.029702790081501007,,,,,,,,,,,
Theia Case 5,all,shared_context,random_0,1024,ok,1024,906,114,9,0.9130859375,0.91015625,True,31,993,0,136738,0.0302734375,1.0,0.058767772511848344,0.007209705875946592,0.0,8,8,6,6,0,870,36,1,1,1,0.028900694102048874,0.028900694102048874,0.028900694102048874,,,,,,,,,,,
Theia Case 5,all,shared_context,random_0,4096,ok,4096,3843,114,13,0.90185546875,0.900390625,True,31,4065,0,133666,0.007568359375,1.0,0.015023019142234069,0.02951405275500795,0.0,8,8,6,6,0,3726,117,1,1,1,0.028834093362092972,0.028834093362092972,0.028834093362092972,,,,,,,,,,,
Theia Case 5,all,shared_context,random_1,64,infeasible_mandatory,,,114,,,,True,,,,,,,,,,,,,,,,,,,,,,,,,,,,,,,,,
Theia Case 5,all,shared_context,random_1,256,ok,256,158,114,7,0.9453125,0.9375,True,31,225,0,137506,0.12109375,1.0,0.21602787456445993,0.001633619156181252,0.0,8,8,6,6,0,150,8,1,1,1,0.028987690806388855,0.028987690806388855,0.028987690806388855,,,,,,,,,,,
Theia Case 5,all,shared_context,random_1,1024,ok,1024,899,114,11,0.9091796875,0.90625,True,31,993,0,136738,0.0302734375,1.0,0.058767772511848344,0.007209705875946592,0.0,8,8,6,6,0,864,35,1,1,1,0.028941288590431213,0.028941288590431213,0.028941288590431213,,,,,,,,,,,
Theia Case 5,all,shared_context,random_1,4096,ok,4096,3839,114,15,0.9033203125,0.900634765625,True,31,4065,0,133666,0.007568359375,1.0,0.015023019142234069,0.02951405275500795,0.0,8,8,6,6,0,3728,111,1,1,1,0.02887461706995964,0.02887461706995964,0.02887461706995964,,,,,,,,,,,
Theia Case 5,all,shared_context,random_2,64,infeasible_mandatory,,,114,,,,True,,,,,,,,,,,,,,,,,,,,,,,,,,,,,,,,,
Theia Case 5,all,shared_context,random_2,256,ok,256,158,114,6,0.94921875,0.94140625,True,31,225,0,137506,0.12109375,1.0,0.21602787456445993,0.001633619156181252,0.0,8,8,6,6,0,147,11,1,1,1,0.02890148013830185,0.02890148013830185,0.02890148013830185,,,,,,,,,,,
Theia Case 5,all,shared_context,random_2,1024,ok,1024,899,114,14,0.8984375,0.8955078125,True,31,993,0,136738,0.0302734375,1.0,0.058767772511848344,0.007209705875946592,0.0,8,8,6,6,0,850,49,1,1,1,0.02887953817844391,0.02887953817844391,0.02887953817844391,,,,,,,,,,,
Theia Case 5,all,shared_context,random_2,4096,ok,4096,3827,114,17,0.8974609375,0.89306640625,True,31,4065,0,133666,0.007568359375,1.0,0.015023019142234069,0.02951405275500795,0.0,8,8,6,6,0,3695,132,1,1,1,0.0288783498108387,0.0288783498108387,0.0288783498108387,,,,,,,,,,,
Theia Case 5,all,shared_context,random_3,64,infeasible_mandatory,,,114,,,,True,,,,,,,,,,,,,,,,,,,,,,,,,,,,,,,,,
Theia Case 5,all,shared_context,random_3,256,ok,256,158,114,7,0.9296875,0.921875,True,31,225,0,137506,0.12109375,1.0,0.21602787456445993,0.001633619156181252,0.0,8,8,6,6,0,144,14,1,1,1,0.028866108506917953,0.028866108506917953,0.028866108506917953,,,,,,,,,,,
Theia Case 5,all,shared_context,random_3,1024,ok,1024,897,114,12,0.90234375,0.8974609375,True,31,993,0,136738,0.0302734375,1.0,0.058767772511848344,0.007209705875946592,0.0,8,8,6,6,0,863,34,1,1,1,0.02889225259423256,0.02889225259423256,0.02889225259423256,,,,,,,,,,,
Theia Case 5,all,shared_context,random_3,4096,ok,4096,3848,114,16,0.8984375,0.896484375,True,31,4065,0,133666,0.007568359375,1.0,0.015023019142234069,0.02951405275500795,0.0,8,8,6,6,0,3729,119,1,1,1,0.02894972264766693,0.02894972264766693,0.02894972264766693,,,,,,,,,,,
Theia Case 5,all,shared_context,random_4,64,infeasible_mandatory,,,114,,,,True,,,,,,,,,,,,,,,,,,,,,,,,,,,,,,,,,
Theia Case 5,all,shared_context,random_4,256,ok,256,154,114,5,0.9453125,0.9375,True,31,225,0,137506,0.12109375,1.0,0.21602787456445993,0.001633619156181252,0.0,8,8,6,6,0,147,7,1,1,1,0.028825979679822922,0.028825979679822922,0.028825979679822922,,,,,,,,,,,
Theia Case 5,all,shared_context,random_4,1024,ok,1024,899,114,13,0.9052734375,0.90234375,True,31,993,0,136738,0.0302734375,1.0,0.058767772511848344,0.007209705875946592,0.0,8,8,6,6,0,859,40,1,1,1,0.02875995635986328,0.02875995635986328,0.02875995635986328,,,,,,,,,,,
Theia Case 5,all,shared_context,random_4,4096,ok,4096,3835,114,16,0.89453125,0.8896484375,True,31,4065,0,133666,0.007568359375,1.0,0.015023019142234069,0.02951405275500795,0.0,8,8,6,6,0,3699,136,1,1,1,0.028771542012691498,0.028771542012691498,0.028771542012691498,,,,,,,,,,,
Theia Case 5,all,poi_only,time_rerank,64,ok,64,19,1,1,1.0,1.0,False,24,40,7,137691,0.375,0.7741935483870968,0.5052631578947369,0.00029042118332111145,0.22580645161290322,1,8,1,6,0,17,2,1,1,1,0.023472439497709274,0.023472439497709274,0.023472439497709274,1.0591522715985775,1.0826247110962868,,,,,,,,,
Theia Case 5,all,poi_only,time_rerank,256,ok,256,101,1,1,1.0,1.0,False,25,231,6,137500,0.09765625,0.8064516129032258,0.17421602787456447,0.0016771823336794187,0.1935483870967742,2,8,2,6,0,101,0,1,1,1,0.02287183329463005,0.02287183329463005,0.02287183329463005,1.0591522715985775,1.0820241048932076,,,,,,,,,
Theia Case 5,all,poi_only,time_rerank,1024,ok,1024,288,1,1,1.0,0.96484375,False,28,996,3,136735,0.02734375,0.9032258064516129,0.05308056872037915,0.007231487464695675,0.0967741935483871,5,8,4,6,0,287,1,1,1,3,0.022839386016130447,0.02283526211977005,0.022915810346603394,1.0591522715985775,1.081991657614708,,,,,,,,,
Theia Case 5,all,poi_only,time_rerank,4096,ok,4096,3138,1,1,1.0,0.887939453125,False,31,4065,0,133666,0.007568359375,1.0,0.015023019142234069,0.02951405275500795,0.0,8,8,6,6,0,3138,0,1,1,1,0.02292356640100479,0.02292356640100479,0.02292356640100479,1.0591522715985775,1.0820758379995823,,,,,,,,,
Theia Case 5,all,poi_only,temporal_top,64,ok,64,19,1,1,1.0,1.0,False,24,40,7,137691,0.375,0.7741935483870968,0.5052631578947369,0.00029042118332111145,0.22580645161290322,1,8,1,6,0,17,2,1,1,1,0.023273061960935593,0.023273061960935593,0.023273061960935593,1.0670829825103283,1.0903560444712639,,,,,,,,,
Theia Case 5,all,poi_only,temporal_top,256,ok,256,101,1,1,1.0,1.0,False,25,231,6,137500,0.09765625,0.8064516129032258,0.17421602787456447,0.0016771823336794187,0.1935483870967742,2,8,2,6,0,101,0,1,1,1,0.023308757692575455,0.023308757692575455,0.023308757692575455,1.0670829825103283,1.0903917402029037,,,,,,,,,
Theia Case 5,all,poi_only,temporal_top,1024,ok,1024,364,1,1,1.0,0.962890625,False,29,995,2,136736,0.0283203125,0.9354838709677419,0.054976303317535544,0.007224226935112647,0.06451612903225806,6,8,5,6,0,364,0,1,1,3,0.023339007049798965,0.023312866687774658,0.026159007102251053,1.0670829825103283,1.0904219895601273,,,,,,,,,
Theia Case 5,all,poi_only,temporal_top,4096,ok,4096,3436,1,1,1.0,0.99072265625,False,29,4067,2,133664,0.007080078125,0.9354838709677419,0.014053792100799612,0.029528573814174005,0.06451612903225806,6,8,5,6,0,3436,0,1,1,1,0.02335280179977417,0.02335280179977417,0.02335280179977417,1.0670829825103283,1.0904357843101025,,,,,,,,,
Theia Case 5,all,poi_only,temporal_nofreq,64,ok,64,8,1,1,1.0,1.0,False,24,40,7,137691,0.375,0.7741935483870968,0.5052631578947369,0.00029042118332111145,0.22580645161290322,1,8,1,6,0,6,2,1,1,1,0.023246221244335175,0.023246221244335175,0.023246221244335175,0.5519551075994968,0.575201328843832,,,,,,,,,
Theia Case 5,all,poi_only,temporal_nofreq,256,ok,256,94,1,1,1.0,0.97265625,False,25,231,6,137500,0.09765625,0.8064516129032258,0.17421602787456447,0.0016771823336794187,0.1935483870967742,2,8,2,6,0,91,3,1,1,1,0.024626534432172775,0.024626534432172775,0.024626534432172775,0.5519551075994968,0.5765816420316696,,,,,,,,,
Theia Case 5,all,poi_only,temporal_nofreq,1024,ok,1024,359,1,1,1.0,0.9453125,False,28,996,3,136735,0.02734375,0.9032258064516129,0.05308056872037915,0.007231487464695675,0.0967741935483871,5,8,4,6,0,358,1,1,1,3,0.023239295929670334,0.023205433040857315,0.02332127094268799,0.5519551075994968,0.5751944035291672,,,,,,,,,
Theia Case 5,all,poi_only,temporal_nofreq,4096,ok,4096,3431,1,1,1.0,0.986328125,False,29,4067,2,133664,0.007080078125,0.9354838709677419,0.014053792100799612,0.029528573814174005,0.06451612903225806,6,8,5,6,0,3430,1,1,1,1,0.023220788687467575,0.023220788687467575,0.023220788687467575,0.5519551075994968,0.5751758962869644,,,,,,,,,
Theia Case 5,all,poi_only,temporal_nocontrast,64,ok,64,11,1,1,1.0,1.0,False,24,40,7,137691,0.375,0.7741935483870968,0.5052631578947369,0.00029042118332111145,0.22580645161290322,1,8,1,6,0,9,2,1,1,1,0.023231826722621918,0.023231826722621918,0.023231826722621918,0.843124233186245,0.8663560599088669,,,,,,,,,
Theia Case 5,all,poi_only,temporal_nocontrast,256,ok,256,66,1,1,1.0,1.0,False,26,230,5,137501,0.1015625,0.8387096774193549,0.18118466898954705,0.0016699218040963908,0.16129032258064516,3,8,2,6,0,65,1,1,1,1,0.023294884711503983,0.023294884711503983,0.023294884711503983,0.843124233186245,0.866419117897749,,,,,,,,,
Theia Case 5,all,poi_only,temporal_nocontrast,1024,ok,1024,254,1,2,0.9990234375,0.982421875,False,28,996,3,136735,0.02734375,0.9032258064516129,0.05308056872037915,0.007231487464695675,0.0967741935483871,5,8,4,6,0,252,2,1,1,3,0.02333245426416397,0.02329811453819275,0.02338574454188347,0.843124233186245,0.8664566874504089,,,,,,,,,
Theia Case 5,all,poi_only,temporal_nocontrast,4096,ok,4096,3195,1,1,1.0,0.972900390625,False,29,4067,2,133664,0.007080078125,0.9354838709677419,0.014053792100799612,0.029528573814174005,0.06451612903225806,6,8,5,6,0,3195,0,1,1,1,0.02314949408173561,0.02314949408173561,0.02314949408173561,0.843124233186245,0.8662737272679806,,,,,,,,,
Theia Case 5,all,poi_only,temporal_short,64,ok,64,8,1,1,1.0,1.0,False,24,40,7,137691,0.375,0.7741935483870968,0.5052631578947369,0.00029042118332111145,0.22580645161290322,1,8,1,6,0,7,1,1,1,1,0.0233379527926445,0.0233379527926445,0.0233379527926445,1.0621732473373413,1.0855112001299858,,,,,,,,,
Theia Case 5,all,poi_only,temporal_short,256,ok,256,100,1,1,1.0,1.0,False,25,231,6,137500,0.09765625,0.8064516129032258,0.17421602787456447,0.0016771823336794187,0.1935483870967742,2,8,2,6,0,99,1,1,1,1,0.023313116282224655,0.023313116282224655,0.023313116282224655,1.0621732473373413,1.085486363619566,,,,,,,,,
Theia Case 5,all,poi_only,temporal_short,1024,ok,1024,360,1,1,1.0,0.94140625,False,28,996,3,136735,0.02734375,0.9032258064516129,0.05308056872037915,0.007231487464695675,0.0967741935483871,5,8,4,6,0,360,0,1,1,3,0.02321479097008705,0.02316070720553398,0.023277435451745987,1.0621732473373413,1.0853880383074284,,,,,,,,,
Theia Case 5,all,poi_only,temporal_short,4096,ok,4096,3432,1,1,1.0,0.9853515625,False,29,4067,2,133664,0.007080078125,0.9354838709677419,0.014053792100799612,0.029528573814174005,0.06451612903225806,6,8,5,6,0,3432,0,1,1,1,0.02326533943414688,0.02326533943414688,0.02326533943414688,1.0621732473373413,1.0854385867714882,,,,,,,,,
Theia Case 5,all,poi_only,temporal_long,64,ok,64,18,1,1,1.0,1.0,False,24,40,7,137691,0.375,0.7741935483870968,0.5052631578947369,0.00029042118332111145,0.22580645161290322,1,8,1,6,0,17,1,1,1,1,0.023337237536907196,0.023337237536907196,0.023337237536907196,1.0514272712171078,1.074764508754015,,,,,,,,,
Theia Case 5,all,poi_only,temporal_long,256,ok,256,102,1,1,1.0,1.0,False,25,231,6,137500,0.09765625,0.8064516129032258,0.17421602787456447,0.0016771823336794187,0.1935483870967742,2,8,2,6,0,101,1,1,1,1,0.02331022545695305,0.02331022545695305,0.02331022545695305,1.0514272712171078,1.0747374966740608,,,,,,,,,
Theia Case 5,all,poi_only,temporal_long,1024,ok,1024,290,1,1,1.0,0.9677734375,False,28,996,3,136735,0.02734375,0.9032258064516129,0.05308056872037915,0.007231487464695675,0.0967741935483871,5,8,4,6,0,289,1,1,1,3,0.023245420306921005,0.023205474019050598,0.023377861827611923,1.0514272712171078,1.0746726915240288,,,,,,,,,
Theia Case 5,all,poi_only,temporal_long,4096,ok,4096,3138,1,1,1.0,0.887939453125,False,31,4065,0,133666,0.007568359375,1.0,0.015023019142234069,0.02951405275500795,0.0,8,8,6,6,0,3138,0,1,1,1,0.023418087512254715,0.023418087512254715,0.023418087512254715,1.0514272712171078,1.0748453587293625,,,,,,,,,
Theia Case 5,all,poi_only,plain_ppr,64,ok,64,29,1,2,0.984375,0.890625,False,25,39,6,137692,0.390625,0.8064516129032258,0.5263157894736842,0.00028316065373808365,0.1935483870967742,2,8,1,6,0,26,3,1,1,1,0.01715242862701416,0.01715242862701416,0.01715242862701416,0.18782351166009903,0.2049759402871132,,,,,,,,,
Theia Case 5,all,poi_only,plain_ppr,256,ok,256,72,1,2,0.99609375,0.94140625,False,25,231,6,137500,0.09765625,0.8064516129032258,0.17421602787456447,0.0016771823336794187,0.1935483870967742,2,8,1,6,0,68,4,1,1,1,0.01706058159470558,0.01706058159470558,0.01706058159470558,0.18782351166009903,0.2048840932548046,,,,,,,,,
Theia Case 5,all,poi_only,plain_ppr,1024,ok,1024,346,1,1,1.0,0.900390625,False,27,997,4,136734,0.0263671875,0.8709677419354839,0.05118483412322275,0.007238747994278703,0.12903225806451613,4,8,3,6,0,345,1,1,1,3,0.017131667584180832,0.017120562493801117,0.017165523022413254,0.18782351166009903,0.20495517924427986,,,,,,,,,
Theia Case 5,all,poi_only,plain_ppr,4096,ok,4096,3138,1,1,1.0,0.892333984375,False,30,4066,1,133665,0.00732421875,0.967741935483871,0.01453840562151684,0.02952131328459098,0.03225806451612903,7,8,5,6,0,3138,0,1,1,1,0.017123736441135406,0.017123736441135406,0.017123736441135406,0.18782351166009903,0.20494724810123444,,,,,,,,,
Theia Case 5,all,poi_only,heat_kernel,64,ok,64,34,1,1,1.0,0.90625,False,25,39,6,137692,0.390625,0.8064516129032258,0.5263157894736842,0.00028316065373808365,0.1935483870967742,2,8,1,6,0,33,1,1,1,1,0.01724660024046898,0.01724660024046898,0.01724660024046898,0.03704492747783661,0.05429152771830559,,,,,,,,,
Theia Case 5,all,poi_only,heat_kernel,256,ok,256,71,1,1,1.0,0.9453125,False,25,231,6,137500,0.09765625,0.8064516129032258,0.17421602787456447,0.0016771823336794187,0.1935483870967742,2,8,1,6,0,67,4,1,1,1,0.017207056283950806,0.017207056283950806,0.017207056283950806,0.03704492747783661,0.054251983761787415,,,,,,,,,
Theia Case 5,all,poi_only,heat_kernel,1024,ok,1024,350,1,1,1.0,0.91015625,False,28,996,3,136735,0.02734375,0.9032258064516129,0.05308056872037915,0.007231487464695675,0.0967741935483871,5,8,4,6,0,345,5,1,1,3,0.017273664474487305,0.017200876027345657,0.019940093159675598,0.03704492747783661,0.054318591952323914,,,,,,,,,
Theia Case 5,all,poi_only,heat_kernel,4096,ok,4096,3138,1,1,1.0,0.892333984375,False,30,4066,1,133665,0.00732421875,0.967741935483871,0.01453840562151684,0.02952131328459098,0.03225806451612903,7,8,5,6,0,3138,0,1,1,1,0.01731203868985176,0.01731203868985176,0.01731203868985176,0.03704492747783661,0.05435696616768837,,,,,,,,,
Theia Case 5,all,poi_only,relation_stratified,64,ok,64,55,1,7,0.84375,0.78125,False,6,58,25,137673,0.09375,0.1935483870967742,0.12631578947368421,0.0004211107158156116,0.8064516129032258,3,8,3,6,0,41,14,0,1,1,0.021689195185899734,0.021689195185899734,0.021689195185899734,1.0579316392540932,1.079620834439993,,,,,,,,,
Theia Case 5,all,poi_only,relation_stratified,256,ok,256,180,1,9,0.9296875,0.78515625,False,25,231,6,137500,0.09765625,0.8064516129032258,0.17421602787456447,0.0016771823336794187,0.1935483870967742,6,8,4,6,0,158,22,0,1,1,0.02174556627869606,0.02174556627869606,0.02174556627869606,1.0579316392540932,1.0796772055327892,,,,,,,,,
Theia Case 5,all,poi_only,relation_stratified,1024,ok,1024,646,1,19,0.87109375,0.6640625,False,30,994,1,136737,0.029296875,0.967741935483871,0.05687203791469194,0.0072169664055296194,0.03225806451612903,7,8,5,6,0,636,10,1,1,3,0.022108547389507294,0.02210022136569023,0.02223575860261917,1.0579316392540932,1.0800401866436005,,,,,,,,,
Theia Case 5,all,poi_only,relation_stratified,4096,ok,4096,2370,1,19,0.66162109375,0.549560546875,False,30,4066,1,133665,0.00732421875,0.967741935483871,0.01453840562151684,0.02952131328459098,0.03225806451612903,7,8,5,6,0,2149,221,1,1,1,0.02562699094414711,0.02562699094414711,0.02562699094414711,1.0579316392540932,1.0835586301982403,,,,,,,,,
Theia Case 5,all,poi_only,temporal_episode,64,ok,64,25,1,1,1.0,1.0,False,24,40,7,137691,0.375,0.7741935483870968,0.5052631578947369,0.00029042118332111145,0.22580645161290322,1,8,1,6,0,24,1,1,1,1,0.10108784213662148,0.10108784213662148,0.10108784213662148,1.0670829825103283,1.1681708246469498,,,,,,,,,
Theia Case 5,all,poi_only,temporal_episode,256,ok,256,102,1,1,1.0,1.0,False,25,231,6,137500,0.09765625,0.8064516129032258,0.17421602787456447,0.0016771823336794187,0.1935483870967742,2,8,2,6,0,102,0,1,1,1,0.10091172158718109,0.10091172158718109,0.10091172158718109,1.0670829825103283,1.1679947040975094,,,,,,,,,
Theia Case 5,all,poi_only,temporal_episode,1024,ok,1024,367,1,1,1.0,0.998046875,False,27,997,4,136734,0.0263671875,0.8709677419354839,0.05118483412322275,0.007238747994278703,0.12903225806451613,4,8,3,6,0,366,1,1,1,3,0.10309915244579315,0.10293040424585342,0.1031574010848999,1.0670829825103283,1.1701821349561214,,,,,,,,,
Theia Case 5,all,poi_only,temporal_episode,4096,ok,4096,3439,1,1,1.0,0.99951171875,False,27,4069,4,133662,0.006591796875,0.8709677419354839,0.013084565059365156,0.029543094873340062,0.12903225806451613,4,8,3,6,0,3438,1,1,1,1,0.12039384990930557,0.12039384990930557,0.12039384990930557,1.0670829825103283,1.1874768324196339,,,,,,,,,
Theia Case 5,all,poi_only,temporal_pcst,64,ok,1,1,1,1,1.0,1.0,False,1,0,30,137731,1.0,0.03225806451612903,0.0625,0.0,0.967741935483871,1,8,1,6,0,0,1,0,1,1,0.0014772824943065643,0.0014772824943065643,0.0014772824943065643,6.165494576096535,6.166971858590841,1.0,,,,,,,,
Theia Case 5,all,poi_only,temporal_pcst,256,ok,205,172,1,1,1.0,0.9902439024390244,False,2,203,29,137528,0.00975609756097561,0.06451612903225806,0.01694915254237288,0.0014738875053546406,0.9354838709677419,2,8,2,6,0,171,1,0,1,1,0.0016628876328468323,0.0016628876328468323,0.0016628876328468323,6.165494576096535,6.167157463729382,0.1,,,,,,,,
Theia Case 5,all,poi_only,temporal_pcst,1024,ok,509,260,1,1,1.0,0.931237721021611,False,26,483,5,137248,0.05108055009823183,0.8387096774193549,0.0962962962962963,0.0035068357886024206,0.16129032258064516,3,8,2,6,0,260,0,1,1,1,0.0018983706831932068,0.0018983706831932068,0.0018983706831932068,6.165494576096535,6.167392946779728,0.01,,,,,,,,
Theia Case 5,all,poi_only,temporal_pcst,4096,ok,509,260,1,1,1.0,0.931237721021611,False,26,483,5,137248,0.05108055009823183,0.8387096774193549,0.0962962962962963,0.0035068357886024206,0.16129032258064516,3,8,2,6,0,260,0,1,1,1,0.0018593482673168182,0.0018593482673168182,0.0018593482673168182,6.165494576096535,6.1673539243638515,0.01,,,,,,,,
Theia Case 5,all,shared_context,time_rerank,64,infeasible_mandatory,,,114,,,,False,,,,,,,,,,,,,,,,,,,,,,,,,,,,,,,,,
Theia Case 5,all,shared_context,time_rerank,256,ok,256,101,114,1,1.0,0.9921875,False,31,225,0,137506,0.12109375,1.0,0.21602787456445993,0.001633619156181252,0.0,8,8,6,6,0,100,1,1,1,1,0.022947736084461212,0.022947736084461212,0.022947736084461212,1.0591522715985775,1.0821000076830387,,,,,,,,,
Theia Case 5,all,shared_context,time_rerank,1024,ok,1024,290,114,1,1.0,0.96484375,False,31,993,0,136738,0.0302734375,1.0,0.058767772511848344,0.007209705875946592,0.0,8,8,6,6,0,289,1,1,1,3,0.022953469306230545,0.0229412280023098,0.02571694552898407,1.0591522715985775,1.082105740904808,,,,,,,,,
Theia Case 5,all,shared_context,time_rerank,4096,ok,4096,3138,114,1,1.0,0.887939453125,False,31,4065,0,133666,0.007568359375,1.0,0.015023019142234069,0.02951405275500795,0.0,8,8,6,6,0,3138,0,1,1,1,0.02299373596906662,0.02299373596906662,0.02299373596906662,1.0591522715985775,1.0821460075676441,,,,,,,,,
Theia Case 5,all,shared_context,temporal_top,64,infeasible_mandatory,,,114,,,,False,,,,,,,,,,,,,,,,,,,,,,,,,,,,,,,,,
Theia Case 5,all,shared_context,temporal_top,256,ok,256,100,114,1,1.0,0.9921875,False,31,225,0,137506,0.12109375,1.0,0.21602787456445993,0.001633619156181252,0.0,8,8,6,6,0,100,0,1,1,1,0.023588385432958603,0.023588385432958603,0.023588385432958603,1.0670829825103283,1.090671367943287,,,,,,,,,
Theia Case 5,all,shared_context,temporal_top,1024,ok,1024,364,114,1,1.0,0.962890625,False,31,993,0,136738,0.0302734375,1.0,0.058767772511848344,0.007209705875946592,0.0,8,8,6,6,0,364,0,1,1,3,0.023323938250541687,0.023312963545322418,0.023356378078460693,1.0670829825103283,1.09040692076087,,,,,,,,,
Theia Case 5,all,shared_context,temporal_top,4096,ok,4096,3436,114,1,1.0,0.99072265625,False,31,4065,0,133666,0.007568359375,1.0,0.015023019142234069,0.02951405275500795,0.0,8,8,6,6,0,3436,0,1,1,1,0.023582175374031067,0.023582175374031067,0.023582175374031067,1.0670829825103283,1.0906651578843594,,,,,,,,,
Theia Case 5,all,shared_context,temporal_nofreq,64,infeasible_mandatory,,,114,,,,False,,,,,,,,,,,,,,,,,,,,,,,,,,,,,,,,,
Theia Case 5,all,shared_context,temporal_nofreq,256,ok,256,94,114,1,1.0,0.9921875,False,31,225,0,137506,0.12109375,1.0,0.21602787456445993,0.001633619156181252,0.0,8,8,6,6,0,92,2,1,1,1,0.023795131593942642,0.023795131593942642,0.023795131593942642,0.5519551075994968,0.5757502391934395,,,,,,,,,
Theia Case 5,all,shared_context,temporal_nofreq,1024,ok,1024,359,114,1,1.0,0.9453125,False,31,993,0,136738,0.0302734375,1.0,0.058767772511848344,0.007209705875946592,0.0,8,8,6,6,0,358,1,1,1,3,0.023590024560689926,0.02357039973139763,0.023673415184020996,0.5519551075994968,0.5755451321601868,,,,,,,,,
Theia Case 5,all,shared_context,temporal_nofreq,4096,ok,4096,3431,114,1,1.0,0.986328125,False,31,4065,0,133666,0.007568359375,1.0,0.015023019142234069,0.02951405275500795,0.0,8,8,6,6,0,3430,1,1,1,1,0.02357826754450798,0.02357826754450798,0.02357826754450798,0.5519551075994968,0.5755333751440048,,,,,,,,,
Theia Case 5,all,shared_context,temporal_nocontrast,64,infeasible_mandatory,,,114,,,,False,,,,,,,,,,,,,,,,,,,,,,,,,,,,,,,,,
Theia Case 5,all,shared_context,temporal_nocontrast,256,ok,256,74,114,1,1.0,0.9921875,False,31,225,0,137506,0.12109375,1.0,0.21602787456445993,0.001633619156181252,0.0,8,8,6,6,0,73,1,1,1,1,0.023723311722278595,0.023723311722278595,0.023723311722278595,0.843124233186245,0.8668475449085236,,,,,,,,,
Theia Case 5,all,shared_context,temporal_nocontrast,1024,ok,1024,256,114,2,0.9990234375,0.982421875,False,31,993,0,136738,0.0302734375,1.0,0.058767772511848344,0.007209705875946592,0.0,8,8,6,6,0,254,2,1,1,3,0.02330685406923294,0.02326756715774536,0.023328915238380432,0.843124233186245,0.8664310872554779,,,,,,,,,
Theia Case 5,all,shared_context,temporal_nocontrast,4096,ok,4096,3195,114,1,1.0,0.972900390625,False,31,4065,0,133666,0.007568359375,1.0,0.015023019142234069,0.02951405275500795,0.0,8,8,6,6,0,3195,0,1,1,1,0.02367061749100685,0.02367061749100685,0.02367061749100685,0.843124233186245,0.8667948506772518,,,,,,,,,
Theia Case 5,all,shared_context,temporal_short,64,infeasible_mandatory,,,114,,,,False,,,,,,,,,,,,,,,,,,,,,,,,,,,,,,,,,
Theia Case 5,all,shared_context,temporal_short,256,ok,256,100,114,1,1.0,0.9921875,False,31,225,0,137506,0.12109375,1.0,0.21602787456445993,0.001633619156181252,0.0,8,8,6,6,0,100,0,1,1,1,0.023926179856061935,0.023926179856061935,0.023926179856061935,1.0621732473373413,1.0860994271934032,,,,,,,,,
Theia Case 5,all,shared_context,temporal_short,1024,ok,1024,360,114,1,1.0,0.94140625,False,31,993,0,136738,0.0302734375,1.0,0.058767772511848344,0.007209705875946592,0.0,8,8,6,6,0,360,0,1,1,3,0.023638401180505753,0.023406147956848145,0.023688040673732758,1.0621732473373413,1.085811648517847,,,,,,,,,
Theia Case 5,all,shared_context,temporal_short,4096,ok,4096,3432,114,1,1.0,0.9853515625,False,31,4065,0,133666,0.007568359375,1.0,0.015023019142234069,0.02951405275500795,0.0,8,8,6,6,0,3432,0,1,1,1,0.023360755294561386,0.023360755294561386,0.023360755294561386,1.0621732473373413,1.0855340026319027,,,,,,,,,
Theia Case 5,all,shared_context,temporal_long,64,infeasible_mandatory,,,114,,,,False,,,,,,,,,,,,,,,,,,,,,,,,,,,,,,,,,
Theia Case 5,all,shared_context,temporal_long,256,ok,256,100,114,1,1.0,0.9921875,False,31,225,0,137506,0.12109375,1.0,0.21602787456445993,0.001633619156181252,0.0,8,8,6,6,0,100,0,1,1,1,0.023758377879858017,0.023758377879858017,0.023758377879858017,1.0514272712171078,1.0751856490969658,,,,,,,,,
Theia Case 5,all,shared_context,temporal_long,1024,ok,1024,292,114,1,1.0,0.9677734375,False,31,993,0,136738,0.0302734375,1.0,0.058767772511848344,0.007209705875946592,0.0,8,8,6,6,0,292,0,1,1,3,0.023738496005535126,0.02342083677649498,0.023918278515338898,1.0514272712171078,1.075165767222643,,,,,,,,,
Theia Case 5,all,shared_context,temporal_long,4096,ok,4096,3138,114,1,1.0,0.887939453125,False,31,4065,0,133666,0.007568359375,1.0,0.015023019142234069,0.02951405275500795,0.0,8,8,6,6,0,3138,0,1,1,1,0.023637238889932632,0.023637238889932632,0.023637238889932632,1.0514272712171078,1.0750645101070404,,,,,,,,,
Theia Case 5,all,shared_context,plain_ppr,64,infeasible_mandatory,,,114,,,,False,,,,,,,,,,,,,,,,,,,,,,,,,,,,,,,,,
Theia Case 5,all,shared_context,plain_ppr,256,ok,256,79,114,2,0.99609375,0.98828125,False,31,225,0,137506,0.12109375,1.0,0.21602787456445993,0.001633619156181252,0.0,8,8,6,6,0,76,3,1,1,1,0.017571795731782913,0.017571795731782913,0.017571795731782913,0.18782351166009903,0.20539530739188194,,,,,,,,,
Theia Case 5,all,shared_context,plain_ppr,1024,ok,1024,349,114,1,1.0,0.90234375,False,31,993,0,136738,0.0302734375,1.0,0.058767772511848344,0.007209705875946592,0.0,8,8,6,6,0,348,1,1,1,3,0.017304547131061554,0.017110124230384827,0.017414264380931854,0.18782351166009903,0.20512805879116058,,,,,,,,,
Theia Case 5,all,shared_context,plain_ppr,4096,ok,4096,3138,114,1,1.0,0.892333984375,False,31,4065,0,133666,0.007568359375,1.0,0.015023019142234069,0.02951405275500795,0.0,8,8,6,6,0,3138,0,1,1,1,0.017377816140651703,0.017377816140651703,0.017377816140651703,0.18782351166009903,0.20520132780075073,,,,,,,,,
Theia Case 5,all,shared_context,heat_kernel,64,infeasible_mandatory,,,114,,,,False,,,,,,,,,,,,,,,,,,,,,,,,,,,,,,,,,
Theia Case 5,all,shared_context,heat_kernel,256,ok,256,78,114,1,1.0,0.9921875,False,31,225,0,137506,0.12109375,1.0,0.21602787456445993,0.001633619156181252,0.0,8,8,6,6,0,75,3,1,1,1,0.02028389275074005,0.02028389275074005,0.02028389275074005,0.03704492747783661,0.05732882022857666,,,,,,,,,
Theia Case 5,all,shared_context,heat_kernel,1024,ok,1024,350,114,1,1.0,0.912109375,False,31,993,0,136738,0.0302734375,1.0,0.058767772511848344,0.007209705875946592,0.0,8,8,6,6,0,346,4,1,1,3,0.017177611589431763,0.01714208722114563,0.017202626913785934,0.03704492747783661,0.05422253906726837,,,,,,,,,
Theia Case 5,all,shared_context,heat_kernel,4096,ok,4096,3138,114,1,1.0,0.892333984375,False,31,4065,0,133666,0.007568359375,1.0,0.015023019142234069,0.02951405275500795,0.0,8,8,6,6,0,3138,0,1,1,1,0.017069660127162933,0.017069660127162933,0.017069660127162933,0.03704492747783661,0.05411458760499954,,,,,,,,,
Theia Case 5,all,shared_context,relation_stratified,64,infeasible_mandatory,,,114,,,,False,,,,,,,,,,,,,,,,,,,,,,,,,,,,,,,,,
Theia Case 5,all,shared_context,relation_stratified,256,ok,256,139,114,9,0.9296875,0.83984375,False,31,225,0,137506,0.12109375,1.0,0.21602787456445993,0.001633619156181252,0.0,8,8,6,6,0,123,16,1,1,1,0.02124667912721634,0.02124667912721634,0.02124667912721634,1.0579316392540932,1.0791783183813095,,,,,,,,,
Theia Case 5,all,shared_context,relation_stratified,1024,ok,1024,646,114,19,0.87109375,0.6640625,False,31,993,0,136738,0.0302734375,1.0,0.058767772511848344,0.007209705875946592,0.0,8,8,6,6,0,636,10,1,1,3,0.0218491367995739,0.021829724311828613,0.02212776243686676,1.0579316392540932,1.079780776053667,,,,,,,,,
Theia Case 5,all,shared_context,relation_stratified,4096,ok,4096,2370,114,19,0.66162109375,0.549560546875,False,31,4065,0,133666,0.007568359375,1.0,0.015023019142234069,0.02951405275500795,0.0,8,8,6,6,0,2149,221,1,1,1,0.024974633008241653,0.024974633008241653,0.024974633008241653,1.0579316392540932,1.0829062722623348,,,,,,,,,
Theia Case 5,all,shared_context,temporal_episode,64,infeasible_mandatory,,,114,,,,False,,,,,,,,,,,,,,,,,,,,,,,,,,,,,,,,,
Theia Case 5,all,shared_context,temporal_episode,256,ok,256,100,114,1,1.0,0.9921875,False,31,225,0,137506,0.12109375,1.0,0.21602787456445993,0.001633619156181252,0.0,8,8,6,6,0,100,0,1,1,1,0.10045100748538971,0.10045100748538971,0.10045100748538971,1.0670829825103283,1.167533989995718,,,,,,,,,
Theia Case 5,all,shared_context,temporal_episode,1024,ok,1024,367,114,1,1.0,0.99609375,False,31,993,0,136738,0.0302734375,1.0,0.058767772511848344,0.007209705875946592,0.0,8,8,6,6,0,366,1,1,1,3,0.10185954347252846,0.10082235932350159,0.1054256409406662,1.0670829825103283,1.1689425259828568,,,,,,,,,
Theia Case 5,all,shared_context,temporal_episode,4096,ok,4096,3439,114,1,1.0,0.9990234375,False,31,4065,0,133666,0.007568359375,1.0,0.015023019142234069,0.02951405275500795,0.0,8,8,6,6,0,3438,1,1,1,1,0.1248527504503727,0.1248527504503727,0.1248527504503727,1.0670829825103283,1.191935732960701,,,,,,,,,
Theia Case 5,all,shared_context,temporal_pcst,64,infeasible_mandatory,,,114,,,,False,,,,,,,,,,,,,,,,,,,,,,,,,,,,,,,,,
Theia Case 5,all,shared_context,temporal_pcst,256,ok,213,115,114,1,1.0,0.9906103286384976,False,31,182,0,137549,0.14553990610328638,1.0,0.2540983606557377,0.0013214163841110572,0.0,8,8,6,6,0,115,0,1,1,1,0.0016074776649475098,0.0016074776649475098,0.0016074776649475098,6.165494576096535,6.167102053761482,0.3,,,,,,,,
Theia Case 5,all,shared_context,temporal_pcst,1024,ok,514,265,114,1,1.0,0.9280155642023347,False,31,483,0,137248,0.06031128404669261,1.0,0.11376146788990826,0.0035068357886024206,0.0,8,8,6,6,0,265,0,1,1,1,0.00189923495054245,0.00189923495054245,0.00189923495054245,6.165494576096535,6.167393811047077,0.01,,,,,,,,
Theia Case 5,all,shared_context,temporal_pcst,4096,ok,514,265,114,1,1.0,0.9280155642023347,False,31,483,0,137248,0.06031128404669261,1.0,0.11376146788990826,0.0035068357886024206,0.0,8,8,6,6,0,265,0,1,1,1,0.0018242783844470978,0.0018242783844470978,0.0018242783844470978,6.165494576096535,6.167318854480982,0.01,,,,,,,,
Theia Case 5,all,poi_only,typed_temporal,64,ok,64,,1,7,0.859375,0.78125,False,7,57,24,137674,0.109375,0.22580645161290322,0.14736842105263157,0.00041385018623258383,0.7741935483870968,4,8,3,6,0,42,11,0,1,1,0.029037144035100937,0.029037144035100937,0.029037144035100937,1.068185430020094,1.0972225740551949,,,True,,,,,,
Theia Case 5,all,poi_only,typed_temporal,256,ok,256,,1,9,0.9296875,0.8046875,False,24,232,7,137499,0.09375,0.7741935483870968,0.1672473867595819,0.0016844428632624463,0.22580645161290322,5,8,4,6,0,162,6,0,1,1,0.028744202107191086,0.028744202107191086,0.028744202107191086,1.068185430020094,1.096929632127285,,,True,,,,,,
Theia Case 5,all,poi_only,typed_temporal,1024,ok,1024,,1,19,0.87109375,0.689453125,False,30,994,1,136737,0.029296875,0.967741935483871,0.05687203791469194,0.0072169664055296194,0.03225806451612903,7,8,6,6,0,649,7,1,1,3,0.029403727501630783,0.029396336525678635,0.02947000041604042,1.068185430020094,1.0975891575217247,,,True,,,,,,
Theia Case 5,all,poi_only,typed_temporal,4096,ok,4096,,1,19,0.66162109375,0.5615234375,False,30,4066,1,133665,0.00732421875,0.967741935483871,0.01453840562151684,0.02952131328459098,0.03225806451612903,7,8,6,6,0,2165,221,1,1,1,0.03288664296269417,0.03288664296269417,0.03288664296269417,1.068185430020094,1.101072072982788,,,True,,,,,,
Theia Case 5,all,poi_only,typed_nofreq,64,ok,64,,1,7,0.859375,0.78125,False,7,57,24,137674,0.109375,0.22580645161290322,0.14736842105263157,0.00041385018623258383,0.7741935483870968,4,8,3,6,0,47,7,0,1,1,0.028391804546117783,0.028391804546117783,0.028391804546117783,0.5495858378708363,0.577977642416954,,,True,,,,,,
Theia Case 5,all,poi_only,typed_nofreq,256,ok,256,,1,9,0.9296875,0.8046875,False,24,232,7,137499,0.09375,0.7741935483870968,0.1672473867595819,0.0016844428632624463,0.22580645161290322,5,8,4,6,0,159,8,0,1,1,0.028786450624465942,0.028786450624465942,0.028786450624465942,0.5495858378708363,0.5783722884953022,,,True,,,,,,
Theia Case 5,all,poi_only,typed_nofreq,1024,ok,1024,,1,19,0.87109375,0.689453125,False,30,994,1,136737,0.029296875,0.967741935483871,0.05687203791469194,0.0072169664055296194,0.03225806451612903,7,8,6,6,0,647,7,1,1,3,0.0294189453125,0.02930757775902748,0.029547009617090225,0.5495858378708363,0.5790047831833363,,,True,,,,,,
Theia Case 5,all,poi_only,typed_nofreq,4096,ok,4096,,1,19,0.66162109375,0.5615234375,False,30,4066,1,133665,0.00732421875,0.967741935483871,0.01453840562151684,0.02952131328459098,0.03225806451612903,7,8,6,6,0,2165,221,1,1,1,0.03281938284635544,0.03281938284635544,0.03281938284635544,0.5495858378708363,0.5824052207171917,,,True,,,,,,
Theia Case 5,all,poi_only,typed_nocontrast,64,ok,64,,1,7,0.84375,0.765625,False,7,57,24,137674,0.109375,0.22580645161290322,0.14736842105263157,0.00041385018623258383,0.7741935483870968,4,8,3,6,0,45,8,0,1,1,0.0284406878054142,0.0284406878054142,0.0284406878054142,0.8528596200048923,0.8813003078103065,,,True,,,,,,
Theia Case 5,all,poi_only,typed_nocontrast,256,ok,256,,1,9,0.9296875,0.79296875,False,23,233,8,137498,0.08984375,0.7419354838709677,0.1602787456445993,0.0016917033928454742,0.25806451612903225,4,8,3,6,0,166,4,0,1,1,0.028594695031642914,0.028594695031642914,0.028594695031642914,0.8528596200048923,0.8814543150365353,,,True,,,,,,
Theia Case 5,all,poi_only,typed_nocontrast,1024,ok,1024,,1,19,0.87109375,0.654296875,False,30,994,1,136737,0.029296875,0.967741935483871,0.05687203791469194,0.0072169664055296194,0.03225806451612903,7,8,6,6,0,621,6,1,1,3,0.0294225811958313,0.029319532215595245,0.029478345066308975,0.8528596200048923,0.8822822012007236,,,True,,,,,,
Theia Case 5,all,poi_only,typed_nocontrast,4096,ok,4096,,1,19,0.66162109375,0.556640625,False,30,4066,1,133665,0.00732421875,0.967741935483871,0.01453840562151684,0.02952131328459098,0.03225806451612903,7,8,6,6,0,2152,221,1,1,1,0.03284641355276108,0.03284641355276108,0.03284641355276108,0.8528596200048923,0.8857060335576534,,,True,,,,,,
Theia Case 5,all,poi_only,typed_short,64,ok,64,,1,8,0.859375,0.78125,False,7,57,24,137674,0.109375,0.22580645161290322,0.14736842105263157,0.00041385018623258383,0.7741935483870968,4,8,3,6,0,45,9,0,1,1,0.028505276888608932,0.028505276888608932,0.028505276888608932,1.058991439640522,1.087496716529131,,,True,,,,,,
Theia Case 5,all,poi_only,typed_short,256,ok,256,,1,9,0.9296875,0.8046875,False,24,232,7,137499,0.09375,0.7741935483870968,0.1672473867595819,0.0016844428632624463,0.22580645161290322,5,8,4,6,0,162,5,0,1,1,0.028644200414419174,0.028644200414419174,0.028644200414419174,1.058991439640522,1.0876356400549412,,,True,,,,,,
Theia Case 5,all,poi_only,typed_short,1024,ok,1024,,1,19,0.87109375,0.68359375,False,30,994,1,136737,0.029296875,0.967741935483871,0.05687203791469194,0.0072169664055296194,0.03225806451612903,7,8,6,6,0,642,6,1,1,3,0.029498886317014694,0.029439985752105713,0.029512032866477966,1.058991439640522,1.0884903259575367,,,True,,,,,,
Theia Case 5,all,poi_only,typed_short,4096,ok,4096,,1,19,0.66162109375,0.561279296875,False,30,4066,1,133665,0.00732421875,0.967741935483871,0.01453840562151684,0.02952131328459098,0.03225806451612903,7,8,6,6,0,2165,221,1,1,1,0.03282352536916733,0.03282352536916733,0.03282352536916733,1.058991439640522,1.0918149650096893,,,True,,,,,,
Theia Case 5,all,poi_only,typed_long,64,ok,64,,1,7,0.84375,0.765625,False,6,58,25,137673,0.09375,0.1935483870967742,0.12631578947368421,0.0004211107158156116,0.8064516129032258,3,8,3,6,0,42,10,0,1,1,0.028424572199583054,0.028424572199583054,0.028424572199583054,1.0533967688679695,1.0818213410675526,,,True,,,,,,
Theia Case 5,all,poi_only,typed_long,256,ok,256,,1,9,0.9296875,0.7890625,False,25,231,6,137500,0.09765625,0.8064516129032258,0.17421602787456447,0.0016771823336794187,0.1935483870967742,6,8,4,6,0,162,6,0,1,1,0.028656218200922012,0.028656218200922012,0.028656218200922012,1.0533967688679695,1.0820529870688915,,,True,,,,,,
Theia Case 5,all,poi_only,typed_long,1024,ok,1024,,1,19,0.87109375,0.6640625,False,31,993,0,136738,0.0302734375,1.0,0.058767772511848344,0.007209705875946592,0.0,8,8,6,6,0,638,7,1,1,3,0.029463518410921097,0.029395069926977158,0.029482904821634293,1.0533967688679695,1.0828602872788906,,,True,,,,,,
Theia Case 5,all,poi_only,typed_long,4096,ok,4096,,1,19,0.66162109375,0.549560546875,False,31,4065,0,133666,0.007568359375,1.0,0.015023019142234069,0.02951405275500795,0.0,8,8,6,6,0,2149,221,1,1,1,0.032740022987127304,0.032740022987127304,0.032740022987127304,1.0533967688679695,1.0861367918550968,,,True,,,,,,
Theia Case 5,all,poi_only,time_only,64,ok,64,,1,3,0.515625,0.234375,False,4,60,27,137671,0.0625,0.12903225806451613,0.08421052631578947,0.0004356317749816672,0.8709677419354839,3,8,3,6,0,19,11,0,1,1,0.024203281849622726,0.024203281849622726,0.024203281849622726,0.0012046881020069122,0.02540796995162964,,,True,,,,,,
Theia Case 5,all,poi_only,time_only,256,ok,256,,1,3,0.5703125,0.29296875,False,23,233,8,137498,0.08984375,0.7419354838709677,0.1602787456445993,0.0016917033928454742,0.25806451612903225,4,8,3,6,0,150,10,0,1,1,0.024378281086683273,0.024378281086683273,0.024378281086683273,0.0012046881020069122,0.025582969188690186,,,True,,,,,,
Theia Case 5,all,poi_only,time_only,1024,ok,1024,,1,7,0.2685546875,0.19921875,False,27,997,4,136734,0.0263671875,0.8709677419354839,0.05118483412322275,0.007238747994278703,0.12903225806451613,4,8,3,6,0,481,12,1,1,3,0.02435888722538948,0.024348106235265732,0.024368368089199066,0.0012046881020069122,0.025563575327396393,,,True,,,,,,
Theia Case 5,all,poi_only,time_only,4096,ok,4096,,1,13,0.2421875,0.1650390625,False,28,4068,3,133663,0.0068359375,0.9032258064516129,0.013569178580082384,0.029535834343757034,0.0967741935483871,5,8,4,6,0,1949,15,1,1,1,0.024322837591171265,0.024322837591171265,0.024322837591171265,0.0012046881020069122,0.025527525693178177,,,True,,,,,,
Theia Case 5,all,poi_only,typed_time_only,64,ok,64,,1,10,0.703125,0.203125,False,4,60,27,137671,0.0625,0.12903225806451613,0.08421052631578947,0.0004356317749816672,0.8709677419354839,4,8,3,6,0,52,8,0,1,1,0.02861839532852173,0.02861839532852173,0.02861839532852173,0.0012046881020069122,0.02982308343052864,,,True,,,,,,
Theia Case 5,all,poi_only,typed_time_only,256,ok,256,,1,11,0.734375,0.375,False,4,252,27,137479,0.015625,0.12903225806451613,0.027874564459930314,0.0018296534549230021,0.8709677419354839,4,8,3,6,0,190,13,0,1,1,0.02865464985370636,0.02865464985370636,0.02865464985370636,0.0012046881020069122,0.029859337955713272,,,True,,,,,,
Theia Case 5,all,poi_only,typed_time_only,1024,ok,1024,,1,17,0.697265625,0.4228515625,False,29,995,2,136736,0.0283203125,0.9354838709677419,0.054976303317535544,0.007224226935112647,0.06451612903225806,6,8,5,6,0,693,25,1,1,3,0.02956477180123329,0.029535170644521713,0.03329931199550629,0.0012046881020069122,0.030769459903240204,,,True,,,,,,
Theia Case 5,all,poi_only,typed_time_only,4096,ok,4096,,1,16,0.49609375,0.3935546875,False,29,4067,2,133664,0.007080078125,0.9354838709677419,0.014053792100799612,0.029528573814174005,0.06451612903225806,6,8,5,6,0,2471,21,1,1,1,0.037977319210767746,0.037977319210767746,0.037977319210767746,0.0012046881020069122,0.03918200731277466,,,True,,,,,,
Theia Case 5,all,poi_only,degree_ppr,64,ok,64,,1,1,1.0,0.921875,False,24,40,7,137691,0.375,0.7741935483870968,0.5052631578947369,0.00029042118332111145,0.22580645161290322,1,8,1,6,0,20,10,1,1,1,0.01744036003947258,0.01744036003947258,0.01744036003947258,0.18971151486039162,0.2071518748998642,,,True,,,,,,
Theia Case 5,all,poi_only,degree_ppr,256,ok,256,,1,1,1.0,1.0,False,25,231,6,137500,0.09765625,0.8064516129032258,0.17421602787456447,0.0016771823336794187,0.1935483870967742,2,8,2,6,0,104,13,1,1,1,0.017451420426368713,0.017451420426368713,0.017451420426368713,0.18971151486039162,0.20716293528676033,,,True,,,,,,
Theia Case 5,all,poi_only,degree_ppr,1024,ok,1024,,1,1,1.0,0.8837890625,False,25,999,6,136732,0.0244140625,0.8064516129032258,0.04739336492890995,0.007253269053444758,0.1935483870967742,2,8,2,6,0,339,17,1,1,3,0.01743273437023163,0.017391465604305267,0.01745462417602539,0.18971151486039162,0.20714424923062325,,,True,,,,,,
Theia Case 5,all,poi_only,degree_ppr,4096,ok,4096,,1,1,1.0,0.892822265625,False,29,4067,2,133664,0.007080078125,0.9354838709677419,0.014053792100799612,0.029528573814174005,0.06451612903225806,6,8,4,6,0,3179,1,1,1,1,0.017437923699617386,0.017437923699617386,0.017437923699617386,0.18971151486039162,0.207149438560009,,,True,,,,,,
Theia Case 5,all,poi_only,degree_heat,64,ok,64,,1,1,1.0,0.921875,False,24,40,7,137691,0.375,0.7741935483870968,0.5052631578947369,0.00029042118332111145,0.22580645161290322,1,8,1,6,0,20,10,1,1,1,0.017362285405397415,0.017362285405397415,0.017362285405397415,0.038923829793930054,0.05628611519932747,,,True,,,,,,
Theia Case 5,all,poi_only,degree_heat,256,ok,256,,1,1,1.0,1.0,False,25,231,6,137500,0.09765625,0.8064516129032258,0.17421602787456447,0.0016771823336794187,0.1935483870967742,2,8,2,6,0,104,13,1,1,1,0.017276175320148468,0.017276175320148468,0.017276175320148468,0.038923829793930054,0.05620000511407852,,,True,,,,,,
Theia Case 5,all,poi_only,degree_heat,1024,ok,1024,,1,1,1.0,0.958984375,False,25,999,6,136732,0.0244140625,0.8064516129032258,0.04739336492890995,0.007253269053444758,0.1935483870967742,2,8,2,6,0,302,8,1,1,3,0.01731903851032257,0.017313923686742783,0.01734354719519615,0.038923829793930054,0.056242868304252625,,,True,,,,,,
Theia Case 5,all,poi_only,degree_heat,4096,ok,4096,,1,1,1.0,0.892333984375,False,30,4066,1,133665,0.00732421875,0.967741935483871,0.01453840562151684,0.02952131328459098,0.03225806451612903,7,8,5,6,0,3138,0,1,1,1,0.01728665456175804,0.01728665456175804,0.01728665456175804,0.038923829793930054,0.056210484355688095,,,True,,,,,,
Theia Case 5,all,shared_context,typed_temporal,64,infeasible_mandatory,,,114,,,,False,,,,,,,,,,,,,,,,,,,,,,,,,,,True,,,,,,
Theia Case 5,all,shared_context,typed_temporal,256,ok,256,,114,9,0.9296875,0.84375,False,31,225,0,137506,0.12109375,1.0,0.21602787456445993,0.001633619156181252,0.0,8,8,6,6,0,127,2,1,1,1,0.02876698598265648,0.02876698598265648,0.02876698598265648,1.068185430020094,1.0969524160027504,,,True,,,,,,
Theia Case 5,all,shared_context,typed_temporal,1024,ok,1024,,114,19,0.87109375,0.689453125,False,31,993,0,136738,0.0302734375,1.0,0.058767772511848344,0.007209705875946592,0.0,8,8,6,6,0,649,7,1,1,3,0.02924194186925888,0.029234882444143295,0.029325183480978012,1.068185430020094,1.0974273718893528,,,True,,,,,,
Theia Case 5,all,shared_context,typed_temporal,4096,ok,4096,,114,19,0.66162109375,0.5615234375,False,31,4065,0,133666,0.007568359375,1.0,0.015023019142234069,0.02951405275500795,0.0,8,8,6,6,0,2165,221,1,1,1,0.03270335868000984,0.03270335868000984,0.03270335868000984,1.068185430020094,1.1008887887001038,,,True,,,,,,
Theia Case 5,all,shared_context,typed_nofreq,64,infeasible_mandatory,,,114,,,,False,,,,,,,,,,,,,,,,,,,,,,,,,,,True,,,,,,
Theia Case 5,all,shared_context,typed_nofreq,256,ok,256,,114,9,0.9296875,0.84375,False,31,225,0,137506,0.12109375,1.0,0.21602787456445993,0.001633619156181252,0.0,8,8,6,6,0,126,2,1,1,1,0.028548046946525574,0.028548046946525574,0.028548046946525574,0.5495858378708363,0.5781338848173618,,,True,,,,,,
Theia Case 5,all,shared_context,typed_nofreq,1024,ok,1024,,114,19,0.87109375,0.689453125,False,31,993,0,136738,0.0302734375,1.0,0.058767772511848344,0.007209705875946592,0.0,8,8,6,6,0,647,7,1,1,3,0.02927035093307495,0.02923111990094185,0.02938845381140709,0.5495858378708363,0.5788561888039112,,,True,,,,,,
Theia Case 5,all,shared_context,typed_nofreq,4096,ok,4096,,114,19,0.66162109375,0.5615234375,False,31,4065,0,133666,0.007568359375,1.0,0.015023019142234069,0.02951405275500795,0.0,8,8,6,6,0,2165,221,1,1,1,0.03469707816839218,0.03469707816839218,0.03469707816839218,0.5495858378708363,0.5842829160392284,,,True,,,,,,
Theia Case 5,all,shared_context,typed_nocontrast,64,infeasible_mandatory,,,114,,,,False,,,,,,,,,,,,,,,,,,,,,,,,,,,True,,,,,,
Theia Case 5,all,shared_context,typed_nocontrast,256,ok,256,,114,9,0.9296875,0.83203125,False,31,225,0,137506,0.12109375,1.0,0.21602787456445993,0.001633619156181252,0.0,8,8,6,6,0,129,2,1,1,1,0.02865586057305336,0.02865586057305336,0.02865586057305336,0.8528596200048923,0.8815154805779457,,,True,,,,,,
Theia Case 5,all,shared_context,typed_nocontrast,1024,ok,1024,,114,19,0.87109375,0.654296875,False,31,993,0,136738,0.0302734375,1.0,0.058767772511848344,0.007209705875946592,0.0,8,8,6,6,0,622,6,1,1,3,0.02945711836218834,0.029401708394289017,0.029500309377908707,0.8528596200048923,0.8823167383670807,,,True,,,,,,
Theia Case 5,all,shared_context,typed_nocontrast,4096,ok,4096,,114,19,0.66162109375,0.556640625,False,31,4065,0,133666,0.007568359375,1.0,0.015023019142234069,0.02951405275500795,0.0,8,8,6,6,0,2152,221,1,1,1,0.032803792506456375,0.032803792506456375,0.032803792506456375,0.8528596200048923,0.8856634125113487,,,True,,,,,,
Theia Case 5,all,shared_context,typed_short,64,infeasible_mandatory,,,114,,,,False,,,,,,,,,,,,,,,,,,,,,,,,,,,True,,,,,,
Theia Case 5,all,shared_context,typed_short,256,ok,256,,114,9,0.9296875,0.84375,False,31,225,0,137506,0.12109375,1.0,0.21602787456445993,0.001633619156181252,0.0,8,8,6,6,0,127,2,1,1,1,0.02847340703010559,0.02847340703010559,0.02847340703010559,1.058991439640522,1.0874648466706276,,,True,,,,,,
Theia Case 5,all,shared_context,typed_short,1024,ok,1024,,114,19,0.87109375,0.68359375,False,31,993,0,136738,0.0302734375,1.0,0.058767772511848344,0.007209705875946592,0.0,8,8,6,6,0,644,6,1,1,3,0.02938079833984375,0.029329389333724976,0.029515046626329422,1.058991439640522,1.0883722379803658,,,True,,,,,,
Theia Case 5,all,shared_context,typed_short,4096,ok,4096,,114,19,0.66162109375,0.561279296875,False,31,4065,0,133666,0.007568359375,1.0,0.015023019142234069,0.02951405275500795,0.0,8,8,6,6,0,2165,221,1,1,1,0.03264875337481499,0.03264875337481499,0.03264875337481499,1.058991439640522,1.091640193015337,,,True,,,,,,
Theia Case 5,all,shared_context,typed_long,64,infeasible_mandatory,,,114,,,,False,,,,,,,,,,,,,,,,,,,,,,,,,,,True,,,,,,
Theia Case 5,all,shared_context,typed_long,256,ok,256,,114,9,0.9296875,0.8359375,False,31,225,0,137506,0.12109375,1.0,0.21602787456445993,0.001633619156181252,0.0,8,8,6,6,0,128,2,1,1,1,0.028452575206756592,0.028452575206756592,0.028452575206756592,1.0533967688679695,1.081849344074726,,,True,,,,,,
Theia Case 5,all,shared_context,typed_long,1024,ok,1024,,114,19,0.87109375,0.6640625,False,31,993,0,136738,0.0302734375,1.0,0.058767772511848344,0.007209705875946592,0.0,8,8,6,6,0,638,7,1,1,3,0.029348861426115036,0.029261451214551926,0.029353152960538864,1.0533967688679695,1.0827456302940845,,,True,,,,,,
Theia Case 5,all,shared_context,typed_long,4096,ok,4096,,114,19,0.66162109375,0.549560546875,False,31,4065,0,133666,0.007568359375,1.0,0.015023019142234069,0.02951405275500795,0.0,8,8,6,6,0,2149,221,1,1,1,0.03257225826382637,0.03257225826382637,0.03257225826382637,1.0533967688679695,1.0859690271317959,,,True,,,,,,
Theia Case 5,all,shared_context,time_only,64,infeasible_mandatory,,,114,,,,False,,,,,,,,,,,,,,,,,,,,,,,,,,,True,,,,,,
Theia Case 5,all,shared_context,time_only,256,ok,256,,114,3,0.828125,0.55078125,False,31,225,0,137506,0.12109375,1.0,0.21602787456445993,0.001633619156181252,0.0,8,8,6,6,0,97,7,1,1,1,0.024300076067447662,0.024300076067447662,0.024300076067447662,0.0012046881020069122,0.025504764169454575,,,True,,,,,,
Theia Case 5,all,shared_context,time_only,1024,ok,1024,,114,7,0.3095703125,0.240234375,False,31,993,0,136738,0.0302734375,1.0,0.058767772511848344,0.007209705875946592,0.0,8,8,6,6,0,454,12,1,1,3,0.02419734001159668,0.024160023778676987,0.02426816150546074,0.0012046881020069122,0.025402028113603592,,,True,,,,,,
Theia Case 5,all,shared_context,time_only,4096,ok,4096,,114,13,0.242431640625,0.166259765625,False,31,4065,0,133666,0.007568359375,1.0,0.015023019142234069,0.02951405275500795,0.0,8,8,6,6,0,1951,15,1,1,1,0.02419213578104973,0.02419213578104973,0.02419213578104973,0.0012046881020069122,0.02539682388305664,,,True,,,,,,
Theia Case 5,all,shared_context,typed_time_only,64,infeasible_mandatory,,,114,,,,False,,,,,,,,,,,,,,,,,,,,,,,,,,,True,,,,,,
Theia Case 5,all,shared_context,typed_time_only,256,ok,256,,114,12,0.87109375,0.64453125,False,31,225,0,137506,0.12109375,1.0,0.21602787456445993,0.001633619156181252,0.0,8,8,6,6,0,141,5,1,1,1,0.02867048978805542,0.02867048978805542,0.02867048978805542,0.0012046881020069122,0.029875177890062332,,,True,,,,,,
Theia Case 5,all,shared_context,typed_time_only,1024,ok,1024,,114,17,0.7373046875,0.462890625,False,31,993,0,136738,0.0302734375,1.0,0.058767772511848344,0.007209705875946592,0.0,8,8,6,6,0,697,21,1,1,3,0.029496170580387115,0.029452156275510788,0.029618654400110245,0.0012046881020069122,0.030700858682394028,,,True,,,,,,
Theia Case 5,all,shared_context,typed_time_only,4096,ok,4096,,114,16,0.500732421875,0.398193359375,False,31,4065,0,133666,0.007568359375,1.0,0.015023019142234069,0.02951405275500795,0.0,8,8,6,6,0,2476,20,1,1,1,0.0327601358294487,0.0327601358294487,0.0327601358294487,0.0012046881020069122,0.03396482393145561,,,True,,,,,,
Theia Case 5,all,shared_context,degree_ppr,64,infeasible_mandatory,,,114,,,,False,,,,,,,,,,,,,,,,,,,,,,,,,,,True,,,,,,
Theia Case 5,all,shared_context,degree_ppr,256,ok,256,,114,1,1.0,0.9921875,False,31,225,0,137506,0.12109375,1.0,0.21602787456445993,0.001633619156181252,0.0,8,8,6,6,0,100,15,1,1,1,0.0171317420899868,0.0171317420899868,0.0171317420899868,0.18971151486039162,0.20684325695037842,,,True,,,,,,
Theia Case 5,all,shared_context,degree_ppr,1024,ok,1024,,114,1,1.0,0.8857421875,False,31,993,0,136738,0.0302734375,1.0,0.058767772511848344,0.007209705875946592,0.0,8,8,6,6,0,342,16,1,1,3,0.017124846577644348,0.017080243676900864,0.017198555171489716,0.18971151486039162,0.20683636143803596,,,True,,,,,,
Theia Case 5,all,shared_context,degree_ppr,4096,ok,4096,,114,1,1.0,0.892578125,False,31,4065,0,133666,0.007568359375,1.0,0.015023019142234069,0.02951405275500795,0.0,8,8,6,6,0,3179,1,1,1,1,0.017082490026950836,0.017082490026950836,0.017082490026950836,0.18971151486039162,0.20679400488734245,,,True,,,,,,
Theia Case 5,all,shared_context,degree_heat,64,infeasible_mandatory,,,114,,,,False,,,,,,,,,,,,,,,,,,,,,,,,,,,True,,,,,,
Theia Case 5,all,shared_context,degree_heat,256,ok,256,,114,1,1.0,0.9921875,False,31,225,0,137506,0.12109375,1.0,0.21602787456445993,0.001633619156181252,0.0,8,8,6,6,0,100,15,1,1,1,0.01714266464114189,0.01714266464114189,0.01714266464114189,0.038923829793930054,0.056066494435071945,,,True,,,,,,
Theia Case 5,all,shared_context,degree_heat,1024,ok,1024,,114,1,1.0,0.95703125,False,31,993,0,136738,0.0302734375,1.0,0.058767772511848344,0.007209705875946592,0.0,8,8,6,6,0,308,8,1,1,3,0.017080023884773254,0.01707104593515396,0.01723441109061241,0.038923829793930054,0.05600385367870331,,,True,,,,,,
Theia Case 5,all,shared_context,degree_heat,4096,ok,4096,,114,1,1.0,0.892333984375,False,31,4065,0,133666,0.007568359375,1.0,0.015023019142234069,0.02951405275500795,0.0,8,8,6,6,0,3138,0,1,1,1,0.017252065241336823,0.017252065241336823,0.017252065241336823,0.038923829793930054,0.056175895035266876,,,True,,,,,,
Theia Case 5,all,poi_only,temporal_portfolio,64,ok,64,,1,6,0.90625,0.8125,,26,38,5,137693,0.40625,0.8387096774193549,0.5473684210526316,0.00027590012415505585,0.16129032258064516,3,8,3,6,0,31,5,1,1,1,0.05189013108611107,0.05189013108611107,0.05189013108611107,1.0473789758980274,1.0992691069841385,,,,True,,,,,
Theia Case 5,all,poi_only,temporal_portfolio,256,ok,256,,1,9,0.9296875,0.84765625,,27,229,4,137502,0.10546875,0.8709677419354839,0.18815331010452963,0.001662661274513363,0.12903225806451613,4,8,3,6,0,118,5,1,1,1,0.05174899473786354,0.05174899473786354,0.05174899473786354,1.0473789758980274,1.099127970635891,,,,True,,,,,
Theia Case 5,all,poi_only,temporal_portfolio,1024,ok,1024,,1,19,0.89453125,0.7548828125,,30,994,1,136737,0.029296875,0.967741935483871,0.05687203791469194,0.0072169664055296194,0.03225806451612903,7,8,6,6,0,536,6,1,1,3,0.05189327523112297,0.05184221267700195,0.05192592367529869,1.0473789758980274,1.0992722511291504,,,,True,,,,,
Theia Case 5,all,poi_only,temporal_portfolio,4096,ok,4096,,1,21,0.7451171875,0.6357421875,,30,4066,1,133665,0.00732421875,0.967741935483871,0.01453840562151684,0.02952131328459098,0.03225806451612903,7,8,6,6,0,2506,182,1,1,1,0.05325721204280853,0.05325721204280853,0.05325721204280853,1.0473789758980274,1.100636187940836,,,,True,,,,,
Theia Case 5,all,poi_only,static_portfolio,64,ok,64,,1,7,0.8125,0.8125,,26,38,5,137693,0.40625,0.8387096774193549,0.5473684210526316,0.00027590012415505585,0.16129032258064516,3,8,3,6,0,30,8,1,1,1,0.039962735027074814,0.039962735027074814,0.039962735027074814,1.0484221614897251,1.0883848965168,,,,True,,,,,
Theia Case 5,all,poi_only,static_portfolio,256,ok,256,,1,9,0.9296875,0.8359375,,28,228,3,137503,0.109375,0.9032258064516129,0.1951219512195122,0.0016554007449303353,0.0967741935483871,5,8,4,6,0,123,19,1,1,1,0.039973679929971695,0.039973679929971695,0.039973679929971695,1.0484221614897251,1.0883958414196968,,,,True,,,,,
Theia Case 5,all,poi_only,static_portfolio,1024,ok,1024,,1,19,0.890625,0.728515625,,30,994,1,136737,0.029296875,0.967741935483871,0.05687203791469194,0.0072169664055296194,0.03225806451612903,7,8,5,6,0,546,8,1,1,3,0.04050319269299507,0.04044901207089424,0.040514521300792694,1.0484221614897251,1.0889253541827202,,,,True,,,,,
Theia Case 5,all,poi_only,static_portfolio,4096,ok,4096,,1,19,0.66162109375,0.549560546875,,30,4066,1,133665,0.00732421875,0.967741935483871,0.01453840562151684,0.02952131328459098,0.03225806451612903,7,8,5,6,0,2149,221,1,1,1,0.04137289151549339,0.04137289151549339,0.04137289151549339,1.0484221614897251,1.0897950530052185,,,,True,,,,,
Theia Case 5,all,poi_only,rerank_portfolio,64,ok,64,,1,6,0.90625,0.8125,,26,38,5,137693,0.40625,0.8387096774193549,0.5473684210526316,0.00027590012415505585,0.16129032258064516,3,8,3,6,0,31,5,1,1,1,0.0509333536028862,0.0509333536028862,0.0509333536028862,1.0497088059782982,1.1006421595811844,,,,True,,,,,
Theia Case 5,all,poi_only,rerank_portfolio,256,ok,256,,1,9,0.9296875,0.83984375,,28,228,3,137503,0.109375,0.9032258064516129,0.1951219512195122,0.0016554007449303353,0.0967741935483871,5,8,4,6,0,119,5,1,1,1,0.050559692084789276,0.050559692084789276,0.050559692084789276,1.0497088059782982,1.1002684980630875,,,,True,,,,,
Theia Case 5,all,poi_only,rerank_portfolio,1024,ok,1024,,1,19,0.89453125,0.7421875,,31,993,0,136738,0.0302734375,1.0,0.058767772511848344,0.007209705875946592,0.0,8,8,6,6,0,527,6,1,1,3,0.05094898119568825,0.050926413387060165,0.05270031839609146,1.0497088059782982,1.1006577871739864,,,,True,,,,,
Theia Case 5,all,poi_only,rerank_portfolio,4096,ok,4096,,1,19,0.66162109375,0.549560546875,,31,4065,0,133666,0.007568359375,1.0,0.015023019142234069,0.02951405275500795,0.0,8,8,6,6,0,2149,221,1,1,1,0.05211300775408745,0.05211300775408745,0.05211300775408745,1.0497088059782982,1.1018218137323856,,,,True,,,,,
Theia Case 5,all,poi_only,portfolio_quarter,64,ok,64,,1,7,0.859375,0.78125,,14,50,17,137681,0.21875,0.45161290322580644,0.29473684210526313,0.0003630264791513893,0.5483870967741935,4,8,3,6,0,39,9,0,1,1,0.05139929801225662,0.05139929801225662,0.05139929801225662,1.0473789758980274,1.098778273910284,,,,True,,,,,
Theia Case 5,all,poi_only,portfolio_quarter,256,ok,256,,1,9,0.9296875,0.8125,,28,228,3,137503,0.109375,0.9032258064516129,0.1951219512195122,0.0016554007449303353,0.0967741935483871,5,8,4,6,0,155,5,1,1,1,0.05156692489981651,0.05156692489981651,0.05156692489981651,1.0473789758980274,1.098945900797844,,,,True,,,,,
Theia Case 5,all,poi_only,portfolio_quarter,1024,ok,1024,,1,19,0.87109375,0.689453125,,30,994,1,136737,0.029296875,0.967741935483871,0.05687203791469194,0.0072169664055296194,0.03225806451612903,7,8,6,6,0,649,7,1,1,3,0.05227303504943848,0.05210888385772705,0.0523366704583168,1.0473789758980274,1.099652010947466,,,,True,,,,,
Theia Case 5,all,poi_only,portfolio_quarter,4096,ok,4096,,1,19,0.66162109375,0.5615234375,,30,4066,1,133665,0.00732421875,0.967741935483871,0.01453840562151684,0.02952131328459098,0.03225806451612903,7,8,6,6,0,2165,221,1,1,1,0.05484123155474663,0.05484123155474663,0.05484123155474663,1.0473789758980274,1.102220207452774,,,,True,,,,,
Theia Case 5,all,poi_only,portfolio_three_quarters,64,ok,64,,1,5,0.921875,0.921875,,24,40,7,137691,0.375,0.7741935483870968,0.5052631578947369,0.00029042118332111145,0.22580645161290322,1,8,1,6,0,26,6,1,1,1,0.051447052508592606,0.051447052508592606,0.051447052508592606,1.0473789758980274,1.09882602840662,,,,True,,,,,
Theia Case 5,all,poi_only,portfolio_three_quarters,256,ok,256,,1,9,0.9453125,0.8984375,,28,228,3,137503,0.109375,0.9032258064516129,0.1951219512195122,0.0016554007449303353,0.0967741935483871,5,8,4,6,0,104,3,1,1,1,0.05146734043955803,0.05146734043955803,0.05146734043955803,1.0473789758980274,1.0988463163375854,,,,True,,,,,
Theia Case 5,all,poi_only,portfolio_three_quarters,1024,ok,1024,,1,18,0.9521484375,0.8857421875,,29,995,2,136736,0.0283203125,0.9354838709677419,0.054976303317535544,0.007224226935112647,0.06451612903225806,6,8,5,6,0,362,7,1,1,3,0.051494937390089035,0.05147605761885643,0.05165892839431763,1.0473789758980274,1.0988739132881165,,,,True,,,,,
Theia Case 5,all,poi_only,portfolio_three_quarters,4096,ok,4096,,1,19,0.89990234375,0.81787109375,,30,4066,1,133665,0.00732421875,0.967741935483871,0.01453840562151684,0.02952131328459098,0.03225806451612903,7,8,6,6,0,3031,81,1,1,1,0.05205131694674492,0.05205131694674492,0.05205131694674492,1.0473789758980274,1.0994302928447723,,,,True,,,,,
Theia Case 5,all,shared_context,temporal_portfolio,64,infeasible_mandatory,,,114,,,,,,,,,,,,,,,,,,,,,,,,,,,,,,,,True,,,,,
Theia Case 5,all,shared_context,temporal_portfolio,256,ok,256,,114,9,0.9296875,0.84375,,31,225,0,137506,0.12109375,1.0,0.21602787456445993,0.001633619156181252,0.0,8,8,6,6,0,127,2,1,1,1,0.051513414829969406,0.051513414829969406,0.051513414829969406,1.0473789758980274,1.0988923907279968,,,,True,,,,,
Theia Case 5,all,shared_context,temporal_portfolio,1024,ok,1024,,114,19,0.892578125,0.7509765625,,31,993,0,136738,0.0302734375,1.0,0.058767772511848344,0.007209705875946592,0.0,8,8,6,6,0,542,5,1,1,3,0.05189036205410957,0.051747750490903854,0.05351896211504936,1.0473789758980274,1.099269337952137,,,,True,,,,,
Theia Case 5,all,shared_context,temporal_portfolio,4096,ok,4096,,114,21,0.744873046875,0.635498046875,,31,4065,0,133666,0.007568359375,1.0,0.015023019142234069,0.02951405275500795,0.0,8,8,6,6,0,2506,182,1,1,1,0.053343117237091064,0.053343117237091064,0.053343117237091064,1.0473789758980274,1.1007220931351185,,,,True,,,,,
Theia Case 5,all,shared_context,static_portfolio,64,infeasible_mandatory,,,114,,,,,,,,,,,,,,,,,,,,,,,,,,,,,,,,True,,,,,
Theia Case 5,all,shared_context,static_portfolio,256,ok,256,,114,9,0.9296875,0.83984375,,31,225,0,137506,0.12109375,1.0,0.21602787456445993,0.001633619156181252,0.0,8,8,6,6,0,123,16,1,1,1,0.03974951058626175,0.03974951058626175,0.03974951058626175,1.0484221614897251,1.0881716720759869,,,,True,,,,,
Theia Case 5,all,shared_context,static_portfolio,1024,ok,1024,,114,19,0.888671875,0.724609375,,31,993,0,136738,0.0302734375,1.0,0.058767772511848344,0.007209705875946592,0.0,8,8,6,6,0,551,9,1,1,3,0.0401904433965683,0.04000549763441086,0.04021156206727028,1.0484221614897251,1.0886126048862934,,,,True,,,,,
Theia Case 5,all,shared_context,static_portfolio,4096,ok,4096,,114,19,0.66162109375,0.549560546875,,31,4065,0,133666,0.007568359375,1.0,0.015023019142234069,0.02951405275500795,0.0,8,8,6,6,0,2149,221,1,1,1,0.04060528054833412,0.04060528054833412,0.04060528054833412,1.0484221614897251,1.0890274420380592,,,,True,,,,,
Theia Case 5,all,shared_context,rerank_portfolio,64,infeasible_mandatory,,,114,,,,,,,,,,,,,,,,,,,,,,,,,,,,,,,,True,,,,,
Theia Case 5,all,shared_context,rerank_portfolio,256,ok,256,,114,9,0.9296875,0.8359375,,31,225,0,137506,0.12109375,1.0,0.21602787456445993,0.001633619156181252,0.0,8,8,6,6,0,128,2,1,1,1,0.0504627451300621,0.0504627451300621,0.0504627451300621,1.0497088059782982,1.1001715511083603,,,,True,,,,,
Theia Case 5,all,shared_context,rerank_portfolio,1024,ok,1024,,114,19,0.892578125,0.7373046875,,31,993,0,136738,0.0302734375,1.0,0.058767772511848344,0.007209705875946592,0.0,8,8,6,6,0,533,7,1,1,3,0.05091184750199318,0.050889719277620316,0.050949543714523315,1.0497088059782982,1.1006206534802914,,,,True,,,,,
Theia Case 5,all,shared_context,rerank_portfolio,4096,ok,4096,,114,19,0.66162109375,0.549560546875,,31,4065,0,133666,0.007568359375,1.0,0.015023019142234069,0.02951405275500795,0.0,8,8,6,6,0,2149,221,1,1,1,0.05195940285921097,0.05195940285921097,0.05195940285921097,1.0497088059782982,1.1016682088375092,,,,True,,,,,
Theia Case 5,all,shared_context,portfolio_quarter,64,infeasible_mandatory,,,114,,,,,,,,,,,,,,,,,,,,,,,,,,,,,,,,True,,,,,
Theia Case 5,all,shared_context,portfolio_quarter,256,ok,256,,114,9,0.9296875,0.84375,,31,225,0,137506,0.12109375,1.0,0.21602787456445993,0.001633619156181252,0.0,8,8,6,6,0,127,2,1,1,1,0.051583241671323776,0.051583241671323776,0.051583241671323776,1.0473789758980274,1.0989622175693512,,,,True,,,,,
Theia Case 5,all,shared_context,portfolio_quarter,1024,ok,1024,,114,19,0.87109375,0.689453125,,31,993,0,136738,0.0302734375,1.0,0.058767772511848344,0.007209705875946592,0.0,8,8,6,6,0,649,7,1,1,3,0.05218510702252388,0.052183687686920166,0.052255988121032715,1.0473789758980274,1.0995640829205513,,,,True,,,,,
Theia Case 5,all,shared_context,portfolio_quarter,4096,ok,4096,,114,19,0.66162109375,0.5615234375,,31,4065,0,133666,0.007568359375,1.0,0.015023019142234069,0.02951405275500795,0.0,8,8,6,6,0,2165,221,1,1,1,0.060994941741228104,0.060994941741228104,0.060994941741228104,1.0473789758980274,1.1083739176392555,,,,True,,,,,
Theia Case 5,all,shared_context,portfolio_three_quarters,64,infeasible_mandatory,,,114,,,,,,,,,,,,,,,,,,,,,,,,,,,,,,,,True,,,,,
Theia Case 5,all,shared_context,portfolio_three_quarters,256,ok,256,,114,8,0.9453125,0.8828125,,31,225,0,137506,0.12109375,1.0,0.21602787456445993,0.001633619156181252,0.0,8,8,6,6,0,106,1,1,1,1,0.05134950950741768,0.05134950950741768,0.05134950950741768,1.0473789758980274,1.098728485405445,,,,True,,,,,
Theia Case 5,all,shared_context,portfolio_three_quarters,1024,ok,1024,,114,18,0.9501953125,0.8828125,,31,993,0,136738,0.0302734375,1.0,0.058767772511848344,0.007209705875946592,0.0,8,8,6,6,0,360,8,1,1,3,0.05157625302672386,0.051441628485918045,0.05316765606403351,1.0473789758980274,1.0989552289247513,,,,True,,,,,
Theia Case 5,all,shared_context,portfolio_three_quarters,4096,ok,4096,,114,19,0.899658203125,0.817626953125,,31,4065,0,133666,0.007568359375,1.0,0.015023019142234069,0.02951405275500795,0.0,8,8,6,6,0,3030,81,1,1,1,0.05204230919480324,0.05204230919480324,0.05204230919480324,1.0473789758980274,1.0994212850928307,,,,True,,,,,
Theia Case 5,all,poi_only,witness_temporal,64,ok,64,,1,1,1.0,1.0,,25,39,6,137692,0.390625,0.8064516129032258,0.5263157894736842,0.00028316065373808365,0.1935483870967742,2,8,1,6,0,28,10,1,1,1,0.030034393072128296,0.030034393072128296,0.030034393072128296,1.032276164740324,1.0623105578124523,,,,,True,,,,
Theia Case 5,all,poi_only,witness_temporal,256,ok,256,,1,1,1.0,1.0,,26,230,5,137501,0.1015625,0.8387096774193549,0.18118466898954705,0.0016699218040963908,0.16129032258064516,3,8,2,6,0,106,9,1,1,1,0.030228134244680405,0.030228134244680405,0.030228134244680405,1.032276164740324,1.0625042989850044,,,,,True,,,,
Theia Case 5,all,poi_only,witness_temporal,1024,ok,1024,,1,1,1.0,1.0,,28,996,3,136735,0.02734375,0.9032258064516129,0.05308056872037915,0.007231487464695675,0.0967741935483871,5,8,4,6,0,518,7,1,1,3,0.033589061349630356,0.0334344245493412,0.03532901778817177,1.032276164740324,1.0658652260899544,,,,,True,,,,
Theia Case 5,all,poi_only,witness_temporal,4096,ok,4096,,1,1,1.0,1.0,,28,4068,3,133663,0.0068359375,0.9032258064516129,0.013569178580082384,0.029535834343757034,0.0967741935483871,5,8,4,6,0,3205,4,1,1,1,0.0472523495554924,0.0472523495554924,0.0472523495554924,1.032276164740324,1.0795285142958164,,,,,True,,,,
Theia Case 5,all,poi_only,witness_static,64,ok,64,,1,1,1.0,1.0,,25,39,6,137692,0.390625,0.8064516129032258,0.5263157894736842,0.00028316065373808365,0.1935483870967742,2,8,1,6,0,29,10,1,1,1,0.025868672877550125,0.025868672877550125,0.025868672877550125,1.0443041622638702,1.0701728351414204,,,,,True,,,,
Theia Case 5,all,poi_only,witness_static,256,ok,256,,1,1,1.0,1.0,,27,229,4,137502,0.10546875,0.8709677419354839,0.18815331010452963,0.001662661274513363,0.12903225806451613,4,8,2,6,0,110,25,1,1,1,0.026615913957357407,0.026615913957357407,0.026615913957357407,1.0443041622638702,1.0709200762212276,,,,,True,,,,
Theia Case 5,all,poi_only,witness_static,1024,ok,1024,,1,1,1.0,1.0,,28,996,3,136735,0.02734375,0.9032258064516129,0.05308056872037915,0.007231487464695675,0.0967741935483871,5,8,3,6,0,526,9,1,1,3,0.03003697097301483,0.029918819665908813,0.030091211199760437,1.0443041622638702,1.074341133236885,,,,,True,,,,
Theia Case 5,all,poi_only,witness_static,4096,ok,4096,,1,1,1.0,1.0,,28,4068,3,133663,0.0068359375,0.9032258064516129,0.013569178580082384,0.029535834343757034,0.0967741935483871,5,8,3,6,0,3192,4,1,1,1,0.04386923089623451,0.04386923089623451,0.04386923089623451,1.0443041622638702,1.0881733931601048,,,,,True,,,,
Theia Case 5,all,poi_only,witness_rerank,64,ok,64,,1,1,1.0,1.0,,25,39,6,137692,0.390625,0.8064516129032258,0.5263157894736842,0.00028316065373808365,0.1935483870967742,2,8,1,6,0,28,10,1,1,1,0.02883163094520569,0.02883163094520569,0.02883163094520569,1.0456042662262917,1.0744358971714973,,,,,True,,,,
Theia Case 5,all,poi_only,witness_rerank,256,ok,256,,1,1,1.0,1.0,,26,230,5,137501,0.1015625,0.8387096774193549,0.18118466898954705,0.0016699218040963908,0.16129032258064516,3,8,2,6,0,107,9,1,1,1,0.031896933913230896,0.031896933913230896,0.031896933913230896,1.0456042662262917,1.0775012001395226,,,,,True,,,,
Theia Case 5,all,poi_only,witness_rerank,1024,ok,1024,,1,1,1.0,1.0,,29,995,2,136736,0.0283203125,0.9354838709677419,0.054976303317535544,0.007224226935112647,0.06451612903225806,6,8,4,6,0,504,7,1,1,3,0.033117227256298065,0.033054009079933167,0.03314632922410965,1.0456042662262917,1.0787214934825897,,,,,True,,,,
Theia Case 5,all,poi_only,witness_rerank,4096,ok,4096,,1,1,1.0,1.0,,29,4067,2,133664,0.007080078125,0.9354838709677419,0.014053792100799612,0.029528573814174005,0.06451612903225806,6,8,4,6,0,3192,4,1,1,1,0.047090526670217514,0.047090526670217514,0.047090526670217514,1.0456042662262917,1.0926947928965092,,,,,True,,,,
Theia Case 5,all,poi_only,witness_global,64,ok,64,,1,1,1.0,1.0,,24,40,7,137691,0.375,0.7741935483870968,0.5052631578947369,0.00029042118332111145,0.22580645161290322,1,8,1,6,0,18,3,1,1,1,0.030229203402996063,0.030229203402996063,0.030229203402996063,1.0456042662262917,1.0758334696292877,,,,,True,,,,
Theia Case 5,all,poi_only,witness_global,256,ok,256,,1,1,1.0,1.0,,25,231,6,137500,0.09765625,0.8064516129032258,0.17421602787456447,0.0016771823336794187,0.1935483870967742,2,8,2,6,0,101,1,1,1,1,0.029192667454481125,0.029192667454481125,0.029192667454481125,1.0456042662262917,1.0747969336807728,,,,,True,,,,
Theia Case 5,all,poi_only,witness_global,1024,ok,1024,,1,1,1.0,1.0,,26,998,5,136733,0.025390625,0.8387096774193549,0.04928909952606635,0.007246008523861731,0.16129032258064516,3,8,2,6,0,255,4,1,1,3,0.030779466032981873,0.03074922412633896,0.030798234045505524,1.0456042662262917,1.0763837322592735,,,,,True,,,,
Theia Case 5,all,poi_only,witness_global,4096,ok,4096,,1,1,1.0,1.0,,29,4067,2,133664,0.007080078125,0.9354838709677419,0.014053792100799612,0.029528573814174005,0.06451612903225806,6,8,4,6,0,3192,4,1,1,1,0.03718605265021324,0.03718605265021324,0.03718605265021324,1.0456042662262917,1.082790318876505,,,,,True,,,,
Theia Case 5,all,poi_only,witness_time_only,64,ok,64,,1,1,1.0,1.0,,3,61,28,137670,0.046875,0.0967741935483871,0.06315789473684211,0.00044289230456469493,0.9032258064516129,2,8,1,6,0,34,12,0,1,1,0.02909906953573227,0.02909906953573227,0.02909906953573227,0.0009262338280677795,0.03002530336380005,,,,,True,,,,
Theia Case 5,all,poi_only,witness_time_only,256,ok,256,,1,1,1.0,1.0,,25,231,6,137500,0.09765625,0.8064516129032258,0.17421602787456447,0.0016771823336794187,0.1935483870967742,2,8,1,6,0,115,17,1,1,1,0.03000456839799881,0.03000456839799881,0.03000456839799881,0.0009262338280677795,0.03093080222606659,,,,,True,,,,
Theia Case 5,all,poi_only,witness_time_only,1024,ok,1024,,1,1,1.0,1.0,,27,997,4,136734,0.0263671875,0.8709677419354839,0.05118483412322275,0.007238747994278703,0.12903225806451613,4,8,3,6,0,391,14,1,1,3,0.03325360640883446,0.03324330225586891,0.03329813480377197,0.0009262338280677795,0.03417984023690224,,,,,True,,,,
Theia Case 5,all,poi_only,witness_time_only,4096,ok,4096,,1,1,1.0,1.0,,28,4068,3,133663,0.0068359375,0.9032258064516129,0.013569178580082384,0.029535834343757034,0.0967741935483871,5,8,4,6,0,3192,4,1,1,1,0.04875776171684265,0.04875776171684265,0.04875776171684265,0.0009262338280677795,0.04968399554491043,,,,,True,,,,
Theia Case 5,all,shared_context,witness_temporal,64,infeasible_mandatory,,,114,,,,,,,,,,,,,,,,,,,,,,,,,,,,,,,,,True,,,,
Theia Case 5,all,shared_context,witness_temporal,256,ok,256,,114,1,1.0,0.9921875,,31,225,0,137506,0.12109375,1.0,0.21602787456445993,0.001633619156181252,0.0,8,8,6,6,0,114,6,1,1,1,0.03009442612528801,0.03009442612528801,0.03009442612528801,1.032276164740324,1.062370590865612,,,,,True,,,,
Theia Case 5,all,shared_context,witness_temporal,1024,ok,1024,,114,1,1.0,0.998046875,,31,993,0,136738,0.0302734375,1.0,0.058767772511848344,0.007209705875946592,0.0,8,8,6,6,0,524,7,1,1,3,0.03330206871032715,0.033298559486866,0.03335651010274887,1.032276164740324,1.0655782334506512,,,,,True,,,,
Theia Case 5,all,shared_context,witness_temporal,4096,ok,4096,,114,1,1.0,0.99951171875,,31,4065,0,133666,0.007568359375,1.0,0.015023019142234069,0.02951405275500795,0.0,8,8,6,6,0,3205,4,1,1,1,0.04674503207206726,0.04674503207206726,0.04674503207206726,1.032276164740324,1.0790211968123913,,,,,True,,,,
Theia Case 5,all,shared_context,witness_static,64,infeasible_mandatory,,,114,,,,,,,,,,,,,,,,,,,,,,,,,,,,,,,,,True,,,,
Theia Case 5,all,shared_context,witness_static,256,ok,256,,114,1,1.0,0.9921875,,31,225,0,137506,0.12109375,1.0,0.21602787456445993,0.001633619156181252,0.0,8,8,6,6,0,109,22,1,1,1,0.026565812528133392,0.026565812528133392,0.026565812528133392,1.0443041622638702,1.0708699747920036,,,,,True,,,,
Theia Case 5,all,shared_context,witness_static,1024,ok,1024,,114,1,1.0,0.998046875,,31,993,0,136738,0.0302734375,1.0,0.058767772511848344,0.007209705875946592,0.0,8,8,6,6,0,535,9,1,1,3,0.030012693256139755,0.029877807945013046,0.030033987015485764,1.0443041622638702,1.07431685552001,,,,,True,,,,
Theia Case 5,all,shared_context,witness_static,4096,ok,4096,,114,1,1.0,0.99951171875,,31,4065,0,133666,0.007568359375,1.0,0.015023019142234069,0.02951405275500795,0.0,8,8,6,6,0,3192,4,1,1,1,0.044034443795681,0.044034443795681,0.044034443795681,1.0443041622638702,1.0883386060595512,,,,,True,,,,
Theia Case 5,all,shared_context,witness_rerank,64,infeasible_mandatory,,,114,,,,,,,,,,,,,,,,,,,,,,,,,,,,,,,,,True,,,,
Theia Case 5,all,shared_context,witness_rerank,256,ok,256,,114,1,1.0,0.9921875,,31,225,0,137506,0.12109375,1.0,0.21602787456445993,0.001633619156181252,0.0,8,8,6,6,0,115,6,1,1,1,0.0296405628323555,0.0296405628323555,0.0296405628323555,1.0456042662262917,1.0752448290586472,,,,,True,,,,
Theia Case 5,all,shared_context,witness_rerank,1024,ok,1024,,114,1,1.0,0.998046875,,31,993,0,136738,0.0302734375,1.0,0.058767772511848344,0.007209705875946592,0.0,8,8,6,6,0,511,7,1,1,3,0.03292381763458252,0.032827649265527725,0.03299564868211746,1.0456042662262917,1.0785280838608742,,,,,True,,,,
Theia Case 5,all,shared_context,witness_rerank,4096,ok,4096,,114,1,1.0,0.99951171875,,31,4065,0,133666,0.007568359375,1.0,0.015023019142234069,0.02951405275500795,0.0,8,8,6,6,0,3192,4,1,1,1,0.046491947025060654,0.046491947025060654,0.046491947025060654,1.0456042662262917,1.0920962132513523,,,,,True,,,,
Theia Case 5,all,shared_context,witness_global,64,infeasible_mandatory,,,114,,,,,,,,,,,,,,,,,,,,,,,,,,,,,,,,,True,,,,
Theia Case 5,all,shared_context,witness_global,256,ok,256,,114,1,1.0,0.9921875,,31,225,0,137506,0.12109375,1.0,0.21602787456445993,0.001633619156181252,0.0,8,8,6,6,0,99,2,1,1,1,0.028966527432203293,0.028966527432203293,0.028966527432203293,1.0456042662262917,1.074570793658495,,,,,True,,,,
Theia Case 5,all,shared_context,witness_global,1024,ok,1024,,114,1,1.0,0.998046875,,31,993,0,136738,0.0302734375,1.0,0.058767772511848344,0.007209705875946592,0.0,8,8,6,6,0,260,4,1,1,3,0.030581239610910416,0.030489753931760788,0.030613187700510025,1.0456042662262917,1.076185505837202,,,,,True,,,,
Theia Case 5,all,shared_context,witness_global,4096,ok,4096,,114,1,1.0,0.99951171875,,31,4065,0,133666,0.007568359375,1.0,0.015023019142234069,0.02951405275500795,0.0,8,8,6,6,0,3192,4,1,1,1,0.037125393748283386,0.037125393748283386,0.037125393748283386,1.0456042662262917,1.082729659974575,,,,,True,,,,
Theia Case 5,all,shared_context,witness_time_only,64,infeasible_mandatory,,,114,,,,,,,,,,,,,,,,,,,,,,,,,,,,,,,,,True,,,,
Theia Case 5,all,shared_context,witness_time_only,256,ok,256,,114,1,1.0,0.9921875,,31,225,0,137506,0.12109375,1.0,0.21602787456445993,0.001633619156181252,0.0,8,8,6,6,0,102,15,1,1,1,0.02964729815721512,0.02964729815721512,0.02964729815721512,0.0009262338280677795,0.030573531985282898,,,,,True,,,,
Theia Case 5,all,shared_context,witness_time_only,1024,ok,1024,,114,1,1.0,0.998046875,,31,993,0,136738,0.0302734375,1.0,0.058767772511848344,0.007209705875946592,0.0,8,8,6,6,0,405,11,1,1,3,0.03302118554711342,0.032977163791656494,0.03311743587255478,0.0009262338280677795,0.0339474193751812,,,,,True,,,,
Theia Case 5,all,shared_context,witness_time_only,4096,ok,4096,,114,1,1.0,0.99951171875,,31,4065,0,133666,0.007568359375,1.0,0.015023019142234069,0.02951405275500795,0.0,8,8,6,6,0,3192,4,1,1,1,0.0484924241900444,0.0484924241900444,0.0484924241900444,0.0009262338280677795,0.04941865801811218,,,,,True,,,,
Theia Case 5,all,poi_only,marginal_rerank,64,ok,64,,1,1,1.0,1.0,,24,40,7,137691,0.375,0.7741935483870968,0.5052631578947369,0.00029042118332111145,0.22580645161290322,1,8,1,6,0,24,5,1,1,1,0.049704987555742264,0.049704987555742264,0.049704987555742264,1.0459529384970665,1.0956579260528088,,,,,True,"{'eligible_anchors': 123663, 'pool_anchors': 4248, 'pool_raw_events': 4248, 'global_pool_limit': 4096, 'per_relation_pool_limit': 241, 'normalization_scale': 1.0}",0.04804788529872894,0.6886503994464874,"{'status': 'ok', 'raw_events': 64, 'steps': 62, 'objective': 52.195406171810305, 'diversity': 1.0}"
Theia Case 5,all,poi_only,marginal_linear,64,ok,64,,1,1,1.0,1.0,,24,40,7,137691,0.375,0.7741935483870968,0.5052631578947369,0.00029042118332111145,0.22580645161290322,1,8,1,6,0,16,3,1,1,1,0.021274041384458542,0.021274041384458542,0.021274041384458542,1.0459529384970665,1.067226979881525,,,,,True,"{'eligible_anchors': 123663, 'pool_anchors': 4248, 'pool_raw_events': 4248, 'global_pool_limit': 4096, 'per_relation_pool_limit': 241, 'normalization_scale': 1.0}",0.04804788529872894,0.6886503994464874,"{'status': 'ok', 'raw_events': 64, 'steps': 62, 'objective': 35.167678830331546, 'diversity': 0.0}"
Theia Case 5,all,poi_only,marginal_diverse4,64,ok,64,,1,1,1.0,1.0,,21,43,10,137688,0.328125,0.6774193548387096,0.4421052631578947,0.0003122027720701948,0.3225806451612903,1,8,1,6,0,27,6,0,1,1,0.04944275692105293,0.04944275692105293,0.04944275692105293,1.0459529384970665,1.0953956954181194,,,,,True,"{'eligible_anchors': 123663, 'pool_anchors': 4248, 'pool_raw_events': 4248, 'global_pool_limit': 4096, 'per_relation_pool_limit': 241, 'normalization_scale': 1.0}",0.04804788529872894,0.6886503994464874,"{'status': 'ok', 'raw_events': 64, 'steps': 62, 'objective': 106.60342802103702, 'diversity': 4.0}"
Theia Case 5,all,poi_only,marginal_static,64,ok,64,,1,1,1.0,1.0,,24,40,7,137691,0.375,0.7741935483870968,0.5052631578947369,0.00029042118332111145,0.22580645161290322,1,8,1,6,0,29,2,1,1,1,0.04691042751073837,0.04691042751073837,0.04691042751073837,1.0447405353188515,1.0916509628295898,,,,,True,"{'eligible_anchors': 123663, 'pool_anchors': 4248, 'pool_raw_events': 4248, 'global_pool_limit': 4096, 'per_relation_pool_limit': 241, 'normalization_scale': 1.0}",0.044248323887586594,0.6886503994464874,"{'status': 'ok', 'raw_events': 64, 'steps': 61, 'objective': 53.42571544125093, 'diversity': 1.0}"
Theia Case 5,all,poi_only,marginal_nofrequency,64,ok,64,,1,1,1.0,1.0,,24,40,7,137691,0.375,0.7741935483870968,0.5052631578947369,0.00029042118332111145,0.22580645161290322,1,8,1,6,0,30,3,1,1,1,0.04900045320391655,0.04900045320391655,0.04900045320391655,0.5370977967977524,0.5860982500016689,,,,,True,"{'eligible_anchors': 123663, 'pool_anchors': 4266, 'pool_raw_events': 4267, 'global_pool_limit': 4096, 'per_relation_pool_limit': 241, 'normalization_scale': 1.0}",0.0476757176220417,0.6886503994464874,"{'status': 'ok', 'raw_events': 64, 'steps': 61, 'objective': 74.8543303810511, 'diversity': 1.0}"
Theia Case 5,all,poi_only,marginal_rerank,256,ok,256,,1,1,1.0,1.0,,25,231,6,137500,0.09765625,0.8064516129032258,0.17421602787456447,0.0016771823336794187,0.1935483870967742,2,8,2,6,0,101,1,1,1,1,0.19718360155820847,0.19718360155820847,0.19718360155820847,1.0459529384970665,1.243136540055275,,,,,True,"{'eligible_anchors': 123663, 'pool_anchors': 4248, 'pool_raw_events': 4248, 'global_pool_limit': 4096, 'per_relation_pool_limit': 241, 'normalization_scale': 1.0}",0.04770972952246666,0.6886503994464874,"{'status': 'ok', 'raw_events': 256, 'steps': 251, 'objective': 146.359571374677, 'diversity': 1.0}"
Theia Case 5,all,poi_only,marginal_linear,256,ok,256,,1,1,1.0,1.0,,25,231,6,137500,0.09765625,0.8064516129032258,0.17421602787456447,0.0016771823336794187,0.1935483870967742,2,8,2,6,0,100,2,1,1,1,0.08242699131369591,0.08242699131369591,0.08242699131369591,1.0459529384970665,1.1283799298107624,,,,,True,"{'eligible_anchors': 123663, 'pool_anchors': 4248, 'pool_raw_events': 4248, 'global_pool_limit': 4096, 'per_relation_pool_limit': 241, 'normalization_scale': 1.0}",0.04770972952246666,0.6886503994464874,"{'status': 'ok', 'raw_events': 256, 'steps': 251, 'objective': 116.8340553556066, 'diversity': 0.0}"
Theia Case 5,all,poi_only,marginal_diverse4,256,ok,256,,1,1,1.0,1.0,,24,232,7,137499,0.09375,0.7741935483870968,0.1672473867595819,0.0016844428632624463,0.22580645161290322,1,8,1,6,0,100,2,1,1,1,0.20138123258948326,0.20138123258948326,0.20138123258948326,1.0459529384970665,1.2473341710865498,,,,,True,"{'eligible_anchors': 123663, 'pool_anchors': 4248, 'pool_raw_events': 4248, 'global_pool_limit': 4096, 'per_relation_pool_limit': 241, 'normalization_scale': 1.0}",0.04770972952246666,0.6886503994464874,"{'status': 'ok', 'raw_events': 256, 'steps': 250, 'objective': 238.28134171529805, 'diversity': 4.0}"
Theia Case 5,all,poi_only,marginal_milp,256,ok,256,,1,1,1.0,1.0,,25,231,6,137500,0.09765625,0.8064516129032258,0.17421602787456447,0.0016771823336794187,0.1935483870967742,2,8,2,6,0,100,2,1,1,1,0.7092868462204933,0.7092868462204933,0.7092868462204933,1.0459529384970665,1.7552397847175598,,,,,True,"{'eligible_anchors': 123663, 'pool_anchors': 4248, 'pool_raw_events': 4248, 'global_pool_limit': 4096, 'per_relation_pool_limit': 241, 'normalization_scale': 1.0}",0.04770972952246666,0.6886503994464874,"{'status': 'ok', 'solver_status': 0, 'solver_message': 'Optimization terminated successfully. (HiGHS Status 7: Optimal)', 'mip_gap': 0.0, 'objective_upper_bound': 116.83405535560661, 'mip_node_count': 1.0, 'variables': 8496, 'constraints': 16976, 'time_limit': 20.0, 'relative_gap_tolerance': 0.01, 'raw_events': 256, 'objective': 116.8340553556066}"
Theia Case 5,all,poi_only,marginal_static,256,ok,256,,1,1,1.0,1.0,,25,231,6,137500,0.09765625,0.8064516129032258,0.17421602787456447,0.0016771823336794187,0.1935483870967742,2,8,2,6,0,103,2,1,1,1,0.19699829816818237,0.19699829816818237,0.19699829816818237,1.0447405353188515,1.2417388334870338,,,,,True,"{'eligible_anchors': 123663, 'pool_anchors': 4248, 'pool_raw_events': 4248, 'global_pool_limit': 4096, 'per_relation_pool_limit': 241, 'normalization_scale': 1.0}",0.05080195888876915,0.6886503994464874,"{'status': 'ok', 'raw_events': 256, 'steps': 253, 'objective': 152.02189597617024, 'diversity': 1.0}"
Theia Case 5,all,poi_only,marginal_nofrequency,256,ok,256,,1,1,1.0,1.0,,25,231,6,137500,0.09765625,0.8064516129032258,0.17421602787456447,0.0016771823336794187,0.1935483870967742,2,8,2,6,0,102,4,1,1,1,0.19186566397547722,0.19186566397547722,0.19186566397547722,0.5370977967977524,0.7289634607732296,,,,,True,"{'eligible_anchors': 123663, 'pool_anchors': 4266, 'pool_raw_events': 4267, 'global_pool_limit': 4096, 'per_relation_pool_limit': 241, 'normalization_scale': 1.0}",0.04849420487880707,0.6886503994464874,"{'status': 'ok', 'raw_events': 256, 'steps': 250, 'objective': 225.08367962216693, 'diversity': 1.0}"
Theia Case 5,all,poi_only,marginal_rerank,1024,ok,1024,,1,1,1.0,1.0,,26,998,5,136733,0.025390625,0.8387096774193549,0.04928909952606635,0.007246008523861731,0.16129032258064516,3,8,2,6,0,269,4,1,1,1,0.7286180891096592,0.7286180891096592,0.7286180891096592,1.0459529384970665,1.7745710276067257,,,,,True,"{'eligible_anchors': 123663, 'pool_anchors': 4248, 'pool_raw_events': 4248, 'global_pool_limit': 4096, 'per_relation_pool_limit': 241, 'normalization_scale': 1.0}",0.04849986732006073,0.6886503994464874,"{'status': 'ok', 'raw_events': 1024, 'steps': 1010, 'objective': 287.0061800833689, 'diversity': 1.0}"
Theia Case 5,all,poi_only,marginal_linear,1024,ok,1024,,1,1,1.0,1.0,,26,998,5,136733,0.025390625,0.8387096774193549,0.04928909952606635,0.007246008523861731,0.16129032258064516,3,8,2,6,0,258,5,1,1,1,0.3245823569595814,0.3245823569595814,0.3245823569595814,1.0459529384970665,1.3705352954566479,,,,,True,"{'eligible_anchors': 123663, 'pool_anchors': 4248, 'pool_raw_events': 4248, 'global_pool_limit': 4096, 'per_relation_pool_limit': 241, 'normalization_scale': 1.0}",0.04849986732006073,0.6886503994464874,"{'status': 'ok', 'raw_events': 1024, 'steps': 1012, 'objective': 245.31953821449812, 'diversity': 0.0}"
Theia Case 5,all,poi_only,marginal_diverse4,1024,ok,1024,,1,1,1.0,1.0,,26,998,5,136733,0.025390625,0.8387096774193549,0.04928909952606635,0.007246008523861731,0.16129032258064516,3,8,2,6,0,274,4,1,1,1,0.7259774431586266,0.7259774431586266,0.7259774431586266,1.0459529384970665,1.771930381655693,,,,,True,"{'eligible_anchors': 123663, 'pool_anchors': 4248, 'pool_raw_events': 4248, 'global_pool_limit': 4096, 'per_relation_pool_limit': 241, 'normalization_scale': 1.0}",0.04849986732006073,0.6886503994464874,"{'status': 'ok', 'raw_events': 1024, 'steps': 1010, 'objective': 412.0661072310615, 'diversity': 4.0}"
Theia Case 5,all,poi_only,marginal_milp,1024,ok,1024,,1,1,1.0,1.0,,26,998,5,136733,0.025390625,0.8387096774193549,0.04928909952606635,0.007246008523861731,0.16129032258064516,3,8,2,6,0,258,38,1,1,1,0.708052821457386,0.708052821457386,0.708052821457386,1.0459529384970665,1.7540057599544525,,,,,True,"{'eligible_anchors': 123663, 'pool_anchors': 4248, 'pool_raw_events': 4248, 'global_pool_limit': 4096, 'per_relation_pool_limit': 241, 'normalization_scale': 1.0}",0.04849986732006073,0.6886503994464874,"{'status': 'ok', 'solver_status': 0, 'solver_message': 'Optimization terminated successfully. (HiGHS Status 7: Optimal)', 'mip_gap': 0.0, 'objective_upper_bound': 245.31953721176723, 'mip_node_count': 1.0, 'variables': 8496, 'constraints': 16976, 'time_limit': 20.0, 'relative_gap_tolerance': 0.01, 'raw_events': 1024, 'objective': 245.31953721176734}"
Theia Case 5,all,poi_only,marginal_static,1024,ok,1024,,1,1,1.0,1.0,,26,998,5,136733,0.025390625,0.8387096774193549,0.04928909952606635,0.007246008523861731,0.16129032258064516,3,8,2,6,0,270,5,1,1,1,0.7069618329405785,0.7069618329405785,0.7069618329405785,1.0447405353188515,1.75170236825943,,,,,True,"{'eligible_anchors': 123663, 'pool_anchors': 4248, 'pool_raw_events': 4248, 'global_pool_limit': 4096, 'per_relation_pool_limit': 241, 'normalization_scale': 1.0}",0.047945454716682434,0.6886503994464874,"{'status': 'ok', 'raw_events': 1024, 'steps': 1013, 'objective': 300.8137949651171, 'diversity': 1.0}"
Theia Case 5,all,poi_only,marginal_nofrequency,1024,ok,1024,,1,1,1.0,1.0,,26,998,5,136733,0.025390625,0.8387096774193549,0.04928909952606635,0.007246008523861731,0.16129032258064516,3,8,2,6,0,330,3,1,1,1,0.7337657697498798,0.7337657697498798,0.7337657697498798,0.5370977967977524,1.2708635665476322,,,,,True,"{'eligible_anchors': 123663, 'pool_anchors': 4266, 'pool_raw_events': 4267, 'global_pool_limit': 4096, 'per_relation_pool_limit': 241, 'normalization_scale': 1.0}",0.04921801760792732,0.6886503994464874,"{'status': 'ok', 'raw_events': 1024, 'steps': 1009, 'objective': 529.8026301089498, 'diversity': 1.0}"
Theia Case 5,all,poi_only,marginal_rerank,4096,ok,4096,,1,1,1.0,1.0,,29,4067,2,133664,0.007080078125,0.9354838709677419,0.014053792100799612,0.029528573814174005,0.06451612903225806,6,8,4,6,0,3192,4,1,1,1,4.929147567600012,4.929147567600012,4.929147567600012,1.0459529384970665,5.975100506097078,,,,,True,"{'eligible_anchors': 123663, 'pool_anchors': 8585, 'pool_raw_events': 8585, 'global_pool_limit': 8192, 'per_relation_pool_limit': 482, 'normalization_scale': 1.0}",0.07026420906186104,0.6886503994464874,"{'status': 'ok', 'raw_events': 4096, 'steps': 4079, 'objective': 287.00618820370534, 'diversity': 1.0}"
Theia Case 5,all,poi_only,marginal_linear,4096,ok,4096,,1,1,1.0,1.0,,29,4067,2,133664,0.007080078125,0.9354838709677419,0.014053792100799612,0.029528573814174005,0.06451612903225806,6,8,4,6,0,3192,4,1,1,1,2.146782848984003,2.146782848984003,2.146782848984003,1.0459529384970665,3.1927357874810696,,,,,True,"{'eligible_anchors': 123663, 'pool_anchors': 8585, 'pool_raw_events': 8585, 'global_pool_limit': 8192, 'per_relation_pool_limit': 482, 'normalization_scale': 1.0}",0.07026420906186104,0.6886503994464874,"{'status': 'ok', 'raw_events': 4096, 'steps': 4081, 'objective': 245.3195448771366, 'diversity': 0.0}"
Theia Case 5,all,poi_only,marginal_diverse4,4096,ok,4096,,1,1,1.0,1.0,,29,4067,2,133664,0.007080078125,0.9354838709677419,0.014053792100799612,0.029528573814174005,0.06451612903225806,6,8,4,6,0,3192,4,1,1,1,4.9383014142513275,4.9383014142513275,4.9383014142513275,1.0459529384970665,5.984254352748394,,,,,True,"{'eligible_anchors': 123663, 'pool_anchors': 8585, 'pool_raw_events': 8585, 'global_pool_limit': 8192, 'per_relation_pool_limit': 482, 'normalization_scale': 1.0}",0.07026420906186104,0.6886503994464874,"{'status': 'ok', 'raw_events': 4096, 'steps': 4080, 'objective': 412.0661181834116, 'diversity': 4.0}"
Theia Case 5,all,poi_only,marginal_static,4096,ok,4096,,1,1,1.0,1.0,,28,4068,3,133663,0.0068359375,0.9032258064516129,0.013569178580082384,0.029535834343757034,0.0967741935483871,5,8,3,6,0,3192,4,1,1,1,4.807966239750385,4.807966239750385,4.807966239750385,1.0447405353188515,5.852706775069237,,,,,True,"{'eligible_anchors': 123663, 'pool_anchors': 8585, 'pool_raw_events': 8585, 'global_pool_limit': 8192, 'per_relation_pool_limit': 482, 'normalization_scale': 1.0}",0.06850266084074974,0.6886503994464874,"{'status': 'ok', 'raw_events': 4096, 'steps': 4082, 'objective': 300.81380434709456, 'diversity': 1.0}"
Theia Case 5,all,poi_only,marginal_nofrequency,4096,ok,4096,,1,1,1.0,1.0,,27,4069,4,133662,0.006591796875,0.8709677419354839,0.013084565059365156,0.029543094873340062,0.12903225806451613,4,8,3,6,0,3402,3,1,1,1,4.8012225441634655,4.8012225441634655,4.8012225441634655,0.5370977967977524,5.338320340961218,,,,,True,"{'eligible_anchors': 123663, 'pool_anchors': 8412, 'pool_raw_events': 8413, 'global_pool_limit': 8192, 'per_relation_pool_limit': 482, 'normalization_scale': 1.0}",0.07012445479631424,0.6886503994464874,"{'status': 'ok', 'raw_events': 4096, 'steps': 4081, 'objective': 532.0639799010145, 'diversity': 1.0}"
Theia Case 5,all,shared_context,marginal_rerank,64,infeasible_mandatory,,,114,,,,,,,,,,,,,,,,,,,,,,,,,,,,,,,,,,,,,
Theia Case 5,all,shared_context,marginal_linear,64,infeasible_mandatory,,,114,,,,,,,,,,,,,,,,,,,,,,,,,,,,,,,,,,,,,
Theia Case 5,all,shared_context,marginal_diverse4,64,infeasible_mandatory,,,114,,,,,,,,,,,,,,,,,,,,,,,,,,,,,,,,,,,,,
Theia Case 5,all,shared_context,marginal_static,64,infeasible_mandatory,,,114,,,,,,,,,,,,,,,,,,,,,,,,,,,,,,,,,,,,,
Theia Case 5,all,shared_context,marginal_nofrequency,64,infeasible_mandatory,,,114,,,,,,,,,,,,,,,,,,,,,,,,,,,,,,,,,,,,,
Theia Case 5,all,shared_context,marginal_rerank,256,ok,256,,114,1,1.0,0.9921875,,31,225,0,137506,0.12109375,1.0,0.21602787456445993,0.001633619156181252,0.0,8,8,6,6,0,102,3,1,1,1,0.10738648846745491,0.10738648846745491,0.10738648846745491,1.0459529384970665,1.1533394269645214,,,,,True,"{'eligible_anchors': 123663, 'pool_anchors': 4248, 'pool_raw_events': 4250, 'global_pool_limit': 4096, 'per_relation_pool_limit': 241, 'normalization_scale': 1.0}",0.05033781751990318,0.6886503994464874,"{'status': 'ok', 'raw_events': 256, 'steps': 141, 'objective': 142.7178348957322, 'diversity': 1.0}"
Theia Case 5,all,shared_context,marginal_linear,256,ok,256,,114,1,1.0,0.9921875,,31,225,0,137506,0.12109375,1.0,0.21602787456445993,0.001633619156181252,0.0,8,8,6,6,0,102,3,1,1,1,0.04682955518364906,0.04682955518364906,0.04682955518364906,1.0459529384970665,1.0927824936807156,,,,,True,"{'eligible_anchors': 123663, 'pool_anchors': 4248, 'pool_raw_events': 4250, 'global_pool_limit': 4096, 'per_relation_pool_limit': 241, 'normalization_scale': 1.0}",0.05033781751990318,0.6886503994464874,"{'status': 'ok', 'raw_events': 256, 'steps': 141, 'objective': 113.24847768707998, 'diversity': 0.0}"
Theia Case 5,all,shared_context,marginal_diverse4,256,ok,256,,114,1,1.0,0.9921875,,31,225,0,137506,0.12109375,1.0,0.21602787456445993,0.001633619156181252,0.0,8,8,6,6,0,99,2,1,1,1,0.1051674447953701,0.1051674447953701,0.1051674447953701,1.0459529384970665,1.1511203832924366,,,,,True,"{'eligible_anchors': 123663, 'pool_anchors': 4248, 'pool_raw_events': 4250, 'global_pool_limit': 4096, 'per_relation_pool_limit': 241, 'normalization_scale': 1.0}",0.05033781751990318,0.6886503994464874,"{'status': 'ok', 'raw_events': 256, 'steps': 139, 'objective': 234.25310063096586, 'diversity': 4.0}"
Theia Case 5,all,shared_context,marginal_milp,256,ok,256,,114,1,1.0,0.9921875,,31,225,0,137506,0.12109375,1.0,0.21602787456445993,0.001633619156181252,0.0,8,8,6,6,0,99,2,1,1,1,0.05868357792496681,0.05868357792496681,0.05868357792496681,1.0459529384970665,1.1046365164220333,,,,,True,"{'eligible_anchors': 123663, 'pool_anchors': 4248, 'pool_raw_events': 4250, 'global_pool_limit': 4096, 'per_relation_pool_limit': 241, 'normalization_scale': 1.0}",0.05033781751990318,0.6886503994464874,"{'status': 'ok', 'solver_status': 0, 'solver_message': 'Optimization terminated successfully. (HiGHS Status 7: Optimal)', 'mip_gap': 0.0, 'objective_upper_bound': 113.25275984966882, 'mip_node_count': 1.0, 'variables': 8498, 'constraints': 16865, 'time_limit': 20.0, 'relative_gap_tolerance': 0.01, 'raw_events': 256, 'objective': 113.25275984966883}"
Theia Case 5,all,shared_context,marginal_static,256,ok,256,,114,1,1.0,0.9921875,,31,225,0,137506,0.12109375,1.0,0.21602787456445993,0.001633619156181252,0.0,8,8,6,6,0,102,4,1,1,1,0.1090698167681694,0.1090698167681694,0.1090698167681694,1.0447405353188515,1.1538103520870209,,,,,True,"{'eligible_anchors': 123663, 'pool_anchors': 4248, 'pool_raw_events': 4251, 'global_pool_limit': 4096, 'per_relation_pool_limit': 241, 'normalization_scale': 1.0}",0.04570833221077919,0.6886503994464874,"{'status': 'ok', 'raw_events': 256, 'steps': 141, 'objective': 148.6832201653117, 'diversity': 1.0}"
Theia Case 5,all,shared_context,marginal_nofrequency,256,ok,256,,114,1,1.0,0.9921875,,31,225,0,137506,0.12109375,1.0,0.21602787456445993,0.001633619156181252,0.0,8,8,6,6,0,105,3,1,1,1,0.10622577741742134,0.10622577741742134,0.10622577741742134,0.5370977967977524,0.6433235742151737,,,,,True,"{'eligible_anchors': 123663, 'pool_anchors': 4266, 'pool_raw_events': 4270, 'global_pool_limit': 4096, 'per_relation_pool_limit': 241, 'normalization_scale': 1.0}",0.0487060472369194,0.6886503994464874,"{'status': 'ok', 'raw_events': 256, 'steps': 140, 'objective': 219.01876922585552, 'diversity': 1.0}"
Theia Case 5,all,shared_context,marginal_rerank,1024,ok,1024,,114,1,1.0,0.998046875,,31,993,0,136738,0.0302734375,1.0,0.058767772511848344,0.007209705875946592,0.0,8,8,6,6,0,274,4,1,1,1,0.637412678450346,0.637412678450346,0.637412678450346,1.0459529384970665,1.6833656169474125,,,,,True,"{'eligible_anchors': 123663, 'pool_anchors': 4248, 'pool_raw_events': 4250, 'global_pool_limit': 4096, 'per_relation_pool_limit': 241, 'normalization_scale': 1.0}",0.04835334047675133,0.6886503994464874,"{'status': 'ok', 'raw_events': 1024, 'steps': 899, 'objective': 287.0083789842346, 'diversity': 1.0}"
Theia Case 5,all,shared_context,marginal_linear,1024,ok,1024,,114,1,1.0,0.998046875,,31,993,0,136738,0.0302734375,1.0,0.058767772511848344,0.007209705875946592,0.0,8,8,6,6,0,263,5,1,1,1,0.2896314337849617,0.2896314337849617,0.2896314337849617,1.0459529384970665,1.3355843722820282,,,,,True,"{'eligible_anchors': 123663, 'pool_anchors': 4248, 'pool_raw_events': 4250, 'global_pool_limit': 4096, 'per_relation_pool_limit': 241, 'normalization_scale': 1.0}",0.04835334047675133,0.6886503994464874,"{'status': 'ok', 'raw_events': 1024, 'steps': 901, 'objective': 245.32067847427723, 'diversity': 0.0}"
Theia Case 5,all,shared_context,marginal_diverse4,1024,ok,1024,,114,1,1.0,0.998046875,,31,993,0,136738,0.0302734375,1.0,0.058767772511848344,0.007209705875946592,0.0,8,8,6,6,0,279,4,1,1,1,0.6422206610441208,0.6422206610441208,0.6422206610441208,1.0459529384970665,1.6881735995411873,,,,,True,"{'eligible_anchors': 123663, 'pool_anchors': 4248, 'pool_raw_events': 4250, 'global_pool_limit': 4096, 'per_relation_pool_limit': 241, 'normalization_scale': 1.0}",0.04835334047675133,0.6886503994464874,"{'status': 'ok', 'raw_events': 1024, 'steps': 899, 'objective': 412.07148208372513, 'diversity': 4.0}"
Theia Case 5,all,shared_context,marginal_milp,1024,ok,1024,,114,1,1.0,0.998046875,,31,993,0,136738,0.0302734375,1.0,0.058767772511848344,0.007209705875946592,0.0,8,8,6,6,0,266,31,1,1,1,0.052767880260944366,0.052767880260944366,0.052767880260944366,1.0459529384970665,1.0987208187580109,,,,,True,"{'eligible_anchors': 123663, 'pool_anchors': 4248, 'pool_raw_events': 4250, 'global_pool_limit': 4096, 'per_relation_pool_limit': 241, 'normalization_scale': 1.0}",0.04835334047675133,0.6886503994464874,"{'status': 'ok', 'solver_status': 0, 'solver_message': 'Optimization terminated successfully. (HiGHS Status 7: Optimal)', 'mip_gap': 0.0, 'objective_upper_bound': 245.32067730950803, 'mip_node_count': 1.0, 'variables': 8498, 'constraints': 16865, 'time_limit': 20.0, 'relative_gap_tolerance': 0.01, 'raw_events': 1024, 'objective': 245.3206773095082}"
Theia Case 5,all,shared_context,marginal_static,1024,ok,1024,,114,1,1.0,0.998046875,,31,993,0,136738,0.0302734375,1.0,0.058767772511848344,0.007209705875946592,0.0,8,8,6,6,0,274,4,1,1,1,0.6265721991658211,0.6265721991658211,0.6265721991658211,1.0447405353188515,1.6713127344846725,,,,,True,"{'eligible_anchors': 123663, 'pool_anchors': 4248, 'pool_raw_events': 4251, 'global_pool_limit': 4096, 'per_relation_pool_limit': 241, 'normalization_scale': 1.0}",0.04573391005396843,0.6886503994464874,"{'status': 'ok', 'raw_events': 1024, 'steps': 901, 'objective': 300.8159532867603, 'diversity': 1.0}"
Theia Case 5,all,shared_context,marginal_nofrequency,1024,ok,1024,,114,1,1.0,0.998046875,,31,993,0,136738,0.0302734375,1.0,0.058767772511848344,0.007209705875946592,0.0,8,8,6,6,0,330,3,1,1,1,0.6312647201120853,0.6312647201120853,0.6312647201120853,0.5370977967977524,1.1683625169098377,,,,,True,"{'eligible_anchors': 123663, 'pool_anchors': 4266, 'pool_raw_events': 4270, 'global_pool_limit': 4096, 'per_relation_pool_limit': 241, 'normalization_scale': 1.0}",0.049037519842386246,0.6886503994464874,"{'status': 'ok', 'raw_events': 1024, 'steps': 898, 'objective': 529.8009373552205, 'diversity': 1.0}"
Theia Case 5,all,shared_context,marginal_rerank,4096,ok,4096,,114,1,1.0,0.99951171875,,31,4065,0,133666,0.007568359375,1.0,0.015023019142234069,0.02951405275500795,0.0,8,8,6,6,0,3192,4,1,1,1,4.659451816231012,4.659451816231012,4.659451816231012,1.0459529384970665,5.705404754728079,,,,,True,"{'eligible_anchors': 123663, 'pool_anchors': 8585, 'pool_raw_events': 8587, 'global_pool_limit': 8192, 'per_relation_pool_limit': 482, 'normalization_scale': 1.0}",0.06994646787643433,0.6886503994464874,"{'status': 'ok', 'raw_events': 4096, 'steps': 3968, 'objective': 287.0083873055291, 'diversity': 1.0}"
Theia Case 5,all,shared_context,marginal_linear,4096,ok,4096,,114,1,1.0,0.99951171875,,31,4065,0,133666,0.007568359375,1.0,0.015023019142234069,0.02951405275500795,0.0,8,8,6,6,0,3192,4,1,1,1,2.0748549811542034,2.0748549811542034,2.0748549811542034,1.0459529384970665,3.12080791965127,,,,,True,"{'eligible_anchors': 123663, 'pool_anchors': 8585, 'pool_raw_events': 8587, 'global_pool_limit': 8192, 'per_relation_pool_limit': 482, 'normalization_scale': 1.0}",0.06994646787643433,0.6886503994464874,"{'status': 'ok', 'raw_events': 4096, 'steps': 3970, 'objective': 245.32068532924472, 'diversity': 0.0}"
Theia Case 5,all,shared_context,marginal_diverse4,4096,ok,4096,,114,1,1.0,0.99951171875,,31,4065,0,133666,0.007568359375,1.0,0.015023019142234069,0.02951405275500795,0.0,8,8,6,6,0,3192,4,1,1,1,4.721605494618416,4.721605494618416,4.721605494618416,1.0459529384970665,5.767558433115482,,,,,True,"{'eligible_anchors': 123663, 'pool_anchors': 8585, 'pool_raw_events': 8587, 'global_pool_limit': 8192, 'per_relation_pool_limit': 482, 'normalization_scale': 1.0}",0.06994646787643433,0.6886503994464874,"{'status': 'ok', 'raw_events': 4096, 'steps': 3969, 'objective': 412.07149323438216, 'diversity': 4.0}"
Theia Case 5,all,shared_context,marginal_static,4096,ok,4096,,114,1,1.0,0.99951171875,,31,4065,0,133666,0.007568359375,1.0,0.015023019142234069,0.02951405275500795,0.0,8,8,6,6,0,3192,4,1,1,1,4.65348469465971,4.65348469465971,4.65348469465971,1.0447405353188515,5.698225229978561,,,,,True,"{'eligible_anchors': 123663, 'pool_anchors': 8585, 'pool_raw_events': 8588, 'global_pool_limit': 8192, 'per_relation_pool_limit': 482, 'normalization_scale': 1.0}",0.07099201530218124,0.6886503994464874,"{'status': 'ok', 'raw_events': 4096, 'steps': 3970, 'objective': 300.81596286067446, 'diversity': 1.0}"
Theia Case 5,all,shared_context,marginal_nofrequency,4096,ok,4096,,114,1,1.0,0.99951171875,,31,4065,0,133666,0.007568359375,1.0,0.015023019142234069,0.02951405275500795,0.0,8,8,6,6,0,3402,3,1,1,1,4.572694823145866,4.572694823145866,4.572694823145866,0.5370977967977524,5.109792619943619,,,,,True,"{'eligible_anchors': 123663, 'pool_anchors': 8412, 'pool_raw_events': 8416, 'global_pool_limit': 8192, 'per_relation_pool_limit': 482, 'normalization_scale': 1.0}",0.06943735852837563,0.6886503994464874,"{'status': 'ok', 'raw_events': 4096, 'steps': 3970, 'objective': 532.0626342514836, 'diversity': 1.0}"
Theia Case 5,all,poi_only,marginal_ppr,64,ok,64,,1,1,1.0,1.0,,24,40,7,137691,0.375,0.7741935483870968,0.5052631578947369,0.00029042118332111145,0.22580645161290322,1,8,1,6,0,29,3,1,1,1,0.04747758433222771,0.04747758433222771,0.04747758433222771,0.19562354311347008,0.24310112744569778,,,,,True,"{'eligible_anchors': 123663, 'pool_anchors': 4138, 'pool_raw_events': 4138, 'global_pool_limit': 4096, 'per_relation_pool_limit': 241, 'normalization_scale': 1.0}",0.04717472568154335,0.6940341927111149,"{'status': 'ok', 'raw_events': 64, 'steps': 61, 'objective': 53.927603953656565, 'diversity': 1.0}"
Theia Case 5,all,poi_only,marginal_ppr,256,ok,256,,1,1,1.0,1.0,,24,232,7,137499,0.09375,0.7741935483870968,0.1672473867595819,0.0016844428632624463,0.22580645161290322,1,8,1,6,0,108,8,1,1,1,0.18406005948781967,0.18406005948781967,0.18406005948781967,0.19562354311347008,0.37968360260128975,,,,,True,"{'eligible_anchors': 123663, 'pool_anchors': 4138, 'pool_raw_events': 4138, 'global_pool_limit': 4096, 'per_relation_pool_limit': 241, 'normalization_scale': 1.0}",0.04689933732151985,0.6940341927111149,"{'status': 'ok', 'raw_events': 256, 'steps': 249, 'objective': 115.92972476862775, 'diversity': 1.0}"
Theia Case 5,all,poi_only,marginal_ppr,1024,ok,1024,,1,1,1.0,1.0,,25,999,6,136732,0.0244140625,0.8064516129032258,0.04739336492890995,0.007253269053444758,0.1935483870967742,2,8,2,6,0,270,6,1,1,1,0.696679450571537,0.696679450571537,0.696679450571537,0.19562354311347008,0.8923029936850071,,,,,True,"{'eligible_anchors': 123663, 'pool_anchors': 4138, 'pool_raw_events': 4138, 'global_pool_limit': 4096, 'per_relation_pool_limit': 241, 'normalization_scale': 1.0}",0.04708605259656906,0.6940341927111149,"{'status': 'ok', 'raw_events': 1024, 'steps': 1008, 'objective': 251.17815273318178, 'diversity': 1.0}"
Theia Case 5,all,poi_only,marginal_ppr,4096,ok,4096,,1,1,1.0,1.0,,29,4067,2,133664,0.007080078125,0.9354838709677419,0.014053792100799612,0.029528573814174005,0.06451612903225806,6,8,4,6,0,3192,4,1,1,1,4.809596914798021,4.809596914798021,4.809596914798021,0.19562354311347008,5.005220457911491,,,,,True,"{'eligible_anchors': 123663, 'pool_anchors': 8234, 'pool_raw_events': 8234, 'global_pool_limit': 8192, 'per_relation_pool_limit': 482, 'normalization_scale': 1.0}",0.06877460330724716,0.6940341927111149,"{'status': 'ok', 'raw_events': 4096, 'steps': 4076, 'objective': 255.2255240285312, 'diversity': 1.0}"
Theia Case 5,all,shared_context,marginal_ppr,64,infeasible_mandatory,,,114,,,,,,,,,,,,,,,,,,,,,,,,,,,,,,,,,True,,,0.6940341927111149,
Theia Case 5,all,shared_context,marginal_ppr,256,ok,256,,114,1,1.0,0.9921875,,31,225,0,137506,0.12109375,1.0,0.21602787456445993,0.001633619156181252,0.0,8,8,6,6,0,117,5,1,1,1,0.10187258943915367,0.10187258943915367,0.10187258943915367,0.19562354311347008,0.29749613255262375,,,,,True,"{'eligible_anchors': 123663, 'pool_anchors': 4138, 'pool_raw_events': 4140, 'global_pool_limit': 4096, 'per_relation_pool_limit': 241, 'normalization_scale': 1.0}",0.055374208837747574,0.6940341927111149,"{'status': 'ok', 'raw_events': 256, 'steps': 138, 'objective': 113.60210100314637, 'diversity': 1.0}"
Theia Case 5,all,shared_context,marginal_ppr,1024,ok,1024,,114,1,1.0,0.998046875,,31,993,0,136738,0.0302734375,1.0,0.058767772511848344,0.007209705875946592,0.0,8,8,6,6,0,276,6,1,1,1,0.6083027087152004,0.6083027087152004,0.6083027087152004,0.19562354311347008,0.8039262518286705,,,,,True,"{'eligible_anchors': 123663, 'pool_anchors': 4138, 'pool_raw_events': 4140, 'global_pool_limit': 4096, 'per_relation_pool_limit': 241, 'normalization_scale': 1.0}",0.047797393053770065,0.6940341927111149,"{'status': 'ok', 'raw_events': 1024, 'steps': 897, 'objective': 250.94732858841778, 'diversity': 1.0}"
Theia Case 5,all,shared_context,marginal_ppr,4096,ok,4096,,114,1,1.0,0.99951171875,,31,4065,0,133666,0.007568359375,1.0,0.015023019142234069,0.02951405275500795,0.0,8,8,6,6,0,3192,4,1,1,1,4.443853288888931,4.443853288888931,4.443853288888931,0.19562354311347008,4.639476832002401,,,,,True,"{'eligible_anchors': 123663, 'pool_anchors': 8234, 'pool_raw_events': 8236, 'global_pool_limit': 8192, 'per_relation_pool_limit': 482, 'normalization_scale': 1.0}",0.06608028709888458,0.6940341927111149,"{'status': 'ok', 'raw_events': 4096, 'steps': 3966, 'objective': 255.23029661848042, 'diversity': 1.0}"
Theia Case 5,all,poi_only,marginal_heat,64,ok,64,,1,1,1.0,1.0,,24,40,7,137691,0.375,0.7741935483870968,0.5052631578947369,0.00029042118332111145,0.22580645161290322,1,8,1,6,0,30,3,1,1,1,0.04676396772265434,0.04676396772265434,0.04676396772265434,0.051210492849349976,0.09797446057200432,,,,,True,"{'eligible_anchors': 123663, 'pool_anchors': 4138, 'pool_raw_events': 4138, 'global_pool_limit': 4096, 'per_relation_pool_limit': 241, 'normalization_scale': 1.0}",0.04964650794863701,0.6940341927111149,"{'status': 'ok', 'raw_events': 64, 'steps': 61, 'objective': 65.17265460538417, 'diversity': 1.0}"
Theia Case 5,all,poi_only,marginal_heat,256,ok,256,,1,1,1.0,1.0,,24,232,7,137499,0.09375,0.7741935483870968,0.1672473867595819,0.0016844428632624463,0.22580645161290322,1,8,1,6,0,105,6,1,1,1,0.1862330175936222,0.1862330175936222,0.1862330175936222,0.051210492849349976,0.23744351044297218,,,,,True,"{'eligible_anchors': 123663, 'pool_anchors': 4138, 'pool_raw_events': 4138, 'global_pool_limit': 4096, 'per_relation_pool_limit': 241, 'normalization_scale': 1.0}",0.051410824060440063,0.6940341927111149,"{'status': 'ok', 'raw_events': 256, 'steps': 250, 'objective': 172.91411983102222, 'diversity': 1.0}"
Theia Case 5,all,poi_only,marginal_heat,1024,ok,1024,,1,1,1.0,1.0,,25,999,6,136732,0.0244140625,0.8064516129032258,0.04739336492890995,0.007253269053444758,0.1935483870967742,2,8,2,6,0,278,5,1,1,1,0.6834905743598938,0.6834905743598938,0.6834905743598938,0.051210492849349976,0.7347010672092438,,,,,True,"{'eligible_anchors': 123663, 'pool_anchors': 4138, 'pool_raw_events': 4138, 'global_pool_limit': 4096, 'per_relation_pool_limit': 241, 'normalization_scale': 1.0}",0.04726492986083031,0.6940341927111149,"{'status': 'ok', 'raw_events': 1024, 'steps': 1007, 'objective': 398.4735826791102, 'diversity': 1.0}"
Theia Case 5,all,poi_only,marginal_heat,4096,ok,4096,,1,1,1.0,1.0,,29,4067,2,133664,0.007080078125,0.9354838709677419,0.014053792100799612,0.029528573814174005,0.06451612903225806,6,8,4,6,0,3192,4,1,1,1,4.6333725824952126,4.6333725824952126,4.6333725824952126,0.051210492849349976,4.6845830753445625,,,,,True,"{'eligible_anchors': 123663, 'pool_anchors': 8234, 'pool_raw_events': 8234, 'global_pool_limit': 8192, 'per_relation_pool_limit': 482, 'normalization_scale': 1.0}",0.06516482308506966,0.6940341927111149,"{'status': 'ok', 'raw_events': 4096, 'steps': 4078, 'objective': 402.6792330834078, 'diversity': 1.0}"
Theia Case 5,all,shared_context,marginal_heat,64,infeasible_mandatory,,,114,,,,,,,,,,,,,,,,,,,,,,,,,,,,,,,,,True,,,0.6940341927111149,
Theia Case 5,all,shared_context,marginal_heat,256,ok,256,,114,1,1.0,0.9921875,,31,225,0,137506,0.12109375,1.0,0.21602787456445993,0.001633619156181252,0.0,8,8,6,6,0,105,4,1,1,1,0.10252169892191887,0.10252169892191887,0.10252169892191887,0.051210492849349976,0.15373219177126884,,,,,True,"{'eligible_anchors': 123663, 'pool_anchors': 4138, 'pool_raw_events': 4140, 'global_pool_limit': 4096, 'per_relation_pool_limit': 241, 'normalization_scale': 1.0}",0.048005614429712296,0.6940341927111149,"{'status': 'ok', 'raw_events': 256, 'steps': 140, 'objective': 168.72087646216409, 'diversity': 1.0}"
Theia Case 5,all,shared_context,marginal_heat,1024,ok,1024,,114,1,1.0,0.998046875,,31,993,0,136738,0.0302734375,1.0,0.058767772511848344,0.007209705875946592,0.0,8,8,6,6,0,284,5,1,1,1,0.6038442701101303,0.6038442701101303,0.6038442701101303,0.051210492849349976,0.6550547629594803,,,,,True,"{'eligible_anchors': 123663, 'pool_anchors': 4138, 'pool_raw_events': 4140, 'global_pool_limit': 4096, 'per_relation_pool_limit': 241, 'normalization_scale': 1.0}",0.047425732016563416,0.6940341927111149,"{'status': 'ok', 'raw_events': 1024, 'steps': 896, 'objective': 398.2218249559011, 'diversity': 1.0}"
Theia Case 5,all,shared_context,marginal_heat,4096,ok,4096,,114,1,1.0,0.99951171875,,31,4065,0,133666,0.007568359375,1.0,0.015023019142234069,0.02951405275500795,0.0,8,8,6,6,0,3192,4,1,1,1,4.386126425117254,4.386126425117254,4.386126425117254,0.051210492849349976,4.437336917966604,,,,,True,"{'eligible_anchors': 123663, 'pool_anchors': 8234, 'pool_raw_events': 8236, 'global_pool_limit': 8192, 'per_relation_pool_limit': 482, 'normalization_scale': 1.0}",0.06639211624860764,0.6940341927111149,"{'status': 'ok', 'raw_events': 4096, 'steps': 3967, 'objective': 402.68430192219944, 'diversity': 1.0}"
